image_path,raw_class,clean_class,file_extension,image_mode,width,height,md5,leaf_id
data\raw\apple\Apple___healthy\0055dd26-23a7-4415-ac61-e0b44ebfaf80___RS_HL 5672.JPG,Apple___healthy,Healthy,.jpg,RGB,256,256,ef0d896f30c9a545f15df11a4cb59718,Soybean___healthy:::342
data\raw\apple\Apple___healthy\00907d8b-6ae6-4306-bfd7-d54471981a86___RS_HL 5709.JPG,Apple___healthy,Healthy,.jpg,RGB,256,256,18022f67406b6c5f8d8bddc712070053,Soybean___healthy:::346
data\raw\apple\Apple___healthy\0098dbd9-286a-4d6a-bf4b-5459d66f88c0___RS_HL 5776.JPG,Apple___healthy,Healthy,.jpg,RGB,256,256,a866a6e6688b14d5b0b7d778cc2b39ac,Soybean___healthy:::360
data\raw\apple\Apple___healthy\00a6039c-e425-4f7d-81b1-d6b0e668517e___RS_HL 7669.JPG,Apple___healthy,Healthy,.jpg,RGB,256,256,fe7a3397d602dffb1cd67921d093e0cb,Apple___healthy:::186
data\raw\apple\Apple___healthy\00fca0da-2db3-481b-b98a-9b67bb7b105c___RS_HL 7708.JPG,Apple___healthy,Healthy,.jpg,RGB,256,256,f77ff65daba07c7cf60124491c66fd7d,Apple___healthy:::191
data\raw\apple\Apple___healthy\010125c0-e6f2-4f3d-b469-dd98ffecbb01___RS_HL 7948.JPG,Apple___healthy,Healthy,.jpg,RGB,256,256,3b9e532b08e068d635f0331b0745dad9,Apple___healthy:::223
data\raw\apple\Apple___healthy\011d02f3-5c3c-4484-a384-b1a0a0dbdec1___RS_HL 7544.JPG,Apple___healthy,Healthy,.jpg,RGB,256,256,ff8f2590df3abca75eecbad77b07c006,Soybean___healthy:::509
data\raw\apple\Apple___healthy\013b7c70-5e3b-42b7-86af-167815a5b04f___RS_HL 7480.JPG,Apple___healthy,Healthy,.jpg,RGB,256,256,e5cb4d2f705fbe6bd663145c6adaedcf,Soybean___healthy:::503
data\raw\apple\Apple___healthy\017fd21b-142f-4988-849a-5fd316ea9a1b___RS_HL 6279.JPG,Apple___healthy,Healthy,.jpg,RGB,256,256,4b479a51cc2a4268f4c59c47ed03e90f,Soybean___healthy:::400
data\raw\apple\Apple___healthy\0181db4e-718e-41bc-b6ed-92863471fa85___RS_HL 5941.JPG,Apple___healthy,Healthy,.jpg,RGB,256,256,adba514eb79a9a730c70ac38af5bdc73,Soybean___healthy:::374
data\raw\apple\Apple___healthy\0199bffc-baee-499f-8e03-5dadb8b671be___RS_HL 8042.JPG,Apple___healthy,Healthy,.jpg,RGB,256,256,f20f1fe81dfff79db88446facae9f4d9,Apple___healthy:::236
data\raw\apple\Apple___healthy\01b32971-5125-4982-98e2-22daa9ae864a___RS_HL 7977.JPG,Apple___healthy,Healthy,.jpg,RGB,256,256,041972e817c4421ee56432d07c2424bf,Apple___healthy:::227
data\raw\apple\Apple___healthy\01efa999-757d-487e-8250-27c7854c0ca8___RS_HL 7515.JPG,Apple___healthy,Healthy,.jpg,RGB,256,256,334e2ac82825fb58e8382003d9d9c21b,Soybean___healthy:::506
data\raw\apple\Apple___healthy\022b515d-41fd-448e-abac-e8722c32d864___RS_HL 8131.JPG,Apple___healthy,Healthy,.jpg,RGB,256,256,e6e9c443258f7c3a949411bf9a8273f6,Apple___healthy:::247
data\raw\apple\Apple___healthy\023810b0-18e6-4352-9dfa-c2f4c034cda5___RS_HL 7538.JPG,Apple___healthy,Healthy,.jpg,RGB,256,256,d396b25b06b8c576786fa79da66c58e2,Soybean___healthy:::508
data\raw\apple\Apple___healthy\02720439-ecbd-4c7a-9382-4c8156b6f15b___RS_HL 5918.JPG,Apple___healthy,Healthy,.jpg,RGB,256,256,f4af77d9eec2f2ab5c3b585a13da4f49,Soybean___healthy:::372
data\raw\apple\Apple___healthy\02847045-4405-467c-9ccb-7ba2ab1d574c___RS_HL 5943.JPG,Apple___healthy,Healthy,.jpg,RGB,256,256,6360f46abb81d69b9aeb59973bc3e404,Soybean___healthy:::374
data\raw\apple\Apple___healthy\02a0f44c-9cbe-4a2e-9710-296692635ec6___RS_HL 5789.JPG,Apple___healthy,Healthy,.jpg,RGB,256,256,4f204ab460ffcb0e1e0fe5b7e29b23fb,Soybean___healthy:::363
data\raw\apple\Apple___healthy\02cd3257-a42f-4fbc-8056-a41d5aabfbc3___RS_HL 8029.JPG,Apple___healthy,Healthy,.jpg,RGB,256,256,86638e3bda02ce95ae366eb87d85e2d8,Apple___healthy:::234
data\raw\apple\Apple___healthy\02d0257a-d21a-43a4-9348-472043df801e___RS_HL 6065.JPG,Apple___healthy,Healthy,.jpg,RGB,256,256,65aeb3c446debdfa76aa51dfe42620d8,Soybean___healthy:::384
data\raw\apple\Apple___healthy\02fe229e-2b2e-4e1e-b56f-3af97996bee6___RS_HL 8134.JPG,Apple___healthy,Healthy,.jpg,RGB,256,256,0f16f863d6a302bb08971b3ad23c8155,Apple___healthy:::247
data\raw\apple\Apple___healthy\03109942-bfa2-4728-b375-4f02a95957de___RS_HL 8066.JPG,Apple___healthy,Healthy,.jpg,RGB,256,256,13397c4c6b80c433c9407ff20bbc786b,Apple___healthy:::239
data\raw\apple\Apple___healthy\03152113-855b-4eab-8a4f-7d78d92240d0___RS_HL 5838.JPG,Apple___healthy,Healthy,.jpg,RGB,256,256,8fa00d9c1a58aa1f8cc834557d986a5c,Soybean___healthy:::368
data\raw\apple\Apple___healthy\036e9351-118e-4795-9f80-74c369b98c88___RS_HL 7513.JPG,Apple___healthy,Healthy,.jpg,RGB,256,256,459eda2421d22d8044af4f11c5bd8847,Soybean___healthy:::506
data\raw\apple\Apple___healthy\039d297c-374b-47cd-bed1-a94ac757eb8b___RS_HL 7612.JPG,Apple___healthy,Healthy,.jpg,RGB,256,256,f4129781ebf4ce5d899f2f304b5bc7b3,Apple___healthy:::178
data\raw\apple\Apple___healthy\03aebf5c-6cca-40da-b61d-f3f83e1cbf9e___RS_HL 8080.JPG,Apple___healthy,Healthy,.jpg,RGB,256,256,cd6d8585891c0e8f5764bb591182b95b,Apple___healthy:::241
data\raw\apple\Apple___healthy\03cb0cf0-04cf-4549-a2b8-44ed75b2e56c___RS_HL 7460.JPG,Apple___healthy,Healthy,.jpg,RGB,256,256,344e50c1b8026f8d7d5d89bf8e4f811a,Soybean___healthy:::501
data\raw\apple\Apple___healthy\03d420e7-42a1-41d8-9600-16d577043c64___RS_HL 5738.JPG,Apple___healthy,Healthy,.jpg,RGB,256,256,6cb8da86a0213782d8ad81842d7d221b,Soybean___healthy:::354
data\raw\apple\Apple___healthy\03d9267c-935a-487b-a27f-fa22f935b299___RS_HL 5671.JPG,Apple___healthy,Healthy,.jpg,RGB,256,256,faa7a08b56dc72c6b83442ab0bffe2c7,Soybean___healthy:::342
data\raw\apple\Apple___healthy\03f6a4b2-d08b-4f7f-8a8e-d132ff3eca8b___RS_HL 6226.JPG,Apple___healthy,Healthy,.jpg,RGB,256,256,6933d0bf289138733e11123f1997f394,Soybean___healthy:::396
data\raw\apple\Apple___healthy\04032305-5ca9-4110-b517-461f13c95f18___RS_HL 7446.JPG,Apple___healthy,Healthy,.jpg,RGB,256,256,b2def0c2f3a0169f5305504acf35dfad,Soybean___healthy:::500
data\raw\apple\Apple___healthy\04125537-801d-4e15-b66c-224b09b4e1a7___RS_HL 7457.JPG,Apple___healthy,Healthy,.jpg,RGB,256,256,a8d0090294c6658a7e613273da1669b6,Soybean___healthy:::501
data\raw\apple\Apple___healthy\041482f6-6dd6-4ac9-9e59-e973c9bcaf6d___RS_HL 8155.JPG,Apple___healthy,Healthy,.jpg,RGB,256,256,9f57bf025657590ef0d4661d904bfde7,Apple___healthy:::250
data\raw\apple\Apple___healthy\04467511-de12-439c-853f-ef4d99785541___RS_HL 7367.JPG,Apple___healthy,Healthy,.jpg,RGB,256,256,548be13e3bf05741f9c44eb25b37d40b,Soybean___healthy:::493
data\raw\apple\Apple___healthy\044a96a2-d5ac-490b-8c57-2c1859cdf8f3___RS_HL 7991.JPG,Apple___healthy,Healthy,.jpg,RGB,256,256,8e6c75f8c9e93dcd20abb9705963511d,Apple___healthy:::229
data\raw\apple\Apple___healthy\0460b7aa-4eb0-4c0b-80e5-055ced6684a3___RS_HL 6287.JPG,Apple___healthy,Healthy,.jpg,RGB,256,256,a50a4ff3e0352edd72b7e7e966394fc1,Soybean___healthy:::401
data\raw\apple\Apple___healthy\04d4f065-5cb8-4122-b479-d1362d007276___RS_HL 7719.JPG,Apple___healthy,Healthy,.jpg,RGB,256,256,cd4fae9ef67fd79c2459a7f2b37c3b98,Apple___healthy:::193
data\raw\apple\Apple___healthy\04f426ce-8f6f-400a-94f9-c513255d2fa4___RS_HL 7823.JPG,Apple___healthy,Healthy,.jpg,RGB,256,256,e623cb530bade4bbc51a8de6e84f7d4c,Apple___healthy:::207
data\raw\apple\Apple___healthy\0576bbc4-37b3-413c-8a35-4138c2da69a7___RS_HL 8038.JPG,Apple___healthy,Healthy,.jpg,RGB,256,256,a67ce07ed52c0331e186a19e39c84e8e,Apple___healthy:::235
data\raw\apple\Apple___healthy\0580ddaa-0221-4adc-8b64-8ce1842f5f07___RS_HL 6242.JPG,Apple___healthy,Healthy,.jpg,RGB,256,256,0e95f778e2906b73854773d10272a41d,Soybean___healthy:::398
data\raw\apple\Apple___healthy\05e20036-a134-46c0-a06f-3c5d4768d787___RS_HL 5856.JPG,Apple___healthy,Healthy,.jpg,RGB,256,256,418ae474c9a13250d183a7b7be9eced1,Soybean___healthy:::367
data\raw\apple\Apple___healthy\063d4c39-48ee-4c1a-903a-fe1d8da621e1___RS_HL 7694.JPG,Apple___healthy,Healthy,.jpg,RGB,256,256,f7539d7e08e075afa5d053d76c7b88f0,Apple___healthy:::190
data\raw\apple\Apple___healthy\0646a42e-9fdd-4914-9879-50843fe1ac6d___RS_HL 6111.JPG,Apple___healthy,Healthy,.jpg,RGB,256,256,5a0e947e29ff621f2a4c119d5353190c,Soybean___healthy:::387
data\raw\apple\Apple___healthy\0692eda2-32c3-4f9a-b249-bb8112356999___RS_HL 6307.JPG,Apple___healthy,Healthy,.jpg,RGB,256,256,a03fc0a42eb2f73061049d4fbfd79db3,Soybean___healthy:::403
data\raw\apple\Apple___healthy\06b0742a-6d5d-40c6-a02e-ecaa7e1279f0___RS_HL 7639.JPG,Apple___healthy,Healthy,.jpg,RGB,256,256,213e3d9f9732cf9ed1b041a45f7c8242,Apple___healthy:::182
data\raw\apple\Apple___healthy\06c0c5f7-59cd-498b-8284-51290720a18d___RS_HL 7636.JPG,Apple___healthy,Healthy,.jpg,RGB,256,256,d791c5231400bc04cf9288e41bf3166f,Apple___healthy:::181
data\raw\apple\Apple___healthy\06dad629-8898-4e90-bd0d-f1b34350b7a1___RS_HL 7387.JPG,Apple___healthy,Healthy,.jpg,RGB,256,256,3207dc75a246227df634452eeeb7325e,Soybean___healthy:::495
data\raw\apple\Apple___healthy\0756094c-e815-4897-8b74-5ec4e4cc59b6___RS_HL 7956.JPG,Apple___healthy,Healthy,.jpg,RGB,256,256,86819db8f36b5c8dc5298bbe9e3f289e,Apple___healthy:::224
data\raw\apple\Apple___healthy\076255ae-2574-415a-b9db-feb739266656___RS_HL 7540.JPG,Apple___healthy,Healthy,.jpg,RGB,256,256,b7516902d7fab6ced5dbfd2a27a4f65a,Apple___healthy:::169
data\raw\apple\Apple___healthy\0776a839-af75-4f70-81b5-2c8dbecc0c55___RS_HL 7851.JPG,Apple___healthy,Healthy,.jpg,RGB,256,256,2404e84552969be011eee9da6055ed51,Apple___healthy:::211
data\raw\apple\Apple___healthy\07778a5c-8037-425f-aa83-d10b1e1d5db4___RS_HL 7269.JPG,Apple___healthy,Healthy,.jpg,RGB,256,256,843b613b03da72cbf2cf4d96acd72bf9,Soybean___healthy:::486
data\raw\apple\Apple___healthy\0793dfa6-3728-409b-a5dc-7f3c07528dde___RS_HL 7379.JPG,Apple___healthy,Healthy,.jpg,RGB,256,256,8a8e559930059a7efee13529f86cb773,Soybean___healthy:::494
data\raw\apple\Apple___healthy\07942abf-8326-4742-bcba-52ddba093974___RS_HL 5731.JPG,Apple___healthy,Healthy,.jpg,RGB,256,256,d59265efc67e1faf70c15de75a4c7a67,Soybean___healthy:::352
data\raw\apple\Apple___healthy\079543ef-5ba8-46ad-95de-7c006c7e7f36___RS_HL 7570.JPG,Apple___healthy,Healthy,.jpg,RGB,256,256,30a89cc534fdc8de429fd665d9c4c38b,Apple___healthy:::173
data\raw\apple\Apple___healthy\0802be25-38cf-4c85-bc3b-31988cafadcd___RS_HL 8084.JPG,Apple___healthy,Healthy,.jpg,RGB,256,256,048fd8b91b7ff1a529bc9128c1593740,Apple___healthy:::241
data\raw\apple\Apple___healthy\0872ffc6-d9db-4ba7-a2bf-1fb0f537cafb___RS_HL 6129.JPG,Apple___healthy,Healthy,.jpg,RGB,256,256,7a0d4fbfb7714b20205692d72b7443b8,Soybean___healthy:::389
data\raw\apple\Apple___healthy\08aaa4e8-ed92-49d3-9ac3-1f6c59740017___RS_HL 7701.JPG,Apple___healthy,Healthy,.jpg,RGB,256,256,348e266c9a58fe2ad970f20bba06e5e5,Apple___healthy:::190
data\raw\apple\Apple___healthy\08da0395-feee-4f66-b88b-2fa171d9521d___RS_HL 7779.JPG,Apple___healthy,Healthy,.jpg,RGB,256,256,0f914463842dd6ae827ca53675ce1168,Apple___healthy:::201
data\raw\apple\Apple___healthy\08f0fe63-3c64-49a2-b413-c0de91abcafd___RS_HL 8008.JPG,Apple___healthy,Healthy,.jpg,RGB,256,256,24983d6b7831c1836322767827aba0f0,Apple___healthy:::232
data\raw\apple\Apple___healthy\09074cd1-a3f0-4d64-97d9-16919451bd58___RS_HL 6258.JPG,Apple___healthy,Healthy,.jpg,RGB,256,256,0e457cde0f2636d37ccb7de33fe9358c,Soybean___healthy:::399
data\raw\apple\Apple___healthy\09293103-81bd-45ef-b3ce-d163441d6b18___RS_HL 7337.JPG,Apple___healthy,Healthy,.jpg,RGB,256,256,c6c765868573a3f084e9cf24a2d681fd,Soybean___healthy:::491
data\raw\apple\Apple___healthy\09994dfa-4aab-4ada-9ef2-431d050e1e38___RS_HL 5658.JPG,Apple___healthy,Healthy,.jpg,RGB,256,256,636c9200b7d3b8df63d1cf02c951f30e,Soybean___healthy:::339
data\raw\apple\Apple___healthy\09ad370f-ca6e-48fc-9b4b-990b0d9f6cd3___RS_HL 8135.JPG,Apple___healthy,Healthy,.jpg,RGB,256,256,587684ab361dda05ea5a601cd292a7ee,Apple___healthy:::247
data\raw\apple\Apple___healthy\09b428ff-8046-4c05-9dc3-991b58e4a649___RS_HL 7731.JPG,Apple___healthy,Healthy,.jpg,RGB,256,256,5faf396247a4b635330b7c40d9226223,Apple___healthy:::195
data\raw\apple\Apple___healthy\0a02e8cb-b715-497f-a16a-c28b3409f927___RS_HL 7432.JPG,Apple___healthy,Healthy,.jpg,RGB,256,256,5e78bedf0342886c925a77e8ec7f9ff7,Soybean___healthy:::498
data\raw\apple\Apple___healthy\0a285c8b-1c31-48d4-89f2-af8b9edc36f6___RS_HL 5759.JPG,Apple___healthy,Healthy,.jpg,RGB,256,256,ae67a965d52723bb62845eea0269bc18,Soybean___healthy:::357
data\raw\apple\Apple___healthy\0a553fc0-fc2c-4598-baba-3bc10191447c___RS_HL 5969.JPG,Apple___healthy,Healthy,.jpg,RGB,256,256,0187f436fb9ab2cf28c2963d0f50cec2,Soybean___healthy:::376
data\raw\apple\Apple___healthy\0adc1c5b-8958-47c0-a152-f28078c214f1___RS_HL 7825.JPG,Apple___healthy,Healthy,.jpg,RGB,256,256,d84490aa80a208c5b91ed22bf430fafd,Apple___healthy:::207
data\raw\apple\Apple___healthy\0afaaf78-6ec5-49ee-a070-f6217039ed2d___RS_HL 7827.JPG,Apple___healthy,Healthy,.jpg,RGB,256,256,0c9aba55e3c1b3eb88d5ba143632dcf1,Apple___healthy:::207
data\raw\apple\Apple___healthy\0b00a1a8-b525-4392-bb6c-3ffb7d824bee___RS_HL 7904.JPG,Apple___healthy,Healthy,.jpg,RGB,256,256,cb807785ba6597195f39a42f13104f9d,Apple___healthy:::217
data\raw\apple\Apple___healthy\0b6ec66f-fe63-4eef-8068-cf8ed0baf0de___RS_HL 7482.JPG,Apple___healthy,Healthy,.jpg,RGB,256,256,63a9bfd3da6bdd4f48f8ffa89d39f693,Soybean___healthy:::503
data\raw\apple\Apple___healthy\0b91573d-d0f3-4e57-b7e5-e1924f537f0e___RS_HL 6216.JPG,Apple___healthy,Healthy,.jpg,RGB,256,256,c7977ee191c126a534c2e214164c06ca,Soybean___healthy:::396
data\raw\apple\Apple___healthy\0bb2ddc5-d1f4-4fc2-be6b-6b63c60790df___RS_HL 7550.JPG,Apple___healthy,Healthy,.jpg,RGB,256,256,04e2094890c337209314338ea7def126,Soybean___healthy:::510
data\raw\apple\Apple___healthy\0bc2127e-99b9-44ea-bb2b-4e1b0b0f7624___RS_HL 7777.JPG,Apple___healthy,Healthy,.jpg,RGB,256,256,68fdbfe1b7ace8e9c1e097c118d906dc,Apple___healthy:::201
data\raw\apple\Apple___healthy\0bff693d-bab0-4438-9dac-e4503e5e83bb___RS_HL 5741.JPG,Apple___healthy,Healthy,.jpg,RGB,256,256,8ca235b5312f015812729d7925ae79a4,Soybean___healthy:::354
data\raw\apple\Apple___healthy\0c056dd8-2040-48cf-a9a8-53d8ae5662d0___RS_HL 7987.JPG,Apple___healthy,Healthy,.jpg,RGB,256,256,4a71bb9e358d8e14f883377b652adefd,Apple___healthy:::229
data\raw\apple\Apple___healthy\0c30f1f2-9eed-4861-bf66-eceae1b0b625___RS_HL 7430.JPG,Apple___healthy,Healthy,.jpg,RGB,256,256,bedff4eb30d6160ba38aa65242ffc159,Soybean___healthy:::498
data\raw\apple\Apple___healthy\0c55b379-c6e7-4b89-959f-abc506fed437___RS_HL 5927.JPG,Apple___healthy,Healthy,.jpg,RGB,256,256,64660d6eabc46b4ed410d78d66285ca9,Soybean___healthy:::372
data\raw\apple\Apple___healthy\0c83f4eb-4949-47c8-bf63-312d16e64913___RS_HL 7619.JPG,Apple___healthy,Healthy,.jpg,RGB,256,256,3f1f2cde7da680c8294baa0639bd0f63,Apple___healthy:::179
data\raw\apple\Apple___healthy\0ca762d0-3853-4018-896e-8f01e29cb144___RS_HL 7558.JPG,Apple___healthy,Healthy,.jpg,RGB,256,256,17f60931fe919be433d6d4b65fd85744,Apple___healthy:::171
data\raw\apple\Apple___healthy\0ce497e6-8184-4ef6-9a9f-c46b66c898c3___RS_HL 6036.JPG,Apple___healthy,Healthy,.jpg,RGB,256,256,1465a67ddb5e95511263300016e55c42,Soybean___healthy:::381
data\raw\apple\Apple___healthy\0cfa2ddf-56d9-4f62-89a4-f74e220f1859___RS_HL 6196.JPG,Apple___healthy,Healthy,.jpg,RGB,256,256,d444d6a4e10053b244975aa9a8505f0e,Soybean___healthy:::394
data\raw\apple\Apple___healthy\0d01a8a3-9faa-4a1f-afe0-be6bffa42056___RS_HL 6204.JPG,Apple___healthy,Healthy,.jpg,RGB,256,256,b1d7fd62a864c6efe817f76e9f88ab5c,Soybean___healthy:::395
data\raw\apple\Apple___healthy\0d072074-0253-4a6b-a4cb-02f520c46942___RS_HL 5805.JPG,Apple___healthy,Healthy,.jpg,RGB,256,256,0c85c4518087fbd957656519823e00c4,Soybean___healthy:::366
data\raw\apple\Apple___healthy\0d3fa72f-0441-45e8-b30f-a83904f48f99___RS_HL 6261.JPG,Apple___healthy,Healthy,.jpg,RGB,256,256,083d439cb744fa5eb55fc9f1cd2e1c7b,Soybean___healthy:::399
data\raw\apple\Apple___healthy\0d6e0971-a3d3-4773-b694-b2161248fdaf___RS_HL 5836.JPG,Apple___healthy,Healthy,.jpg,RGB,256,256,b71dcd2370ad23f09b462fb1883363a8,Soybean___healthy:::368
data\raw\apple\Apple___healthy\0d776b17-9724-44b9-9186-c89fd17bcf16___RS_HL 8073.JPG,Apple___healthy,Healthy,.jpg,RGB,256,256,9e45dde0aa1a437ec4ed0f856331d1a1,Apple___healthy:::240
data\raw\apple\Apple___healthy\0da48999-25da-4373-8277-3718a8203d0a___RS_HL 8012.JPG,Apple___healthy,Healthy,.jpg,RGB,256,256,d2752efba98b1d1669fb6499bdbcbdfe,Apple___healthy:::232
data\raw\apple\Apple___healthy\0da8c59a-e54c-4408-ae3c-06d54608b20a___RS_HL 6236.JPG,Apple___healthy,Healthy,.jpg,RGB,256,256,e512166e3207916fd814e2459da09586,Soybean___healthy:::397
data\raw\apple\Apple___healthy\0e277198-95a0-4700-a7b0-f1881af2b1c0___RS_HL 7285.JPG,Apple___healthy,Healthy,.jpg,RGB,256,256,c32b687a7c256b017ec74f7e16801f51,Soybean___healthy:::487
data\raw\apple\Apple___healthy\0e3c0777-c214-4749-b8ae-4985274d2f9e___RS_HL 7984.JPG,Apple___healthy,Healthy,.jpg,RGB,256,256,8d6bca52432cd2fbb932b84bb9f2269c,Apple___healthy:::228
data\raw\apple\Apple___healthy\0e857e3d-34ff-4549-b8ef-4d699aacb178___RS_HL 7511.JPG,Apple___healthy,Healthy,.jpg,RGB,256,256,1b06d3eaba396dec9c7e5b11ca91c8fc,Soybean___healthy:::505
data\raw\apple\Apple___healthy\0e8c4b90-36d4-4b8c-a134-88c344e97ac2___RS_HL 5721.JPG,Apple___healthy,Healthy,.jpg,RGB,256,256,dfb0b57fed5dfc0a810e3cb786d71f39,Soybean___healthy:::349
data\raw\apple\Apple___healthy\0e99efe9-d414-4091-b7b4-6ba6856db3d9___RS_HL 5841.JPG,Apple___healthy,Healthy,.jpg,RGB,256,256,2aee92b0c7eaa8b2b3b8c19854c47f73,Soybean___healthy:::368
data\raw\apple\Apple___healthy\0e9d1f0c-19b3-4765-87cc-470413d16275___RS_HL 7637.JPG,Apple___healthy,Healthy,.jpg,RGB,256,256,907db8524edc8a9b68f10c577aacdbab,Apple___healthy:::182
data\raw\apple\Apple___healthy\0eacfbb6-3d68-4a89-b8f8-6b2d328102af___RS_HL 7961.JPG,Apple___healthy,Healthy,.jpg,RGB,256,256,724b4f6100cef5c001caa5eb2ce1156c,Apple___healthy:::225
data\raw\apple\Apple___healthy\0ebf06b5-7471-42d7-b8d6-5a53127f90f3___RS_HL 8163.JPG,Apple___healthy,Healthy,.jpg,RGB,256,256,90d10abd6f443c4be0a23d0aa3afcd5d,Apple___healthy:::252
data\raw\apple\Apple___healthy\0ec3bd54-80a1-4dcd-9411-bcfafd147272___RS_HL 7534.JPG,Apple___healthy,Healthy,.jpg,RGB,256,256,f936fdc1c7ae07ab582feba46cc66f4a,Soybean___healthy:::508
data\raw\apple\Apple___healthy\0eceac69-c7bf-4e9e-a249-7ae23dcf065f___RS_HL 5888.JPG,Apple___healthy,Healthy,.jpg,RGB,256,256,8bf0438b7311fd31df53ab82c12c5dec,Soybean___healthy:::369
data\raw\apple\Apple___healthy\0eeeccc7-f3fb-4b7a-90ec-750fbf10f7e6___RS_HL 6249.JPG,Apple___healthy,Healthy,.jpg,RGB,256,256,420dff7c7d9d79fea6d271bd8c5dc9b3,Apple___healthy:::101
data\raw\apple\Apple___healthy\0f33804a-5389-49cc-abb1-c414b243991b___RS_HL 7321.JPG,Apple___healthy,Healthy,.jpg,RGB,256,256,ae97850b3180ddb04bffac5d9a262081,Soybean___healthy:::490
data\raw\apple\Apple___healthy\0f56566e-6151-4ede-b10b-2b1f04f23659___RS_HL 7359.JPG,Apple___healthy,Healthy,.jpg,RGB,256,256,3aabc257983c9d34789d62b92154540e,Soybean___healthy:::493
data\raw\apple\Apple___healthy\0f5cb632-9b97-48ce-88d6-45bf321175ce___RS_HL 6088.JPG,Apple___healthy,Healthy,.jpg,RGB,256,256,6e9aaacd706deba784140a673f9b60a8,Soybean___healthy:::386
data\raw\apple\Apple___healthy\0f6184c4-18d9-42c5-93d7-e9c4abe85560___RS_HL 7286.JPG,Apple___healthy,Healthy,.jpg,RGB,256,256,0a8add29beedf2b1f4f9f3dc229b46e6,Soybean___healthy:::487
data\raw\apple\Apple___healthy\0f78db5b-0775-4132-b7d6-6a5eb5f4682a___RS_HL 6006.JPG,Apple___healthy,Healthy,.jpg,RGB,256,256,24134d4725974e481c722b0e2384b25e,Soybean___healthy:::378
data\raw\apple\Apple___healthy\0fef497f-8fc7-45ee-ad1c-f4e9237fdaf4___RS_HL 7283.JPG,Apple___healthy,Healthy,.jpg,RGB,256,256,a780b045c1eb781a82aba1f67823b35a,Soybean___healthy:::486
data\raw\apple\Apple___healthy\1017bf7f-5a1e-459e-af55-c9a0f83f1b23___RS_HL 5868.JPG,Apple___healthy,Healthy,.jpg,RGB,256,256,03b14f9e0250df1fd384cb6129e1e72f,Soybean___healthy:::368
data\raw\apple\Apple___healthy\101c9dba-0628-40fd-a4af-cb7f4848d414___RS_HL 7358.JPG,Apple___healthy,Healthy,.jpg,RGB,256,256,220b0393ede8e58e53307856fa6c616e,Soybean___healthy:::492
data\raw\apple\Apple___healthy\10b8f12c-d16a-4fa0-b70a-5f066f6a1c5c___RS_HL 7312.JPG,Apple___healthy,Healthy,.jpg,RGB,256,256,78d470c845560fabc4bc93fbc38e71d5,Soybean___healthy:::489
data\raw\apple\Apple___healthy\10f68987-caf7-4e29-aa26-b48e074212f4___RS_HL 6130.JPG,Apple___healthy,Healthy,.jpg,RGB,256,256,4b32b07ae944d47e001eec3b131b5735,Soybean___healthy:::389
data\raw\apple\Apple___healthy\10f75d05-fa3e-4b14-b3d8-093292c218e6___RS_HL 7873.JPG,Apple___healthy,Healthy,.jpg,RGB,256,256,79e420450809d5c78fa78c901d8d0f12,Apple___healthy:::214
data\raw\apple\Apple___healthy\1116c1cc-48d8-4bb5-8349-099690ba0b0b___RS_HL 5980.JPG,Apple___healthy,Healthy,.jpg,RGB,256,256,95e94bbb7d97daf9f526a8b0f8569b65,Soybean___healthy:::376
data\raw\apple\Apple___healthy\1141dcab-cf2a-40e4-8b19-a33aa318f875___RS_HL 5689.JPG,Apple___healthy,Healthy,.jpg,RGB,256,256,98cbde83b657cae82037b161574c48ea,Soybean___healthy:::344
data\raw\apple\Apple___healthy\115ce7f7-f1b1-4f24-a96f-07107c9e703c___RS_HL 5791.JPG,Apple___healthy,Healthy,.jpg,RGB,256,256,7f905b60bdefd51842425e6e83f886cc,Soybean___healthy:::363
data\raw\apple\Apple___healthy\11636fd2-75f3-40e5-99c4-777589bfc392___RS_HL 8203.JPG,Apple___healthy,Healthy,.jpg,RGB,256,256,c2627866377174fa4996f1181562d36c,Apple___healthy:::257
data\raw\apple\Apple___healthy\11749aa9-4b07-4cd8-8605-356de6d4cc68___RS_HL 7684.JPG,Apple___healthy,Healthy,.jpg,RGB,256,256,b4b91a0a626b8a97aa162cb97776634c,Apple___healthy:::188
data\raw\apple\Apple___healthy\118160af-d2a3-48ef-8134-cf72f0588cfe___RS_HL 7456.JPG,Apple___healthy,Healthy,.jpg,RGB,256,256,d1ee5122297131ef10b57ffa7ca823d5,Soybean___healthy:::501
data\raw\apple\Apple___healthy\11bc4ba3-5d5e-4b1e-a5e3-27122256864a___RS_HL 7371.JPG,Apple___healthy,Healthy,.jpg,RGB,256,256,db00d703826ec6016f5457cd74d78686,Soybean___healthy:::494
data\raw\apple\Apple___healthy\11beda66-01e9-4bfd-be37-c0f8646d1478___RS_HL 6271.JPG,Apple___healthy,Healthy,.jpg,RGB,256,256,926f8ebcfc60d44649018c5154c8fcec,Soybean___healthy:::400
data\raw\apple\Apple___healthy\11c35e07-255e-42cf-b8e9-4533c35ce2c6___RS_HL 7500.JPG,Apple___healthy,Healthy,.jpg,RGB,256,256,9079c4875f7b8f15d3b430e1023c6851,Soybean___healthy:::504
data\raw\apple\Apple___healthy\11dc8fb3-42f9-4d14-9e20-3252e18eb802___RS_HL 6278.JPG,Apple___healthy,Healthy,.jpg,RGB,256,256,664d8c5261fbea980cc69ff5290e3f80,Soybean___healthy:::400
data\raw\apple\Apple___healthy\12253089-92a5-4a3d-b742-f554cc2a0fe0___RS_HL 5756.JPG,Apple___healthy,Healthy,.jpg,RGB,256,256,2c542a4d12fad1185c22bf79fe52cb7b,Soybean___healthy:::357
data\raw\apple\Apple___healthy\122d2ed7-efb5-4a82-a6f0-74e9524e83ff___RS_HL 5702.JPG,Apple___healthy,Healthy,.jpg,RGB,256,256,1003f6555a124cc1e52dd5b50b358923,Soybean___healthy:::346
data\raw\apple\Apple___healthy\1230a95a-5f08-4fd6-b6e9-44c0c7b1fe8c___RS_HL 8092.JPG,Apple___healthy,Healthy,.jpg,RGB,256,256,abaa6294e5d45ea662b9ed97b653a26d,Apple___healthy:::242
data\raw\apple\Apple___healthy\123de292-f902-404e-bfc9-3f248342f418___RS_HL 7542.JPG,Apple___healthy,Healthy,.jpg,RGB,256,256,ec15bf4c9f026b08d48d78fe86f88c97,Soybean___healthy:::509
data\raw\apple\Apple___healthy\129abcae-51bd-43d9-9f30-c4e07523186a___RS_HL 7769.JPG,Apple___healthy,Healthy,.jpg,RGB,256,256,7e4ff2db52e99a9b9891c3c5481f6782,Apple___healthy:::200
data\raw\apple\Apple___healthy\12f455c2-a44e-4069-a8fb-b7bec17d23c1___RS_HL 5895.JPG,Apple___healthy,Healthy,.jpg,RGB,256,256,1561c318e107a44d6693f0fe5b0c1f34,Soybean___healthy:::370
data\raw\apple\Apple___healthy\130a93b4-92ca-4883-b003-37954a929dbf___RS_HL 7855.JPG,Apple___healthy,Healthy,.jpg,RGB,256,256,a3e67817ed8c28059f17017a574c58b3,Apple___healthy:::211
data\raw\apple\Apple___healthy\13227870-bd81-48a1-97a0-8c5bcecef8f7___RS_HL 7452.JPG,Apple___healthy,Healthy,.jpg,RGB,256,256,50582b8031dd3ef60a0d1fd351b1716d,Soybean___healthy:::500
data\raw\apple\Apple___healthy\13298d36-4425-437d-ae8e-c7d70e200084___RS_HL 6271.JPG,Apple___healthy,Healthy,.jpg,RGB,256,256,926f8ebcfc60d44649018c5154c8fcec,Soybean___healthy:::400
data\raw\apple\Apple___healthy\1331fd38-acdf-488f-a5db-8dfcecfa5690___RS_HL 7381.JPG,Apple___healthy,Healthy,.jpg,RGB,256,256,76449feaf437d25fe11bf5f386dbe3ce,Soybean___healthy:::494
data\raw\apple\Apple___healthy\133aae4b-64c8-4def-8f1d-cdc4e1bb73a7___RS_HL 6180.JPG,Apple___healthy,Healthy,.jpg,RGB,256,256,51a9a91366670ab8aebd53aae14fd067,Soybean___healthy:::393
data\raw\apple\Apple___healthy\1356ba06-a72d-480b-b9e5-7bc349d9e605___RS_HL 6208.JPG,Apple___healthy,Healthy,.jpg,RGB,256,256,db0ba3b7f91d279add3df942b6cdf19e,Soybean___healthy:::395
data\raw\apple\Apple___healthy\13575fc3-1674-4511-a124-2ed065f00cda___RS_HL 7351.JPG,Apple___healthy,Healthy,.jpg,RGB,256,256,875df790c19acd6662f6b2eb962e1fde,Soybean___healthy:::492
data\raw\apple\Apple___healthy\13866bf5-0193-41b4-8e26-cb09d35e8697___RS_HL 5945.JPG,Apple___healthy,Healthy,.jpg,RGB,256,256,a32d9078ff87d00e7485cd7221e5f3d6,Soybean___healthy:::374
data\raw\apple\Apple___healthy\1398b04d-e259-418b-a5db-d4b20b7a3380___RS_HL 7536.JPG,Apple___healthy,Healthy,.jpg,RGB,256,256,b7e3f671b36fc7b447a0b7ba164be100,Soybean___healthy:::508
data\raw\apple\Apple___healthy\139cb003-2cc1-43ce-bbdf-29767f9e2ce0___RS_HL 7386.JPG,Apple___healthy,Healthy,.jpg,RGB,256,256,1349068c8c89b660e24540136f8cb06e,Soybean___healthy:::495
data\raw\apple\Apple___healthy\139ff5a7-102b-4434-b540-eb6930e6d968___RS_HL 7910.JPG,Apple___healthy,Healthy,.jpg,RGB,256,256,e5e982e65c714996d0e1e5436e3ed16b,Apple___healthy:::218
data\raw\apple\Apple___healthy\13a06d54-2bd9-4bd0-a260-1c193ac4caa8___RS_HL 6293.JPG,Apple___healthy,Healthy,.jpg,RGB,256,256,db3e09867e85c0d96145c1b93a14ce3f,Soybean___healthy:::401
data\raw\apple\Apple___healthy\13bbfa7e-e864-414e-a16b-cb08688604ae___RS_HL 6190.JPG,Apple___healthy,Healthy,.jpg,RGB,256,256,595fe90a2351b8511edb400018374c1b,Soybean___healthy:::393
data\raw\apple\Apple___healthy\13c8382b-ca6c-45f5-a6d0-acd67fb28651___RS_HL 7284.JPG,Apple___healthy,Healthy,.jpg,RGB,256,256,3ca9744ce02d96cbef30d07df49887ff,Soybean___healthy:::487
data\raw\apple\Apple___healthy\13cdbdbe-be7f-463c-9085-9ae160412772___RS_HL 6286.JPG,Apple___healthy,Healthy,.jpg,RGB,256,256,e1d3f081512dd649869f787e2e66f73b,Soybean___healthy:::401
data\raw\apple\Apple___healthy\13dba956-2c74-400e-a2ac-b06baeee5e38___RS_HL 7571.JPG,Apple___healthy,Healthy,.jpg,RGB,256,256,696377f99b888a2b15100700c2bfd663,Apple___healthy:::173
data\raw\apple\Apple___healthy\13ee12c2-f465-4e44-a81f-36695ded6955___RS_HL 7897.JPG,Apple___healthy,Healthy,.jpg,RGB,256,256,0d43f3e79ab1e03d6d40dabd73ced7ee,Apple___healthy:::217
data\raw\apple\Apple___healthy\14009d84-bca8-4054-b09d-7fd4241c74a6___RS_HL 7907.JPG,Apple___healthy,Healthy,.jpg,RGB,256,256,273dd33f842db6ea09be97145623fc64,Apple___healthy:::218
data\raw\apple\Apple___healthy\14284447-1510-439f-bb04-8977e8fa8cbb___RS_HL 6257.JPG,Apple___healthy,Healthy,.jpg,RGB,256,256,b77a53e747f91b5138b01974b873b0c4,Soybean___healthy:::399
data\raw\apple\Apple___healthy\1477ac33-4284-4db3-9a91-dbd61e6183e3___RS_HL 8059.JPG,Apple___healthy,Healthy,.jpg,RGB,256,256,d316f60bbb585c388c871559cc8d8b26,Apple___healthy:::238
data\raw\apple\Apple___healthy\14828181-53d0-4dfb-92b1-d7a52602f3cb___RS_HL 7517.JPG,Apple___healthy,Healthy,.jpg,RGB,256,256,b5ebb4c22172c00d0effd6422debc55d,Soybean___healthy:::506
data\raw\apple\Apple___healthy\14896dc0-688d-456f-b5ec-a037695b0193___RS_HL 6268.JPG,Apple___healthy,Healthy,.jpg,RGB,256,256,161940bd6e73cf648974cc7213cffb8f,Soybean___healthy:::399
data\raw\apple\Apple___healthy\1490daeb-9cfb-4456-bb27-dd836f9e07a6___RS_HL 5959.JPG,Apple___healthy,Healthy,.jpg,RGB,256,256,6761434e9f910b258792bfb971acfdc7,Soybean___healthy:::375
data\raw\apple\Apple___healthy\1495b096-6249-4f8c-b9e5-37e09fc21d1a___RS_HL 7716.JPG,Apple___healthy,Healthy,.jpg,RGB,256,256,e37a019de2ca331e6754b3a4ce85f2f5,Apple___healthy:::192
data\raw\apple\Apple___healthy\1497c20f-448a-48e2-9cf0-b4fc8cfa848a___RS_HL 6292.JPG,Apple___healthy,Healthy,.jpg,RGB,256,256,b2ddb12cb98941571f0b3f1d3882a3bd,Soybean___healthy:::401
data\raw\apple\Apple___healthy\14a71f70-0cd9-416c-88c9-5a76e0473e07___RS_HL 7884.JPG,Apple___healthy,Healthy,.jpg,RGB,256,256,5281a44447561865af98db75d3ded98a,Apple___healthy:::215
data\raw\apple\Apple___healthy\14bb032e-5462-40e4-9056-0e9c3eb47946___RS_HL 7301.JPG,Apple___healthy,Healthy,.jpg,RGB,256,256,cda7726a1bba633e3d0a286795ceb513,Soybean___healthy:::488
data\raw\apple\Apple___healthy\14c60de6-5641-4531-b2af-d1b767c28176___RS_HL 8161.JPG,Apple___healthy,Healthy,.jpg,RGB,256,256,37b22672806570977a92d12fc5de23e7,Apple___healthy:::251
data\raw\apple\Apple___healthy\14c691eb-78de-417f-8832-93427151a6e1___RS_HL 8090.JPG,Apple___healthy,Healthy,.jpg,RGB,256,256,20cad89a64ee6a32eb7064bccb4ba52e,Apple___healthy:::242
data\raw\apple\Apple___healthy\14e92721-00a0-4696-9392-d3f633082454___RS_HL 5654.JPG,Apple___healthy,Healthy,.jpg,RGB,256,256,72c684dee493cbd1c4ae0dc79e0edf2b,Soybean___healthy:::339
data\raw\apple\Apple___healthy\153e84e2-1849-4cf6-96b7-a1507376d496___RS_HL 8198.JPG,Apple___healthy,Healthy,.jpg,RGB,256,256,3263613a8ea1b301dc64ccebbdf3856f,Apple___healthy:::256
data\raw\apple\Apple___healthy\153ee5ec-b8c2-4dd1-9387-cb0e796f301b___RS_HL 7563.JPG,Apple___healthy,Healthy,.jpg,RGB,256,256,6f6e74126f01fceff7c25d9c917b41a1,Apple___healthy:::172
data\raw\apple\Apple___healthy\1598eb2e-21c6-4fda-9080-945551c7f2ee___RS_HL 7501.JPG,Apple___healthy,Healthy,.jpg,RGB,256,256,7cef7dd8090fcd200aa36e9153621b43,Soybean___healthy:::505
data\raw\apple\Apple___healthy\15a995e0-2e4a-486b-8509-db35d944ce6d___RS_HL 8086.JPG,Apple___healthy,Healthy,.jpg,RGB,256,256,be51416c051ae723a9ace8cd8c77a368,Apple___healthy:::242
data\raw\apple\Apple___healthy\15ad1bbe-d6da-4b40-aa05-38d394273595___RS_HL 8046.JPG,Apple___healthy,Healthy,.jpg,RGB,256,256,28b1763bfc5993b2f702401bcc35be64,Apple___healthy:::236
data\raw\apple\Apple___healthy\15b10e4e-2d9b-463e-85c0-d66ba29c5b49___RS_HL 7506.JPG,Apple___healthy,Healthy,.jpg,RGB,256,256,cbaa5088065c642b7806b18151aed3ed,Soybean___healthy:::505
data\raw\apple\Apple___healthy\15bacfc9-1875-48b3-9b91-8b60f030d7ca___RS_HL 7240.JPG,Apple___healthy,Healthy,.jpg,RGB,256,256,a663564a33a3bebabccdc708e5dec562,Soybean___healthy:::483
data\raw\apple\Apple___healthy\1617e81b-190b-41e8-b258-cf432f65b7ab___RS_HL 6058.JPG,Apple___healthy,Healthy,.jpg,RGB,256,256,a22a2d98c9295050249c0a2a982547e1,Soybean___healthy:::383
data\raw\apple\Apple___healthy\1630633a-63cb-433f-96bc-bc47a933506c___RS_HL 5718.JPG,Apple___healthy,Healthy,.jpg,RGB,256,256,e69cbad62a03d461bb0ee474be45773b,Soybean___healthy:::349
data\raw\apple\Apple___healthy\1652d645-fb1b-4529-acbe-17093566cd2a___RS_HL 8074.JPG,Apple___healthy,Healthy,.jpg,RGB,256,256,9ae9cdd805bc3bda37d4b0145d5ec968,Apple___healthy:::240
data\raw\apple\Apple___healthy\16590622-481b-4f63-ac18-7f590f6af49a___RS_HL 7846.JPG,Apple___healthy,Healthy,.jpg,RGB,256,256,a88650ae5d05e006e19aeea46b80d45a,Apple___healthy:::210
data\raw\apple\Apple___healthy\167f191e-491b-471a-8dc7-ba76315fef0a___RS_HL 7279.JPG,Apple___healthy,Healthy,.jpg,RGB,256,256,74caeb37336d0ade5fc4e0bca23e34b8,Soybean___healthy:::486
data\raw\apple\Apple___healthy\167f64e6-c4c5-423b-8506-9b8210d5fd75___RS_HL 7926.JPG,Apple___healthy,Healthy,.jpg,RGB,256,256,d788905682792126426054ce85d0e947,Apple___healthy:::220
data\raw\apple\Apple___healthy\168d6d21-9d72-43c0-acca-b216f64ee87b___RS_HL 7942.JPG,Apple___healthy,Healthy,.jpg,RGB,256,256,4cca013cd5f8e7d45664d67109685925,Apple___healthy:::222
data\raw\apple\Apple___healthy\16b2b778-a864-496e-b292-3e9b4029902b___RS_HL 6178.JPG,Apple___healthy,Healthy,.jpg,RGB,256,256,5a9158301847bc0ec586f510a9620e10,Soybean___healthy:::392
data\raw\apple\Apple___healthy\16f4ae2e-0592-4a9b-ba7d-df9db0cc04fc___RS_HL 7688.JPG,Apple___healthy,Healthy,.jpg,RGB,256,256,71facab493d8f7cdbfccdbc58332b68d,Apple___healthy:::189
data\raw\apple\Apple___healthy\176a0917-16d8-43c6-8698-1ae095282e66___RS_HL 7903.JPG,Apple___healthy,Healthy,.jpg,RGB,256,256,06db917d0f996d524ba16b51ac58a96d,Apple___healthy:::217
data\raw\apple\Apple___healthy\177523d1-d9b9-4ba5-94b9-22d5832aa664___RS_HL 5762.JPG,Apple___healthy,Healthy,.jpg,RGB,256,256,7baf9effba20252e48a9a2a808da1deb,Soybean___healthy:::357
data\raw\apple\Apple___healthy\177ee310-d918-4756-ab59-f6f5a1b9e446___RS_HL 7740.JPG,Apple___healthy,Healthy,.jpg,RGB,256,256,ddff4b760b6108cdcee1162b0df13652,Apple___healthy:::196
data\raw\apple\Apple___healthy\179ad6a1-385b-42a2-8232-538664869673___RS_HL 5771.JPG,Apple___healthy,Healthy,.jpg,RGB,256,256,d787314ba66adb6c98b89fc931cab632,Soybean___healthy:::360
data\raw\apple\Apple___healthy\17af118c-a4aa-49c6-b31b-b7de49b58dfa___RS_HL 7557.JPG,Apple___healthy,Healthy,.jpg,RGB,256,256,3602d8c531eed9b5b93c2b4645a6d29d,Apple___healthy:::171
data\raw\apple\Apple___healthy\17e328e5-37ef-4f34-b610-092fdfbbb314___RS_HL 5915.JPG,Apple___healthy,Healthy,.jpg,RGB,256,256,163e06b343372c310fda76371e3bf75e,Soybean___healthy:::371
data\raw\apple\Apple___healthy\18121688-72a8-414a-8e36-43060cdebb22___RS_HL 5747.JPG,Apple___healthy,Healthy,.jpg,RGB,256,256,8d868ee2d01aefcf21f92f5207fceb92,Soybean___healthy:::355
data\raw\apple\Apple___healthy\181ce194-fdc9-4f0b-ae8d-0c621f723279___RS_HL 7487.JPG,Apple___healthy,Healthy,.jpg,RGB,256,256,dbbd77bcaf6674d59ff3ff7733e0d3a6,Soybean___healthy:::503
data\raw\apple\Apple___healthy\18571abd-0d3c-42de-a257-f46c1a6d1517___RS_HL 6126.JPG,Apple___healthy,Healthy,.jpg,RGB,256,256,fe41f67e549d6fbd1f0b39d711353404,Soybean___healthy:::389
data\raw\apple\Apple___healthy\18873cb4-cf30-414d-9ffd-c965879d84b1___RS_HL 6239.JPG,Apple___healthy,Healthy,.jpg,RGB,256,256,4f06522f0333197b0e3972ebb5cf1485,Soybean___healthy:::397
data\raw\apple\Apple___healthy\188d8d1c-a33a-4513-b97f-466135939339___RS_HL 8151.JPG,Apple___healthy,Healthy,.jpg,RGB,256,256,debbcfec3e2fac585a3339c453cd2ef9,Apple___healthy:::250
data\raw\apple\Apple___healthy\189c5270-4ba6-4c14-bfb2-3a7dd4d3e7aa___RS_HL 5984.JPG,Apple___healthy,Healthy,.jpg,RGB,256,256,79fdd5fe09e41a01490df328239ee9b1,Soybean___healthy:::377
data\raw\apple\Apple___healthy\18a10d55-e00c-4bb7-9ea6-d11bf0de070e___RS_HL 7252.JPG,Apple___healthy,Healthy,.jpg,RGB,256,256,d2c0bccd35d8b1e754e2b84fa4b9bc88,Soybean___healthy:::484
data\raw\apple\Apple___healthy\19331cca-70bd-47e9-8e0e-2b3ea81f2d1c___RS_HL 5655.JPG,Apple___healthy,Healthy,.jpg,RGB,256,256,47c00a6b3c49946102b4de6b6c661183,Soybean___healthy:::339
data\raw\apple\Apple___healthy\194c4f91-31be-425f-8ac9-698202cf507d___RS_HL 7470.JPG,Apple___healthy,Healthy,.jpg,RGB,256,256,46935f5dc34a6b44ac4062000fcd967b,Soybean___healthy:::502
data\raw\apple\Apple___healthy\198ed991-931b-444a-986d-a3facdb8255b___RS_HL 8105.JPG,Apple___healthy,Healthy,.jpg,RGB,256,256,c85a79bb1ba92af0c81125b0e18541b1,Apple___healthy:::244
data\raw\apple\Apple___healthy\19b3dc29-de7d-46e8-af14-7451d779f424___RS_HL 7373.JPG,Apple___healthy,Healthy,.jpg,RGB,256,256,7a08a3322a6dde689b2a0b2c38cce14e,Soybean___healthy:::494
data\raw\apple\Apple___healthy\1a0ddafd-c52e-4ea1-ab34-a302cdc27be1___RS_HL 5785.JPG,Apple___healthy,Healthy,.jpg,RGB,256,256,b52d8873a9ca07669f9faa883ed4a84f,Soybean___healthy:::360
data\raw\apple\Apple___healthy\1a1937a5-c204-4bde-8f70-58b619125c88___RS_HL 7722.JPG,Apple___healthy,Healthy,.jpg,RGB,256,256,735761c43055945b4fefcaab11d8e8fb,Apple___healthy:::193
data\raw\apple\Apple___healthy\1a219a0d-defa-4ed1-8878-e3f6aeac847b___RS_HL 6046.JPG,Apple___healthy,Healthy,.jpg,RGB,256,256,3e5a71b95b7958af537dbbbec3c7ec36,Soybean___healthy:::382
data\raw\apple\Apple___healthy\1a593b62-fe23-462c-bf68-50f53f357609___RS_HL 6322.JPG,Apple___healthy,Healthy,.jpg,RGB,256,256,41171f4e478b93f07703c9b9e2388ff4,Soybean___healthy:::404
data\raw\apple\Apple___healthy\1a905d2f-3b54-41b4-bab8-3c2b0845a91d___RS_HL 7958.JPG,Apple___healthy,Healthy,.jpg,RGB,256,256,fe58b7d1a0740aced0c1e6a069f70efa,Apple___healthy:::225
data\raw\apple\Apple___healthy\1aa82164-61f2-4baf-b99d-41f18f6e98cc___RS_HL 8087.JPG,Apple___healthy,Healthy,.jpg,RGB,256,256,f87f03d71506976cd1d9fb8ed8d9e2e5,Apple___healthy:::242
data\raw\apple\Apple___healthy\1aaa3665-febe-407c-8830-7919b093305e___RS_HL 7803.JPG,Apple___healthy,Healthy,.jpg,RGB,256,256,29a180958e78512e73b635041823c890,Apple___healthy:::204
data\raw\apple\Apple___healthy\1ab5e019-e5f0-4d8e-a252-94cb0aab8b0a___RS_HL 6269.JPG,Apple___healthy,Healthy,.jpg,RGB,256,256,68f05a541bf01c0fcfbc7f9445f8a147,Soybean___healthy:::399
data\raw\apple\Apple___healthy\1ab74120-9cfd-47dd-9a80-ee37f2328be6___RS_HL 7667.JPG,Apple___healthy,Healthy,.jpg,RGB,256,256,2cba71ac0543f49a8ba67763d1a9daae,Apple___healthy:::186
data\raw\apple\Apple___healthy\1b22388a-cf05-4795-892f-a5b6f35304d5___RS_HL 8141.JPG,Apple___healthy,Healthy,.jpg,RGB,256,256,2a2357a1e454d3d0a420d1b91928f7de,Apple___healthy:::248
data\raw\apple\Apple___healthy\1b36926c-faee-4b6c-9f66-26d1377b9a78___RS_HL 7662.JPG,Apple___healthy,Healthy,.jpg,RGB,256,256,d66404c76babc313ed05dd59269cb44e,Apple___healthy:::185
data\raw\apple\Apple___healthy\1b7e4b68-0062-410d-a57f-48177145dfb6___RS_HL 7734.JPG,Apple___healthy,Healthy,.jpg,RGB,256,256,b4cd25c0d25980dcff55a5a99ba47e6f,Apple___healthy:::195
data\raw\apple\Apple___healthy\1b9f5fe1-6d06-4ff6-a35d-3155f623e4fb___RS_HL 6228.JPG,Apple___healthy,Healthy,.jpg,RGB,256,256,61d7a397f75e3e5dbc93978d3516659c,Soybean___healthy:::396
data\raw\apple\Apple___healthy\1c116208-4ef8-4b42-ba20-92c3b9ca957c___RS_HL 5885.JPG,Apple___healthy,Healthy,.jpg,RGB,256,256,1cb9d801ecbf709214dd9bfe8baef956,Soybean___healthy:::369
data\raw\apple\Apple___healthy\1c2b0674-384b-4cad-8704-80781a89d78a___RS_HL 5848.JPG,Apple___healthy,Healthy,.jpg,RGB,256,256,4d6615a3f5cd08ac28fd4be76fb6ce41,Soybean___healthy:::367
data\raw\apple\Apple___healthy\1c2b51f1-5439-449a-9ca0-52dd158018fc___RS_HL 7998.JPG,Apple___healthy,Healthy,.jpg,RGB,256,256,a4eb2fab0ff6d4d8e52e120d1ce93227,Apple___healthy:::230
data\raw\apple\Apple___healthy\1c34397e-9b33-436e-83fc-bd42014fdfa6___RS_HL 5687.JPG,Apple___healthy,Healthy,.jpg,RGB,256,256,53e1b2d5008b9fab61711c80f3bc7fd2,Soybean___healthy:::344
data\raw\apple\Apple___healthy\1c45cf6f-2e2e-4091-9bc9-24463f9fcf90___RS_HL 5733.JPG,Apple___healthy,Healthy,.jpg,RGB,256,256,6b59487503f0d9543b77411005af73da,Soybean___healthy:::352
data\raw\apple\Apple___healthy\1c807ca4-b6f5-4123-8d3b-cd44238df38d___RS_HL 6140.JPG,Apple___healthy,Healthy,.jpg,RGB,256,256,04d41797a931885f04559d154c6acabf,Soybean___healthy:::390
data\raw\apple\Apple___healthy\1c85fc77-1843-4a85-8f21-107385d5873c___RS_HL 7272.JPG,Apple___healthy,Healthy,.jpg,RGB,256,256,d9433f304959841e065bdd55aaa34fdb,Apple___healthy:::124
data\raw\apple\Apple___healthy\1cb890ab-c267-467f-abbc-be9023cb55ff___RS_HL 5667.JPG,Apple___healthy,Healthy,.jpg,RGB,256,256,d0d44c04284d5e2665ac22ba0ebe6d2f,Soybean___healthy:::339
data\raw\apple\Apple___healthy\1cbe6aef-57d4-4f2a-b8fb-0375db7084d3___RS_HL 7356.JPG,Apple___healthy,Healthy,.jpg,RGB,256,256,77983d2074f8c605f07611e9bce97d53,Soybean___healthy:::492
data\raw\apple\Apple___healthy\1cd322aa-2fdf-4e50-bb72-f9ebe031f385___RS_HL 7315.JPG,Apple___healthy,Healthy,.jpg,RGB,256,256,56fe984be992f013a1f199a5ce50343e,Soybean___healthy:::489
data\raw\apple\Apple___healthy\1ceda3e6-3df1-4a82-a5f5-6c62dbd8ccc3___RS_HL 8072.JPG,Apple___healthy,Healthy,.jpg,RGB,256,256,3774d0e8d6115eec82540fcf106032e4,Apple___healthy:::240
data\raw\apple\Apple___healthy\1cf4ad6b-8c00-42de-aff0-ee2662c54df1___RS_HL 7462.JPG,Apple___healthy,Healthy,.jpg,RGB,256,256,11cf81dfe32c2f28181b3a0ddba2526e,Soybean___healthy:::501
data\raw\apple\Apple___healthy\1d44a5a9-c15c-40d5-b2d6-bbd9e84c96ea___RS_HL 7923.JPG,Apple___healthy,Healthy,.jpg,RGB,256,256,b9a35ad5859786d4b705aa29f1fe40b1,Apple___healthy:::220
data\raw\apple\Apple___healthy\1d4ea234-bb1b-44ec-9114-d1ea9abece5c___RS_HL 8002.JPG,Apple___healthy,Healthy,.jpg,RGB,256,256,80ea64e83651a842269a7fe050fc1308,Apple___healthy:::231
data\raw\apple\Apple___healthy\1d68db41-8cec-49d7-b702-d16e36348f6e___RS_HL 6300.JPG,Apple___healthy,Healthy,.jpg,RGB,256,256,1e1e21c2a23c32e4f5c9131151a03e35,Soybean___healthy:::402
data\raw\apple\Apple___healthy\1d74d65a-039c-41d6-a459-13f946971ca1___RS_HL 7582.JPG,Apple___healthy,Healthy,.jpg,RGB,256,256,91175da62b67aa9fd3141678454ef598,Apple___healthy:::174
data\raw\apple\Apple___healthy\1d74fb02-045f-4919-b360-46e51ee33e82___RS_HL 6086.JPG,Apple___healthy,Healthy,.jpg,RGB,256,256,f259d65f57d6040f88eacc6c560b5c54,Soybean___healthy:::385
data\raw\apple\Apple___healthy\1d7c71d2-fac0-4ee6-8def-765282cb744c___RS_HL 5758.JPG,Apple___healthy,Healthy,.jpg,RGB,256,256,60397aede9e54e340df1eb8a210544d6,Soybean___healthy:::357
data\raw\apple\Apple___healthy\1d98a80e-f33b-44e5-99de-89fb990211f5___RS_HL 7834.JPG,Apple___healthy,Healthy,.jpg,RGB,256,256,242c7951d2457df541b208cd896ba5da,Apple___healthy:::208
data\raw\apple\Apple___healthy\1dabd7f0-68f4-4d1b-b026-e314457de638___RS_HL 8153.JPG,Apple___healthy,Healthy,.jpg,RGB,256,256,06ee81204c3773909f91641f2d38d9a5,Apple___healthy:::250
data\raw\apple\Apple___healthy\1db9945a-de31-4e5f-9f95-2888c6330057___RS_HL 7901.JPG,Apple___healthy,Healthy,.jpg,RGB,256,256,d38cac338e151f0f815c86e6e114f6e3,Apple___healthy:::217
data\raw\apple\Apple___healthy\1dbfc9d3-f568-4e19-a83c-8fa408cfea3a___RS_HL 5909.JPG,Apple___healthy,Healthy,.jpg,RGB,256,256,5a7f24b9ec7b8e02cfbd42ffe6a682d9,Soybean___healthy:::371
data\raw\apple\Apple___healthy\1e59b25e-551a-4343-a551-cd03abdb5cac___RS_HL 7376.JPG,Apple___healthy,Healthy,.jpg,RGB,256,256,81d42cc802670a242ab66a86c4c933fe,Soybean___healthy:::494
data\raw\apple\Apple___healthy\1ec5d93e-76ab-44cf-a53e-ef3f741a095a___RS_HL 7504.JPG,Apple___healthy,Healthy,.jpg,RGB,256,256,59db9a69133878abfc81e2ea1a4484ae,Soybean___healthy:::505
data\raw\apple\Apple___healthy\1ecec99b-aeb0-4261-85cf-ac2e8cc80ebd___RS_HL 6073.JPG,Apple___healthy,Healthy,.jpg,RGB,256,256,e3d907822db84d727ab3b2a2ca4b230c,Soybean___healthy:::384
data\raw\apple\Apple___healthy\1ee2a8ac-77e7-4799-bff1-be48e8aa9ae5___RS_HL 7303.JPG,Apple___healthy,Healthy,.jpg,RGB,256,256,bf359e7399da6752f12762e1c65d1b15,Soybean___healthy:::488
data\raw\apple\Apple___healthy\1f2a82f5-af63-46b8-9c18-d8b9567db343___RS_HL 7849.JPG,Apple___healthy,Healthy,.jpg,RGB,256,256,ce93e2808bee3e6ca95706a614b7bc1e,Apple___healthy:::210
data\raw\apple\Apple___healthy\1f2d1c4b-78cd-418a-b0c3-2565b530fe5b___RS_HL 7572.JPG,Apple___healthy,Healthy,.jpg,RGB,256,256,440272959f6b8e95c9bfc55e18f519d9,Apple___healthy:::173
data\raw\apple\Apple___healthy\1f2ffb52-a697-43fc-a0d0-609d30e33bfe___RS_HL 6010.JPG,Apple___healthy,Healthy,.jpg,RGB,256,256,5ebbfdb55d407b13f2ce7e4a987f1b63,Soybean___healthy:::378
data\raw\apple\Apple___healthy\1fae0947-05ec-4487-a8d4-5ce3c860a21f___RS_HL 7962.JPG,Apple___healthy,Healthy,.jpg,RGB,256,256,f247383b370828091d34b14ca3b35ff0,Apple___healthy:::225
data\raw\apple\Apple___healthy\1fd5cde9-dc78-4b8d-a82c-ab9a29880894___RS_HL 7918.JPG,Apple___healthy,Healthy,.jpg,RGB,256,256,4ac966d498f658b82ef87d810587b23a,Apple___healthy:::219
data\raw\apple\Apple___healthy\1fdc99ae-fbc7-480f-9cde-e80b54744c0d___RS_HL 7972.JPG,Apple___healthy,Healthy,.jpg,RGB,256,256,8d5d214efdd19a15e3d6a125cf230f6b,Apple___healthy:::226
data\raw\apple\Apple___healthy\1ff38f29-401d-4ec7-a99a-c4d3ccf42efc___RS_HL 7498.JPG,Apple___healthy,Healthy,.jpg,RGB,256,256,7e10715f0dce61255cc29a52592566cf,Soybean___healthy:::504
data\raw\apple\Apple___healthy\20102c8b-dde0-47d2-8035-7ceeb42f1961___RS_HL 6207.JPG,Apple___healthy,Healthy,.jpg,RGB,256,256,e15914febae43be7b757cd9be3d1c196,Soybean___healthy:::395
data\raw\apple\Apple___healthy\201de0e4-a74d-4dff-9b5b-e997d36e63d7___RS_HL 7569.JPG,Apple___healthy,Healthy,.jpg,RGB,256,256,6d2e494484f972dd2fec84c75f3e7792,Apple___healthy:::172
data\raw\apple\Apple___healthy\203d4b1b-d358-43d5-bd7f-273e68993961___RS_HL 7590.JPG,Apple___healthy,Healthy,.jpg,RGB,256,256,3e807a1730d8cf7a80e9d82aab7a2b77,Apple___healthy:::175
data\raw\apple\Apple___healthy\2056f48c-137e-4a96-b26d-1c6dae33ee47___RS_HL 7567.JPG,Apple___healthy,Healthy,.jpg,RGB,256,256,e132affd0cfe50074ed88df6b93d2f79,Apple___healthy:::172
data\raw\apple\Apple___healthy\2074d81b-88ad-40f7-9e7a-cd24c2435ea9___RS_HL 5804.JPG,Apple___healthy,Healthy,.jpg,RGB,256,256,d65e13afe4ff132b86bdb730289fae19,Soybean___healthy:::366
data\raw\apple\Apple___healthy\2076cebe-cecb-463f-9a0a-a20c4e53e5f3___RS_HL 5900.JPG,Apple___healthy,Healthy,.jpg,RGB,256,256,08a01e4b519a19eb34f784d311ac9252,Soybean___healthy:::370
data\raw\apple\Apple___healthy\20828c75-15bc-4c31-a3ef-4ee3bfb7081b___RS_HL 8065.JPG,Apple___healthy,Healthy,.jpg,RGB,256,256,3aa507d19c6e68ecc70eef66b03dc1d6,Apple___healthy:::239
data\raw\apple\Apple___healthy\20a6a1df-7c88-4c01-bfe0-2110c1eb0324___RS_HL 8133.JPG,Apple___healthy,Healthy,.jpg,RGB,256,256,8c509b44a1111b4db9631fcb5689bbb3,Apple___healthy:::247
data\raw\apple\Apple___healthy\20c2fcd9-0df2-4a18-a976-5a4f2e3f22aa___RS_HL 7882.JPG,Apple___healthy,Healthy,.jpg,RGB,256,256,46093770b8922e16bc67e2035afddf58,Apple___healthy:::215
data\raw\apple\Apple___healthy\20d16569-6237-4038-b6a9-2b2e5375beea___RS_HL 6042.JPG,Apple___healthy,Healthy,.jpg,RGB,256,256,8cd33487b484325269fddc6c6e3f680a,Soybean___healthy:::382
data\raw\apple\Apple___healthy\2116b976-703d-46af-b8a0-ee3ff8e4afa4___RS_HL 5793.JPG,Apple___healthy,Healthy,.jpg,RGB,256,256,854fad540016f5d59a2eb8f4dcf74aae,Soybean___healthy:::363
data\raw\apple\Apple___healthy\211f5e77-fdc9-4d96-9395-bb3647678c43___RS_HL 7364.JPG,Apple___healthy,Healthy,.jpg,RGB,256,256,b3e51a134c9ddfefe184bbc66ecee721,Soybean___healthy:::493
data\raw\apple\Apple___healthy\21321d47-a7a7-40e7-9514-cfa4f45e2f22___RS_HL 5651.JPG,Apple___healthy,Healthy,.jpg,RGB,256,256,501cb49bfffe6686daa975f35faa05b9,Soybean___healthy:::336
data\raw\apple\Apple___healthy\21b1f887-6f78-4da8-b676-d9e53cb8b24d___RS_HL 6012.JPG,Apple___healthy,Healthy,.jpg,RGB,256,256,ecfa7ed2756fce092bcecc7f69de7c40,Soybean___healthy:::379
data\raw\apple\Apple___healthy\21c10a73-ebeb-4a16-898b-8b39d9d6eca2___RS_HL 6315.JPG,Apple___healthy,Healthy,.jpg,RGB,256,256,1cf4fab76a97702f0a08a86bd678a379,Soybean___healthy:::403
data\raw\apple\Apple___healthy\21c42956-0894-43bf-a1b8-787ef33594c2___RS_HL 7686.JPG,Apple___healthy,Healthy,.jpg,RGB,256,256,a8f1d269c8d214d2085ef92853befc2b,Apple___healthy:::189
data\raw\apple\Apple___healthy\221bfc6b-53d8-4677-8590-8f51530a9661___RS_HL 7260.JPG,Apple___healthy,Healthy,.jpg,RGB,256,256,7f2867ad0cf97fde07af28fd8c7546a2,Soybean___healthy:::485
data\raw\apple\Apple___healthy\22289256-19f2-49b7-a1b6-f1210557543b___RS_HL 7985.JPG,Apple___healthy,Healthy,.jpg,RGB,256,256,1c4bc786e9c5763d070838377c751c7b,Apple___healthy:::229
data\raw\apple\Apple___healthy\223dbe3b-9f96-473b-a6a6-ea354777ae1f___RS_HL 8040.JPG,Apple___healthy,Healthy,.jpg,RGB,256,256,856ff33769b79862120620e66520af3e,Apple___healthy:::235
data\raw\apple\Apple___healthy\2255256e-1e76-4c19-8d32-f168ac6eeaa2___RS_HL 5784.JPG,Apple___healthy,Healthy,.jpg,RGB,256,256,4eb41558343414d22c504e3c0a51202b,Soybean___healthy:::360
data\raw\apple\Apple___healthy\2260f331-0610-4dd8-9d8e-270115aba39b___RS_HL 6033.JPG,Apple___healthy,Healthy,.jpg,RGB,256,256,11f3dfdfa790bf9dd9ac26e2049e8453,Apple___healthy:::65
data\raw\apple\Apple___healthy\2270f63e-fbad-41fd-95a4-4700006191f7___RS_HL 8000.JPG,Apple___healthy,Healthy,.jpg,RGB,256,256,7552cea99697d8be17f054db61cf267b,Apple___healthy:::231
data\raw\apple\Apple___healthy\228c3cfc-c511-4f1d-80ef-eb6a9e89cc0b___RS_HL 7383.JPG,Apple___healthy,Healthy,.jpg,RGB,256,256,237aedae859f53263bbe32d5988f94a7,Soybean___healthy:::494
data\raw\apple\Apple___healthy\229d89f1-b2ac-4427-b7e7-47139f62b73d___RS_HL 7341.JPG,Apple___healthy,Healthy,.jpg,RGB,256,256,f6f22c596612e27d006c139b89260ab8,Soybean___healthy:::491
data\raw\apple\Apple___healthy\22ccba73-f485-4c4d-a6a8-faaaa7c90e1f___RS_HL 7824.JPG,Apple___healthy,Healthy,.jpg,RGB,256,256,4121a252d1e0e64327cb13e92d6cebff,Apple___healthy:::207
data\raw\apple\Apple___healthy\22e6ab6c-375c-475f-8888-3d2f6d939111___RS_HL 7625.JPG,Apple___healthy,Healthy,.jpg,RGB,256,256,8dbc411ce0bef7494890ab804c1074a0,Apple___healthy:::180
data\raw\apple\Apple___healthy\2301f2bb-7972-4fb8-8be6-246ce55ca3b6___RS_HL 6100.JPG,Apple___healthy,Healthy,.jpg,RGB,256,256,bb6c26665d0e90535c465d3418034c48,Soybean___healthy:::386
data\raw\apple\Apple___healthy\230a4c38-8e59-4c1d-bda8-ee3401e6507b___RS_HL 7945.JPG,Apple___healthy,Healthy,.jpg,RGB,256,256,dc5205a8f9fc2e4d46644a3cdd99b6f5,Apple___healthy:::223
data\raw\apple\Apple___healthy\232e37bf-da7c-4c4e-94fd-ce592dd37786___RS_HL 7770.JPG,Apple___healthy,Healthy,.jpg,RGB,256,256,2643bfdb5e4070b0024e27a92def22d9,Apple___healthy:::200
data\raw\apple\Apple___healthy\23307db5-ba40-498c-9b96-2c6b65f40c27___RS_HL 6096.JPG,Apple___healthy,Healthy,.jpg,RGB,256,256,974bee9f220f0829f20585227bbdacfe,Soybean___healthy:::386
data\raw\apple\Apple___healthy\2331c0e7-475e-4304-8f4e-d98f80778a08___RS_HL 8043.JPG,Apple___healthy,Healthy,.jpg,RGB,256,256,5a8a23fd27259d9f302c0c501c86683a,Apple___healthy:::236
data\raw\apple\Apple___healthy\2345cf40-76a9-4bb3-9e7c-8d185dd41905___RS_HL 8123.JPG,Apple___healthy,Healthy,.jpg,RGB,256,256,565ca0c4c749114b9c40feb862761e4d,Apple___healthy:::246
data\raw\apple\Apple___healthy\23484fef-f518-486c-8469-c33469e4ac11___RS_HL 6117.JPG,Apple___healthy,Healthy,.jpg,RGB,256,256,c2ae107ba54034b4542abb5c80731aa2,Soybean___healthy:::388
data\raw\apple\Apple___healthy\234fbf88-be8a-4b45-a93d-493b6e83215c___RS_HL 8182.JPG,Apple___healthy,Healthy,.jpg,RGB,256,256,3e8b51f778e293c5ed171e08a8558fbc,Apple___healthy:::254
data\raw\apple\Apple___healthy\2363daeb-88d5-43f3-925b-be7360c10394___RS_HL 5828.JPG,Apple___healthy,Healthy,.jpg,RGB,256,256,cd16dbf3c2464f6b8dd8572267698551,Soybean___healthy:::367
data\raw\apple\Apple___healthy\236eab7b-6301-4764-8e70-7b3b87ecc904___RS_HL 8147.JPG,Apple___healthy,Healthy,.jpg,RGB,256,256,1794019fb81ab2a604affc87843bde53,Apple___healthy:::249
data\raw\apple\Apple___healthy\2381a136-3832-4e59-a7d6-9fe4702ef0a0___RS_HL 7580.JPG,Apple___healthy,Healthy,.jpg,RGB,256,256,584c55520c864b01508c4defd92294d7,Apple___healthy:::174
data\raw\apple\Apple___healthy\238b94a0-eed1-4c28-8396-2de2e7247f72___RS_HL 8107.JPG,Apple___healthy,Healthy,.jpg,RGB,256,256,8962e2f294dd3b539c95a5414765b22e,Apple___healthy:::244
data\raw\apple\Apple___healthy\238ba7d8-807f-4af5-8524-5259b80cff9e___RS_HL 8119.JPG,Apple___healthy,Healthy,.jpg,RGB,256,256,5ab44f4dc2da893fb28de0931e934cff,Apple___healthy:::245
data\raw\apple\Apple___healthy\23a11b8b-6812-481e-9258-e07cc24fdad4___RS_HL 5898.JPG,Apple___healthy,Healthy,.jpg,RGB,256,256,900438b54428df4b5108ff60f64ac85e,Soybean___healthy:::370
data\raw\apple\Apple___healthy\23a80c76-8642-4e07-b157-b73eff76c44e___RS_HL 5906.JPG,Apple___healthy,Healthy,.jpg,RGB,256,256,5b85d65722cd9bc39516a1238f452ad2,Soybean___healthy:::371
data\raw\apple\Apple___healthy\23b5f9bf-18d8-43d3-a289-6398a7abde91___RS_HL 7914.JPG,Apple___healthy,Healthy,.jpg,RGB,256,256,2c81a8fad5c577c76e11546e026fce46,Apple___healthy:::219
data\raw\apple\Apple___healthy\23ea1618-d554-47fb-bc03-a1b978f14fbf___RS_HL 6008.JPG,Apple___healthy,Healthy,.jpg,RGB,256,256,fc7ab1d1bdfa8440ed9500cf034af473,Soybean___healthy:::378
data\raw\apple\Apple___healthy\2408e9ef-1a03-44f4-9432-e24113c409e3___RS_HL 7556.JPG,Apple___healthy,Healthy,.jpg,RGB,256,256,4fc1301b653168d6b4af6148bb1d3223,Apple___healthy:::171
data\raw\apple\Apple___healthy\24adc938-da71-4d2a-9c7e-f2dc3a73c908___RS_HL 7307.JPG,Apple___healthy,Healthy,.jpg,RGB,256,256,140f56763650f1c2036b53a1bf2345a4,Soybean___healthy:::489
data\raw\apple\Apple___healthy\24cddc8a-d7e6-4ebf-9771-b3844913f02e___RS_HL 5966.JPG,Apple___healthy,Healthy,.jpg,RGB,256,256,50ab701847bdcf96f81e900da21c02f8,Soybean___healthy:::375
data\raw\apple\Apple___healthy\2514a94f-5f1b-4792-92e7-63b6a552225a___RS_HL 8186.JPG,Apple___healthy,Healthy,.jpg,RGB,256,256,f4b0df12279fb0e52985820fdcc82f08,Apple___healthy:::255
data\raw\apple\Apple___healthy\253bd68f-d969-4fa8-9373-6c49ba5fb274___RS_HL 7439.JPG,Apple___healthy,Healthy,.jpg,RGB,256,256,cd542bb3dc0fa8865939273d4bb0d7d5,Soybean___healthy:::499
data\raw\apple\Apple___healthy\2551a3b8-b5dd-4716-88e6-517a012a44f1___RS_HL 7551.JPG,Apple___healthy,Healthy,.jpg,RGB,256,256,77a15173d1b3248fd7e4f38ef597c418,Soybean___healthy:::510
data\raw\apple\Apple___healthy\25aa6094-5f2e-4551-9349-a3fe0edd3b92___RS_HL 7296.JPG,Apple___healthy,Healthy,.jpg,RGB,256,256,2dfec74424769f84c684d44ec02a43d6,Soybean___healthy:::488
data\raw\apple\Apple___healthy\25de086c-ea7e-42b0-83fd-bc7d1e584d0a___RS_HL 5852.JPG,Apple___healthy,Healthy,.jpg,RGB,256,256,c2e59226fc00d9d26f646bd50a5fdbab,Soybean___healthy:::367
data\raw\apple\Apple___healthy\263c9e0a-4cba-451c-98bf-77ce71af1b82___RS_HL 6237.JPG,Apple___healthy,Healthy,.jpg,RGB,256,256,dd1826ee9b5d6957cf783ea411c89bc6,Soybean___healthy:::397
data\raw\apple\Apple___healthy\264deb35-dd16-459c-bbd5-4991f6b21be3___RS_HL 5842.JPG,Apple___healthy,Healthy,.jpg,RGB,256,256,31158f761048c6279821fb26ea1ac52a,Soybean___healthy:::368
data\raw\apple\Apple___healthy\2693000f-ad26-46ae-9d5f-3fb67de2b86c___RS_HL 8206.JPG,Apple___healthy,Healthy,.jpg,RGB,256,256,2de78b3b9480e3e68f2befe11e8d742b,Apple___healthy:::257
data\raw\apple\Apple___healthy\269865f0-68b7-4046-8076-22e347b36567___RS_HL 6256.JPG,Apple___healthy,Healthy,.jpg,RGB,256,256,f925445ec72f55242b4cb7c27769e88f,Soybean___healthy:::399
data\raw\apple\Apple___healthy\26e85922-aaf1-4cc6-8bdb-2fb0222a4b8c___RS_HL 7624.JPG,Apple___healthy,Healthy,.jpg,RGB,256,256,ea060072495ce3279c61461746474801,Apple___healthy:::180
data\raw\apple\Apple___healthy\26f830c1-f86f-438b-9045-3531ef02ea9c___RS_HL 8122.JPG,Apple___healthy,Healthy,.jpg,RGB,256,256,d6053889ae35d5217b570cea2c10673d,Apple___healthy:::246
data\raw\apple\Apple___healthy\270ca100-e754-4ed1-9fe8-0d3270cba958___RS_HL 5660.JPG,Apple___healthy,Healthy,.jpg,RGB,256,256,d29494dfecc9117982a4bbdcb73ec6aa,Soybean___healthy:::339
data\raw\apple\Apple___healthy\2710a9e1-5834-4606-9e2c-477c0415882e___RS_HL 7564.JPG,Apple___healthy,Healthy,.jpg,RGB,256,256,b8c05d0ee8d3bdeaf4bc4f847ebfb192,Apple___healthy:::172
data\raw\apple\Apple___healthy\2735c32b-b407-4714-b190-2b35d8e9a61f___RS_HL 8104.JPG,Apple___healthy,Healthy,.jpg,RGB,256,256,3350f9a320c238d93960f6cf62d83317,Apple___healthy:::244
data\raw\apple\Apple___healthy\274144ec-893c-43fb-ad9a-18f71ead2e58___RS_HL 5971.JPG,Apple___healthy,Healthy,.jpg,RGB,256,256,1b9a84a9919957e2f2307faa8cf34522,Soybean___healthy:::376
data\raw\apple\Apple___healthy\2766f4b1-33d2-4532-aab2-a7fb037b87bf___RS_HL 6155.JPG,Apple___healthy,Healthy,.jpg,RGB,256,256,ca50c2931597d68888bd07bfa3730c6b,Soybean___healthy:::391
data\raw\apple\Apple___healthy\2768d40f-209f-4f71-a90a-a5f748fe299a___RS_HL 5938.JPG,Apple___healthy,Healthy,.jpg,RGB,256,256,a09039d7df69d188574f1d4214f75e44,Soybean___healthy:::373
data\raw\apple\Apple___healthy\278e3aec-395c-457a-8fd0-ddf0ad8f3056___RS_HL 7377.JPG,Apple___healthy,Healthy,.jpg,RGB,256,256,006577387a9fa2149199ca569a37df9a,Soybean___healthy:::494
data\raw\apple\Apple___healthy\2796f6e4-6b9f-4b3b-9f96-a6788b2e0f02___RS_HL 5712.JPG,Apple___healthy,Healthy,.jpg,RGB,256,256,8ed6321cb5954ddb232e2224a8afc5a7,Soybean___healthy:::349
data\raw\apple\Apple___healthy\27af3831-cc86-4c30-96a5-98d5a2375fcd___RS_HL 8183.JPG,Apple___healthy,Healthy,.jpg,RGB,256,256,a07162c03c4b06f9d68b53847959ae32,Apple___healthy:::254
data\raw\apple\Apple___healthy\27b057d7-929a-436f-905d-fd8339bf1bca___RS_HL 7366.JPG,Apple___healthy,Healthy,.jpg,RGB,256,256,3ea0cf2bafce6a855e97721f66ab1ebc,Soybean___healthy:::493
data\raw\apple\Apple___healthy\27d5e1e8-d30f-4514-bafe-f600ad03a871___RS_HL 7648.JPG,Apple___healthy,Healthy,.jpg,RGB,256,256,a0754f1536ffe696ed81ca42d4925cf5,Apple___healthy:::183
data\raw\apple\Apple___healthy\281380c3-d61a-442c-8e1a-a8058645ff01___RS_HL 7350.JPG,Apple___healthy,Healthy,.jpg,RGB,256,256,89233fcb5d540028ec4b116244e3d6a5,Soybean___healthy:::492
data\raw\apple\Apple___healthy\2836a80f-2aa7-46b1-8d64-0cf10037eb67___RS_HL 7268.JPG,Apple___healthy,Healthy,.jpg,RGB,256,256,9d662635490ba67bbb223066293dce3e,Soybean___healthy:::486
data\raw\apple\Apple___healthy\28682886-ee9f-4698-854f-8f196c01b67a___RS_HL 6101.JPG,Apple___healthy,Healthy,.jpg,RGB,256,256,c9e5c71bca4a0930ba12740b0191b2b5,Soybean___healthy:::387
data\raw\apple\Apple___healthy\288e87b5-654d-434e-a5bc-3f8adaff8cc5___RS_HL 5714.JPG,Apple___healthy,Healthy,.jpg,RGB,256,256,b2de8b3e886804354fb5179ca643e5a4,Soybean___healthy:::349
data\raw\apple\Apple___healthy\28b993ef-31f6-42a9-b39b-933a18c0b532___RS_HL 7798.JPG,Apple___healthy,Healthy,.jpg,RGB,256,256,2d1b551316b4c0168f3be30ab2c179f7,Apple___healthy:::204
data\raw\apple\Apple___healthy\28c298e3-0846-4372-a9ab-562f2ce7cf9d___RS_HL 5846.JPG,Apple___healthy,Healthy,.jpg,RGB,256,256,7df5d7916f791d88b30f7b2f5e30e59d,Soybean___healthy:::368
data\raw\apple\Apple___healthy\291f66c2-6044-4485-861a-8fa3aa625ddd___RS_HL 7520.JPG,Apple___healthy,Healthy,.jpg,RGB,256,256,41a36fc0af416142a55f3a503c2ca098,Soybean___healthy:::506
data\raw\apple\Apple___healthy\2922187c-ac88-45e4-96ae-2aa396d50bda___RS_HL 5700.JPG,Apple___healthy,Healthy,.jpg,RGB,256,256,561c1eda2916899b3ce462d1099af4bd,Soybean___healthy:::346
data\raw\apple\Apple___healthy\29745ef7-133c-4f61-a5bd-592790f81a32___RS_HL 6326.JPG,Apple___healthy,Healthy,.jpg,RGB,256,256,961334d331218238b931395581467fd8,Soybean___healthy:::405
data\raw\apple\Apple___healthy\298c8daf-43cc-4f65-b2db-65623425e5f8___RS_HL 6103.JPG,Apple___healthy,Healthy,.jpg,RGB,256,256,c983556e9297eca6954cb2969e4c7518,Soybean___healthy:::387
data\raw\apple\Apple___healthy\2a485bb5-c59f-4af0-837a-063b60e0c3c8___RS_HL 6025.JPG,Apple___healthy,Healthy,.jpg,RGB,256,256,959158a744b063bd7152b58e36b7bc22,Soybean___healthy:::380
data\raw\apple\Apple___healthy\2a53473e-0c50-43d5-933c-a62576fb5f52___RS_HL 7664.JPG,Apple___healthy,Healthy,.jpg,RGB,256,256,2b6e29561278aa25dbb410cafc1f8367,Apple___healthy:::185
data\raw\apple\Apple___healthy\2a73c206-19c5-4f7c-80da-1bdf62354562___RS_HL 6082.JPG,Apple___healthy,Healthy,.jpg,RGB,256,256,7a8e9cf8888f820a067e92d2d5e0e18e,Soybean___healthy:::385
data\raw\apple\Apple___healthy\2a986e85-7e83-443a-871e-c590d5a25845___RS_HL 6000.JPG,Apple___healthy,Healthy,.jpg,RGB,256,256,8d3ed79ba7eac6ec27293ec948122131,Soybean___healthy:::378
data\raw\apple\Apple___healthy\2ab9dfe3-b810-428c-843c-e257a25c4447___RS_HL 7576.JPG,Apple___healthy,Healthy,.jpg,RGB,256,256,930c0848f2a3845ac9ea7b4c9d5a29b7,Apple___healthy:::173
data\raw\apple\Apple___healthy\2abb295b-31c5-4e5f-b5c7-94ca57e94305___RS_HL 6277.JPG,Apple___healthy,Healthy,.jpg,RGB,256,256,657227782cec1a15e6553b46c77a5f58,Soybean___healthy:::400
data\raw\apple\Apple___healthy\2ae4c8d8-309c-4dfa-8bde-b985b2a81272___RS_HL 7659.JPG,Apple___healthy,Healthy,.jpg,RGB,256,256,8d9c5b8e6ceeb3ce23535799a676b16f,Apple___healthy:::185
data\raw\apple\Apple___healthy\2b044129-3011-4709-8947-18c1a3bf014d___RS_HL 7919.JPG,Apple___healthy,Healthy,.jpg,RGB,256,256,f7cdf91b3f92f6755b51ba9706aa2c2e,Apple___healthy:::219
data\raw\apple\Apple___healthy\2b0d21b2-2320-4cb4-8d40-4684f0c91e55___RS_HL 7505.JPG,Apple___healthy,Healthy,.jpg,RGB,256,256,8907c8ba90454fe1bdad01e44f0f70da,Soybean___healthy:::505
data\raw\apple\Apple___healthy\2b21526f-9ab0-444b-829a-fa97cd727733___RS_HL 7844.JPG,Apple___healthy,Healthy,.jpg,RGB,256,256,74c66fac5da76a86d230ee6f99305ef2,Apple___healthy:::210
data\raw\apple\Apple___healthy\2b3fa6ff-a37a-497e-b122-5b29ae419bec___RS_HL 5979.JPG,Apple___healthy,Healthy,.jpg,RGB,256,256,f5d1b1e0dc105ba9bcad6afdd32460dd,Soybean___healthy:::376
data\raw\apple\Apple___healthy\2b48ce1f-c273-4c10-a7b9-2528944097b4___RS_HL 7787.JPG,Apple___healthy,Healthy,.jpg,RGB,256,256,e6a3c85266e26da44db340ea751a8dd8,Apple___healthy:::202
data\raw\apple\Apple___healthy\2b76e710-42aa-4732-9d60-c7fdaa14f9fa___RS_HL 5822.JPG,Apple___healthy,Healthy,.jpg,RGB,256,256,507c41eaac39cb4bfc10eb31fec0592a,Soybean___healthy:::367
data\raw\apple\Apple___healthy\2b76f048-cc2d-4e91-9652-ca3608dd0481___RS_HL 6201.JPG,Apple___healthy,Healthy,.jpg,RGB,256,256,9c6a8020d772e3736de0a39661923d63,Soybean___healthy:::394
data\raw\apple\Apple___healthy\2b96d8f8-6642-4897-b43e-dde7fb2fcb2a___RS_HL 7295.JPG,Apple___healthy,Healthy,.jpg,RGB,256,256,ae929908131e3e8ae9c9f1e6e48d06b1,Soybean___healthy:::488
data\raw\apple\Apple___healthy\2ba31dd4-36d6-4cda-b2e6-c1f53a174d4d___RS_HL 6305.JPG,Apple___healthy,Healthy,.jpg,RGB,256,256,9ed152caacd658190c36822b37419a93,Soybean___healthy:::403
data\raw\apple\Apple___healthy\2bbd0a49-9a1c-473b-bdf3-51f154db463e___RS_HL 6081.JPG,Apple___healthy,Healthy,.jpg,RGB,256,256,86e7830b673e27d6506b811c8c971734,Soybean___healthy:::385
data\raw\apple\Apple___healthy\2bf54e83-c962-4b46-84b1-d5a8a7b686da___RS_HL 5858.JPG,Apple___healthy,Healthy,.jpg,RGB,256,256,893adc753de359b0eec34cbe0863c720,Soybean___healthy:::367
data\raw\apple\Apple___healthy\2c7fe12b-945d-4828-a327-fc17eb0c4afc___RS_HL 5942.JPG,Apple___healthy,Healthy,.jpg,RGB,256,256,46d9700be87b6ba694bc731d4f66a71d,Soybean___healthy:::374
data\raw\apple\Apple___healthy\2cad835a-1b47-4cad-b08e-acfd29cf5883___RS_HL 7647.JPG,Apple___healthy,Healthy,.jpg,RGB,256,256,2d245fc2e4654091bf6e235cf0cb8941,Apple___healthy:::183
data\raw\apple\Apple___healthy\2d1542c5-6771-4433-a912-313e77945d85___RS_HL 5683.JPG,Apple___healthy,Healthy,.jpg,RGB,256,256,64c45afa9d2ca06510448f8f3fffdb20,Soybean___healthy:::344
data\raw\apple\Apple___healthy\2d62f422-484f-4fa9-af67-f2724cfe5564___RS_HL 7441.JPG,Apple___healthy,Healthy,.jpg,RGB,256,256,baf2d8a61c0355c89f3b76bb311f67cf,Soybean___healthy:::499
data\raw\apple\Apple___healthy\2d6efa59-1d5a-4f92-8879-2fdfa163d404___RS_HL 6157.JPG,Apple___healthy,Healthy,.jpg,RGB,256,256,7746684d01f37554814225fd5ed45e3b,Soybean___healthy:::391
data\raw\apple\Apple___healthy\2d7f4c07-f4f4-4589-aa82-49e05e5b253b___RS_HL 8056.JPG,Apple___healthy,Healthy,.jpg,RGB,256,256,091ff658ae5834c1031ccef2e9f0fe49,Apple___healthy:::238
data\raw\apple\Apple___healthy\2da4c099-fc85-4895-bedc-8a0241ed23b5___RS_HL 5754.JPG,Apple___healthy,Healthy,.jpg,RGB,256,256,6eb807533fc1b7ca44dea8d9c3a4eb4e,Soybean___healthy:::357
data\raw\apple\Apple___healthy\2dc5f050-21dd-4b81-a1cb-ef2a9f72f134___RS_HL 5694.JPG,Apple___healthy,Healthy,.jpg,RGB,256,256,17c67fe1631fc8addc1056a364f21117,Soybean___healthy:::346
data\raw\apple\Apple___healthy\2e403d36-e4f2-4323-a78c-5a7330f1083c___RS_HL 7857.JPG,Apple___healthy,Healthy,.jpg,RGB,256,256,167b774a0fe92e9ea6c559110f31b3f1,Apple___healthy:::211
data\raw\apple\Apple___healthy\2e599aab-11dd-4073-845e-b45a6accb4de___RS_HL 8009.JPG,Apple___healthy,Healthy,.jpg,RGB,256,256,34c977a5272fa4f8fdfd202e3da316e2,Apple___healthy:::232
data\raw\apple\Apple___healthy\2e6c2a31-e580-49ad-aa9e-31c11f0ff4b3___RS_HL 8137.JPG,Apple___healthy,Healthy,.jpg,RGB,256,256,6f97c11b1d32bec94e9d3bd3614cbeb6,Apple___healthy:::248
data\raw\apple\Apple___healthy\2e7471ae-fd24-4038-9caf-98f4cf2a6946___RS_HL 7437.JPG,Apple___healthy,Healthy,.jpg,RGB,256,256,519b6c0cdf47b6fa787c3f90bd614299,Soybean___healthy:::499
data\raw\apple\Apple___healthy\2f2f3662-f870-4b42-b00a-cf098b974d85___RS_HL 8140.JPG,Apple___healthy,Healthy,.jpg,RGB,256,256,159f95d3f081ef4dbf66875bbebfd5aa,Apple___healthy:::248
data\raw\apple\Apple___healthy\2fae96ef-fe0f-4004-bbb7-259c62cde5c3___RS_HL 7953.JPG,Apple___healthy,Healthy,.jpg,RGB,256,256,b2463c3b36d9c069658e300c195fa293,Apple___healthy:::224
data\raw\apple\Apple___healthy\2fbd9205-be67-4f43-be2a-93a8def382a6___RS_HL 7680.JPG,Apple___healthy,Healthy,.jpg,RGB,256,256,43da283c81cd00cebf40d75d1bac4cdf,Apple___healthy:::188
data\raw\apple\Apple___healthy\303603ae-edae-45ba-914d-ab522db7089b___RS_HL 7400.JPG,Apple___healthy,Healthy,.jpg,RGB,256,256,74abac8d717092d729691b41e0fbdd8e,Soybean___healthy:::496
data\raw\apple\Apple___healthy\30995ef5-ad2d-4949-b0e0-f98b074b4a96___RS_HL 7378.JPG,Apple___healthy,Healthy,.jpg,RGB,256,256,55c3d9acbcb4421e7da5bd830b1f2190,Soybean___healthy:::494
data\raw\apple\Apple___healthy\30eff8c3-a67c-42d3-b1c6-b17aa2ab8ea4___RS_HL 7461.JPG,Apple___healthy,Healthy,.jpg,RGB,256,256,06ace492fcf5f959d0ec86efaf1bf956,Soybean___healthy:::501
data\raw\apple\Apple___healthy\30fb7843-8e70-407e-b361-aa54a7473c32___RS_HL 6143.JPG,Apple___healthy,Healthy,.jpg,RGB,256,256,1df8b9c4d724256852754a5369d546f9,Soybean___healthy:::390
data\raw\apple\Apple___healthy\30fb851f-052b-4b63-bc29-6d824a764fd5___RS_HL 5916.JPG,Apple___healthy,Healthy,.jpg,RGB,256,256,8a9de4747d5859a79fd01bdc7d4dc593,Soybean___healthy:::371
data\raw\apple\Apple___healthy\3100088b-5df1-43b2-a1d9-8ff1d414b67b___RS_HL 5834.JPG,Apple___healthy,Healthy,.jpg,RGB,256,256,f42acd19ca1dd435e193d8624c0520ff,Soybean___healthy:::368
data\raw\apple\Apple___healthy\313b7055-4346-4b7c-99fb-ada974f60486___RS_HL 6275.JPG,Apple___healthy,Healthy,.jpg,RGB,256,256,09e73c7843f71998095653fbd8910957,Soybean___healthy:::400
data\raw\apple\Apple___healthy\314b2ac4-0d06-4940-8517-0d4c1072acbf___RS_HL 5929.JPG,Apple___healthy,Healthy,.jpg,RGB,256,256,4d7fef2ecf05f26c51a3245100bec6a8,Soybean___healthy:::373
data\raw\apple\Apple___healthy\31c8c28a-ba8f-4869-a623-949d6c67275d___RS_HL 8177.JPG,Apple___healthy,Healthy,.jpg,RGB,256,256,3c5175f77ccee79eba34b74e2e2230a2,Apple___healthy:::253
data\raw\apple\Apple___healthy\32073031-1afb-4a9e-ad8b-2d19ef6bb00a___RS_HL 7362.JPG,Apple___healthy,Healthy,.jpg,RGB,256,256,a916470bd73fecc5af5f794b5f3a53fb,Soybean___healthy:::493
data\raw\apple\Apple___healthy\32a59e5f-9167-42d4-8040-40563e416572___RS_HL 6156.JPG,Apple___healthy,Healthy,.jpg,RGB,256,256,cac8d742b38d6e41f31aca045bccf122,Soybean___healthy:::391
data\raw\apple\Apple___healthy\32b6be5f-6482-4bd2-876d-c2a518afed09___RS_HL 6163.JPG,Apple___healthy,Healthy,.jpg,RGB,256,256,ecc2bb25d3c0ad65f2da2b8b313080e2,Soybean___healthy:::392
data\raw\apple\Apple___healthy\32d7538b-1c41-49c4-a67e-4ef228aaa438___RS_HL 7529.JPG,Apple___healthy,Healthy,.jpg,RGB,256,256,9807e8421e65a28aeaac002704c9b71d,Soybean___healthy:::508
data\raw\apple\Apple___healthy\32da947b-7d05-459b-a5dc-b4481bb09f48___RS_HL 7450.JPG,Apple___healthy,Healthy,.jpg,RGB,256,256,8635d93c84cafb655d0bdca925e861da,Soybean___healthy:::500
data\raw\apple\Apple___healthy\33426aa7-70c4-4cf0-b275-1a4c3e782a92___RS_HL 7600.JPG,Apple___healthy,Healthy,.jpg,RGB,256,256,4b2223f7b752d0ab8ecd655c51704cbb,Apple___healthy:::176
data\raw\apple\Apple___healthy\336a5bb9-179f-44fb-a4d1-c59a40d90306___RS_HL 5978.JPG,Apple___healthy,Healthy,.jpg,RGB,256,256,f79e10794114777486a2a48121d30bea,Soybean___healthy:::376
data\raw\apple\Apple___healthy\336c4870-9f2f-4cdc-ba05-f9d27271ef07___RS_HL 7670.JPG,Apple___healthy,Healthy,.jpg,RGB,256,256,f389e16edccd03d50aa396b6ab07970e,Apple___healthy:::186
data\raw\apple\Apple___healthy\33acc3da-5f90-49e4-b70d-b3d60921e08e___RS_HL 7263.JPG,Apple___healthy,Healthy,.jpg,RGB,256,256,fd694795508d47df4673778ffb3a1874,Soybean___healthy:::485
data\raw\apple\Apple___healthy\33c721c9-aa91-4173-8695-916b61852017___RS_HL 7816.JPG,Apple___healthy,Healthy,.jpg,RGB,256,256,255f435a7f78b65f1e7777f6c312285d,Apple___healthy:::206
data\raw\apple\Apple___healthy\33f6e93f-9275-445e-a795-e1ef9c20db7b___RS_HL 8051.JPG,Apple___healthy,Healthy,.jpg,RGB,256,256,bf9b8c0688e742fefb8e373b551be02a,Apple___healthy:::237
data\raw\apple\Apple___healthy\34121ffc-269b-481e-bbf5-96356da9f137___RS_HL 6185.JPG,Apple___healthy,Healthy,.jpg,RGB,256,256,6db141e2db75bbc7dce3303270e1db97,Soybean___healthy:::393
data\raw\apple\Apple___healthy\34881ed6-417b-41a6-9f03-1b9be5f09bb6___RS_HL 7463.JPG,Apple___healthy,Healthy,.jpg,RGB,256,256,abd6c071b18dc7d888b980909fe6ee13,Soybean___healthy:::501
data\raw\apple\Apple___healthy\349251ed-2e99-4af9-b432-2a63202a0985___RS_HL 6120.JPG,Apple___healthy,Healthy,.jpg,RGB,256,256,0c72e5f444fe1ea4920cb3ce1c5a3091,Apple___healthy:::80
data\raw\apple\Apple___healthy\34960f92-a973-4d36-b388-f63b339b86bc___RS_HL 6167.JPG,Apple___healthy,Healthy,.jpg,RGB,256,256,8a1fd134ca8dc14e8e75433ba309da03,Soybean___healthy:::392
data\raw\apple\Apple___healthy\34a96778-25fe-4e97-910e-56b39fc2bdd6___RS_HL 6263.JPG,Apple___healthy,Healthy,.jpg,RGB,256,256,50c7a2fc044f240f64c24cf4a1db1284,Soybean___healthy:::399
data\raw\apple\Apple___healthy\34b8de2a-d30e-4e52-8269-d65cc4e444f6___RS_HL 7717.JPG,Apple___healthy,Healthy,.jpg,RGB,256,256,9803b1d7906957dfcb36dec559b8a125,Apple___healthy:::193
data\raw\apple\Apple___healthy\34edd324-8b91-417c-bb4c-3bf0dbe348d2___RS_HL 7698.JPG,Apple___healthy,Healthy,.jpg,RGB,256,256,36aed387727c855258236b8e13816239,Apple___healthy:::190
data\raw\apple\Apple___healthy\350182de-38b1-43bf-b189-1fec53a7f499___RS_HL 7867.JPG,Apple___healthy,Healthy,.jpg,RGB,256,256,d5b632ebf20b28c75a3a23f6394627d0,Apple___healthy:::213
data\raw\apple\Apple___healthy\3518d065-38fa-4e26-aa0f-6addc2d2968a___RS_HL 7615.JPG,Apple___healthy,Healthy,.jpg,RGB,256,256,b725a6d01892b37db98fc3adb8244b80,Apple___healthy:::178
data\raw\apple\Apple___healthy\3561a457-ec26-442a-925a-cdbe7f37a430___RS_HL 5786.JPG,Apple___healthy,Healthy,.jpg,RGB,256,256,b8cbb0b44962750ac4cf4c9a0271d712,Soybean___healthy:::363
data\raw\apple\Apple___healthy\359c0812-8e11-45cf-98f7-95840b503b01___RS_HL 5650.JPG,Apple___healthy,Healthy,.jpg,RGB,256,256,042c8e97063aa4e5ddbc1fe52b69872d,Soybean___healthy:::336
data\raw\apple\Apple___healthy\35acdaad-cf75-4ea6-ae8b-02f5a6e7caeb___RS_HL 7620.JPG,Apple___healthy,Healthy,.jpg,RGB,256,256,56f5e8f45206b60185e560c0730a2862,Apple___healthy:::179
data\raw\apple\Apple___healthy\35f0c52c-8a43-4bf2-8d55-2a827dbc5c4d___RS_HL 7251.JPG,Apple___healthy,Healthy,.jpg,RGB,256,256,93723bc653c3453451f511f2b5baa2df,Soybean___healthy:::484
data\raw\apple\Apple___healthy\36321868-bd15-45bc-94f7-b86603f7460d___RS_HL 5772.JPG,Apple___healthy,Healthy,.jpg,RGB,256,256,7fe4b753e96ba3a6312c8eeecf9aa44e,Soybean___healthy:::360
data\raw\apple\Apple___healthy\3643fe1d-9523-47cf-9952-7e2ecb027338___RS_HL 5704.JPG,Apple___healthy,Healthy,.jpg,RGB,256,256,a5b9d787b2273aa0265603314b90a3fd,Soybean___healthy:::346
data\raw\apple\Apple___healthy\3645e3b0-e9c5-4b10-aea6-ce0ba996c059___RS_HL 7267.JPG,Apple___healthy,Healthy,.jpg,RGB,256,256,4d54b00729c4b8879aa5facc45b2342e,Soybean___healthy:::485
data\raw\apple\Apple___healthy\3673d121-b5de-481c-b057-d4ee5b4959b1___RS_HL 6269.JPG,Apple___healthy,Healthy,.jpg,RGB,256,256,68f05a541bf01c0fcfbc7f9445f8a147,Soybean___healthy:::399
data\raw\apple\Apple___healthy\367d7a43-f910-4714-918f-f4b9ffde5a91___RS_HL 7692.JPG,Apple___healthy,Healthy,.jpg,RGB,256,256,c0531168254bb03a4ecfb3ceb2f878d1,Apple___healthy:::189
data\raw\apple\Apple___healthy\36980863-22cb-4e05-a1f6-53039a89993a___RS_HL 5934.JPG,Apple___healthy,Healthy,.jpg,RGB,256,256,4a87049e9fb78f0d66a982c367101d90,Soybean___healthy:::373
data\raw\apple\Apple___healthy\36ab2af7-aff6-4578-99ef-4cf5b6527a9c___RS_HL 7689.JPG,Apple___healthy,Healthy,.jpg,RGB,256,256,1d8aef59b29b6029b835a4ae075fe8b9,Apple___healthy:::189
data\raw\apple\Apple___healthy\36b2cda3-5c11-45e2-962e-d9d9ba5a4896___RS_HL 7711.JPG,Apple___healthy,Healthy,.jpg,RGB,256,256,3273888dfc0e71d3a7403b7f87e824fe,Apple___healthy:::192
data\raw\apple\Apple___healthy\36c00bef-25c2-48ae-9505-41827bcd83d8___RS_HL 6085.JPG,Apple___healthy,Healthy,.jpg,RGB,256,256,60b9b4d36a0202ba59936f38a5ed42ad,Soybean___healthy:::385
data\raw\apple\Apple___healthy\36cc892a-a8de-4547-939d-6dcaf2a8f179___RS_HL 7553.JPG,Apple___healthy,Healthy,.jpg,RGB,256,256,7482a3687244b36870b72130fc3e96d6,Soybean___healthy:::510
data\raw\apple\Apple___healthy\3737a846-d49c-4f70-bb38-a11922e093d5___RS_HL 8017.JPG,Apple___healthy,Healthy,.jpg,RGB,256,256,b07cea4a1c6f0383b3d83e00845d0686,Apple___healthy:::233
data\raw\apple\Apple___healthy\37581d20-bd40-4aca-81ae-00d83473d578___RS_HL 8091.JPG,Apple___healthy,Healthy,.jpg,RGB,256,256,f4e050867e167ebc0e668995ce3bc3ae,Apple___healthy:::242
data\raw\apple\Apple___healthy\375f1e44-235c-4ef0-a156-077b71abeed3___RS_HL 8162.JPG,Apple___healthy,Healthy,.jpg,RGB,256,256,b9a053b87e5e0dd28cd288929f4bd6f6,Apple___healthy:::251
data\raw\apple\Apple___healthy\375f472f-7a4e-41fd-af0e-b6da455dfc58___RS_HL 7477.JPG,Apple___healthy,Healthy,.jpg,RGB,256,256,3cb930d18c85df2dba8f8e486a37725d,Soybean___healthy:::503
data\raw\apple\Apple___healthy\37715958-a2d4-41d6-9672-9cafd0f1c146___RS_HL 7502.JPG,Apple___healthy,Healthy,.jpg,RGB,256,256,d0ecc8c44983eb759e353e6a198b9bca,Soybean___healthy:::505
data\raw\apple\Apple___healthy\37b1cd89-582a-40ce-b2ec-6a635e1fea17___RS_HL 6151.JPG,Apple___healthy,Healthy,.jpg,RGB,256,256,3086cb407cc1d45411f1761331f536f0,Soybean___healthy:::391
data\raw\apple\Apple___healthy\37b9da4a-2823-48fb-ba35-4138a44acf53___RS_HL 5954.JPG,Apple___healthy,Healthy,.jpg,RGB,256,256,c6b1e95a2773b20a3d51b96503ecd5e3,Soybean___healthy:::375
data\raw\apple\Apple___healthy\37fcfaf7-88f4-4735-99a2-8df576e0f248___RS_HL 8108.JPG,Apple___healthy,Healthy,.jpg,RGB,256,256,8793211f2403862ac850e9b9d195f937,Apple___healthy:::244
data\raw\apple\Apple___healthy\3817a269-0274-4a5c-b851-46e91b10788f___RS_HL 5720.JPG,Apple___healthy,Healthy,.jpg,RGB,256,256,7ad4332754d7e87d8d96770784fd7004,Soybean___healthy:::349
data\raw\apple\Apple___healthy\381f3abb-208f-4f52-b7a2-57e35f31c373___RS_HL 5680.JPG,Apple___healthy,Healthy,.jpg,RGB,256,256,10d1419c22130d1dc9325d62dd9def5e,Soybean___healthy:::342
data\raw\apple\Apple___healthy\38292be8-d182-458a-adcd-343435c343ec___RS_HL 5801.JPG,Apple___healthy,Healthy,.jpg,RGB,256,256,a4852d45ef60d6acd667e0cb657b4c93,Soybean___healthy:::366
data\raw\apple\Apple___healthy\3829531e-aa99-481f-ab73-23690ea06417___RS_HL 8144.JPG,Apple___healthy,Healthy,.jpg,RGB,256,256,f0fb06fb8803f3c1e4893fd8b3708437,Apple___healthy:::249
data\raw\apple\Apple___healthy\38394f24-6b80-4231-b2c4-850325c0718d___RS_HL 7968.JPG,Apple___healthy,Healthy,.jpg,RGB,256,256,84308f502765631120d383e821ed784a,Apple___healthy:::226
data\raw\apple\Apple___healthy\386af887-8be7-4b99-9ef1-ee0eb5ba7d87___RS_HL 6030.JPG,Apple___healthy,Healthy,.jpg,RGB,256,256,ab32d59fc5be0fedac561d3d09fe4bcf,Soybean___healthy:::381
data\raw\apple\Apple___healthy\3876f449-0cd6-4910-9321-f56a28621c51___RS_HL 7775.JPG,Apple___healthy,Healthy,.jpg,RGB,256,256,e0ef9667a7ce3c15c157ec1d692bf721,Apple___healthy:::201
data\raw\apple\Apple___healthy\38c039b6-23f0-4fc2-a0df-e5ec3f523a09___RS_HL 5887.JPG,Apple___healthy,Healthy,.jpg,RGB,256,256,e122adaad56a2ff7a3a99fe5f9afcf71,Soybean___healthy:::369
data\raw\apple\Apple___healthy\38db4391-44e3-4aae-bb9d-51e8e03500b7___RS_HL 6321.JPG,Apple___healthy,Healthy,.jpg,RGB,256,256,7d177192500841732169ca782826dc89,Soybean___healthy:::404
data\raw\apple\Apple___healthy\3969a6d5-f626-4a6a-bc72-3d38d1cff967___RS_HL 6092.JPG,Apple___healthy,Healthy,.jpg,RGB,256,256,756fb375b40a1ae9390b44ab75ac2614,Apple___healthy:::75
data\raw\apple\Apple___healthy\398f4455-d008-4d69-a58d-b0a1f228abaa___RS_HL 5729.JPG,Apple___healthy,Healthy,.jpg,RGB,256,256,cc7ab6135a72815984ac365639a80dd9,Soybean___healthy:::352
data\raw\apple\Apple___healthy\39bd8139-dfe4-45ec-8bf9-d9cabbdd1ea8___RS_HL 5659.JPG,Apple___healthy,Healthy,.jpg,RGB,256,256,f7300f0eb95e442b033109589c0489ad,Soybean___healthy:::339
data\raw\apple\Apple___healthy\39be15a0-4c7f-4a8e-9938-829bec85fd1c___RS_HL 6209.JPG,Apple___healthy,Healthy,.jpg,RGB,256,256,b720bda87c0b1e198008bd0b8eefdf13,Soybean___healthy:::395
data\raw\apple\Apple___healthy\39f64aba-4bf0-434c-9800-4a0b6bc324bd___RS_HL 7934.JPG,Apple___healthy,Healthy,.jpg,RGB,256,256,ccc35a62c09697872879b9e232d4e9a5,Apple___healthy:::221
data\raw\apple\Apple___healthy\3a1ca70b-00f0-4a0b-a973-8db1da714e6c___RS_HL 7759.JPG,Apple___healthy,Healthy,.jpg,RGB,256,256,fcbd54976908366e2ea6df12d2c93303,Apple___healthy:::198
data\raw\apple\Apple___healthy\3a26bfb8-eb90-4f61-bc32-8cbe65c708df___RS_HL 6174.JPG,Apple___healthy,Healthy,.jpg,RGB,256,256,1a58067ff8d678bdaeae74df8be3357c,Soybean___healthy:::392
data\raw\apple\Apple___healthy\3a544ee5-490e-4a41-b03b-cf1700362448___RS_HL 6200.JPG,Apple___healthy,Healthy,.jpg,RGB,256,256,bb4a293b8a1282b1d46f9d52ac718726,Soybean___healthy:::394
data\raw\apple\Apple___healthy\3a5916ba-0db8-4aff-a282-26f33b056832___RS_HL 8125.JPG,Apple___healthy,Healthy,.jpg,RGB,256,256,8a92ac4c8c925e0f9d9dd252667fb768,Apple___healthy:::246
data\raw\apple\Apple___healthy\3a6789e3-2dd3-4513-b21d-be34f521c4a1___RS_HL 8031.JPG,Apple___healthy,Healthy,.jpg,RGB,256,256,a76ff9990cfbb9a52ef3d4d684dd90a9,Apple___healthy:::234
data\raw\apple\Apple___healthy\3a74b441-4ab0-412f-ae66-f28f4b1d9df2___RS_HL 5968.JPG,Apple___healthy,Healthy,.jpg,RGB,256,256,af70128a6a52fbd9bcef074a9312a1c8,Soybean___healthy:::376
data\raw\apple\Apple___healthy\3a80eee6-d03a-4ac9-8f73-5f251f568840___RS_HL 5935.JPG,Apple___healthy,Healthy,.jpg,RGB,256,256,0e49992e94edd8aa7066127b1f4eb94c,Soybean___healthy:::373
data\raw\apple\Apple___healthy\3ab37181-78d5-4bf2-8d20-a233d3c685aa___RS_HL 7407.JPG,Apple___healthy,Healthy,.jpg,RGB,256,256,e8e10ad742dc7b9affc894bad73b8e9c,Soybean___healthy:::496
data\raw\apple\Apple___healthy\3abb0d3f-f131-4025-af6d-68bd6f4d253e___RS_HL 8110.JPG,Apple___healthy,Healthy,.jpg,RGB,256,256,0b9b50b5abb79bd03a1a49c4347d9403,Apple___healthy:::244
data\raw\apple\Apple___healthy\3adc3359-b27d-4eea-bffc-7422a9a15536___RS_HL 5755.JPG,Apple___healthy,Healthy,.jpg,RGB,256,256,ef075070982517b623d16a2a7fadf429,Soybean___healthy:::357
data\raw\apple\Apple___healthy\3af9dc00-a64b-4b45-a034-1d190e5277ea___RS_HL 7788.JPG,Apple___healthy,Healthy,.jpg,RGB,256,256,8d011ed565f393dd68b156b6cd3ea5ce,Apple___healthy:::202
data\raw\apple\Apple___healthy\3aff0cab-c5f0-4fd5-8a7a-2a81160da701___RS_HL 7392.JPG,Apple___healthy,Healthy,.jpg,RGB,256,256,48e61c1376d493ef3d82b5580ec72f72,Soybean___healthy:::495
data\raw\apple\Apple___healthy\3b0f637d-dd22-44a0-a4b4-2a7792e2ac76___RS_HL 7258.JPG,Apple___healthy,Healthy,.jpg,RGB,256,256,fb8fd59b99510175a230592fe65b6403,Soybean___healthy:::485
data\raw\apple\Apple___healthy\3b471f38-5b31-4f0c-83de-1ac26c92f63f___RS_HL 7408.JPG,Apple___healthy,Healthy,.jpg,RGB,256,256,cf209b0aa82507aef6b984312dafb039,Soybean___healthy:::496
data\raw\apple\Apple___healthy\3b59f785-afa8-4204-b6fd-467404734888___RS_HL 6144.JPG,Apple___healthy,Healthy,.jpg,RGB,256,256,597378a8da3bb3da1aecc4fe1af5c8e9,Soybean___healthy:::390
data\raw\apple\Apple___healthy\3b7ee41f-9af2-4425-a7ea-574ef63979c8___RS_HL 7838.JPG,Apple___healthy,Healthy,.jpg,RGB,256,256,e071137ea51a22c4a10d9ea3f302e1b7,Apple___healthy:::209
data\raw\apple\Apple___healthy\3b9d4604-18c3-49a7-8ac3-07386ae370fb___RS_HL 8179.JPG,Apple___healthy,Healthy,.jpg,RGB,256,256,ffc01aff681a8aca8d50c928b36c1918,Apple___healthy:::254
data\raw\apple\Apple___healthy\3bd24003-1163-40f4-8b1f-21aad7fc4b4b___RS_HL 5912.JPG,Apple___healthy,Healthy,.jpg,RGB,256,256,c997aaedda58ecf226f607f421d8825c,Soybean___healthy:::371
data\raw\apple\Apple___healthy\3bde3d8d-8a44-4e06-9492-a54a9844bf90___RS_HL 7318.JPG,Apple___healthy,Healthy,.jpg,RGB,256,256,d6349b2f74bd8689217a0ebafa97fa96,Soybean___healthy:::490
data\raw\apple\Apple___healthy\3bfeaca2-de0b-4a2c-adc0-06adc87a1386___RS_HL 7425.JPG,Apple___healthy,Healthy,.jpg,RGB,256,256,86989ded6a541b688611409727c035d3,Soybean___healthy:::498
data\raw\apple\Apple___healthy\3c047601-ed4d-4178-8bed-33a65e5f4b6d___RS_HL 6001.JPG,Apple___healthy,Healthy,.jpg,RGB,256,256,ffe17a9fcb550461a5fd47be1c3bd1e5,Soybean___healthy:::378
data\raw\apple\Apple___healthy\3c1fd0db-4090-485a-9d59-4293714b482c___RS_HL 7581.JPG,Apple___healthy,Healthy,.jpg,RGB,256,256,ce73833c7bcbce3408eb6e7d5f4ea1c1,Apple___healthy:::174
data\raw\apple\Apple___healthy\3c3127c8-58c3-43ab-9b6f-75c641db96ce___RS_HL 7282.JPG,Apple___healthy,Healthy,.jpg,RGB,256,256,1ff10917cc94aaafd55bd2de7ae872df,Soybean___healthy:::486
data\raw\apple\Apple___healthy\3c469e15-452e-4332-9f4b-93104f32d5e9___RS_HL 7954.JPG,Apple___healthy,Healthy,.jpg,RGB,256,256,68771e46ffa1ac6ed5a42496cc400e62,Apple___healthy:::224
data\raw\apple\Apple___healthy\3c5ca000-1c26-46bf-8974-fd6599744059___RS_HL 7596.JPG,Apple___healthy,Healthy,.jpg,RGB,256,256,263f903590c1dcf2b91e373ad0fee619,Apple___healthy:::176
data\raw\apple\Apple___healthy\3c739f46-0ab2-4441-8fa9-cbc16d7609cb___RS_HL 7385.JPG,Apple___healthy,Healthy,.jpg,RGB,256,256,6c8adf99701091514b0ad6a19cece0f2,Soybean___healthy:::495
data\raw\apple\Apple___healthy\3d0032d5-ac37-4dbe-8c2c-ef567472578b___RS_HL 7750.JPG,Apple___healthy,Healthy,.jpg,RGB,256,256,99f47d501a116b864b6ec3390b33bc25,Apple___healthy:::197
data\raw\apple\Apple___healthy\3d075f90-7002-4c45-abc0-4f35ee49aa79___RS_HL 6272.JPG,Apple___healthy,Healthy,.jpg,RGB,256,256,8bbefab9461168ef9946618480d2f0ad,Soybean___healthy:::400
data\raw\apple\Apple___healthy\3d2a5995-d293-471e-bcd3-862a8850d78d___RS_HL 5773.JPG,Apple___healthy,Healthy,.jpg,RGB,256,256,ddfe3a6815164115745511b993f51e05,Soybean___healthy:::360
data\raw\apple\Apple___healthy\3d300955-5956-4ed8-9348-d2d02388d4d3___RS_HL 7772.JPG,Apple___healthy,Healthy,.jpg,RGB,256,256,930a23402a7997a98a8c853c56c94cf0,Apple___healthy:::200
data\raw\apple\Apple___healthy\3df0da99-6c5d-4520-b396-9616e81f8935___RS_HL 6031.JPG,Apple___healthy,Healthy,.jpg,RGB,256,256,191e4ac527e75fbee872253773c452a7,Soybean___healthy:::381
data\raw\apple\Apple___healthy\3df65fa9-1348-4c13-aca6-04bdca4fc070___RS_HL 5668.JPG,Apple___healthy,Healthy,.jpg,RGB,256,256,c75920e41144cf3fd2836d45f15d4df6,Soybean___healthy:::342
data\raw\apple\Apple___healthy\3e19a6c4-e5d8-4649-b403-7a8fd36b88e2___RS_HL 7533.JPG,Apple___healthy,Healthy,.jpg,RGB,256,256,3f70661df36a38591f3c0d6e2c1472d9,Soybean___healthy:::508
data\raw\apple\Apple___healthy\3e3eaffe-3dda-4a64-8aa7-ca6cf40ff284___RS_HL 5698.JPG,Apple___healthy,Healthy,.jpg,RGB,256,256,5a22c39701426303802f1a7816407da6,Soybean___healthy:::346
data\raw\apple\Apple___healthy\3e694355-bfdc-4dfe-978e-16c08b70bdba___RS_HL 8028.JPG,Apple___healthy,Healthy,.jpg,RGB,256,256,2b30ec9ec5ca0cd254e386384d3518a4,Apple___healthy:::234
data\raw\apple\Apple___healthy\3e8eb97c-b2ad-4aeb-82ff-2f1334801c9b___RS_HL 6098.JPG,Apple___healthy,Healthy,.jpg,RGB,256,256,371abe83a751eeea2ae66d5c9f847515,Soybean___healthy:::386
data\raw\apple\Apple___healthy\3ecbb982-2844-4662-ad65-9a94fee38fa3___RS_HL 8060.JPG,Apple___healthy,Healthy,.jpg,RGB,256,256,f8f04e58134474ad1b2ce9ddec921100,Apple___healthy:::238
data\raw\apple\Apple___healthy\3ecfd9ce-30c4-4453-9d90-75854c7f82b7___RS_HL 5950.JPG,Apple___healthy,Healthy,.jpg,RGB,256,256,fbe49c7d3c294e54af4122535cae622a,Soybean___healthy:::374
data\raw\apple\Apple___healthy\3ee00792-0430-445e-8c25-970607d2759d___RS_HL 7810.JPG,Apple___healthy,Healthy,.jpg,RGB,256,256,19f4b7909524f785f2e8d00862557885,Apple___healthy:::205
data\raw\apple\Apple___healthy\3ee17877-b649-4b43-939a-d9415a21dfd5___RS_HL 7300.JPG,Apple___healthy,Healthy,.jpg,RGB,256,256,f4acd370c79da5ea3c4d9049c8679d05,Soybean___healthy:::488
data\raw\apple\Apple___healthy\3ee70760-b734-43e2-b29b-aee4daafe6cd___RS_HL 7317.JPG,Apple___healthy,Healthy,.jpg,RGB,256,256,c92842d201c12fea59aa448f6e9ea5f0,Soybean___healthy:::490
data\raw\apple\Apple___healthy\3eef4051-9e25-4e17-8540-c35e5df18648___RS_HL 6054.JPG,Apple___healthy,Healthy,.jpg,RGB,256,256,e27c65563a00dc2c25266da9f2da2f6d,Soybean___healthy:::383
data\raw\apple\Apple___healthy\3f9788c1-8456-453f-b1c2-5cc66ba714a6___RS_HL 7635.JPG,Apple___healthy,Healthy,.jpg,RGB,256,256,617732455820d3a770c7f1267399e449,Apple___healthy:::181
data\raw\apple\Apple___healthy\3fdbd8fe-f026-4fef-b02d-b451fb60cb86___RS_HL 7353.JPG,Apple___healthy,Healthy,.jpg,RGB,256,256,7117dc4d3014002fe9cb56ff22e69ab2,Soybean___healthy:::492
data\raw\apple\Apple___healthy\400723a1-65ae-4d62-b7c7-d8c0b7a02480___RS_HL 7479.JPG,Apple___healthy,Healthy,.jpg,RGB,256,256,0119550f5b1f1208a1a51fee18c2bb91,Soybean___healthy:::503
data\raw\apple\Apple___healthy\4019c49e-a237-4e3f-b4a9-823905304e05___RS_HL 7997.JPG,Apple___healthy,Healthy,.jpg,RGB,256,256,bfa07d5d5b64f3c0c2a6a9e9f9c1abe0,Apple___healthy:::230
data\raw\apple\Apple___healthy\4023916c-9823-4410-bd89-b8bfe1b0b456___RS_HL 6009.JPG,Apple___healthy,Healthy,.jpg,RGB,256,256,7e0e22c273885d19972c08eafe4c3156,Soybean___healthy:::378
data\raw\apple\Apple___healthy\404ef08f-0f34-4530-bc4b-ce356b3c2da1___RS_HL 7484.JPG,Apple___healthy,Healthy,.jpg,RGB,256,256,40c62599909ccae2b51c580a5fdd3e5b,Soybean___healthy:::503
data\raw\apple\Apple___healthy\405ca310-f708-4815-b121-5bb315d98f6f___RS_HL 6122.JPG,Apple___healthy,Healthy,.jpg,RGB,256,256,fbbb2fb683cdf99463ced2ade7c0d642,Soybean___healthy:::388
data\raw\apple\Apple___healthy\40655604-b43e-4dab-91a2-6fe928f782e9___RS_HL 7929.JPG,Apple___healthy,Healthy,.jpg,RGB,256,256,c9c833e99436cae5d0c048e40596ed7f,Apple___healthy:::221
data\raw\apple\Apple___healthy\40b69253-5e07-452f-82b5-8d4f0f15e400___RS_HL 5813.JPG,Apple___healthy,Healthy,.jpg,RGB,256,256,6aa72713c95a09acc925e4a375c204d6,Soybean___healthy:::366
data\raw\apple\Apple___healthy\41628932-5547-443e-8659-ed8ad6be820e___RS_HL 5711.JPG,Apple___healthy,Healthy,.jpg,RGB,256,256,30ecbe95291517d5d0b202cc693f6f73,Soybean___healthy:::349
data\raw\apple\Apple___healthy\4179bae8-d3f3-43ea-8e36-b3b4c752c261___RS_HL 6138.JPG,Apple___healthy,Healthy,.jpg,RGB,256,256,218fec942cf865752c75ef16992b0849,Soybean___healthy:::389
data\raw\apple\Apple___healthy\41969f52-e194-401e-a55b-4ff88f740a8a___RS_HL 6125.JPG,Apple___healthy,Healthy,.jpg,RGB,256,256,369347fafbe6d8973b22cfef113b16ed,Soybean___healthy:::389
data\raw\apple\Apple___healthy\41a4e6fd-7e26-4c73-ac08-bcfffda53c0f___RS_HL 7322.JPG,Apple___healthy,Healthy,.jpg,RGB,256,256,91151798857b2dfecd5e2b0c4bcd8d33,Soybean___healthy:::490
data\raw\apple\Apple___healthy\4221a70d-e5ef-44c7-843f-098a1fe0bfe3___RS_HL 8085.JPG,Apple___healthy,Healthy,.jpg,RGB,256,256,4d851e4f55ced8036e0b1f1cb4a0790b,Apple___healthy:::241
data\raw\apple\Apple___healthy\42777529-bf54-4134-9bd6-34fbd135575d___RS_HL 8045.JPG,Apple___healthy,Healthy,.jpg,RGB,256,256,3511f383af16ae047669ce4bb8734967,Apple___healthy:::236
data\raw\apple\Apple___healthy\427a2799-ef47-4ee9-9175-f2f850cf933e___RS_HL 8018.JPG,Apple___healthy,Healthy,.jpg,RGB,256,256,f5850ed0324a6d608ecc215b50794bb6,Apple___healthy:::233
data\raw\apple\Apple___healthy\42f558a0-c252-4949-ba12-232731aa9a6b___RS_HL 7543.JPG,Apple___healthy,Healthy,.jpg,RGB,256,256,5b5835f2edbce7509adc6c5e97288af3,Soybean___healthy:::509
data\raw\apple\Apple___healthy\42fdd9ce-6860-4862-8717-4f147884c7d6___RS_HL 5739.JPG,Apple___healthy,Healthy,.jpg,RGB,256,256,3b5d84d5acc79bca511eeaa92cb331e7,Soybean___healthy:::354
data\raw\apple\Apple___healthy\42feb98c-4131-453a-b189-5e7c147f3f32___RS_HL 6264.JPG,Apple___healthy,Healthy,.jpg,RGB,256,256,b172d7ccda0827cebbb81dfe852b902c,Soybean___healthy:::399
data\raw\apple\Apple___healthy\4306468f-a177-4c65-bb9a-4167e8d33223___RS_HL 5897.JPG,Apple___healthy,Healthy,.jpg,RGB,256,256,8b6d0c7739f11226002baba8716ad29e,Soybean___healthy:::370
data\raw\apple\Apple___healthy\430fd7d8-9390-411c-b849-e421cf11f7a7___RS_HL 7314.JPG,Apple___healthy,Healthy,.jpg,RGB,256,256,edb08f00a07d8588953bf89e38742b71,Soybean___healthy:::489
data\raw\apple\Apple___healthy\432debb0-7063-4747-bf11-e6b335f58947___RS_HL 7548.JPG,Apple___healthy,Healthy,.jpg,RGB,256,256,9497e094974b6503b8ea2f4d35464573,Soybean___healthy:::510
data\raw\apple\Apple___healthy\4342c40d-5a1b-4a93-97b4-2e3579802605___RS_HL 7744.JPG,Apple___healthy,Healthy,.jpg,RGB,256,256,aeda16b0487ebe6bb507f9014c2ddad0,Apple___healthy:::196
data\raw\apple\Apple___healthy\435d4aff-f96c-415a-91a4-07e21179a3d0___RS_HL 8159.JPG,Apple___healthy,Healthy,.jpg,RGB,256,256,afa9f6b42d01113d3ac7854909287f48,Apple___healthy:::251
data\raw\apple\Apple___healthy\43619607-151e-41c1-b428-89f24c177515___RS_HL 5723.JPG,Apple___healthy,Healthy,.jpg,RGB,256,256,51041d484f3fd4011f0cc1218e912031,Soybean___healthy:::352
data\raw\apple\Apple___healthy\445d268a-415e-41d4-80de-0116fdaca73d___RS_HL 5982.JPG,Apple___healthy,Healthy,.jpg,RGB,256,256,7acd3dc07c3f6fb12872ea3ca5e1d7d6,Soybean___healthy:::377
data\raw\apple\Apple___healthy\44707c11-0d08-411f-9fa3-21d3edf72031___RS_HL 6255.JPG,Apple___healthy,Healthy,.jpg,RGB,256,256,2623d7762419bf30759826b78ff3ed52,Soybean___healthy:::398
data\raw\apple\Apple___healthy\44714cae-d7c8-4b0a-9058-0fe9ba703064___RS_HL 8081.JPG,Apple___healthy,Healthy,.jpg,RGB,256,256,c7f6af0fff31e9051fcdf2bc6af3629b,Apple___healthy:::241
data\raw\apple\Apple___healthy\449205c0-c994-4e4f-9ea4-ef7fa45f2151___RS_HL 7730.JPG,Apple___healthy,Healthy,.jpg,RGB,256,256,588bad9afdf2749a4c28538a5df81ffe,Apple___healthy:::194
data\raw\apple\Apple___healthy\44acd453-48a7-48db-997a-34b00a4d437a___RS_HL 7892.JPG,Apple___healthy,Healthy,.jpg,RGB,256,256,f5129e69b5539d04e027ce96afd8b03c,Apple___healthy:::216
data\raw\apple\Apple___healthy\44be3db8-37a5-44e1-a1b5-df963562cb86___RS_HL 7531.JPG,Apple___healthy,Healthy,.jpg,RGB,256,256,fe6031af3d75d2a7b9f31c7da0986240,Soybean___healthy:::508
data\raw\apple\Apple___healthy\44d0b31c-72e0-4a8f-9c3b-64051dab5d2e___RS_HL 7856.JPG,Apple___healthy,Healthy,.jpg,RGB,256,256,7d777b96e3f8fe55690821e9d085d7e3,Apple___healthy:::211
data\raw\apple\Apple___healthy\44f96d95-150b-499d-8fb7-a95ed4df85c6___RS_HL 8152.JPG,Apple___healthy,Healthy,.jpg,RGB,256,256,772311fa8fd8f5f9c6c70b41ada74723,Apple___healthy:::250
data\raw\apple\Apple___healthy\45584571-03d6-40eb-909e-00c752a4d66e___RS_HL 5803.JPG,Apple___healthy,Healthy,.jpg,RGB,256,256,5b2810810ba14fb2f4c1eed147976c2f,Soybean___healthy:::366
data\raw\apple\Apple___healthy\456779f4-b7a7-4980-94ee-1798491ca888___RS_HL 7415.JPG,Apple___healthy,Healthy,.jpg,RGB,256,256,b01064867d7a2ddb5955216abacf518f,Soybean___healthy:::497
data\raw\apple\Apple___healthy\456d5c1e-e025-4d4d-866c-799627dfeb36___RS_HL 5673.JPG,Apple___healthy,Healthy,.jpg,RGB,256,256,8caf995de459bce1ad88e447fe42868d,Soybean___healthy:::342
data\raw\apple\Apple___healthy\45b5782c-dd64-4513-954a-25a4c4c5fdef___RS_HL 7887.JPG,Apple___healthy,Healthy,.jpg,RGB,256,256,79ba5be25faaf38f60ffd5fde4071612,Apple___healthy:::215
data\raw\apple\Apple___healthy\45c79d4a-ac12-4bf8-a4d6-f59898aa4570___RS_HL 6317.JPG,Apple___healthy,Healthy,.jpg,RGB,256,256,5e08b2e47614bd3057edef666e30c870,Soybean___healthy:::404
data\raw\apple\Apple___healthy\45ec1880-a9d2-4458-bd99-f0a6c01e54c4___RS_HL 6303.JPG,Apple___healthy,Healthy,.jpg,RGB,256,256,b3008430e18c03e19590b99ee11e9fba,Soybean___healthy:::402
data\raw\apple\Apple___healthy\461e67e8-40dd-4bf6-964a-d16c7fc59ac9___RS_HL 7244.JPG,Apple___healthy,Healthy,.jpg,RGB,256,256,d911287711763759b945d26b365603ac,Soybean___healthy:::484
data\raw\apple\Apple___healthy\468c07f3-8ac1-4b0f-8e10-f97a7b41f4f9___RS_HL 7661.JPG,Apple___healthy,Healthy,.jpg,RGB,256,256,40199ca2bb2deba0114861cc10ca1515,Apple___healthy:::185
data\raw\apple\Apple___healthy\46c590f0-7e60-4ccd-af4e-45f911abf66a___RS_HL 6152.JPG,Apple___healthy,Healthy,.jpg,RGB,256,256,a5a8832df4521f4cbfb28deed83b1d2c,Soybean___healthy:::391
data\raw\apple\Apple___healthy\46ef8441-3792-4ca8-919b-eb6cedd0ed3f___RS_HL 5998.JPG,Apple___healthy,Healthy,.jpg,RGB,256,256,63cd9bd41d6d4374f7d760223d242c75,Soybean___healthy:::378
data\raw\apple\Apple___healthy\472f7b3f-a843-4ca2-b602-005ffc13d457___RS_HL 5864.JPG,Apple___healthy,Healthy,.jpg,RGB,256,256,26db03d104a42ce64e140c2e809ddbb2,Soybean___healthy:::367
data\raw\apple\Apple___healthy\47c4f435-2335-44ff-be67-20586e69aacf___RS_HL 7552.JPG,Apple___healthy,Healthy,.jpg,RGB,256,256,9e1e35644cd61231f4c8200fedbf59ce,Soybean___healthy:::510
data\raw\apple\Apple___healthy\47c52b97-c8c7-41da-8bff-608d8db48408___RS_HL 6243.JPG,Apple___healthy,Healthy,.jpg,RGB,256,256,577283a060b694b25a11f29bcb4dfdd5,Soybean___healthy:::398
data\raw\apple\Apple___healthy\47c9915d-7fb5-4426-a1b8-5928c3b20666___RS_HL 7565.JPG,Apple___healthy,Healthy,.jpg,RGB,256,256,89db0478f3697fb2c78da853cf745f16,Apple___healthy:::172
data\raw\apple\Apple___healthy\482fa3b9-4ab6-46ff-b670-ff5ba0f37425___RS_HL 5937.JPG,Apple___healthy,Healthy,.jpg,RGB,256,256,c66478cb99f2831018cbda9671032fbf,Soybean___healthy:::373
data\raw\apple\Apple___healthy\4839a9b1-c89f-475c-849f-c40c44e9cfff___RS_HL 6040.JPG,Apple___healthy,Healthy,.jpg,RGB,256,256,895c05f5c66581020bef5ad77881549c,Soybean___healthy:::382
data\raw\apple\Apple___healthy\48585f10-a0d6-417c-9edc-fc029b04a195___RS_HL 7382.JPG,Apple___healthy,Healthy,.jpg,RGB,256,256,cb99c57cd6732f21db6ded680e9cb16b,Soybean___healthy:::494
data\raw\apple\Apple___healthy\48beab72-35ef-4711-ad53-579bfaf787d3___RS_HL 6230.JPG,Apple___healthy,Healthy,.jpg,RGB,256,256,f171f519ed9563bcdf92b327a660831d,Soybean___healthy:::397
data\raw\apple\Apple___healthy\48cdfda2-59c7-4de9-96e2-a38dffd80754___RS_HL 6158.JPG,Apple___healthy,Healthy,.jpg,RGB,256,256,217fa50ea371ad26502c9b62c0855bad,Soybean___healthy:::391
data\raw\apple\Apple___healthy\48ff38b5-5af1-44e5-9d94-ee9a32715aba___RS_HL 6109.JPG,Apple___healthy,Healthy,.jpg,RGB,256,256,e1f0a1375d044d6448ecff808b1118f4,Soybean___healthy:::387
data\raw\apple\Apple___healthy\491f5957-ed75-4198-b988-4f0c834cd4ec___RS_HL 6043.JPG,Apple___healthy,Healthy,.jpg,RGB,256,256,6a02bdf707dfddbdb25a415f20bb4f1e,Soybean___healthy:::382
data\raw\apple\Apple___healthy\4941b5f6-7a47-4207-bf9c-adfb43d46e26___RS_HL 6262.JPG,Apple___healthy,Healthy,.jpg,RGB,256,256,1b0833ce3dde3debda23a80dfc364010,Soybean___healthy:::399
data\raw\apple\Apple___healthy\49b6b50f-7c76-4c31-9e33-b5ae8d22264c___RS_HL 5882.JPG,Apple___healthy,Healthy,.jpg,RGB,256,256,d53a21e09233d17e4dea6b4c13a9d268,Soybean___healthy:::369
data\raw\apple\Apple___healthy\49c357ef-7887-43d3-a478-85486e70e2d3___RS_HL 5656.JPG,Apple___healthy,Healthy,.jpg,RGB,256,256,3f4b66c3c414a9f193471b77be9b2bd3,Soybean___healthy:::339
data\raw\apple\Apple___healthy\49cc68a3-a1df-47c2-99d5-c2cb3a4c0227___RS_HL 7854.JPG,Apple___healthy,Healthy,.jpg,RGB,256,256,437ca03cf4ac8c8409a4b31b39605b83,Apple___healthy:::211
data\raw\apple\Apple___healthy\49d18ffd-bfd4-435d-bffb-fe66ec0e3af6___RS_HL 5647.JPG,Apple___healthy,Healthy,.jpg,RGB,256,256,0465e858a7f13e4c4d0b0a0affe5aca4,Soybean___healthy:::336
data\raw\apple\Apple___healthy\49db45ee-cfb4-4691-800f-e1887f163f49___RS_HL 6160.JPG,Apple___healthy,Healthy,.jpg,RGB,256,256,e9ba8f879c760e7840f6920b3cd30334,Soybean___healthy:::392
data\raw\apple\Apple___healthy\49fa7047-3a59-4afe-8dc3-e6fc10e5b830___RS_HL 7435.JPG,Apple___healthy,Healthy,.jpg,RGB,256,256,bd6a15d57f18bbc39653aedbf65fee2e,Soybean___healthy:::499
data\raw\apple\Apple___healthy\4a99390b-e2ee-4941-a14f-37575ada3004___RS_HL 6039.JPG,Apple___healthy,Healthy,.jpg,RGB,256,256,fae14e3d844c5afb086d02475589f447,Soybean___healthy:::381
data\raw\apple\Apple___healthy\4aa3b2bb-1bd4-410a-bf6b-09862798bf88___RS_HL 6148.JPG,Apple___healthy,Healthy,.jpg,RGB,256,256,a2d50e2c7341cf2ff49f419dcf5dd1b3,Soybean___healthy:::391
data\raw\apple\Apple___healthy\4aaa2349-eed7-48ed-a96c-02c313ee2d68___RS_HL 5911.JPG,Apple___healthy,Healthy,.jpg,RGB,256,256,0a20a652a274bb0edb7320ae5f641cf1,Soybean___healthy:::371
data\raw\apple\Apple___healthy\4ab36472-9140-4bab-a351-008dd4845fde___RS_HL 5870.JPG,Apple___healthy,Healthy,.jpg,RGB,256,256,0c55db092f59bfac8d3080bb839fff26,Soybean___healthy:::368
data\raw\apple\Apple___healthy\4ab5d6f0-6f9a-4af3-ab4d-6daf034edeff___RS_HL 7889.JPG,Apple___healthy,Healthy,.jpg,RGB,256,256,992e0296f5590c0ba56f336f100b1592,Apple___healthy:::215
data\raw\apple\Apple___healthy\4b186022-c0ab-4a26-9930-c7944a3c431e___RS_HL 7389.JPG,Apple___healthy,Healthy,.jpg,RGB,256,256,256b8ad7b2390cb6b488e2a1778451b6,Soybean___healthy:::495
data\raw\apple\Apple___healthy\4b22a1e7-745b-4c78-a49e-14ca8cfba26a___RS_HL 8111.JPG,Apple___healthy,Healthy,.jpg,RGB,256,256,93c46fffd72df762e6ca88a911264646,Apple___healthy:::244
data\raw\apple\Apple___healthy\4b2958d2-b93d-4ed1-b899-01a6c3a5b8b6___RS_HL 7768.JPG,Apple___healthy,Healthy,.jpg,RGB,256,256,5e0963f71cafaebe3b796890c10b9618,Apple___healthy:::200
data\raw\apple\Apple___healthy\4b2e833c-9618-4733-90b1-71877f87a6f6___RS_HL 7361.JPG,Apple___healthy,Healthy,.jpg,RGB,256,256,71312cbf4d729120f0c62f1de2bbf21f,Soybean___healthy:::493
data\raw\apple\Apple___healthy\4b8147d5-9bcb-4375-ab29-de19201bc9af___RS_HL 7372.JPG,Apple___healthy,Healthy,.jpg,RGB,256,256,a0a8de0c3485810d4e56fc352aec2b71,Soybean___healthy:::494
data\raw\apple\Apple___healthy\4b8ec331-226a-4526-a87f-a2d45df438d7___RS_HL 5961.JPG,Apple___healthy,Healthy,.jpg,RGB,256,256,cf902ba992e6f46f351111e8d29e0cb1,Soybean___healthy:::375
data\raw\apple\Apple___healthy\4bfc8d18-abd9-473f-b581-22283574686d___RS_HL 8088.JPG,Apple___healthy,Healthy,.jpg,RGB,256,256,1bc44d808a9c65848228f015e11e4e08,Apple___healthy:::242
data\raw\apple\Apple___healthy\4c368acb-0a47-4c7f-84bd-29dc74660db9___RS_HL 5800.JPG,Apple___healthy,Healthy,.jpg,RGB,256,256,ef0016f9dc6e7bc96f1baeb9d0755da3,Soybean___healthy:::363
data\raw\apple\Apple___healthy\4c3bd8fb-b507-4ef4-93b6-39f1b0d087d8___RS_HL 6252.JPG,Apple___healthy,Healthy,.jpg,RGB,256,256,ddacb4d30bfc6f733f209e0c1632b364,Soybean___healthy:::398
data\raw\apple\Apple___healthy\4c4358f8-03ad-4d68-be74-d769ab728ef1___RS_HL 5921.JPG,Apple___healthy,Healthy,.jpg,RGB,256,256,715f543859f65e12eb3c8bf678920d7e,Soybean___healthy:::372
data\raw\apple\Apple___healthy\4c501b09-39fc-4c6c-9c50-2200f0ba8b27___RS_HL 8187.JPG,Apple___healthy,Healthy,.jpg,RGB,256,256,8e33570bec7a2248932f5386641630f4,Apple___healthy:::255
data\raw\apple\Apple___healthy\4c50a62b-3af4-43f9-a31d-794abd545413___RS_HL 7739.JPG,Apple___healthy,Healthy,.jpg,RGB,256,256,0e27b2211641e9bc89639dffe6b815f2,Apple___healthy:::196
data\raw\apple\Apple___healthy\4c6671cb-b873-4e04-9dd8-fafb839a3d28___RS_HL 7797.JPG,Apple___healthy,Healthy,.jpg,RGB,256,256,6b14066c66adf5fc1429358d285e2383,Apple___healthy:::203
data\raw\apple\Apple___healthy\4c7d424b-d418-4b72-84a9-2a639eabb5ec___RS_HL 5734.JPG,Apple___healthy,Healthy,.jpg,RGB,256,256,7dc8826467809949d5709b41c93325a2,Soybean___healthy:::352
data\raw\apple\Apple___healthy\4c7e1a5a-fc48-43a8-959d-c7c8ad6462b9___RS_HL 7561.JPG,Apple___healthy,Healthy,.jpg,RGB,256,256,7434884b74d2776fce04b487b853fe21,Apple___healthy:::171
data\raw\apple\Apple___healthy\4cc430bb-9f3d-4dfc-86c0-0dfdfd71ebb3___RS_HL 6147.JPG,Apple___healthy,Healthy,.jpg,RGB,256,256,a9d516835c2e6594a457bb9a8d8b1908,Soybean___healthy:::390
data\raw\apple\Apple___healthy\4cd37f4e-557b-4317-8772-21abd1efec65___RS_HL 7420.JPG,Apple___healthy,Healthy,.jpg,RGB,256,256,800b964593117dec15fa62ce871d20e2,Soybean___healthy:::497
data\raw\apple\Apple___healthy\4cd8dfb9-2afe-425f-a110-39882ded3802___RS_HL 5799.JPG,Apple___healthy,Healthy,.jpg,RGB,256,256,c92246be32dd1378ab186d153c3a9194,Soybean___healthy:::363
data\raw\apple\Apple___healthy\4cf06978-a0b5-43a0-8da3-fda45eee2e1c___RS_HL 5777.JPG,Apple___healthy,Healthy,.jpg,RGB,256,256,60b59a8fdab072a56b0d3ad2e488610f,Soybean___healthy:::360
data\raw\apple\Apple___healthy\4cfa1595-b674-419b-93f7-2a836ff4d1bd___RS_HL 7464.JPG,Apple___healthy,Healthy,.jpg,RGB,256,256,e8371fb35d53b47e73986cbe5d9d84fe,Soybean___healthy:::501
data\raw\apple\Apple___healthy\4d3a7082-8a74-4cbe-8c75-eb9ffd47490b___RS_HL 7792.JPG,Apple___healthy,Healthy,.jpg,RGB,256,256,f52f70e0129a327badb99a70f665a2a1,Apple___healthy:::203
data\raw\apple\Apple___healthy\4d6b1b98-2f9a-454d-9ac9-37433c715920___RS_HL 7338.JPG,Apple___healthy,Healthy,.jpg,RGB,256,256,3c35689c29308ff21f6288e20538e62e,Soybean___healthy:::491
data\raw\apple\Apple___healthy\4d6cc52c-984d-4652-ac24-ad608cb2085d___RS_HL 7725.JPG,Apple___healthy,Healthy,.jpg,RGB,256,256,d4df1859bf04b7a798c60d431d907d1f,Apple___healthy:::194
data\raw\apple\Apple___healthy\4d7bd871-a301-44ce-a229-a8136e0a43e4___RS_HL 7891.JPG,Apple___healthy,Healthy,.jpg,RGB,256,256,febd30f3946e5e2b32a9b6ac2c02c4c1,Apple___healthy:::216
data\raw\apple\Apple___healthy\4da8c9ec-92d1-4e33-87b2-de2906f88a46___RS_HL 8201.JPG,Apple___healthy,Healthy,.jpg,RGB,256,256,b16065acc573107bdb56f38e7da91d70,Apple___healthy:::257
data\raw\apple\Apple___healthy\4ddc6bdf-fa72-43ff-99df-36430b318df4___RS_HL 7499.JPG,Apple___healthy,Healthy,.jpg,RGB,256,256,d479877493ee9f214a449b56d593050c,Soybean___healthy:::504
data\raw\apple\Apple___healthy\4ddf9e55-b678-4036-87c3-66076035cbe2___RS_HL 6194.JPG,Apple___healthy,Healthy,.jpg,RGB,256,256,da69d323a5cdaa5a94b863be922340d1,Soybean___healthy:::394
data\raw\apple\Apple___healthy\4e481e14-a671-4794-a1f0-9fca67ad7d0d___RS_HL 8124.JPG,Apple___healthy,Healthy,.jpg,RGB,256,256,b6f32e9f956e72eadac5b877f6884252,Apple___healthy:::246
data\raw\apple\Apple___healthy\4e817ac6-818a-431f-af6d-e44477f9b649___RS_HL 7616.JPG,Apple___healthy,Healthy,.jpg,RGB,256,256,6e9295833459c989be1d7ccd33420231,Apple___healthy:::178
data\raw\apple\Apple___healthy\4eab95ce-76ec-4bd2-9cc6-f39747569750___RS_HL 5958.JPG,Apple___healthy,Healthy,.jpg,RGB,256,256,93f6b8a690cde5361ad199625c55c6c6,Soybean___healthy:::375
data\raw\apple\Apple___healthy\4eae8d4c-d3d9-4109-8637-76b68e1a5b66___RS_HL 5975.JPG,Apple___healthy,Healthy,.jpg,RGB,256,256,e7fbf9cf3b27a37bbe9af8e593cd9306,Soybean___healthy:::376
data\raw\apple\Apple___healthy\4ec6e6f9-7f03-44ca-9bd0-1f64b5964308___RS_HL 5669.JPG,Apple___healthy,Healthy,.jpg,RGB,256,256,7288c9ba94bcbe817b63f92a03e85104,Soybean___healthy:::342
data\raw\apple\Apple___healthy\4f3f74a8-ea7f-4053-a14c-f2f6d3c219ad___RS_HL 7872.JPG,Apple___healthy,Healthy,.jpg,RGB,256,256,07d52949695eccb403e8475a4aee326d,Apple___healthy:::213
data\raw\apple\Apple___healthy\4f7c8fa5-f8cf-4b64-aaff-14d4a1c2cb27___RS_HL 7421.JPG,Apple___healthy,Healthy,.jpg,RGB,256,256,a0be9178d0af422877cb764b1981f387,Soybean___healthy:::497
data\raw\apple\Apple___healthy\4f84889d-5057-4b56-9643-86b7ec5fcfdd___RS_HL 8063.JPG,Apple___healthy,Healthy,.jpg,RGB,256,256,ade9ddabed92a8de909d24f53267d15d,Apple___healthy:::239
data\raw\apple\Apple___healthy\4f915b76-fe41-4201-ae61-9c9ad7cbc94d___RS_HL 5933.JPG,Apple___healthy,Healthy,.jpg,RGB,256,256,9d8a8878b0359012915bafe3797cc050,Soybean___healthy:::373
data\raw\apple\Apple___healthy\4f9b8500-4510-4d79-bcbf-d9b680cd8fe8___RS_HL 6304.JPG,Apple___healthy,Healthy,.jpg,RGB,256,256,1cdf5419e5bf18888fa2adde27c3b0da,Soybean___healthy:::402
data\raw\apple\Apple___healthy\4fa27e50-47f1-4ce8-964d-06e0d62c086d___RS_HL 7881.JPG,Apple___healthy,Healthy,.jpg,RGB,256,256,f1a2fdae589deebb3e226f52cba6649e,Apple___healthy:::214
data\raw\apple\Apple___healthy\4ffc00fe-a8ce-4103-9fab-30165684d8c5___RS_HL 7490.JPG,Apple___healthy,Healthy,.jpg,RGB,256,256,8df2b59af9b80aa907d2ad88a2e83dd6,Soybean___healthy:::504
data\raw\apple\Apple___healthy\50477370-452c-4dd9-bdad-f270011e9094___RS_HL 6183.JPG,Apple___healthy,Healthy,.jpg,RGB,256,256,158462cde3f2dea43937a317c12ea641,Soybean___healthy:::393
data\raw\apple\Apple___healthy\504ac2ab-ebfc-4c7d-89bf-d52955b6d297___RS_HL 7652.JPG,Apple___healthy,Healthy,.jpg,RGB,256,256,98e1a524da3c98019ef88439be17a045,Apple___healthy:::184
data\raw\apple\Apple___healthy\5060f00a-8caf-4379-b0c7-01147b8d932a___RS_HL 7472.JPG,Apple___healthy,Healthy,.jpg,RGB,256,256,4027fb175e5aa9729cebc05364e914ce,Soybean___healthy:::502
data\raw\apple\Apple___healthy\507b3ab4-ca9a-490e-8f3a-0ac06905fc40___RS_HL 8033.JPG,Apple___healthy,Healthy,.jpg,RGB,256,256,c3925a246e9620c1273b73606f2fe2fd,Apple___healthy:::235
data\raw\apple\Apple___healthy\50d5a081-d2b9-4297-ad6b-6c572018d941___RS_HL 7388.JPG,Apple___healthy,Healthy,.jpg,RGB,256,256,7c8cadaa6bc68104b8452ba5d9e226d0,Soybean___healthy:::495
data\raw\apple\Apple___healthy\514b3065-844b-40c8-8a86-043200a1779e___RS_HL 7721.JPG,Apple___healthy,Healthy,.jpg,RGB,256,256,d2337d4f0ea3727f8a98da3575037e62,Apple___healthy:::193
data\raw\apple\Apple___healthy\5150163c-ce61-4b06-bcab-d806f8c78dba___RS_HL 7682.JPG,Apple___healthy,Healthy,.jpg,RGB,256,256,527bfe31f1dbf2a84010ed87185c9635,Apple___healthy:::188
data\raw\apple\Apple___healthy\5192db55-4aa7-421c-92d4-c2dac79e7379___RS_HL 6273.JPG,Apple___healthy,Healthy,.jpg,RGB,256,256,61cabcbf7a2412e44ce0bcee3c384a25,Soybean___healthy:::400
data\raw\apple\Apple___healthy\51ad3661-ed25-4c8f-9f90-44f8f0f042e0___RS_HL 7645.JPG,Apple___healthy,Healthy,.jpg,RGB,256,256,6a7974bfe466a889aec0f63cb8e73cc7,Apple___healthy:::183
data\raw\apple\Apple___healthy\51cafddc-e99e-43bd-866f-21564d062cb2___RS_HL 6328.JPG,Apple___healthy,Healthy,.jpg,RGB,256,256,bcba2ac47dff521bcda131c1e585370d,Soybean___healthy:::405
data\raw\apple\Apple___healthy\51cb81e8-dd15-40cd-b4f2-5287379dfe74___RS_HL 6104.JPG,Apple___healthy,Healthy,.jpg,RGB,256,256,e12e31899041c616182f66b99a67af20,Soybean___healthy:::387
data\raw\apple\Apple___healthy\51e374ab-4fe6-4207-9d81-ec059f4cd3b8___RS_HL 8050.JPG,Apple___healthy,Healthy,.jpg,RGB,256,256,23eeb9cc6c70ef34764ff87c6bbec517,Apple___healthy:::237
data\raw\apple\Apple___healthy\51e68778-c3ba-423c-8fb8-bc5d1c20645a___RS_HL 7302.JPG,Apple___healthy,Healthy,.jpg,RGB,256,256,866386ac7f9f8ba98a95ad56648f1257,Soybean___healthy:::488
data\raw\apple\Apple___healthy\523a77ee-6f19-4887-a35f-6ab14d47740b___RS_HL 8079.JPG,Apple___healthy,Healthy,.jpg,RGB,256,256,460ee059f9e76baa6f77cdfc3ca64822,Apple___healthy:::241
data\raw\apple\Apple___healthy\525ecf21-2ca1-4939-b258-6002432703aa___RS_HL 7712.JPG,Apple___healthy,Healthy,.jpg,RGB,256,256,29d00c8b0ff763a7d6c1b4cfa619cd4e,Apple___healthy:::192
data\raw\apple\Apple___healthy\526782c6-8d24-4438-8255-37422811d33f___RS_HL 7601.JPG,Apple___healthy,Healthy,.jpg,RGB,256,256,ad015167f9b1d9bbec18ea4193c87bd5,Apple___healthy:::177
data\raw\apple\Apple___healthy\52cf2701-f319-4b3e-b6fb-8071f2f09ca9___RS_HL 8191.JPG,Apple___healthy,Healthy,.jpg,RGB,256,256,8fa57702f77c94423f95b8fc03bd807e,Apple___healthy:::255
data\raw\apple\Apple___healthy\530f24d7-aefb-419d-b814-2cb3a81cfe2c___RS_HL 6071.JPG,Apple___healthy,Healthy,.jpg,RGB,256,256,dcf8281719fc2ac2ab6089ab4f94532e,Soybean___healthy:::384
data\raw\apple\Apple___healthy\531fbf24-8362-445d-ba13-6ece16d53de7___RS_HL 6206.JPG,Apple___healthy,Healthy,.jpg,RGB,256,256,60cb498f036af76fad726ce833d47d98,Soybean___healthy:::395
data\raw\apple\Apple___healthy\5345137b-4957-4d47-896c-e9dcab8b7c43___RS_HL 7685.JPG,Apple___healthy,Healthy,.jpg,RGB,256,256,d0286a62a4f7aab452aecff47f3626cc,Apple___healthy:::188
data\raw\apple\Apple___healthy\5348c7f1-02d4-40ae-989e-1537043644cf___RS_HL 7657.JPG,Apple___healthy,Healthy,.jpg,RGB,256,256,71ec014c385a0b6efa7fdd773f68b3d2,Apple___healthy:::184
data\raw\apple\Apple___healthy\5356ef92-e60f-4456-8687-f8b624d60b53___RS_HL 5829.JPG,Apple___healthy,Healthy,.jpg,RGB,256,256,0d06fe71fd91c25f6f1b606ec083e092,Soybean___healthy:::367
data\raw\apple\Apple___healthy\53ad510e-0bf0-4366-928b-8d80f1a51b50___RS_HL 5873.JPG,Apple___healthy,Healthy,.jpg,RGB,256,256,d846e9879ebc5c0e7222d9f52a5f7961,Soybean___healthy:::368
data\raw\apple\Apple___healthy\53ad897b-864f-414f-84e7-0ea0ce53fa1d___RS_HL 7273.JPG,Apple___healthy,Healthy,.jpg,RGB,256,256,89cc1d445bdf4214182f7c4dcb72755e,Soybean___healthy:::486
data\raw\apple\Apple___healthy\53b0c397-52b3-40c1-9ef5-c52b6ae7f4bb___RS_HL 6329.JPG,Apple___healthy,Healthy,.jpg,RGB,256,256,1afe45367ba9d00382fda31d4bc5b2b3,Soybean___healthy:::405
data\raw\apple\Apple___healthy\53d09cc6-89ef-4180-a823-31c5f6566656___RS_HL 6070.JPG,Apple___healthy,Healthy,.jpg,RGB,256,256,8d30bc5b754ce67a5cafaed31c028265,Soybean___healthy:::384
data\raw\apple\Apple___healthy\54c9c89e-7cb7-4c1e-8bbe-f33ca90df541___RS_HL 7766.JPG,Apple___healthy,Healthy,.jpg,RGB,256,256,4170d6a23904843f892cabf6507c5e88,Apple___healthy:::199
data\raw\apple\Apple___healthy\54ef2bb4-12a7-447e-a980-32c74bd26c1e___RS_HL 7459.JPG,Apple___healthy,Healthy,.jpg,RGB,256,256,71cd300679c69ebf4f6b124df00df4b2,Soybean___healthy:::501
data\raw\apple\Apple___healthy\556b0ba0-dfb0-45de-9806-c6c068a8149d___RS_HL 5644.JPG,Apple___healthy,Healthy,.jpg,RGB,256,256,733a5369cb4b2707411555e54bb3af7e,Soybean___healthy:::336
data\raw\apple\Apple___healthy\558de0a1-89a7-4fa4-8814-bb1d8a845bfd___RS_HL 5779.JPG,Apple___healthy,Healthy,.jpg,RGB,256,256,bad9233f1c6d371835fce0e27481ac66,Soybean___healthy:::360
data\raw\apple\Apple___healthy\55a94d0f-ce98-4681-a4d5-a89dc2031b6a___RS_HL 7311.JPG,Apple___healthy,Healthy,.jpg,RGB,256,256,b49c45af3a926762b8022000f163db18,Soybean___healthy:::489
data\raw\apple\Apple___healthy\55b3e1e7-0bd4-4e0b-b929-19d68fc43e23___RS_HL 7653.JPG,Apple___healthy,Healthy,.jpg,RGB,256,256,43d21adfb52abb5088d91a228e80d978,Apple___healthy:::184
data\raw\apple\Apple___healthy\55b70cf6-c157-48bb-892c-24fa7c230a85___RS_HL 6203.JPG,Apple___healthy,Healthy,.jpg,RGB,256,256,0ffddd7f671ed9c8392875b35caf9814,Soybean___healthy:::395
data\raw\apple\Apple___healthy\55c7113c-3c1e-452c-a7bd-bb6fe007a20d___RS_HL 5724.JPG,Apple___healthy,Healthy,.jpg,RGB,256,256,a148a2afdd481004a26474835ecf1db3,Soybean___healthy:::352
data\raw\apple\Apple___healthy\55e058db-7a66-4468-b6f8-a2e3fd4d567d___RS_HL 8128.JPG,Apple___healthy,Healthy,.jpg,RGB,256,256,c24f87a4dd73942d7ca4fa8a8aad687e,Apple___healthy:::247
data\raw\apple\Apple___healthy\55e3aeb1-2c97-4cdd-9b75-8ab8d94c8447___RS_HL 7778.JPG,Apple___healthy,Healthy,.jpg,RGB,256,256,bce6cbf45eeb0b02b06bda5501247313,Apple___healthy:::201
data\raw\apple\Apple___healthy\55e7b07d-f05f-403a-ab00-e8102cb0341c___RS_HL 7410.JPG,Apple___healthy,Healthy,.jpg,RGB,256,256,1a4ae315a850ac11ce6967f095d234ec,Soybean___healthy:::497
data\raw\apple\Apple___healthy\55eca570-7e6f-4bb9-ae2e-b9834d8fcea7___RS_HL 7726.JPG,Apple___healthy,Healthy,.jpg,RGB,256,256,8b00a7e2ea68834f013a4edec7823f27,Apple___healthy:::194
data\raw\apple\Apple___healthy\56357993-94b9-4ed2-bc6e-22d4245f958e___RS_HL 7313.JPG,Apple___healthy,Healthy,.jpg,RGB,256,256,7ecb89d141b90a0d89f2ecba33036799,Soybean___healthy:::489
data\raw\apple\Apple___healthy\567114a3-0ce7-42e3-8245-ca6f3e27cf43___RS_HL 8001.JPG,Apple___healthy,Healthy,.jpg,RGB,256,256,6768edfad0dbeaf959244afcc9c50171,Apple___healthy:::231
data\raw\apple\Apple___healthy\567c7469-bee8-4ddc-8ee9-2f14b3fb569e___RS_HL 7817.JPG,Apple___healthy,Healthy,.jpg,RGB,256,256,4f944f2b7a7469b6e33c1db6027eabb1,Apple___healthy:::206
data\raw\apple\Apple___healthy\56bc065a-e27d-4ec9-a15b-63188f6ddf66___RS_HL 7933.JPG,Apple___healthy,Healthy,.jpg,RGB,256,256,9ff511a82900a65a8c0fd535fe345502,Apple___healthy:::221
data\raw\apple\Apple___healthy\56bd23e7-9376-418a-8dfb-f767bdc78500___RS_HL 6124.JPG,Apple___healthy,Healthy,.jpg,RGB,256,256,ec2e981991152da4bf715ac5c7c6ab76,Soybean___healthy:::389
data\raw\apple\Apple___healthy\56c024f5-844e-47d0-a936-d1617219125c___RS_HL 7776.JPG,Apple___healthy,Healthy,.jpg,RGB,256,256,70ca255ea28857e4c7cd02c8470a946a,Apple___healthy:::201
data\raw\apple\Apple___healthy\56c8fb12-185b-4225-bdee-abdbdcc6101b___RS_HL 7574.JPG,Apple___healthy,Healthy,.jpg,RGB,256,256,e3127d2d804fcd232129ee6cb17fd5a2,Apple___healthy:::173
data\raw\apple\Apple___healthy\56ca7e9b-3db1-4130-ab97-8627eb1a3850___RS_HL 7593.JPG,Apple___healthy,Healthy,.jpg,RGB,256,256,6ab492403bdc8179a55d3920b662d3ff,Apple___healthy:::175
data\raw\apple\Apple___healthy\57113348-f0fa-49d9-9d53-46edc4ae7bdb___RS_HL 6215.JPG,Apple___healthy,Healthy,.jpg,RGB,256,256,0098afedb91ba513f25e9ee90536c2ba,Soybean___healthy:::396
data\raw\apple\Apple___healthy\57b5c040-d081-45ad-a73b-948eb18dd3eb___RS_HL 7826.JPG,Apple___healthy,Healthy,.jpg,RGB,256,256,4bade6940ed91e11d71f0a75d760638d,Apple___healthy:::207
data\raw\apple\Apple___healthy\57e50846-b756-498f-a4b7-84571faed0ab___RS_HL 7541.JPG,Apple___healthy,Healthy,.jpg,RGB,256,256,15d00808eebe976d9474ab4d5fa7ca77,Soybean___healthy:::509
data\raw\apple\Apple___healthy\57ef10ab-f1fe-4b14-ad46-91b4255f2e49___RS_HL 5796.JPG,Apple___healthy,Healthy,.jpg,RGB,256,256,6ec15143dec713bef46f35fc2fb6cf11,Soybean___healthy:::363
data\raw\apple\Apple___healthy\58200f54-e3ef-4546-9378-0700a030e697___RS_HL 8005.JPG,Apple___healthy,Healthy,.jpg,RGB,256,256,9cb5a9ba243b489323eb7cd3873468ef,Apple___healthy:::231
data\raw\apple\Apple___healthy\5820f6e9-8564-4b16-b548-4565567b07c0___RS_HL 7793.JPG,Apple___healthy,Healthy,.jpg,RGB,256,256,1c1e7d088578465506d2c69793d5968a,Apple___healthy:::203
data\raw\apple\Apple___healthy\5823ffd3-bd23-4088-80f5-dd33ae876694___RS_HL 7765.JPG,Apple___healthy,Healthy,.jpg,RGB,256,256,e181129ce1da5919467b86a2c3242883,Apple___healthy:::199
data\raw\apple\Apple___healthy\5857071f-208a-40a0-85f2-6bc9f5a98fea___RS_HL 6026.JPG,Apple___healthy,Healthy,.jpg,RGB,256,256,ad24c3ae675bf68b8ec4e8deb75834b6,Soybean___healthy:::380
data\raw\apple\Apple___healthy\58bebbd8-1cfa-486b-86b3-64cf33697320___RS_HL 7651.JPG,Apple___healthy,Healthy,.jpg,RGB,256,256,fcff6832df803f0072c85129f3a5d081,Apple___healthy:::183
data\raw\apple\Apple___healthy\590363be-ab1f-4d0e-87a5-d632b28d79e0___RS_HL 7334.JPG,Apple___healthy,Healthy,.jpg,RGB,256,256,c00c040d7f63964af5e7b0da29cdd470,Soybean___healthy:::491
data\raw\apple\Apple___healthy\5915bea7-aecc-4247-acfe-6e115e7c9836___RS_HL 7703.JPG,Apple___healthy,Healthy,.jpg,RGB,256,256,98391b2a74a209f26cffaf9d466efa2a,Apple___healthy:::191
data\raw\apple\Apple___healthy\5941b857-a525-4aff-ba20-def608d63c4d___RS_HL 6119.JPG,Apple___healthy,Healthy,.jpg,RGB,256,256,817d8ce85fbd1538db23e5fa667e7d6d,Soybean___healthy:::388
data\raw\apple\Apple___healthy\594c429c-488e-4d8e-9b44-c3929cecafc9___RS_HL 5878.JPG,Apple___healthy,Healthy,.jpg,RGB,256,256,3b29cc0d69ca013eb7443985e140c5ce,Soybean___healthy:::369
data\raw\apple\Apple___healthy\594d37c6-accf-4ea8-9c97-8a9e0300010d___RS_HL 8019.JPG,Apple___healthy,Healthy,.jpg,RGB,256,256,d2b64d682e92ffa699ce0825ad9b6b1f,Apple___healthy:::233
data\raw\apple\Apple___healthy\595381e5-c16b-4348-aaea-00763903646d___RS_HL 6153.JPG,Apple___healthy,Healthy,.jpg,RGB,256,256,0aeca47336ca673c565eac4607596c05,Soybean___healthy:::391
data\raw\apple\Apple___healthy\5977222a-8f4a-44b3-9960-61fcf36c5e7f___RS_HL 5664.JPG,Apple___healthy,Healthy,.jpg,RGB,256,256,853bda8d68c2d1794803074ab8a65530,Soybean___healthy:::339
data\raw\apple\Apple___healthy\5a0aa782-76a8-4de9-89e9-47cb35d222e3___RS_HL 6310.JPG,Apple___healthy,Healthy,.jpg,RGB,256,256,59a21b45adf6bc8a2c29228b61a60273,Soybean___healthy:::403
data\raw\apple\Apple___healthy\5a2ee566-426a-4422-b8e7-14e2e3190846___RS_HL 7486.JPG,Apple___healthy,Healthy,.jpg,RGB,256,256,0e4a2553f1d7b84d7b7b31c1835a952b,Soybean___healthy:::503
data\raw\apple\Apple___healthy\5a92a89d-a10e-423c-aed8-8505e04e15dc___RS_HL 7836.JPG,Apple___healthy,Healthy,.jpg,RGB,256,256,d14b1505be876774bb816c84c341209f,Apple___healthy:::208
data\raw\apple\Apple___healthy\5ac41a3d-ca1b-4215-a7a5-500d77acc67a___RS_HL 5931.JPG,Apple___healthy,Healthy,.jpg,RGB,256,256,8c2d737f3ab81ed41c60f47dd3266dc8,Soybean___healthy:::373
data\raw\apple\Apple___healthy\5ade6606-f111-4074-a533-30f215297f08___RS_HL 6282.JPG,Apple___healthy,Healthy,.jpg,RGB,256,256,57b3d65d377c098ad089b7cb8be74ae0,Soybean___healthy:::400
data\raw\apple\Apple___healthy\5adf1cdb-17bc-4871-ad87-ccdf715cfdb7___RS_HL 7309.JPG,Apple___healthy,Healthy,.jpg,RGB,256,256,98baa4ce8d288ab50fd182b2f45c2594,Soybean___healthy:::489
data\raw\apple\Apple___healthy\5b0eb6d3-92f9-4332-8228-6c587810f9c6___RS_HL 7949.JPG,Apple___healthy,Healthy,.jpg,RGB,256,256,a43e8d529fd8a7cd02faa9ab5a272561,Apple___healthy:::223
data\raw\apple\Apple___healthy\5b264ecb-2c4c-47f3-93ec-c9f79a3e8e09___RS_HL 7401.JPG,Apple___healthy,Healthy,.jpg,RGB,256,256,ca5c8a9085aeb2fbd7877b775b37e58c,Soybean___healthy:::496
data\raw\apple\Apple___healthy\5b8c01e5-748f-4b5b-b64b-26bb129a5db6___RS_HL 7996.JPG,Apple___healthy,Healthy,.jpg,RGB,256,256,d47e2ec3bd2268a96e4dc9d0208373ff,Apple___healthy:::230
data\raw\apple\Apple___healthy\5ba92c8d-c731-436f-9d77-5685ec780f5f___RS_HL 8120.JPG,Apple___healthy,Healthy,.jpg,RGB,256,256,b7db8616731bd18e60cd354b6e5a4963,Apple___healthy:::246
data\raw\apple\Apple___healthy\5bf61b7f-4211-4667-b004-3481279854f2___RS_HL 8095.JPG,Apple___healthy,Healthy,.jpg,RGB,256,256,7d85186e0c2b6ad759de1163b060665d,Apple___healthy:::243
data\raw\apple\Apple___healthy\5bfc7dd9-17aa-4e40-b7f3-6033dc95f408___RS_HL 5717.JPG,Apple___healthy,Healthy,.jpg,RGB,256,256,42d9d560a2814aca0bbd86cb600c9dc5,Soybean___healthy:::349
data\raw\apple\Apple___healthy\5c320c7a-e164-43d0-adab-b966ff9e2c1a___RS_HL 8055.JPG,Apple___healthy,Healthy,.jpg,RGB,256,256,1af3d17bf58670753d907cb3cc698fd9,Apple___healthy:::238
data\raw\apple\Apple___healthy\5c554f84-2f25-4a08-8cd9-561a0c56fc12___RS_HL 5820.JPG,Apple___healthy,Healthy,.jpg,RGB,256,256,3ffe931ea2fdf1fcf817e648aea9b7a9,Soybean___healthy:::367
data\raw\apple\Apple___healthy\5c74b103-09f2-48ae-bbdd-7aa9aaf929cc___RS_HL 5649.JPG,Apple___healthy,Healthy,.jpg,RGB,256,256,c571835d822d34509acf8b98884d8390,Soybean___healthy:::336
data\raw\apple\Apple___healthy\5ceb4c0b-09ea-48e5-87b8-454adc630534___RS_HL 7573.JPG,Apple___healthy,Healthy,.jpg,RGB,256,256,f9e0124a8cb8be43c1ea76b898682d7f,Apple___healthy:::173
data\raw\apple\Apple___healthy\5ceefac5-fa4f-4b5c-b270-3a945fc89ec0___RS_HL 6191.JPG,Apple___healthy,Healthy,.jpg,RGB,256,256,a245cde9dd0e68c204574087b445ba12,Soybean___healthy:::394
data\raw\apple\Apple___healthy\5d1bb18d-dda0-4079-b3c5-62bc50c3ce35___RS_HL 7560.JPG,Apple___healthy,Healthy,.jpg,RGB,256,256,5ae2bcb481d04fb202cb6d3951c1c488,Apple___healthy:::171
data\raw\apple\Apple___healthy\5d4206ed-09fa-42d5-a42d-2fc98cb4820d___RS_HL 6032.JPG,Apple___healthy,Healthy,.jpg,RGB,256,256,bfe7a92e2ef398bcbc83b50cee52408a,Soybean___healthy:::381
data\raw\apple\Apple___healthy\5d542bd8-d3c1-484e-9cc1-e7c409aff1f8___RS_HL 6197.JPG,Apple___healthy,Healthy,.jpg,RGB,256,256,230168f5734ff7d7fcc8b020dbe42ba2,Soybean___healthy:::394
data\raw\apple\Apple___healthy\5d738917-48c8-4a27-90e9-0a4eac076fbc___RS_HL 5999.JPG,Apple___healthy,Healthy,.jpg,RGB,256,256,8a1a93325e733549c861af1ad8488e52,Soybean___healthy:::378
data\raw\apple\Apple___healthy\5db8c857-6f3a-4066-9bd6-e245e725d03e___RS_HL 8016.JPG,Apple___healthy,Healthy,.jpg,RGB,256,256,e4586368c7168ecb7a9a441d3d0dec02,Apple___healthy:::233
data\raw\apple\Apple___healthy\5dba053d-d3b0-49b9-babc-4f1e8e7d3f59___RS_HL 6235.JPG,Apple___healthy,Healthy,.jpg,RGB,256,256,9302ae1970dd6d9981cf13615e8f917a,Soybean___healthy:::397
data\raw\apple\Apple___healthy\5decc9b0-698c-49d0-906b-1a679b0001f9___RS_HL 6245.JPG,Apple___healthy,Healthy,.jpg,RGB,256,256,ce17e08710a667efa5b398eff1230050,Soybean___healthy:::398
data\raw\apple\Apple___healthy\5ded9dac-20e0-4e68-a202-43c6723c335d___RS_HL 6186.JPG,Apple___healthy,Healthy,.jpg,RGB,256,256,b2697febbe9d4c548a32fb6af049d7e3,Soybean___healthy:::393
data\raw\apple\Apple___healthy\5e39c42c-b499-495f-8612-eb3a1079d594___RS_HL 6047.JPG,Apple___healthy,Healthy,.jpg,RGB,256,256,45b1a7709d688a1f5d065f8c2526a08e,Soybean___healthy:::382
data\raw\apple\Apple___healthy\5e552830-5ccd-4f85-9f77-ed63db285890___RS_HL 5994.JPG,Apple___healthy,Healthy,.jpg,RGB,256,256,92981861eb671a10eba0981643c996cc,Soybean___healthy:::377
data\raw\apple\Apple___healthy\5e6846df-21b1-444c-ac0d-34c67443dbef___RS_HL 7270.JPG,Apple___healthy,Healthy,.jpg,RGB,256,256,b0ce39b58a58826b5a6b8608c36fd25d,Soybean___healthy:::486
data\raw\apple\Apple___healthy\5ee4cb1c-d933-4e89-b364-9b740b48e077___RS_HL 6224.JPG,Apple___healthy,Healthy,.jpg,RGB,256,256,04518cfe65a8315678277c919a058d2c,Soybean___healthy:::396
data\raw\apple\Apple___healthy\5eea6ca0-2fb5-4382-bd60-2893d4367bc3___RS_HL 6007.JPG,Apple___healthy,Healthy,.jpg,RGB,256,256,e02561cfe3e13c1b35655e41fc7f4205,Soybean___healthy:::378
data\raw\apple\Apple___healthy\5f067f00-b2c7-4948-b961-b940b4b148db___RS_HL 5860.JPG,Apple___healthy,Healthy,.jpg,RGB,256,256,f79b7c5689994f08e11898cbff16026a,Soybean___healthy:::367
data\raw\apple\Apple___healthy\5f1b959d-c157-455f-baea-258293cad073___RS_HL 6114.JPG,Apple___healthy,Healthy,.jpg,RGB,256,256,55523306dd97866ec0285c3bd8ac7c42,Soybean___healthy:::387
data\raw\apple\Apple___healthy\5f4ef432-dcd4-4035-811a-b86aff3c885f___RS_HL 5963.JPG,Apple___healthy,Healthy,.jpg,RGB,256,256,2ba6730ea3bb7b1fa99cbb0602c80df6,Soybean___healthy:::375
data\raw\apple\Apple___healthy\5f83961d-85ba-4fed-9d97-dbf83c2965d9___RS_HL 6029.JPG,Apple___healthy,Healthy,.jpg,RGB,256,256,384a16f998d1a19832c929f1c94c2ae3,Soybean___healthy:::381
data\raw\apple\Apple___healthy\5fbda72a-a8f7-4ac9-a1d9-6c8d2e316297___RS_HL 7747.JPG,Apple___healthy,Healthy,.jpg,RGB,256,256,79a1422a22702bbd85fc50e4f154160a,Apple___healthy:::197
data\raw\apple\Apple___healthy\5fc41ba8-baf5-47ce-b6e5-3741dd3b154f___RS_HL 5965.JPG,Apple___healthy,Healthy,.jpg,RGB,256,256,b6984234f1499cb42ebe55023eebea48,Soybean___healthy:::375
data\raw\apple\Apple___healthy\5fc76906-09db-4c86-a95e-f3c8d70c29c6___RS_HL 7414.JPG,Apple___healthy,Healthy,.jpg,RGB,256,256,c39b1578a6d83ef868ff0fb6132b8373,Soybean___healthy:::497
data\raw\apple\Apple___healthy\5fd5b78d-72e9-4e04-99cf-a1b4ef4ba485___RS_HL 7852.JPG,Apple___healthy,Healthy,.jpg,RGB,256,256,835e8a702154910d7f5998b8816011c1,Apple___healthy:::211
data\raw\apple\Apple___healthy\5fd95287-1688-4342-8105-ad21af63aeac___RS_HL 8078.JPG,Apple___healthy,Healthy,.jpg,RGB,256,256,e4387a202e6c701a73dc81a038643bbf,Apple___healthy:::241
data\raw\apple\Apple___healthy\602a8c1f-1fa9-4141-b589-d514acc17ce4___RS_HL 6016.JPG,Apple___healthy,Healthy,.jpg,RGB,256,256,96608b975edde612110c01fd6e9731e6,Soybean___healthy:::380
data\raw\apple\Apple___healthy\6034f340-2122-4fe1-8696-cd5327f6984f___RS_HL 7445.JPG,Apple___healthy,Healthy,.jpg,RGB,256,256,d7b91dc2c11b850f91862fe78d326738,Soybean___healthy:::500
data\raw\apple\Apple___healthy\60385266-12df-445f-9fcf-196b1f91c254___RS_HL 8070.JPG,Apple___healthy,Healthy,.jpg,RGB,256,256,cfc913b80cc288d1ea711373fc073c69,Apple___healthy:::240
data\raw\apple\Apple___healthy\603b96cc-3237-4ddf-97b9-11ddbf4840f0___RS_HL 7598.JPG,Apple___healthy,Healthy,.jpg,RGB,256,256,a63ca59c108dbcea0427addce8ae15b2,Apple___healthy:::176
data\raw\apple\Apple___healthy\605bebdc-6d3e-4cfe-8498-3ccd1028e76d___RS_HL 7877.JPG,Apple___healthy,Healthy,.jpg,RGB,256,256,79088a7bcc5f208d4d8f1a7685e30d9f,Apple___healthy:::214
data\raw\apple\Apple___healthy\606de063-baa7-4f80-b474-6e5cf4ea010a___RS_HL 7979.JPG,Apple___healthy,Healthy,.jpg,RGB,256,256,b992b2c49e453280590104258126aaab,Apple___healthy:::228
data\raw\apple\Apple___healthy\60a20878-4945-491b-adff-ca8829824261___RS_HL 5847.JPG,Apple___healthy,Healthy,.jpg,RGB,256,256,35a37b29a64065a4761caece46413740,Soybean___healthy:::368
data\raw\apple\Apple___healthy\60af8fc1-7f44-496c-9999-507d06e92142___RS_HL 7278.JPG,Apple___healthy,Healthy,.jpg,RGB,256,256,ef60ccee5ddc4b7aea46a214570c3a82,Soybean___healthy:::486
data\raw\apple\Apple___healthy\60be19f7-984f-4e9d-ad1d-4d21ea4c0eef___RS_HL 7966.JPG,Apple___healthy,Healthy,.jpg,RGB,256,256,f8704e2fe40947644133d7bfc73f9ca0,Apple___healthy:::226
data\raw\apple\Apple___healthy\614e548e-9a13-428c-89bf-353a1880cf73___RS_HL 8190.JPG,Apple___healthy,Healthy,.jpg,RGB,256,256,39a8025d2cbcaa37069c04720f6cce49,Apple___healthy:::255
data\raw\apple\Apple___healthy\61697828-b645-4f07-844a-dc9902713d3e___RS_HL 7363.JPG,Apple___healthy,Healthy,.jpg,RGB,256,256,7b226813314841038c9a4345610092c3,Soybean___healthy:::493
data\raw\apple\Apple___healthy\616a7bd4-b200-4057-9c03-3cdedae3992a___RS_HL 7614.JPG,Apple___healthy,Healthy,.jpg,RGB,256,256,c9d8f23abf8a9cbcbaababfac6c2bdc2,Apple___healthy:::178
data\raw\apple\Apple___healthy\61cac07b-9d6e-4fac-b60f-410280d94ed1___RS_HL 7455.JPG,Apple___healthy,Healthy,.jpg,RGB,256,256,4df63c812aa28c2de71a7501a7ecc9cc,Soybean___healthy:::500
data\raw\apple\Apple___healthy\61cc71ec-5d4d-4c85-939b-77e8cd75fafe___RS_HL 6038.JPG,Apple___healthy,Healthy,.jpg,RGB,256,256,a0abc4cbe0ed1272daf524d0d3b1e8d8,Soybean___healthy:::381
data\raw\apple\Apple___healthy\62047680-5efb-4779-99e0-d2bfe2ddba8a___RS_HL 7791.JPG,Apple___healthy,Healthy,.jpg,RGB,256,256,c20130de5b34bf572172a746315f6adf,Apple___healthy:::203
data\raw\apple\Apple___healthy\6224ac4b-d395-4137-974b-e945c5655dbe___RS_HL 5960.JPG,Apple___healthy,Healthy,.jpg,RGB,256,256,95e10ce439bd017ac76a9a5490de3f8e,Soybean___healthy:::375
data\raw\apple\Apple___healthy\622b6e6e-1388-4933-9f74-3ae54937a3d7___RS_HL 5920.JPG,Apple___healthy,Healthy,.jpg,RGB,256,256,499cdf42761e435ff848532b53f80e91,Soybean___healthy:::372
data\raw\apple\Apple___healthy\6272b53a-1ade-46fc-85e8-cf9517c6e0ed___RS_HL 7858.JPG,Apple___healthy,Healthy,.jpg,RGB,256,256,1a0c1458c4800e0310b6ee454bddd5c1,Apple___healthy:::211
data\raw\apple\Apple___healthy\62acb368-c1b6-496c-910d-64cd4b8c5941___RS_HL 7964.JPG,Apple___healthy,Healthy,.jpg,RGB,256,256,02f9d290cddd97230b3e4e39620e4b6b,Apple___healthy:::225
data\raw\apple\Apple___healthy\62c6270f-9667-492e-be5b-ee599927718a___RS_HL 7671.JPG,Apple___healthy,Healthy,.jpg,RGB,256,256,b1a5c5d0fa946e54ea95c953e4492d39,Apple___healthy:::186
data\raw\apple\Apple___healthy\62d3964c-3cc9-495c-94d5-0558f5fe3063___RS_HL 7607.JPG,Apple___healthy,Healthy,.jpg,RGB,256,256,652eb11691dfa65558e7dde56d85dd2f,Apple___healthy:::177
data\raw\apple\Apple___healthy\62e8755e-c7c8-4eb9-b937-4dd4f1e14723___RS_HL 7339.JPG,Apple___healthy,Healthy,.jpg,RGB,256,256,49569ba7d01872a27929f47caa279554,Soybean___healthy:::491
data\raw\apple\Apple___healthy\6379ed3c-dd03-4f07-a773-84842960d921___RS_HL 7741.JPG,Apple___healthy,Healthy,.jpg,RGB,256,256,4db56d138bc3bee5b309857e2a4a1f94,Apple___healthy:::196
data\raw\apple\Apple___healthy\638ea400-bbc7-4642-b7f3-f57e2f3409cb___RS_HL 7718.JPG,Apple___healthy,Healthy,.jpg,RGB,256,256,41fb9637b4a93b67844b7c18ed14c669,Apple___healthy:::193
data\raw\apple\Apple___healthy\63f2f961-ac3f-4a2d-9fc1-6987e8da97cc___RS_HL 7447.JPG,Apple___healthy,Healthy,.jpg,RGB,256,256,e3c5995c3673edd5f8cad2d405181760,Soybean___healthy:::500
data\raw\apple\Apple___healthy\6422d3df-4b2d-4e73-b1c9-3da9f763cb75___RS_HL 7259.JPG,Apple___healthy,Healthy,.jpg,RGB,256,256,a264aac5c7d8fb00fb46b4a8a0cd7222,Soybean___healthy:::485
data\raw\apple\Apple___healthy\6437e60f-2ce4-447d-be7f-b2fb181eef42___RS_HL 5992.JPG,Apple___healthy,Healthy,.jpg,RGB,256,256,b372464c2829f72f564fea885bd264d0,Soybean___healthy:::377
data\raw\apple\Apple___healthy\643e172f-02bf-4021-9587-6cfd21c8a344___RS_HL 6053.JPG,Apple___healthy,Healthy,.jpg,RGB,256,256,b19c1e23656f8632155af1ef43a2277d,Soybean___healthy:::383
data\raw\apple\Apple___healthy\64764c6e-6e57-4fbe-903f-06103bd72a38___RS_HL 5951.JPG,Apple___healthy,Healthy,.jpg,RGB,256,256,3444d02c5f690d19f4e54afc09ac5e0b,Soybean___healthy:::374
data\raw\apple\Apple___healthy\647ab085-3f32-4ff1-9972-bef63cb4085e___RS_HL 7595.JPG,Apple___healthy,Healthy,.jpg,RGB,256,256,3fad705b8fce72de5d6814b0e724a3ce,Apple___healthy:::176
data\raw\apple\Apple___healthy\6504ca1b-442e-4839-b61e-2660fffcb67b___RS_HL 7952.JPG,Apple___healthy,Healthy,.jpg,RGB,256,256,1d7448ab73a6ba18e28c4fa5e29802c7,Apple___healthy:::224
data\raw\apple\Apple___healthy\6519f187-e99f-4a02-9a28-eb4e167ea35c___RS_HL 6015.JPG,Apple___healthy,Healthy,.jpg,RGB,256,256,c9369af889df19329e30a70cc12122d9,Soybean___healthy:::380
data\raw\apple\Apple___healthy\65a6866e-a6ea-46d5-a8ca-413f98cd8b7a___RS_HL 5817.JPG,Apple___healthy,Healthy,.jpg,RGB,256,256,8edd7c848fef87ca3e7da67c7e76f72e,Soybean___healthy:::367
data\raw\apple\Apple___healthy\65a6d1f7-616e-40b7-8ebb-8b895c69a7dd___RS_HL 7813.JPG,Apple___healthy,Healthy,.jpg,RGB,256,256,3f9c3a47e07a8474683300b656c82760,Apple___healthy:::205
data\raw\apple\Apple___healthy\65c5f31a-626b-4e2c-afd1-d740ce4ab7d8___RS_HL 7995.JPG,Apple___healthy,Healthy,.jpg,RGB,256,256,afaadc1be0327b9e6c5210e655ef960b,Apple___healthy:::230
data\raw\apple\Apple___healthy\65f9450e-cd32-465c-b2cd-e24111798fb1___RS_HL 7950.JPG,Apple___healthy,Healthy,.jpg,RGB,256,256,c01a8fd61929f39d62c83ed69587964d,Apple___healthy:::223
data\raw\apple\Apple___healthy\65fcf384-964b-41c5-9a54-aecb473283d2___RS_HL 7672.JPG,Apple___healthy,Healthy,.jpg,RGB,256,256,72fa91784d7af31d19b85ccef07e6d91,Apple___healthy:::187
data\raw\apple\Apple___healthy\6627c6e7-9d4f-41a7-9d86-ad04cfe2841a___RS_HL 7442.JPG,Apple___healthy,Healthy,.jpg,RGB,256,256,bd94b1aa574c88e60b9b84546d3f1421,Soybean___healthy:::500
data\raw\apple\Apple___healthy\6695f23d-03f2-48ce-a3fe-b0fcd4f4972c___RS_HL 5884.JPG,Apple___healthy,Healthy,.jpg,RGB,256,256,065f33c7f75d482f6012e4316a4e9ef8,Soybean___healthy:::369
data\raw\apple\Apple___healthy\66b2ddc7-46d8-487c-a93b-43d4332b7a31___RS_HL 5764.JPG,Apple___healthy,Healthy,.jpg,RGB,256,256,80c9a2a3fe29fbfe2ce8edef486df4e6,Soybean___healthy:::357
data\raw\apple\Apple___healthy\6758f085-1397-42a4-8b03-2f5e87f3bedd___RS_HL 5751.JPG,Apple___healthy,Healthy,.jpg,RGB,256,256,3547f399c7a0a7194242694adfd81eb2,Soybean___healthy:::355
data\raw\apple\Apple___healthy\6760f8fc-05d5-4cdb-ba7c-4d87d508bb79___RS_HL 8185.JPG,Apple___healthy,Healthy,.jpg,RGB,256,256,84704fbbcbaa15a0522faf4d89a88354,Apple___healthy:::254
data\raw\apple\Apple___healthy\679f57c6-992b-424e-beb7-5344a873e1dd___RS_HL 8026.JPG,Apple___healthy,Healthy,.jpg,RGB,256,256,7727b6e4176328d458d91de6902be19e,Apple___healthy:::234
data\raw\apple\Apple___healthy\67bb4b6e-c398-42db-a269-7aa2e06fee3f___RS_HL 7610.JPG,Apple___healthy,Healthy,.jpg,RGB,256,256,f64d8c92a25099435835fe1ebde13d46,Apple___healthy:::178
data\raw\apple\Apple___healthy\6806c56d-b5d6-45fc-8e96-0d8def5932b9___RS_HL 5692.JPG,Apple___healthy,Healthy,.jpg,RGB,256,256,1dfcfb4504d10ef184f63085ff62d1c3,Soybean___healthy:::344
data\raw\apple\Apple___healthy\682b3d72-607f-404f-b9e8-48acc1574f41___RS_HL 7419.JPG,Apple___healthy,Healthy,.jpg,RGB,256,256,0fc1d945eb8d64c94e0f46ef49e29afa,Soybean___healthy:::497
data\raw\apple\Apple___healthy\686a65da-b541-4b08-94bf-631cf6d27449___RS_HL 7584.JPG,Apple___healthy,Healthy,.jpg,RGB,256,256,abb0ca1679d0211c3e489659f0f717ce,Apple___healthy:::174
data\raw\apple\Apple___healthy\686f612d-bb49-409a-8afa-0707481774fe___RS_HL 8184.JPG,Apple___healthy,Healthy,.jpg,RGB,256,256,fee3203f2a4ffc31278c624a52e21c31,Apple___healthy:::254
data\raw\apple\Apple___healthy\68812d5a-2b5d-4a89-b8de-f8f87422f321___RS_HL 6280.JPG,Apple___healthy,Healthy,.jpg,RGB,256,256,f27f0f39324a739be3286158857afa0c,Soybean___healthy:::400
data\raw\apple\Apple___healthy\688b1671-7399-46a1-b93e-53b11cf210f7___RS_HL 7842.JPG,Apple___healthy,Healthy,.jpg,RGB,256,256,3869cb2fd446b9c74780ca796a6b23fe,Apple___healthy:::209
data\raw\apple\Apple___healthy\68b064ad-fce1-4ab8-9c2c-82f49c4a5ee2___RS_HL 7993.JPG,Apple___healthy,Healthy,.jpg,RGB,256,256,bd69c1f12b8ffd833a7cc276557f6cd4,Apple___healthy:::230
data\raw\apple\Apple___healthy\68bec77e-3c62-4ea5-85e4-fa29068ebb34___RS_HL 7340.JPG,Apple___healthy,Healthy,.jpg,RGB,256,256,f292ffaaa66b54f54d9a87e2df640330,Soybean___healthy:::491
data\raw\apple\Apple___healthy\68d3346d-11c5-4ad7-ba09-2f616dde3848___RS_HL 7428.JPG,Apple___healthy,Healthy,.jpg,RGB,256,256,af9690d93e83d61c157a2842129533a8,Soybean___healthy:::498
data\raw\apple\Apple___healthy\68dd3ff0-d8d5-49a7-8813-46293114d967___RS_HL 7990.JPG,Apple___healthy,Healthy,.jpg,RGB,256,256,0889df9ff21a98690354e5f474d25c11,Apple___healthy:::229
data\raw\apple\Apple___healthy\68f559ea-dff3-43a8-a804-a491e5c4feb9___RS_HL 7909.JPG,Apple___healthy,Healthy,.jpg,RGB,256,256,00899d5b3ce64abc023b129c00d5bc41,Apple___healthy:::218
data\raw\apple\Apple___healthy\68fdb88e-755a-47c3-8e60-600533b8a53c___RS_HL 7780.JPG,Apple___healthy,Healthy,.jpg,RGB,256,256,4cbcd1a339e85d1c86904bf91b65b902,Apple___healthy:::201
data\raw\apple\Apple___healthy\68feaaac-b503-4202-99fb-2cb86ad427c3___RS_HL 7916.JPG,Apple___healthy,Healthy,.jpg,RGB,256,256,8b763350e63995eaeb3b421f203cdd3f,Apple___healthy:::219
data\raw\apple\Apple___healthy\69344270-ab7c-44c1-a395-03dfb984108a___RS_HL 5925.JPG,Apple___healthy,Healthy,.jpg,RGB,256,256,3142cebd35f594c41fd6c887530c2b2d,Soybean___healthy:::372
data\raw\apple\Apple___healthy\6935b4ee-4f53-4f11-b2bf-d9e7db6dcaa9___RS_HL 7253.JPG,Apple___healthy,Healthy,.jpg,RGB,256,256,6833f0accafe53b923c3d3c527e1f8f2,Soybean___healthy:::484
data\raw\apple\Apple___healthy\698bc8a2-cead-4946-8d9a-abe38760d1fb___RS_HL 5855.JPG,Apple___healthy,Healthy,.jpg,RGB,256,256,4ff75dd521e3080f355ef1e335aab596,Soybean___healthy:::367
data\raw\apple\Apple___healthy\6a2b2664-0e91-455c-8978-64c097631604___RS_HL 7808.JPG,Apple___healthy,Healthy,.jpg,RGB,256,256,40da7c35408377054881fe3b5904ba8f,Apple___healthy:::205
data\raw\apple\Apple___healthy\6a5ded2c-8123-4d42-86fe-7be3c9f268a1___RS_HL 6302.JPG,Apple___healthy,Healthy,.jpg,RGB,256,256,43daafe49bb74d6386dac665c59a9835,Soybean___healthy:::402
data\raw\apple\Apple___healthy\6aa4217e-6d45-4a3b-8804-99fe82bd8925___RS_HL 7627.JPG,Apple___healthy,Healthy,.jpg,RGB,256,256,620da87a36a4bfada42a064615c8a10d,Apple___healthy:::180
data\raw\apple\Apple___healthy\6acc4c43-8bc1-4a6e-a6d6-93474e9c8502___RS_HL 7654.JPG,Apple___healthy,Healthy,.jpg,RGB,256,256,f0f9bbf956d0b22a158e7b85b00e650e,Apple___healthy:::184
data\raw\apple\Apple___healthy\6b106a6f-b47f-40a3-8825-f7bfea6163d7___RS_HL 7905.JPG,Apple___healthy,Healthy,.jpg,RGB,256,256,2551fe8e75c480ac28f9af4537d40dce,Apple___healthy:::217
data\raw\apple\Apple___healthy\6b11324f-6b70-40d7-9cd2-f7d36b0c69cd___RS_HL 7431.JPG,Apple___healthy,Healthy,.jpg,RGB,256,256,efd3892db7afc45286434c85aafcf16f,Soybean___healthy:::498
data\raw\apple\Apple___healthy\6b1696f3-a455-4ac4-b5e4-2839681937fe___RS_HL 5867.JPG,Apple___healthy,Healthy,.jpg,RGB,256,256,b7c733554f54a00983930e7fc605927f,Soybean___healthy:::368
data\raw\apple\Apple___healthy\6bf1bcc0-0e98-4f3c-901d-ab8552f04fdd___RS_HL 7899.JPG,Apple___healthy,Healthy,.jpg,RGB,256,256,dd4bca47f4b0e5c1f897721c6a093eb2,Apple___healthy:::217
data\raw\apple\Apple___healthy\6c8764e8-c52e-421a-995d-dc3fdce8f40f___RS_HL 7380.JPG,Apple___healthy,Healthy,.jpg,RGB,256,256,8a8e19b46d6a4c09d89ac991927e058c,Soybean___healthy:::494
data\raw\apple\Apple___healthy\6d276438-7f26-4b65-b425-a18ce241ab04___RS_HL 6050.JPG,Apple___healthy,Healthy,.jpg,RGB,256,256,3fa9c00a8b604d0941e438fde238caa6,Soybean___healthy:::382
data\raw\apple\Apple___healthy\6d92d301-d0e2-4c46-8715-afa326a6d5d9___RS_HL 8193.JPG,Apple___healthy,Healthy,.jpg,RGB,256,256,1f0b1d5df4bdb41c352b2478155f6d18,Apple___healthy:::256
data\raw\apple\Apple___healthy\6dd6bf2b-b606-46fd-af76-6c9166c7d626___RS_HL 7276.JPG,Apple___healthy,Healthy,.jpg,RGB,256,256,6dfa86e01b1fc2aa457e419aa510b385,Soybean___healthy:::486
data\raw\apple\Apple___healthy\6dea065f-3b56-4372-a04a-ab6d20e47234___RS_HL 7453.JPG,Apple___healthy,Healthy,.jpg,RGB,256,256,b9820e2c50ac62f56d420e05f2a5979a,Soybean___healthy:::500
data\raw\apple\Apple___healthy\6e05d89e-4cb2-45bd-9800-f128ddbcdaa8___RS_HL 8127.JPG,Apple___healthy,Healthy,.jpg,RGB,256,256,170b0f597a820c5ca5e6164b5023885f,Apple___healthy:::246
data\raw\apple\Apple___healthy\6e158c4d-f39d-4667-9fb1-7ff184fd7288___RS_HL 6192.JPG,Apple___healthy,Healthy,.jpg,RGB,256,256,6c0dc2fb8b5c3099af894a42ba5d7b79,Soybean___healthy:::394
data\raw\apple\Apple___healthy\6e9b4ada-0f43-4de2-8e5d-463a3cb4da0f___RS_HL 7495.JPG,Apple___healthy,Healthy,.jpg,RGB,256,256,089af0294a17b8119fe70dd939c77a01,Soybean___healthy:::504
data\raw\apple\Apple___healthy\6f354ce6-6c55-4cf0-a63e-11f901af67d6___RS_HL 8103.JPG,Apple___healthy,Healthy,.jpg,RGB,256,256,1bf96fa1f236a893a96b6659f9662f7f,Apple___healthy:::244
data\raw\apple\Apple___healthy\6fb1530c-0b24-48df-b2f2-02a8498546ad___RS_HL 8168.JPG,Apple___healthy,Healthy,.jpg,RGB,256,256,319cf850720951972dd60036e870ead6,Apple___healthy:::252
data\raw\apple\Apple___healthy\6fdc92a4-12e5-43f3-8766-96f49075b59d___RS_HL 8015.JPG,Apple___healthy,Healthy,.jpg,RGB,256,256,34de1715c9aa4c4106d1bfee2ba2d153,Apple___healthy:::232
data\raw\apple\Apple___healthy\6fe99b1c-d402-4756-a21b-ff964b999adb___RS_HL 6253.JPG,Apple___healthy,Healthy,.jpg,RGB,256,256,46bf20a545d9d20a3b480d05dc121837,Soybean___healthy:::398
data\raw\apple\Apple___healthy\7007d57a-a05a-41b5-a80f-9fe33debaf1a___RS_HL 7354.JPG,Apple___healthy,Healthy,.jpg,RGB,256,256,5773909592641d3f68bb30cc42b5dcf5,Soybean___healthy:::492
data\raw\apple\Apple___healthy\70491e38-2a9e-4fb7-9ab5-dfa49d46b202___RS_HL 7758.JPG,Apple___healthy,Healthy,.jpg,RGB,256,256,11e26d8995c4986044929e447514ebd5,Apple___healthy:::198
data\raw\apple\Apple___healthy\705990f2-bc4f-4568-af0b-2f58bd3b51a0___RS_HL 7608.JPG,Apple___healthy,Healthy,.jpg,RGB,256,256,aab6d0cf2eb6020cb0d81713c0cb8db1,Apple___healthy:::178
data\raw\apple\Apple___healthy\707ef394-bd7d-463c-86b8-4a13464bc6e0___RS_HL 7555.JPG,Apple___healthy,Healthy,.jpg,RGB,256,256,f299407fd3f8a75522ca9c7adfbf1429,Soybean___healthy:::510
data\raw\apple\Apple___healthy\70b3a226-962d-4d2c-a6c0-31cb3d1eab4e___RS_HL 6189.JPG,Apple___healthy,Healthy,.jpg,RGB,256,256,9ff2e6c03566cd331119bf942d956417,Soybean___healthy:::393
data\raw\apple\Apple___healthy\70bfc07a-818d-44fd-bd98-fc779161abce___RS_HL 6105.JPG,Apple___healthy,Healthy,.jpg,RGB,256,256,4938b77a94a958f2d82cf1d21d2b1cd7,Soybean___healthy:::387
data\raw\apple\Apple___healthy\70e5bc17-eaff-43e3-b198-2658561b63b1___RS_HL 5866.JPG,Apple___healthy,Healthy,.jpg,RGB,256,256,da7aa8a89802e28afa4f94b0cdab008e,Soybean___healthy:::368
data\raw\apple\Apple___healthy\712b5957-4109-4ed4-a393-a6605ebe6c08___RS_HL 5750.JPG,Apple___healthy,Healthy,.jpg,RGB,256,256,d863be881879027425987ece8dd47fa1,Soybean___healthy:::355
data\raw\apple\Apple___healthy\715ddd59-a49f-42e1-8eed-2c3dd29677fd___RS_HL 5832.JPG,Apple___healthy,Healthy,.jpg,RGB,256,256,cac44df42639a0f2ddb22cb007a74bee,Apple___healthy:::32
data\raw\apple\Apple___healthy\71689ece-34cc-4210-ad88-23ee1d26dfde___RS_HL 7924.JPG,Apple___healthy,Healthy,.jpg,RGB,256,256,57de9d9a83425e4b23d227fb753d4496,Apple___healthy:::220
data\raw\apple\Apple___healthy\71757e95-73f9-4d07-b357-feb6b120f4fd___RS_HL 7280.JPG,Apple___healthy,Healthy,.jpg,RGB,256,256,031fd1fee28a1d309e3986de5af71a0e,Soybean___healthy:::486
data\raw\apple\Apple___healthy\71b2b307-ddd7-48bf-b904-4d1101c9fc4b___RS_HL 7755.JPG,Apple___healthy,Healthy,.jpg,RGB,256,256,d746eec989cf186453b67b5567b065db,Apple___healthy:::198
data\raw\apple\Apple___healthy\72053aee-f044-46c5-ab44-322e198c3f1d___RS_HL 7588.JPG,Apple___healthy,Healthy,.jpg,RGB,256,256,eed513e65339d9d65391dc695b8d6325,Apple___healthy:::175
data\raw\apple\Apple___healthy\72059689-4c66-4922-8702-1a8d1fef1594___RS_HL 7729.JPG,Apple___healthy,Healthy,.jpg,RGB,256,256,5947a03cef7c8a779c00eddb46c8f137,Apple___healthy:::194
data\raw\apple\Apple___healthy\720d9250-e209-42bd-8be8-c3ee3e2a057f___RS_HL 5869.JPG,Apple___healthy,Healthy,.jpg,RGB,256,256,960dc1947959ba5139b7ecacf7ec5fa8,Soybean___healthy:::368
data\raw\apple\Apple___healthy\7236c207-e185-4e16-ad82-77b1dde69e23___RS_HL 6173.JPG,Apple___healthy,Healthy,.jpg,RGB,256,256,726bb25625bdb1e8762497beba4be99f,Soybean___healthy:::392
data\raw\apple\Apple___healthy\723a658e-85ee-431c-bfe7-a411686bd528___RS_HL 6074.JPG,Apple___healthy,Healthy,.jpg,RGB,256,256,72c821758963501293075aa0b8aac6cb,Soybean___healthy:::384
data\raw\apple\Apple___healthy\725e9b8f-f55c-44ce-a0d8-7b6829f86630___RS_HL 7532.JPG,Apple___healthy,Healthy,.jpg,RGB,256,256,c46bee25d8887166e6cd615818a69015,Soybean___healthy:::508
data\raw\apple\Apple___healthy\725fe867-1075-471a-b69d-6553d1445216___RS_HL 6127.JPG,Apple___healthy,Healthy,.jpg,RGB,256,256,b4c9f07c905bce8c2aa9bdac277a31ed,Soybean___healthy:::389
data\raw\apple\Apple___healthy\726e185f-50c5-47f4-98cd-f1fd333f717b___RS_HL 5862.JPG,Apple___healthy,Healthy,.jpg,RGB,256,256,8869d8db5496825756a9ee33890de78f,Soybean___healthy:::367
data\raw\apple\Apple___healthy\72910301-856e-491d-b929-efdc81bb3eb5___RS_HL 5765.JPG,Apple___healthy,Healthy,.jpg,RGB,256,256,47209498d23b73f638cab65affc71187,Soybean___healthy:::357
data\raw\apple\Apple___healthy\72e2d888-0fd6-4bd0-be79-82715f062290___RS_HL 7621.JPG,Apple___healthy,Healthy,.jpg,RGB,256,256,43cb4c062ba914363678029ba9ad9a6a,Apple___healthy:::179
data\raw\apple\Apple___healthy\735b41f2-e433-4ca1-98eb-85b9af69a7bc___RS_HL 5879.JPG,Apple___healthy,Healthy,.jpg,RGB,256,256,82d5153d8831f129d6a9b25af29dafe6,Soybean___healthy:::369
data\raw\apple\Apple___healthy\73f042d4-5213-4618-9783-8ff76967cb75___RS_HL 7821.JPG,Apple___healthy,Healthy,.jpg,RGB,256,256,933d9a676a90114abc2faf273099871d,Apple___healthy:::206
data\raw\apple\Apple___healthy\741841f6-e95c-4206-ac05-c5cb98c7e7cd___RS_HL 5908.JPG,Apple___healthy,Healthy,.jpg,RGB,256,256,f552d2099dbcc28a48de7fcb5a990564,Soybean___healthy:::371
data\raw\apple\Apple___healthy\7450ae7f-41df-4afb-a9f5-6a4059d7a4a1___RS_HL 5818.JPG,Apple___healthy,Healthy,.jpg,RGB,256,256,f89cc79bc8936a91c72f938f88bcb676,Soybean___healthy:::367
data\raw\apple\Apple___healthy\74ac887b-9c88-44bc-8f94-a1da87ccb3ef___RS_HL 7715.JPG,Apple___healthy,Healthy,.jpg,RGB,256,256,5e8b3d5358a7a78602e481f245cb3663,Apple___healthy:::192
data\raw\apple\Apple___healthy\74bda678-63b6-44fb-8e8f-259788239618___RS_HL 5830.JPG,Apple___healthy,Healthy,.jpg,RGB,256,256,3114ce9ea49b2f8578df6c4b1d4d6437,Soybean___healthy:::367
data\raw\apple\Apple___healthy\74d4928f-5a36-4f9b-acbe-be50736d397d___RS_HL 8169.JPG,Apple___healthy,Healthy,.jpg,RGB,256,256,639c31f45e9fac39634cbdfe12778b0a,Apple___healthy:::252
data\raw\apple\Apple___healthy\74df20a6-770a-4ab4-87a6-7020c98bc329___RS_HL 8064.JPG,Apple___healthy,Healthy,.jpg,RGB,256,256,47d76a85867457d8208ab982812a9338,Apple___healthy:::239
data\raw\apple\Apple___healthy\74f7c545-de83-473d-82de-1e8c89fd975a___RS_HL 8172.JPG,Apple___healthy,Healthy,.jpg,RGB,256,256,d70ae61aef1556f088ef1596f195a9a7,Apple___healthy:::253
data\raw\apple\Apple___healthy\74fa2964-1307-4b24-8361-0145f7f7f371___RS_HL 5919.JPG,Apple___healthy,Healthy,.jpg,RGB,256,256,5d3e5720aa97c6e7f2d16f1d90ed56ee,Soybean___healthy:::372
data\raw\apple\Apple___healthy\7519aef6-3f42-4dd9-8e9e-f3eced492298___RS_HL 5863.JPG,Apple___healthy,Healthy,.jpg,RGB,256,256,de12ff49cb957a801dfb36b906f6d712,Soybean___healthy:::367
data\raw\apple\Apple___healthy\752c8f77-8b65-46df-886f-e95346e7856f___RS_HL 5705.JPG,Apple___healthy,Healthy,.jpg,RGB,256,256,0bee71c7f6e22ef949deb822c4f43874,Soybean___healthy:::346
data\raw\apple\Apple___healthy\753a02e9-3624-4692-a0c9-ccb78c8f916b___RS_HL 5782.JPG,Apple___healthy,Healthy,.jpg,RGB,256,256,9da8c614715172ec8db3b3f02d79e75e,Soybean___healthy:::360
data\raw\apple\Apple___healthy\7569e8c8-96c8-4d87-8bcd-139566dd4d87___RS_HL 5763.JPG,Apple___healthy,Healthy,.jpg,RGB,256,256,a0fd7d1e03d839346d20bdde6a5cfeb1,Soybean___healthy:::357
data\raw\apple\Apple___healthy\75872668-0901-4fe5-a995-80d0b0caee1c___RS_HL 8130.JPG,Apple___healthy,Healthy,.jpg,RGB,256,256,0b882ac2b8ed8d1f0913d601922eea01,Apple___healthy:::247
data\raw\apple\Apple___healthy\75ab3bb8-40ec-4292-9c61-deaa6fcf71f0___RS_HL 8054.JPG,Apple___healthy,Healthy,.jpg,RGB,256,256,af08e9ecb5fd168e4550b4c843e1befe,Apple___healthy:::237
data\raw\apple\Apple___healthy\75b7a5bc-e419-4312-b5d9-6c3446a24ef4___RS_HL 6079.JPG,Apple___healthy,Healthy,.jpg,RGB,256,256,387bd9a0f03bb2847cbff9feae1e77d4,Soybean___healthy:::385
data\raw\apple\Apple___healthy\75bc8098-3ccc-4cc5-aff0-ce68b4fa2b82___RS_HL 7845.JPG,Apple___healthy,Healthy,.jpg,RGB,256,256,99c64861d573903a791a90d093a584d2,Apple___healthy:::210
data\raw\apple\Apple___healthy\76236e9c-1898-475e-b0f6-0d535e105432___RS_HL 7702.JPG,Apple___healthy,Healthy,.jpg,RGB,256,256,58683f823dd92e54b5517ce0b6e15e64,Apple___healthy:::191
data\raw\apple\Apple___healthy\76367d84-6702-4ef7-84f1-fe308315d04d___RS_HL 5967.JPG,Apple___healthy,Healthy,.jpg,RGB,256,256,6eacc3ee9bb733caea7768ae3edee550,Soybean___healthy:::376
data\raw\apple\Apple___healthy\764614d4-c19d-4dac-ba69-e2aced0900aa___RS_HL 7546.JPG,Apple___healthy,Healthy,.jpg,RGB,256,256,26f1e52cb3ed0e8cfb9f042b98259bad,Soybean___healthy:::509
data\raw\apple\Apple___healthy\76598665-5f8b-4e6e-86c4-36d528385387___RS_HL 6312.JPG,Apple___healthy,Healthy,.jpg,RGB,256,256,b3335a07215db2887395d8742d7b280e,Soybean___healthy:::403
data\raw\apple\Apple___healthy\7671e6ca-f9a9-4657-a96a-1bcf0df3abe7___RS_HL 6231.JPG,Apple___healthy,Healthy,.jpg,RGB,256,256,bbc52a8aa67814a41ae8be4f04f9764d,Soybean___healthy:::397
data\raw\apple\Apple___healthy\768f1904-8365-4d72-aa84-87d9f09ef2d5___RS_HL 7937.JPG,Apple___healthy,Healthy,.jpg,RGB,256,256,a1a86e6b4d69c727b269877d442613b5,Apple___healthy:::222
data\raw\apple\Apple___healthy\76c0783e-5e1a-4a25-8371-9e7ef2a8c9d7___RS_HL 7465.JPG,Apple___healthy,Healthy,.jpg,RGB,256,256,c510ca403ab983645e6a669c7b791fa1,Soybean___healthy:::501
data\raw\apple\Apple___healthy\77004cfa-f435-49af-8435-7986927228ca___RS_HL 7609.JPG,Apple___healthy,Healthy,.jpg,RGB,256,256,db95be1ba8d057d936bd33627676cd29,Apple___healthy:::178
data\raw\apple\Apple___healthy\7703726c-19ce-4e3a-a921-1a84161b12d0___RS_HL 8174.JPG,Apple___healthy,Healthy,.jpg,RGB,256,256,b7fa02d216856cae177162ad2d203294,Apple___healthy:::253
data\raw\apple\Apple___healthy\7710d64d-83a3-46af-a9ff-535dd225523f___RS_HL 5788.JPG,Apple___healthy,Healthy,.jpg,RGB,256,256,2d52c898e281b467089a6eb590081385,Soybean___healthy:::363
data\raw\apple\Apple___healthy\77273304-be77-4b74-a4ed-cd42826f4635___RS_HL 8178.JPG,Apple___healthy,Healthy,.jpg,RGB,256,256,082d08389cb27786907cd2b399207246,Apple___healthy:::253
data\raw\apple\Apple___healthy\772e7314-c24e-4126-aa12-224b27098319___RS_HL 5663.JPG,Apple___healthy,Healthy,.jpg,RGB,256,256,89b80a486ce81f4aa813628e8872a5df,Soybean___healthy:::339
data\raw\apple\Apple___healthy\7771f894-0889-44fc-93dc-0e0c1162a5e8___RS_HL 7870.JPG,Apple___healthy,Healthy,.jpg,RGB,256,256,f28451a24f892f642feb95e91b6ac414,Apple___healthy:::213
data\raw\apple\Apple___healthy\777d6fd1-feb3-4dac-afa7-79b507d48ffa___RS_HL 5859.JPG,Apple___healthy,Healthy,.jpg,RGB,256,256,ba30ac1f0bf1c24b56ae16a06b61349c,Soybean___healthy:::367
data\raw\apple\Apple___healthy\77a54591-ab85-4b5e-8341-62e599a9fc6f___RS_HL 8011.JPG,Apple___healthy,Healthy,.jpg,RGB,256,256,5e91c51fbcbe9348578b803cb842e3b1,Apple___healthy:::232
data\raw\apple\Apple___healthy\77b48eb5-7237-460f-8751-cfb231c917a7___RS_HL 7687.JPG,Apple___healthy,Healthy,.jpg,RGB,256,256,a44de2e8ac7d92bee730c160eaa9376a,Apple___healthy:::189
data\raw\apple\Apple___healthy\77b8d24a-27e6-410e-97ef-faacc60c5a10___RS_HL 5831.JPG,Apple___healthy,Healthy,.jpg,RGB,256,256,a8eaa2776605054518f79db106df6d98,Soybean___healthy:::368
data\raw\apple\Apple___healthy\77c943f7-afbd-4d41-a40a-9e05a2600fbc___RS_HL 7475.JPG,Apple___healthy,Healthy,.jpg,RGB,256,256,742ea177e41e68cd9ee04b7e11cb83c6,Soybean___healthy:::502
data\raw\apple\Apple___healthy\77ce37f4-d184-4798-87e9-57f7ca0d9536___RS_HL 6017.JPG,Apple___healthy,Healthy,.jpg,RGB,256,256,1f23dc30e5d442ab5280e61d02ead7e5,Soybean___healthy:::380
data\raw\apple\Apple___healthy\77dcceb4-6a47-42b6-837a-0b60999cd2d1___RS_HL 7471.JPG,Apple___healthy,Healthy,.jpg,RGB,256,256,c8d343ca7d84b9a605336a15fd5fdd7a,Soybean___healthy:::502
data\raw\apple\Apple___healthy\7804bbbb-77aa-4556-ba93-a47fed2eb008___RS_HL 6159.JPG,Apple___healthy,Healthy,.jpg,RGB,256,256,b1145c7ea69cfb453d6431f1be820128,Soybean___healthy:::392
data\raw\apple\Apple___healthy\782b4257-75e0-46c4-8cf0-bae4f9895da6___RS_HL 7969.JPG,Apple___healthy,Healthy,.jpg,RGB,256,256,533ff28c1862b3b36020f154cafeea73,Apple___healthy:::226
data\raw\apple\Apple___healthy\78308303-e9ca-4cc5-861a-9a7d8017bdad___RS_HL 6176.JPG,Apple___healthy,Healthy,.jpg,RGB,256,256,3a1be80d1e04ea25bd2a612c265a491f,Soybean___healthy:::392
data\raw\apple\Apple___healthy\7842bd80-8940-4bc3-a3b0-baebe47b6451___RS_HL 5955.JPG,Apple___healthy,Healthy,.jpg,RGB,256,256,a14be288d3a1efe1c60eb666e78f1c46,Soybean___healthy:::375
data\raw\apple\Apple___healthy\786696fd-ef1f-4e75-9ddd-250b628d9fe3___RS_HL 6199.JPG,Apple___healthy,Healthy,.jpg,RGB,256,256,3b2c1e4f9e2a5afb6f59a4cb3f6e87ce,Soybean___healthy:::394
data\raw\apple\Apple___healthy\7873b55d-17cc-4d91-8914-e2473d18b766___RS_HL 8067.JPG,Apple___healthy,Healthy,.jpg,RGB,256,256,7940cc2fb3b4c8e6a6d4733289e66e49,Apple___healthy:::239
data\raw\apple\Apple___healthy\78e648c6-a360-4fa8-b8ab-1225b164b7fd___RS_HL 7243.JPG,Apple___healthy,Healthy,.jpg,RGB,256,256,788ea3b2fae18d0a9bcd40cf27a614a4,Soybean___healthy:::483
data\raw\apple\Apple___healthy\792beb2d-d492-4a19-aa08-412963b87fc7___RS_HL 6314.JPG,Apple___healthy,Healthy,.jpg,RGB,256,256,1352b43de2e5ae24b57b4dac2c383620,Soybean___healthy:::403
data\raw\apple\Apple___healthy\79d597cf-e046-4b0e-b489-a9d24b3a8f8e___RS_HL 8014.JPG,Apple___healthy,Healthy,.jpg,RGB,256,256,35128e4d42d4505034b83ede0684b263,Apple___healthy:::232
data\raw\apple\Apple___healthy\7a13d83d-7511-41c5-9fd5-9fd18d3cf3b1___RS_HL 5685.JPG,Apple___healthy,Healthy,.jpg,RGB,256,256,d81a9f9f839df7b55b3a5d78767eb1b3,Soybean___healthy:::344
data\raw\apple\Apple___healthy\7a193736-ff69-4887-8cd6-44e4639de68f___RS_HL 5996.JPG,Apple___healthy,Healthy,.jpg,RGB,256,256,7ab4b44cf15d2c03a81049857e53f394,Soybean___healthy:::377
data\raw\apple\Apple___healthy\7a4ee5b1-1dff-4719-a2be-e5b1674ac63d___RS_HL 6162.JPG,Apple___healthy,Healthy,.jpg,RGB,256,256,fd67a474cceb39611cac669fca2ff82d,Soybean___healthy:::392
data\raw\apple\Apple___healthy\7a56c531-cfa6-43c7-8241-dddf921f39d4___RS_HL 6240.JPG,Apple___healthy,Healthy,.jpg,RGB,256,256,8d903d2787522eb9647b9c4ddaf7dab9,Soybean___healthy:::397
data\raw\apple\Apple___healthy\7a5ad785-c05e-49bd-b1e0-4d9405bedfb5___RS_HL 7804.JPG,Apple___healthy,Healthy,.jpg,RGB,256,256,99cc5bdcbae3d0444f6f8e6e1ac777a6,Apple___healthy:::204
data\raw\apple\Apple___healthy\7a95ed03-478d-4410-804f-1bab389d5f77___RS_HL 7678.JPG,Apple___healthy,Healthy,.jpg,RGB,256,256,4ae33326218dc68091b59f381c80a347,Apple___healthy:::188
data\raw\apple\Apple___healthy\7ac83dd1-c411-4348-82d9-f59abcf75924___RS_HL 7245.JPG,Apple___healthy,Healthy,.jpg,RGB,256,256,073cfc21539156232c9d4fbcfc4a3316,Soybean___healthy:::484
data\raw\apple\Apple___healthy\7b0dc46f-4bfd-4329-85a3-06db12434d3a___RS_HL 7603.JPG,Apple___healthy,Healthy,.jpg,RGB,256,256,d19499560f24b8c971ad1a2e9c72c291,Apple___healthy:::177
data\raw\apple\Apple___healthy\7b236824-defb-40ae-8f83-76c00cf8b822___RS_HL 6222.JPG,Apple___healthy,Healthy,.jpg,RGB,256,256,de00bdd3226f5a03f7af839861a938cb,Soybean___healthy:::396
data\raw\apple\Apple___healthy\7b2e642b-cf2d-4154-b986-b7be01f215f5___RS_HL 7839.JPG,Apple___healthy,Healthy,.jpg,RGB,256,256,f62ac97b368ebd59c337a67ef189a8ee,Apple___healthy:::209
data\raw\apple\Apple___healthy\7b5603c7-76c7-4b94-9c7a-5db00fb8581d___RS_HL 6064.JPG,Apple___healthy,Healthy,.jpg,RGB,256,256,3509e1c58f7123b80633f34219cc3ca1,Soybean___healthy:::384
data\raw\apple\Apple___healthy\7b7dde04-2c9d-47da-9b22-dc356a851810___RS_HL 5722.JPG,Apple___healthy,Healthy,.jpg,RGB,256,256,f24d5cee234e3b2e81ac30e3f6c0565c,Soybean___healthy:::349
data\raw\apple\Apple___healthy\7be4cfca-8984-4624-ac7e-94d19aa2e5fe___RS_HL 7656.JPG,Apple___healthy,Healthy,.jpg,RGB,256,256,ec4d10f165eb8cd647041f43c6136e9e,Apple___healthy:::184
data\raw\apple\Apple___healthy\7bf0ddc7-fa85-442b-859b-486b087a4641___RS_HL 5837.JPG,Apple___healthy,Healthy,.jpg,RGB,256,256,beaac18d0c74a38901488305ec763528,Soybean___healthy:::368
data\raw\apple\Apple___healthy\7bf79f19-bb50-44cd-b8d5-0b4d6794689b___RS_HL 7989.JPG,Apple___healthy,Healthy,.jpg,RGB,256,256,7c91c9e6a30c28dd682c673bcafb9ba8,Apple___healthy:::229
data\raw\apple\Apple___healthy\7c1289d0-4fe5-478c-a9f4-5d94b461d7bf___RS_HL 7970.JPG,Apple___healthy,Healthy,.jpg,RGB,256,256,fa99e3e01ff6d954aff2686a491d62ce,Apple___healthy:::226
data\raw\apple\Apple___healthy\7c2adcd0-fa59-4181-8abf-3840a445c786___RS_HL 7690.JPG,Apple___healthy,Healthy,.jpg,RGB,256,256,a63098a038392535f64cdba1e34c944e,Apple___healthy:::189
data\raw\apple\Apple___healthy\7c388477-2953-4b3d-8f22-7f9eed5fff5c___RS_HL 7527.JPG,Apple___healthy,Healthy,.jpg,RGB,256,256,5af0a6746adc26d1a2e01fb72b17fdf6,Soybean___healthy:::507
data\raw\apple\Apple___healthy\7c5e4508-64ba-4b06-8a5b-6d0147280d88___RS_HL 7577.JPG,Apple___healthy,Healthy,.jpg,RGB,256,256,9b8c0acf6055402318fc2d9743d4958e,Apple___healthy:::173
data\raw\apple\Apple___healthy\7cbd343b-9af0-47cb-9aa5-e19e675b3057___RS_HL 7265.JPG,Apple___healthy,Healthy,.jpg,RGB,256,256,87d410a38fc21a36c9f1a7ad22c77569,Soybean___healthy:::485
data\raw\apple\Apple___healthy\7ccedff8-c997-40f4-bcd6-50e43a783389___RS_HL 7936.JPG,Apple___healthy,Healthy,.jpg,RGB,256,256,647797a1a92333b2d326f74193fadb02,Apple___healthy:::221
data\raw\apple\Apple___healthy\7d9eb65f-be86-4516-b239-cbf856aa5ed4___RS_HL 6110.JPG,Apple___healthy,Healthy,.jpg,RGB,256,256,87394d8903cfac22b11d6ddbbde39681,Soybean___healthy:::387
data\raw\apple\Apple___healthy\7dd45aba-e6cc-4ef9-a52c-5223c2e6b0ea___RS_HL 5877.JPG,Apple___healthy,Healthy,.jpg,RGB,256,256,51c01279bcc71cb62c7ef03f33cd56fe,Soybean___healthy:::368
data\raw\apple\Apple___healthy\7de88302-023d-4979-ad91-88cb5c02f14b___RS_HL 7255.JPG,Apple___healthy,Healthy,.jpg,RGB,256,256,e125e87d29e09e407416ba14dd73ba7a,Soybean___healthy:::484
data\raw\apple\Apple___healthy\7e2b569c-2eb5-4f4e-af96-e4cde4971634___RS_HL 6136.JPG,Apple___healthy,Healthy,.jpg,RGB,256,256,239adbe69d3114c70413816d8f54f4b6,Soybean___healthy:::389
data\raw\apple\Apple___healthy\7e502244-9105-4931-abde-46f8f7993fd7___RS_HL 7745.JPG,Apple___healthy,Healthy,.jpg,RGB,256,256,cd50160926927284bba6faf56addde7a,Apple___healthy:::196
data\raw\apple\Apple___healthy\7e582ef9-de24-4f2d-bfd7-a9c79dd4fb1f___RS_HL 5881.JPG,Apple___healthy,Healthy,.jpg,RGB,256,256,8bea4615df20e6d41ecf7cc6f4782c81,Soybean___healthy:::369
data\raw\apple\Apple___healthy\7e721779-b328-4c32-ad15-889743f9846a___RS_HL 7832.JPG,Apple___healthy,Healthy,.jpg,RGB,256,256,f8b28eae52496ea449e9a77205b2bc45,Apple___healthy:::208
data\raw\apple\Apple___healthy\7ea27d6d-f7a0-44b3-b6a2-f24455deb48b___RS_HL 7589.JPG,Apple___healthy,Healthy,.jpg,RGB,256,256,0d980ec4dde1210c5a4f53c5c3b706e4,Apple___healthy:::175
data\raw\apple\Apple___healthy\7ecec5dd-4dc9-4f1f-809c-4884d627a9e2___RS_HL 7467.JPG,Apple___healthy,Healthy,.jpg,RGB,256,256,ad2bfa8c22f4f4943e6cf6bdc26e4eef,Soybean___healthy:::502
data\raw\apple\Apple___healthy\7f06e481-8f9a-47cd-860a-8fea5b81fe9b___RS_HL 6193.JPG,Apple___healthy,Healthy,.jpg,RGB,256,256,67393bf54b0373734004a5394562ce71,Soybean___healthy:::394
data\raw\apple\Apple___healthy\7f447118-8a9c-4e77-8333-d411d1124c7f___RS_HL 5849.JPG,Apple___healthy,Healthy,.jpg,RGB,256,256,9638407d4c19901b754fd731102efc86,Soybean___healthy:::367
data\raw\apple\Apple___healthy\7f7a6126-8b21-49fd-8880-25ffd0234302___RS_HL 6027.JPG,Apple___healthy,Healthy,.jpg,RGB,256,256,21cc53e51d3e2f3a75f73897d3e0cb5d,Soybean___healthy:::381
data\raw\apple\Apple___healthy\80089e7a-4c0c-492b-ac23-753be3617cbf___RS_HL 6099.JPG,Apple___healthy,Healthy,.jpg,RGB,256,256,325f9807cd2c9e995dbad1190f09854a,Soybean___healthy:::386
data\raw\apple\Apple___healthy\801956aa-445e-4bb8-90bb-49dcea55c679___RS_HL 5865.JPG,Apple___healthy,Healthy,.jpg,RGB,256,256,caf33d47daa9ef40a56099a338885aa6,Soybean___healthy:::367
data\raw\apple\Apple___healthy\801b694b-8412-4e4d-96f7-98b42e3fe214___RS_HL 7494.JPG,Apple___healthy,Healthy,.jpg,RGB,256,256,6f5e176a2962a519586197fcfafb4467,Soybean___healthy:::504
data\raw\apple\Apple___healthy\801feab6-e225-4ce5-8bf0-6fb44a767045___RS_HL 7723.JPG,Apple___healthy,Healthy,.jpg,RGB,256,256,c338a3cdeb2986291ccbe82527773eac,Apple___healthy:::193
data\raw\apple\Apple___healthy\80392195-3a5e-4331-b824-5cd0e2dcc69d___RS_HL 5987.JPG,Apple___healthy,Healthy,.jpg,RGB,256,256,5bc650bb492f2897c71a99d0a5d14313,Soybean___healthy:::377
data\raw\apple\Apple___healthy\803fcf75-7e13-45a8-bb3d-352140702555___RS_HL 5677.JPG,Apple___healthy,Healthy,.jpg,RGB,256,256,7cd72c53a5f84a860d3adb00a5660a9a,Soybean___healthy:::342
data\raw\apple\Apple___healthy\8042447f-f615-4683-b8fc-267e746a4744___RS_HL 7820.JPG,Apple___healthy,Healthy,.jpg,RGB,256,256,17db0a377b2ff5b602e3a4ddbdf376af,Apple___healthy:::206
data\raw\apple\Apple___healthy\8098a8fe-6a51-485f-ab92-97350982e651___RS_HL 7474.JPG,Apple___healthy,Healthy,.jpg,RGB,256,256,5cf50e8057da0931991a7f38c8045f9e,Soybean___healthy:::502
data\raw\apple\Apple___healthy\80b2c0f7-a3fe-40d9-904d-0d78ac00e35f___RS_HL 7883.JPG,Apple___healthy,Healthy,.jpg,RGB,256,256,d306c5d49a12c32dea0f46c2f263d599,Apple___healthy:::215
data\raw\apple\Apple___healthy\8130bd33-0680-4140-84c5-85f11c6c34ff___RS_HL 7397.JPG,Apple___healthy,Healthy,.jpg,RGB,256,256,163ff32ba5672957342d01009146e7c1,Soybean___healthy:::496
data\raw\apple\Apple___healthy\813a99b0-5df6-49cc-bd36-7910e0cb8912___RS_HL 7932.JPG,Apple___healthy,Healthy,.jpg,RGB,256,256,d49796b78368f93c3ba543334ffcb92f,Apple___healthy:::221
data\raw\apple\Apple___healthy\8159ee63-0c79-4987-8d1d-42471d4e8b90___RS_HL 7508.JPG,Apple___healthy,Healthy,.jpg,RGB,256,256,8145240789d9739daa3b2cd4f02d1d96,Soybean___healthy:::505
data\raw\apple\Apple___healthy\81666301-0038-450d-bd14-36d069f4f30a___RS_HL 7696.JPG,Apple___healthy,Healthy,.jpg,RGB,256,256,353ed27ef347831b0b1e71a4800e7956,Apple___healthy:::190
data\raw\apple\Apple___healthy\817ae6f2-7f72-457f-889a-6cddeaf0945e___RS_HL 7674.JPG,Apple___healthy,Healthy,.jpg,RGB,256,256,b69d2719a88f2e74588a29887980b8b5,Apple___healthy:::187
data\raw\apple\Apple___healthy\818082df-492c-4c5e-a3bb-a3153818d816___RS_HL 7319.JPG,Apple___healthy,Healthy,.jpg,RGB,256,256,b93bac5efeed9a70856c555e6fba7095,Soybean___healthy:::490
data\raw\apple\Apple___healthy\818854a8-1153-49bb-8981-8c6e5f34fbbe___RS_HL 8089.JPG,Apple___healthy,Healthy,.jpg,RGB,256,256,c6d15a10d83f1ac062d310ad38d9bd73,Apple___healthy:::242
data\raw\apple\Apple___healthy\81bf7931-e6d7-4f6d-aae5-9de7d0c4ae33___RS_HL 7893.JPG,Apple___healthy,Healthy,.jpg,RGB,256,256,6dd3711f069759a5b2304a255765be00,Apple___healthy:::216
data\raw\apple\Apple___healthy\81dd861f-5c83-41f3-8aa2-2abbb94ed9f5___RS_HL 7325.JPG,Apple___healthy,Healthy,.jpg,RGB,256,256,7f08945a30bfb28a9e825d562bf6e51c,Soybean___healthy:::490
data\raw\apple\Apple___healthy\8201f21f-cd54-4ff6-9fc7-f3e97b0a8b42___RS_HL 8077.JPG,Apple___healthy,Healthy,.jpg,RGB,256,256,db90e9baccf2fa01ae203a9344424a2c,Apple___healthy:::240
data\raw\apple\Apple___healthy\826bd506-04f2-424d-89da-7fe6ad6926b2___RS_HL 5757.JPG,Apple___healthy,Healthy,.jpg,RGB,256,256,8e6c2736c4ac599b024bf4eba89fed92,Soybean___healthy:::357
data\raw\apple\Apple___healthy\828a6b50-e2fb-4e63-a595-556aa41d43a7___RS_HL 6250.JPG,Apple___healthy,Healthy,.jpg,RGB,256,256,3463f5bdba2ff775379a89481e4c1ffa,Soybean___healthy:::398
data\raw\apple\Apple___healthy\8293f7a8-cfde-4dea-be03-8d750b133e30___RS_HL 7440.JPG,Apple___healthy,Healthy,.jpg,RGB,256,256,ca6f0211afcda6480d516fd67e8a0bbf,Soybean___healthy:::499
data\raw\apple\Apple___healthy\82aeb30f-575f-46d5-b653-408c3cf5e553___RS_HL 7566.JPG,Apple___healthy,Healthy,.jpg,RGB,256,256,431c81e2eee28db3bdf7ec9ba1e82664,Apple___healthy:::172
data\raw\apple\Apple___healthy\82d55fb4-a8df-439a-9935-5e5f72b05383___RS_HL 6107.JPG,Apple___healthy,Healthy,.jpg,RGB,256,256,2d984b9aa293d417ad1c815366ab0dee,Soybean___healthy:::387
data\raw\apple\Apple___healthy\82fa759f-dfdd-40ee-98df-ed232a081ab1___RS_HL 7629.JPG,Apple___healthy,Healthy,.jpg,RGB,256,256,70ae69bb8366828d36fd4529df2fc028,Apple___healthy:::180
data\raw\apple\Apple___healthy\831c37a3-44c3-4f1e-9fa2-4c10551809d2___RS_HL 6108.JPG,Apple___healthy,Healthy,.jpg,RGB,256,256,ed9ec3da24b4cc5a50f316a20fca3caa,Soybean___healthy:::387
data\raw\apple\Apple___healthy\83636c4e-c4f1-47c4-81e8-0bcf7bac8995___RS_HL 5730.JPG,Apple___healthy,Healthy,.jpg,RGB,256,256,11adf51380a706cbe7d748512af361e2,Soybean___healthy:::352
data\raw\apple\Apple___healthy\836734c2-f568-4b02-896e-9a6bca89404f___RS_HL 7900.JPG,Apple___healthy,Healthy,.jpg,RGB,256,256,47cac100f4272c9df34dc9ac11e743c0,Apple___healthy:::217
data\raw\apple\Apple___healthy\83849d18-49c5-412b-91c5-3fe882335e88___RS_HL 7840.JPG,Apple___healthy,Healthy,.jpg,RGB,256,256,3070cea59d3c3268f2aa00981210edc6,Apple___healthy:::209
data\raw\apple\Apple___healthy\83d1ec74-db00-407e-ac1e-3cbb77d381e7___RS_HL 8102.JPG,Apple___healthy,Healthy,.jpg,RGB,256,256,357e5cc4e72318c8d7c860dce098dd4f,Apple___healthy:::244
data\raw\apple\Apple___healthy\83e52e5f-0192-4cf9-b513-651040367ed8___RS_HL 7320.JPG,Apple___healthy,Healthy,.jpg,RGB,256,256,ff2c6578a535842e024b695d961b158d,Soybean___healthy:::490
data\raw\apple\Apple___healthy\844a6049-175e-4f5b-bdf4-142866cf0bc8___RS_HL 8022.JPG,Apple___healthy,Healthy,.jpg,RGB,256,256,d351bfa9b8ace11c6a4ae063bb459bd2,Apple___healthy:::233
data\raw\apple\Apple___healthy\8471f2db-6c5c-4aba-9ea4-0eea99121f19___RS_HL 5641.JPG,Apple___healthy,Healthy,.jpg,RGB,256,256,30c0b4ea78c0aa39d3f254c8904b222a,Soybean___healthy:::336
data\raw\apple\Apple___healthy\84bfff51-9aa5-4e6f-8798-5c5b14baa7a6___RS_HL 7549.JPG,Apple___healthy,Healthy,.jpg,RGB,256,256,aa8d89618c34bbb01bf547fd47192f52,Soybean___healthy:::510
data\raw\apple\Apple___healthy\84d6003b-3195-49cb-9831-861d9dc5b2cd___RS_HL 8041.JPG,Apple___healthy,Healthy,.jpg,RGB,256,256,537f4f14d2272ff14a4627842a8fd2d3,Apple___healthy:::236
data\raw\apple\Apple___healthy\84ed8ffd-a47f-4b52-befa-938a10012a4c___RS_HL 6135.JPG,Apple___healthy,Healthy,.jpg,RGB,256,256,126ee3f8b3f9d822be2b33e08873d462,Soybean___healthy:::389
data\raw\apple\Apple___healthy\8516ac47-c297-4943-9ac1-a10f26e9101c___RS_HL 6094.JPG,Apple___healthy,Healthy,.jpg,RGB,256,256,eb7e53715264c484cc3f63e20038631f,Soybean___healthy:::386
data\raw\apple\Apple___healthy\8536327d-1f21-4599-a587-c75b3ae576e4___RS_HL 5746.JPG,Apple___healthy,Healthy,.jpg,RGB,256,256,2a6099b54e22f4c6c289a024b50985e5,Soybean___healthy:::355
data\raw\apple\Apple___healthy\8558ed98-6e99-4d7e-98e1-9437bd4d2382___RS_HL 5766.JPG,Apple___healthy,Healthy,.jpg,RGB,256,256,ff1dedf585a335858de1650aa35577f1,Soybean___healthy:::357
data\raw\apple\Apple___healthy\857365c4-b60a-465e-8a86-101530c9e83d___RS_HL 5894.JPG,Apple___healthy,Healthy,.jpg,RGB,256,256,2ac329b8b7b5881aaafd9cebb27a849e,Soybean___healthy:::370
data\raw\apple\Apple___healthy\857684fb-c4a3-43a4-ad47-da0058b403cd___RS_HL 8053.JPG,Apple___healthy,Healthy,.jpg,RGB,256,256,683e9e40b3845ee360e0a9c18ea510f5,Apple___healthy:::237
data\raw\apple\Apple___healthy\85ebf3f6-11f4-45df-ac16-bd04b355cb31___RS_HL 5991.JPG,Apple___healthy,Healthy,.jpg,RGB,256,256,edc8e4f3b9115d13486ea2612d493e2e,Soybean___healthy:::377
data\raw\apple\Apple___healthy\862f3f9e-e9b4-4cd1-9810-832f6bf1d285___RS_HL 7879.JPG,Apple___healthy,Healthy,.jpg,RGB,256,256,ee173f204b5b77f6346c81bf25f86d21,Apple___healthy:::214
data\raw\apple\Apple___healthy\8656f9ff-3a95-4350-af32-82ed2fbff533___RS_HL 7976.JPG,Apple___healthy,Healthy,.jpg,RGB,256,256,8c3076eed98788f193bf82f66e5cb4b7,Apple___healthy:::227
data\raw\apple\Apple___healthy\8673df90-01fb-4dde-9510-6743bfefb367___RS_HL 6069.JPG,Apple___healthy,Healthy,.jpg,RGB,256,256,c8fd55642057a40eb19fb7fc7f720a2b,Soybean___healthy:::384
data\raw\apple\Apple___healthy\86abe4bd-80fd-4a65-ba6f-fd48e6d51119___RS_HL 6251.JPG,Apple___healthy,Healthy,.jpg,RGB,256,256,d9fae4ad9a080878f09c71a701bcd4b7,Soybean___healthy:::398
data\raw\apple\Apple___healthy\86bbe500-5e1b-4212-9c9d-eb324af1236b___RS_HL 7413.JPG,Apple___healthy,Healthy,.jpg,RGB,256,256,e3b9a35c071e65a41aa7a2543b6991d6,Soybean___healthy:::497
data\raw\apple\Apple___healthy\86e79f38-1fcf-4581-945d-5a28ed6d6852___RS_HL 7391.JPG,Apple___healthy,Healthy,.jpg,RGB,256,256,70b574870cc5d109a8645f3c2fb18b1b,Soybean___healthy:::495
data\raw\apple\Apple___healthy\86f3c6c0-3038-45dc-9307-3f548f20b74b___RS_HL 6318.JPG,Apple___healthy,Healthy,.jpg,RGB,256,256,ec2bf4db6168026e69dcc6d27868cb1d,Soybean___healthy:::404
data\raw\apple\Apple___healthy\86f6b322-e7af-4d91-b0c3-c5c6d6336fa5___RS_HL 7422.JPG,Apple___healthy,Healthy,.jpg,RGB,256,256,fc268149789f969983b3dd4a346038c0,Soybean___healthy:::497
data\raw\apple\Apple___healthy\8704d8b7-1368-441a-bad0-9f05b1cb6e7b___RS_HL 7623.JPG,Apple___healthy,Healthy,.jpg,RGB,256,256,5e30aec67714f1de686892fcd8aec2f3,Apple___healthy:::179
data\raw\apple\Apple___healthy\871420e0-e5de-40c7-a79c-a17fe1781f8e___RS_HL 7444.JPG,Apple___healthy,Healthy,.jpg,RGB,256,256,a64fab29ea4a04b53e9f0e454dc8094b,Soybean___healthy:::500
data\raw\apple\Apple___healthy\872f47c5-4779-4ebc-8102-ee38e695f0d3___RS_HL 7943.JPG,Apple___healthy,Healthy,.jpg,RGB,256,256,2a9f24e9dc2941e47d1bbbfe8ce77484,Apple___healthy:::222
data\raw\apple\Apple___healthy\872f54d3-61de-4b41-aaa4-57caad5ad9d3___RS_HL 7865.JPG,Apple___healthy,Healthy,.jpg,RGB,256,256,ec56b6a547c5f55a5bd306ce7460d540,Apple___healthy:::212
data\raw\apple\Apple___healthy\8742bc93-09b4-4aa7-9a75-ec592ba27c57___RS_HL 7587.JPG,Apple___healthy,Healthy,.jpg,RGB,256,256,6b5587bacf145b8f338ab55158aab296,Apple___healthy:::175
data\raw\apple\Apple___healthy\879e60c7-fa8a-421d-ad5d-06a43fa2ae89___RS_HL 7634.JPG,Apple___healthy,Healthy,.jpg,RGB,256,256,8a6104066dbf5bad8e29c3f98711b3f7,Apple___healthy:::181
data\raw\apple\Apple___healthy\87a26817-6916-47fc-8cdb-adc5c57ad21b___RS_HL 5684.JPG,Apple___healthy,Healthy,.jpg,RGB,256,256,5cb884e2ac4411c3f7c4c580661f6372,Soybean___healthy:::344
data\raw\apple\Apple___healthy\87c49c13-8b4f-40c8-b624-57c19e6e51e9___RS_HL 5811.JPG,Apple___healthy,Healthy,.jpg,RGB,256,256,eb2ff8430621b4e018e796ea347db37e,Soybean___healthy:::366
data\raw\apple\Apple___healthy\88076c11-c60e-4aea-afca-a1f1187eff0a___RS_HL 5706.JPG,Apple___healthy,Healthy,.jpg,RGB,256,256,01e039b36052387f40ea0f161e94515a,Soybean___healthy:::346
data\raw\apple\Apple___healthy\880ed927-54cb-43f7-8d9d-4e2705cc8472___RS_HL 7488.JPG,Apple___healthy,Healthy,.jpg,RGB,256,256,21b14d8cc9be445229f30249e4e42f75,Soybean___healthy:::503
data\raw\apple\Apple___healthy\88334c09-9bd6-4653-8109-f1a36383b131___RS_HL 7841.JPG,Apple___healthy,Healthy,.jpg,RGB,256,256,ebd72e4ab63aa04db202d67a71075fdc,Apple___healthy:::209
data\raw\apple\Apple___healthy\885dd825-a34b-4149-bbb0-445fa62a4e64___RS_HL 7814.JPG,Apple___healthy,Healthy,.jpg,RGB,256,256,ad04f13606601735bf9b89e8a8687582,Apple___healthy:::206
data\raw\apple\Apple___healthy\889a58f6-911e-4f6f-86fa-7058d2a5d964___RS_HL 7632.JPG,Apple___healthy,Healthy,.jpg,RGB,256,256,2f4f7d16dcff3743b8d98edde57fa41e,Apple___healthy:::181
data\raw\apple\Apple___healthy\88aad30d-4d2e-461f-847f-a4d2e9caf035___RS_HL 7967.JPG,Apple___healthy,Healthy,.jpg,RGB,256,256,41236472572798a6c7203a13116601f2,Apple___healthy:::226
data\raw\apple\Apple___healthy\88b24a9d-7b04-4b83-815b-52a9f5949bbd___RS_HL 8083.JPG,Apple___healthy,Healthy,.jpg,RGB,256,256,53ba82e5a119606bc809c3712aadebb0,Apple___healthy:::241
data\raw\apple\Apple___healthy\88ffb541-e088-4505-baef-c292c25925dc___RS_HL 6164.JPG,Apple___healthy,Healthy,.jpg,RGB,256,256,6eae23e57851379823c91f0e4ea5af8c,Soybean___healthy:::392
data\raw\apple\Apple___healthy\8912707b-6c5d-4744-ad9c-b5d3564a0850___RS_HL 7796.JPG,Apple___healthy,Healthy,.jpg,RGB,256,256,db0f3c8b7009f9595a700b93b0e9b51d,Apple___healthy:::203
data\raw\apple\Apple___healthy\892258ae-052d-4df5-8a8c-27924cd64a85___RS_HL 7497.JPG,Apple___healthy,Healthy,.jpg,RGB,256,256,8cca4b378f7334769c5d102322e2593a,Soybean___healthy:::504
data\raw\apple\Apple___healthy\89699048-94c3-4389-9a86-13e73dfd23c6___RS_HL 7257.JPG,Apple___healthy,Healthy,.jpg,RGB,256,256,2587b110dca0e028c96f60a9c4b0ebd6,Soybean___healthy:::484
data\raw\apple\Apple___healthy\89ce10db-057c-4c03-9324-b512db8ca3d6___RS_HL 5797.JPG,Apple___healthy,Healthy,.jpg,RGB,256,256,e4c582be8521393aba1065a3c7305431,Soybean___healthy:::363
data\raw\apple\Apple___healthy\89ddfb64-92d0-494d-b4a2-bb13f2c0db4c___RS_HL 7642.JPG,Apple___healthy,Healthy,.jpg,RGB,256,256,61047ddd676f2c56a482c380fdcf0b7c,Apple___healthy:::182
data\raw\apple\Apple___healthy\89f6b546-2692-4ea9-aaac-66ef1b8a7bdd___RS_HL 7250.JPG,Apple___healthy,Healthy,.jpg,RGB,256,256,f711be8f6f891422d4ae610551db8882,Soybean___healthy:::484
data\raw\apple\Apple___healthy\8a311714-e680-4c68-8f3a-60f4bfc16ada___RS_HL 8062.JPG,Apple___healthy,Healthy,.jpg,RGB,256,256,e7cb080f48a27347dde33b2235d20ab0,Apple___healthy:::238
data\raw\apple\Apple___healthy\8a5ead41-d268-4bc8-867e-036f90f3d99c___RS_HL 7771.JPG,Apple___healthy,Healthy,.jpg,RGB,256,256,dbcc6e681b0de4269ca202734e8401b7,Apple___healthy:::200
data\raw\apple\Apple___healthy\8a5fd341-9f0f-4c54-8f9d-b9c4c5b16994___RS_HL 7650.JPG,Apple___healthy,Healthy,.jpg,RGB,256,256,675b42639a5e7319445768ce556ec8d1,Apple___healthy:::183
data\raw\apple\Apple___healthy\8a6cad28-0c10-47aa-af0e-fd82de61ba70___RS_HL 6246.JPG,Apple___healthy,Healthy,.jpg,RGB,256,256,97b9dbd393bf96466a9dd9a81aeda001,Soybean___healthy:::398
data\raw\apple\Apple___healthy\8acb2f43-d1ff-4a60-8462-04e578be3be2___RS_HL 7753.JPG,Apple___healthy,Healthy,.jpg,RGB,256,256,e38cd73783ea7aa22d906e1e1a9a2108,Apple___healthy:::197
data\raw\apple\Apple___healthy\8ae37f10-377d-44a3-ad94-f271a95673c8___RS_HL 7297.JPG,Apple___healthy,Healthy,.jpg,RGB,256,256,cdf3baf500b123dd0dd410df9c8d1343,Soybean___healthy:::488
data\raw\apple\Apple___healthy\8aef4eea-eb12-493c-b912-d7cd43144c8b___RS_HL 8052.JPG,Apple___healthy,Healthy,.jpg,RGB,256,256,e95a1e202b6ea624d8c67a6d16ea22e7,Apple___healthy:::237
data\raw\apple\Apple___healthy\8b258036-674c-4553-8e2c-408d02319a05___RS_HL 7767.JPG,Apple___healthy,Healthy,.jpg,RGB,256,256,6849fc63a08c769ffcb121f8735ca7fb,Apple___healthy:::200
data\raw\apple\Apple___healthy\8b36cf3e-4ce6-477b-9773-442f5d3c90e1___RS_HL 7931.JPG,Apple___healthy,Healthy,.jpg,RGB,256,256,d07190b94e843a68cdeea5bccd169bf4,Apple___healthy:::221
data\raw\apple\Apple___healthy\8b60fc20-52fa-40a2-8d91-367307968f8e___RS_HL 7264.JPG,Apple___healthy,Healthy,.jpg,RGB,256,256,f10379fd2b519a88083dc67f4d91bf9e,Apple___healthy:::121
data\raw\apple\Apple___healthy\8b944746-e4b0-4032-b5ec-8a6252128065___RS_HL 6266.JPG,Apple___healthy,Healthy,.jpg,RGB,256,256,1f6ca2fe4906dc2205cab4b420f42e4b,Soybean___healthy:::399
data\raw\apple\Apple___healthy\8b96fb28-f778-4d18-93ef-cb3ef4ecd532___RS_HL 7575.JPG,Apple___healthy,Healthy,.jpg,RGB,256,256,664c9b232e066c080e013d1f8ce9118b,Apple___healthy:::173
data\raw\apple\Apple___healthy\8b9db905-ed0e-4f6b-b5f0-451f8b27ecbd___RS_HL 7640.JPG,Apple___healthy,Healthy,.jpg,RGB,256,256,32311c32b94b68d9a95d59ee0a496102,Apple___healthy:::182
data\raw\apple\Apple___healthy\8bc978ac-e3b2-4466-a180-731dcbb71a59___RS_HL 8167.JPG,Apple___healthy,Healthy,.jpg,RGB,256,256,038cf7e426638b68b325313a4ea070b9,Apple___healthy:::252
data\raw\apple\Apple___healthy\8c00ea10-bfc2-4d26-9dcf-afbf2dcd377a___RS_HL 7326.JPG,Apple___healthy,Healthy,.jpg,RGB,256,256,4275e704a7f9390a0f968c417f572b8f,Soybean___healthy:::490
data\raw\apple\Apple___healthy\8c00f0dd-bcef-4188-a270-91e563d7b18b___RS_HL 6182.JPG,Apple___healthy,Healthy,.jpg,RGB,256,256,f459be03284ce66bba1a890473085694,Soybean___healthy:::393
data\raw\apple\Apple___healthy\8c43ceb4-000b-441b-887f-ef495da381e2___RS_HL 7864.JPG,Apple___healthy,Healthy,.jpg,RGB,256,256,f6be361b7c88413019372c7f9b349be6,Apple___healthy:::212
data\raw\apple\Apple___healthy\8c656b1d-5f20-4904-a20b-d0f7ef64e773___RS_HL 7526.JPG,Apple___healthy,Healthy,.jpg,RGB,256,256,d97b3f64e3a569b306f4a4b72370bb15,Soybean___healthy:::507
data\raw\apple\Apple___healthy\8c65a84d-100d-42af-bc07-6a02fd953a59___RS_HL 8192.JPG,Apple___healthy,Healthy,.jpg,RGB,256,256,e6bebd14b7eae713e9dfa1cf1da83e9d,Apple___healthy:::255
data\raw\apple\Apple___healthy\8c678916-c5d8-445d-9283-88c90c529edc___RS_HL 5740.JPG,Apple___healthy,Healthy,.jpg,RGB,256,256,2943befc344dd9efe6e97bd65e941ef9,Soybean___healthy:::354
data\raw\apple\Apple___healthy\8c6b7e3f-0a34-4370-9477-110614bd7a8f___RS_HL 7281.JPG,Apple___healthy,Healthy,.jpg,RGB,256,256,979e95da547107d0c3bb2e08b3a2f773,Soybean___healthy:::486
data\raw\apple\Apple___healthy\8c843c35-5dc9-47be-9ccf-1448ed30356c___RS_HL 5949.JPG,Apple___healthy,Healthy,.jpg,RGB,256,256,36c7643cd3f376aeac2bbcaff278e014,Soybean___healthy:::374
data\raw\apple\Apple___healthy\8c850584-ade3-4067-bbf3-5c8602dba3c3___RS_HL 8175.JPG,Apple___healthy,Healthy,.jpg,RGB,256,256,3af8cfdd9a12aa7d4f730712d9e15374,Apple___healthy:::253
data\raw\apple\Apple___healthy\8cbf5a96-37a0-47d4-a626-26f0bcd9f024___RS_HL 5922.JPG,Apple___healthy,Healthy,.jpg,RGB,256,256,0cebab36e157ef127ad037e6ca1fcbb7,Soybean___healthy:::372
data\raw\apple\Apple___healthy\8cc94307-16b9-4e2c-a786-5ba504d244c3___RS_HL 7799.JPG,Apple___healthy,Healthy,.jpg,RGB,256,256,a9f5168ed59f987a2a2887874d11e956,Apple___healthy:::204
data\raw\apple\Apple___healthy\8cec684f-e301-4016-8bd8-4b686c6e4b9b___RS_HL 8075.JPG,Apple___healthy,Healthy,.jpg,RGB,256,256,13c4487a49bd2cfa0297134d570b31cc,Apple___healthy:::240
data\raw\apple\Apple___healthy\8cf44f32-5736-4681-be02-f86e4454e00a___RS_HL 5904.JPG,Apple___healthy,Healthy,.jpg,RGB,256,256,a73893a72ac0c3e6ca59319847e451db,Soybean___healthy:::371
data\raw\apple\Apple___healthy\8cf66a75-d71b-4808-a251-c929ecfa80bc___RS_HL 7514.JPG,Apple___healthy,Healthy,.jpg,RGB,256,256,c7244cb6da8ab134a19e1b91dd923e15,Soybean___healthy:::506
data\raw\apple\Apple___healthy\8d45fcf9-d1c1-47b6-be37-6e3d2fde46e0___RS_HL 7261.JPG,Apple___healthy,Healthy,.jpg,RGB,256,256,bbcdfa28fefc16abca99306ebede3b9c,Soybean___healthy:::485
data\raw\apple\Apple___healthy\8de1ca48-0d3b-4473-bc5a-9b4a881006ff___RS_HL 7433.JPG,Apple___healthy,Healthy,.jpg,RGB,256,256,6aec5df9495df35ddaeca14ccf834aa5,Soybean___healthy:::498
data\raw\apple\Apple___healthy\8e11b695-ac84-42c4-926a-b48b311bcfe8___RS_HL 7782.JPG,Apple___healthy,Healthy,.jpg,RGB,256,256,747761f1a8bee607df9439aabd38738e,Apple___healthy:::201
data\raw\apple\Apple___healthy\8e153b00-732e-420f-8cea-f947b19403ad___RS_HL 7728.JPG,Apple___healthy,Healthy,.jpg,RGB,256,256,7097b48a76b59dd85f0ba1741637078a,Apple___healthy:::194
data\raw\apple\Apple___healthy\8e1d492d-1f6e-48a1-aa14-db5bc515d580___RS_HL 7822.JPG,Apple___healthy,Healthy,.jpg,RGB,256,256,b4fd752c0e073c2e5fb1f0b8806f4646,Apple___healthy:::207
data\raw\apple\Apple___healthy\8e2d41f1-9cae-4f1a-b7b4-9ec0c6fbd6fe___RS_HL 7329.JPG,Apple___healthy,Healthy,.jpg,RGB,256,256,34c8ce416969156faa927c908bc7ef5b,Soybean___healthy:::490
data\raw\apple\Apple___healthy\8e4b14b2-2601-4ffc-805c-a68b200e80ec___RS_HL 8069.JPG,Apple___healthy,Healthy,.jpg,RGB,256,256,afa102a514104d3ed0c38dd2a64aacac,Apple___healthy:::239
data\raw\apple\Apple___healthy\8e4e37b7-0ac8-44d3-90e7-001bf26aa5f3___RS_HL 7417.JPG,Apple___healthy,Healthy,.jpg,RGB,256,256,0395417ed0ab05b76b794f37923ab0aa,Soybean___healthy:::497
data\raw\apple\Apple___healthy\8eb47c92-87b8-4c92-a6a1-faf62e651e3e___RS_HL 8156.JPG,Apple___healthy,Healthy,.jpg,RGB,256,256,3fa28e0e61a709b64e95221b945de611,Apple___healthy:::250
data\raw\apple\Apple___healthy\8ef4c6f0-d4fd-4d4c-bc4d-525b6b74b19a___RS_HL 7786.JPG,Apple___healthy,Healthy,.jpg,RGB,256,256,650c369fa0455127a1c5a430d4ec1672,Apple___healthy:::202
data\raw\apple\Apple___healthy\8f38f758-8514-442b-82e9-90b53120db38___RS_HL 5781.JPG,Apple___healthy,Healthy,.jpg,RGB,256,256,b969800a232deff3f753d7906d357aea,Soybean___healthy:::360
data\raw\apple\Apple___healthy\8f4c3d68-2d5a-40c5-bca1-911002ff3324___RS_HL 7299.JPG,Apple___healthy,Healthy,.jpg,RGB,256,256,a305ccf17f788b4321615515e5a2f0f8,Soybean___healthy:::488
data\raw\apple\Apple___healthy\8f9ea5b9-f4c7-46d9-88b1-af5cf17694a0___RS_HL 7271.JPG,Apple___healthy,Healthy,.jpg,RGB,256,256,18ab572eef70e63c74d4359545f70cc8,Soybean___healthy:::486
data\raw\apple\Apple___healthy\8fba2297-e4e5-4fab-b41d-d5cb537dc840___RS_HL 6220.JPG,Apple___healthy,Healthy,.jpg,RGB,256,256,ef83a5f57b77fa75021e6b2cc85509bd,Soybean___healthy:::396
data\raw\apple\Apple___healthy\8fd3cfbd-fbca-4c33-a2a7-1e7ecc71ec9e___RS_HL 6091.JPG,Apple___healthy,Healthy,.jpg,RGB,256,256,620f41e71fb8880a08e2be6eb6021a86,Soybean___healthy:::386
data\raw\apple\Apple___healthy\8fdd8420-f139-40e5-8121-b76d43dcee32___RS_HL 6075.JPG,Apple___healthy,Healthy,.jpg,RGB,256,256,fb9392889d71490716fdd262f7736297,Soybean___healthy:::385
data\raw\apple\Apple___healthy\90f3d34a-1bed-4681-aed9-fcd39c74d573___RS_HL 5732.JPG,Apple___healthy,Healthy,.jpg,RGB,256,256,e9f1e60ae5ab36ac1a6d57d5d4e93fcc,Soybean___healthy:::352
data\raw\apple\Apple___healthy\90fd9659-9d97-4428-bc35-c84def0ba3ba___RS_HL 7981.JPG,Apple___healthy,Healthy,.jpg,RGB,256,256,c8dcc64186288b7776c057bcf31cbed8,Apple___healthy:::228
data\raw\apple\Apple___healthy\9130029f-854a-4099-bc98-74170edfb660___RS_HL 7448.JPG,Apple___healthy,Healthy,.jpg,RGB,256,256,e9845b6313d6c9ef9dcb9c736a50782c,Soybean___healthy:::500
data\raw\apple\Apple___healthy\919e61a6-e6fa-4d4c-bad1-62eea9b19c79___RS_HL 8106.JPG,Apple___healthy,Healthy,.jpg,RGB,256,256,aa582cdb2c969e881afc0d05b942f29f,Apple___healthy:::244
data\raw\apple\Apple___healthy\91a935c4-659c-4344-8355-eba55d673af5___RS_HL 8189.JPG,Apple___healthy,Healthy,.jpg,RGB,256,256,14bc4856bc5f9d59bb337e9037ce60da,Apple___healthy:::255
data\raw\apple\Apple___healthy\91c6a666-8d31-466f-b7cf-78c9268fba9c___RS_HL 7697.JPG,Apple___healthy,Healthy,.jpg,RGB,256,256,9c18b70ab548618c6ef5e8fb3b5f91f5,Apple___healthy:::190
data\raw\apple\Apple___healthy\923ac4fd-39d5-4387-9636-ddfed02bc62e___RS_HL 8039.JPG,Apple___healthy,Healthy,.jpg,RGB,256,256,78bd41362c47f7f63fed4cb8f2395621,Apple___healthy:::235
data\raw\apple\Apple___healthy\92425071-59b8-4490-bea5-91830169a5a1___RS_HL 7469.JPG,Apple___healthy,Healthy,.jpg,RGB,256,256,65a9e19db0d2e7957c0d5cd19212edcd,Soybean___healthy:::502
data\raw\apple\Apple___healthy\9244aeb1-9d6d-4ef7-9d94-7a02e369feea___RS_HL 7327.JPG,Apple___healthy,Healthy,.jpg,RGB,256,256,cfc8ff23433887d6c01977fd0d89b983,Soybean___healthy:::490
data\raw\apple\Apple___healthy\925d0f0f-08ae-4f20-a528-0f78bf27b9e7___RS_HL 8032.JPG,Apple___healthy,Healthy,.jpg,RGB,256,256,33633b41fbf9d102dbaff0d8697b7a63,Apple___healthy:::235
data\raw\apple\Apple___healthy\9284bd52-df45-4fc3-aaa6-4323666b41c4___RS_HL 7348.JPG,Apple___healthy,Healthy,.jpg,RGB,256,256,1d662a816440420099bed6372c9bf64d,Soybean___healthy:::492
data\raw\apple\Apple___healthy\9290b98f-6984-44d4-b2d5-6eca9177156e___RS_HL 7458.JPG,Apple___healthy,Healthy,.jpg,RGB,256,256,e134054affc4836804ba26684995f0f6,Soybean___healthy:::501
data\raw\apple\Apple___healthy\92effbbb-c662-40c8-8aa9-a5a453d859df___RS_HL 5899.JPG,Apple___healthy,Healthy,.jpg,RGB,256,256,8e1a16ea206237e9d8cf56733005fe88,Soybean___healthy:::370
data\raw\apple\Apple___healthy\936c7bd1-5902-499b-b03b-bcf1f9434a06___RS_HL 7785.JPG,Apple___healthy,Healthy,.jpg,RGB,256,256,14a68b96a0efd27d1d7c9d2a15bc71c7,Apple___healthy:::202
data\raw\apple\Apple___healthy\93d22073-347e-4447-ba19-92eccb54563e___RS_HL 5662.JPG,Apple___healthy,Healthy,.jpg,RGB,256,256,d32f8bfb65f819e3d44b5f5bec7e1ed0,Soybean___healthy:::339
data\raw\apple\Apple___healthy\946b311a-cb67-46d4-8c8b-0d91ebd456f3___RS_HL 5809.JPG,Apple___healthy,Healthy,.jpg,RGB,256,256,9b01b4087302c857ed19f6fc1bd412f0,Soybean___healthy:::366
data\raw\apple\Apple___healthy\94aeb96c-b0f5-4554-9627-98d131c7b321___RS_HL 5988.JPG,Apple___healthy,Healthy,.jpg,RGB,256,256,25a4952071c2c643555850bd5e8e1200,Soybean___healthy:::377
data\raw\apple\Apple___healthy\94b7e2c6-9081-4546-b411-c89c0dd219e7___RS_HL 7416.JPG,Apple___healthy,Healthy,.jpg,RGB,256,256,c03b9ca6a0fd34e3bf07f1ad2c36676c,Soybean___healthy:::497
data\raw\apple\Apple___healthy\94c36e88-6c77-4e7b-b6c8-bf354d8f6fe9___RS_HL 7930.JPG,Apple___healthy,Healthy,.jpg,RGB,256,256,a1a00cd6e7cf0ff8c68d52c7c9e4aa67,Apple___healthy:::221
data\raw\apple\Apple___healthy\94e40c05-1631-42bc-99b8-ec4afafd8d7b___RS_HL 5710.JPG,Apple___healthy,Healthy,.jpg,RGB,256,256,3ec2c3c693335e9631979019bf4763a7,Soybean___healthy:::346
data\raw\apple\Apple___healthy\950b3f81-0b23-4fed-a47c-e1291f430e8f___RS_HL 7418.JPG,Apple___healthy,Healthy,.jpg,RGB,256,256,8b1bcc03bc06319601d9c7c142eeb388,Soybean___healthy:::497
data\raw\apple\Apple___healthy\950e5c9d-49ec-4c5c-af23-69efff18f8a6___RS_HL 5749.JPG,Apple___healthy,Healthy,.jpg,RGB,256,256,5fef558cfda948424f20fae71db485e7,Soybean___healthy:::355
data\raw\apple\Apple___healthy\953076be-ed87-4a45-a553-48cd555b63bb___RS_HL 7888.JPG,Apple___healthy,Healthy,.jpg,RGB,256,256,4b48f35221639125cd7ee2247b90693e,Apple___healthy:::215
data\raw\apple\Apple___healthy\953743b5-d396-4f6f-926c-4e216df44f0b___RS_HL 5993.JPG,Apple___healthy,Healthy,.jpg,RGB,256,256,e6b9243714c58b5890e935b77e844ae5,Soybean___healthy:::377
data\raw\apple\Apple___healthy\956ef90c-41af-4e70-89a7-291687859623___RS_HL 6063.JPG,Apple___healthy,Healthy,.jpg,RGB,256,256,b7b52b5a12ba046c9c1bba66ec4282f4,Soybean___healthy:::384
data\raw\apple\Apple___healthy\95742a3e-9664-496c-8e3d-90bdd9299ae5___RS_HL 7298.JPG,Apple___healthy,Healthy,.jpg,RGB,256,256,3584bbe1550b5d7bb6093d12159d13a5,Soybean___healthy:::488
data\raw\apple\Apple___healthy\957a4a41-e0d8-4dc3-8ed8-43f8c2ac3684___RS_HL 8157.JPG,Apple___healthy,Healthy,.jpg,RGB,256,256,8a6867512f076589e8777dd83ac007a5,Apple___healthy:::251
data\raw\apple\Apple___healthy\957b622a-4f30-459f-9dbb-97c3f4bde0d3___RS_HL 6150.JPG,Apple___healthy,Healthy,.jpg,RGB,256,256,7f468129bdba9f5e23cdcb9354239fc0,Soybean___healthy:::391
data\raw\apple\Apple___healthy\95884f1c-6886-41a1-9ce3-cffa1dcaf8e5___RS_HL 6051.JPG,Apple___healthy,Healthy,.jpg,RGB,256,256,f22f7b20aeff18f411033e0bafffa008,Soybean___healthy:::382
data\raw\apple\Apple___healthy\95e2eed0-c0d2-4907-bfac-1117f38f5e5a___RS_HL 6202.JPG,Apple___healthy,Healthy,.jpg,RGB,256,256,10a311479c15cb497d7b4ab9f53ab7b7,Soybean___healthy:::394
data\raw\apple\Apple___healthy\95e92b80-49d6-4589-95ad-be379775d193___RS_HL 7451.JPG,Apple___healthy,Healthy,.jpg,RGB,256,256,ea91e045b49dc8cbe32d733b2bafe521,Soybean___healthy:::500
data\raw\apple\Apple___healthy\962f2c1c-b6e2-4428-9ed1-077a92250128___RS_HL 5806.JPG,Apple___healthy,Healthy,.jpg,RGB,256,256,beeca24b5fef9ef2d54cbfad83d069e3,Soybean___healthy:::366
data\raw\apple\Apple___healthy\966a6112-9699-4511-a71b-02a1dd62cb65___RS_HL 5850.JPG,Apple___healthy,Healthy,.jpg,RGB,256,256,717d3749823cf7f7135fffcd82d4d078,Soybean___healthy:::367
data\raw\apple\Apple___healthy\96717630-6d48-4660-b472-268f5f1304d9___RS_HL 7978.JPG,Apple___healthy,Healthy,.jpg,RGB,256,256,8a629662f5c8c0b842c268814802c918,Apple___healthy:::227
data\raw\apple\Apple___healthy\96dce078-e196-4d9b-837a-570480acdf6d___RS_HL 7890.JPG,Apple___healthy,Healthy,.jpg,RGB,256,256,5516da52838ff468a880d272fe07f5bc,Apple___healthy:::216
data\raw\apple\Apple___healthy\96fa4629-851e-4706-b397-f27c6f6f272c___RS_HL 7913.JPG,Apple___healthy,Healthy,.jpg,RGB,256,256,323d03be0cab78992d111633da8995e7,Apple___healthy:::218
data\raw\apple\Apple___healthy\9781c9ee-9e01-4599-b799-3651b487ccc7___RS_HL 7304.JPG,Apple___healthy,Healthy,.jpg,RGB,256,256,2c1d6e5564901264ce9c7f29bff45676,Soybean___healthy:::488
data\raw\apple\Apple___healthy\97a6eaed-70d4-4b78-9871-1aba3d7a9abe___RS_HL 7908.JPG,Apple___healthy,Healthy,.jpg,RGB,256,256,27b1451c6ef08ea8f98c241d4e767a03,Apple___healthy:::218
data\raw\apple\Apple___healthy\985b2838-96ab-414f-9a53-89bb4567e682___RS_HL 5910.JPG,Apple___healthy,Healthy,.jpg,RGB,256,256,bbabe77f8acc6dec9315765d1ce0db23,Soybean___healthy:::371
data\raw\apple\Apple___healthy\9871fd63-1ee8-436a-a1b3-c6104350400b___RS_HL 5693.JPG,Apple___healthy,Healthy,.jpg,RGB,256,256,2f330546f29df3f22f73437319812ead,Soybean___healthy:::346
data\raw\apple\Apple___healthy\98834a65-1043-4c21-b06e-5f625274b0c4___RS_HL 6267.JPG,Apple___healthy,Healthy,.jpg,RGB,256,256,74ebde709c502f62ad2a6e0a5d809cba,Soybean___healthy:::399
data\raw\apple\Apple___healthy\98cfff90-4edc-4b41-b834-09d18d1c08ca___RS_HL 6142.JPG,Apple___healthy,Healthy,.jpg,RGB,256,256,9674f2ae18447c2a63c0108c2f3e208c,Soybean___healthy:::390
data\raw\apple\Apple___healthy\98f456da-9871-48b8-b74a-a251dcfd1f9e___RS_HL 6123.JPG,Apple___healthy,Healthy,.jpg,RGB,256,256,ab1b84507d41b95796c28e89ec54853b,Soybean___healthy:::388
data\raw\apple\Apple___healthy\990838f4-b976-45bb-859d-95de901acc8c___RS_HL 7365.JPG,Apple___healthy,Healthy,.jpg,RGB,256,256,1a2c290377d6b1b420dcb051543a0af2,Soybean___healthy:::493
data\raw\apple\Apple___healthy\9979c166-aa9e-4c63-af93-d9ad2b56bce2___RS_HL 5890.JPG,Apple___healthy,Healthy,.jpg,RGB,256,256,4eda334cce31d5e7867314db899fc8d1,Soybean___healthy:::370
data\raw\apple\Apple___healthy\997e59bf-7010-4153-a994-47aee2fdc666___RS_HL 8023.JPG,Apple___healthy,Healthy,.jpg,RGB,256,256,740980ecbb736d679909c71249310afa,Apple___healthy:::233
data\raw\apple\Apple___healthy\9992b9d9-9301-476c-b0a7-7b68ee8a47e5___RS_HL 6014.JPG,Apple___healthy,Healthy,.jpg,RGB,256,256,2465ef15f54c6da8dd27046ce803bd98,Soybean___healthy:::380
data\raw\apple\Apple___healthy\99997741-0ae6-4f14-a8e9-43b61a86ecc5___RS_HL 6294.JPG,Apple___healthy,Healthy,.jpg,RGB,256,256,4d171694ad7147a2a6522166775e8433,Soybean___healthy:::401
data\raw\apple\Apple___healthy\99b369d2-fa9b-4d3b-8516-462dbae8561a___RS_HL 7242.JPG,Apple___healthy,Healthy,.jpg,RGB,256,256,f85bf7fafa74b7185222b181d56d5ab4,Soybean___healthy:::483
data\raw\apple\Apple___healthy\99b7cd44-a359-45f7-98e0-155aa8f44eec___RS_HL 5728.JPG,Apple___healthy,Healthy,.jpg,RGB,256,256,59e467310d6bbf4b02fefaf001626484,Soybean___healthy:::352
data\raw\apple\Apple___healthy\99d2c488-dfa2-4dde-a3de-a9cbeca28583___RS_HL 5823.JPG,Apple___healthy,Healthy,.jpg,RGB,256,256,2b3db4108f5cef1e96034fe928127d1e,Soybean___healthy:::367
data\raw\apple\Apple___healthy\99eee6bd-5bca-412a-beaa-afc6009bb868___RS_HL 7434.JPG,Apple___healthy,Healthy,.jpg,RGB,256,256,53da55f914b9a897a4fa9f124e4cff36,Soybean___healthy:::498
data\raw\apple\Apple___healthy\9a7d0452-4015-4cef-ab3c-f8f9633b6e9b___RS_HL 8117.JPG,Apple___healthy,Healthy,.jpg,RGB,256,256,b56c5cefa645d3e874800d4cdae5f123,Apple___healthy:::245
data\raw\apple\Apple___healthy\9aa3bace-83a4-4572-a2b2-cc12dcb4cafa___RS_HL 5742.JPG,Apple___healthy,Healthy,.jpg,RGB,256,256,8530b0f5d501ca6a088f10a4fb881fb4,Soybean___healthy:::354
data\raw\apple\Apple___healthy\9ac93ab7-5e33-46f3-9db7-008edcf15f30___RS_HL 5787.JPG,Apple___healthy,Healthy,.jpg,RGB,256,256,f9e26f90bdd150f0c6549d43b6620f36,Soybean___healthy:::363
data\raw\apple\Apple___healthy\9ae0c2e4-ff70-4be7-a231-65d4c2acd8ee___RS_HL 7476.JPG,Apple___healthy,Healthy,.jpg,RGB,256,256,a93e27b6e1b03dca85c6f6edb4383a3d,Soybean___healthy:::503
data\raw\apple\Apple___healthy\9b0ebfaf-9d8f-4195-b2af-9505b5bc1f19___RS_HL 6212.JPG,Apple___healthy,Healthy,.jpg,RGB,256,256,d91cd7e788a4e848cdb46009c81406ed,Soybean___healthy:::395
data\raw\apple\Apple___healthy\9b75de13-d4b0-4b3f-988c-3e9926eef957___RS_HL 6273.JPG,Apple___healthy,Healthy,.jpg,RGB,256,256,61cabcbf7a2412e44ce0bcee3c384a25,Soybean___healthy:::400
data\raw\apple\Apple___healthy\9b84171d-c1b4-4697-a82b-e33535021013___RS_HL 5977.JPG,Apple___healthy,Healthy,.jpg,RGB,256,256,cb749902bd191ef970e03ec787253137,Soybean___healthy:::376
data\raw\apple\Apple___healthy\9b958d1b-ef54-4290-9636-4aa08eb55dda___RS_HL 5843.JPG,Apple___healthy,Healthy,.jpg,RGB,256,256,43a2a05bccae67bc619fe34aac634f36,Soybean___healthy:::368
data\raw\apple\Apple___healthy\9c817f68-e2ba-44cd-8408-492efd9932c8___RS_HL 7757.JPG,Apple___healthy,Healthy,.jpg,RGB,256,256,e8dd8424eb69669b983ff984c60280e3,Apple___healthy:::198
data\raw\apple\Apple___healthy\9c95370b-3dfa-4f1d-b9d6-def93d1cda1b___RS_HL 8044.JPG,Apple___healthy,Healthy,.jpg,RGB,256,256,6e0fa4b41680d556c184def4a1483233,Apple___healthy:::236
data\raw\apple\Apple___healthy\9cfb97eb-0e0a-4e55-b25d-d6121ceded58___RS_HL 6146.JPG,Apple___healthy,Healthy,.jpg,RGB,256,256,78a1c38650dcc4add15c5a610527183c,Soybean___healthy:::390
data\raw\apple\Apple___healthy\9d135274-b26e-4925-8215-13c928b56b81___RS_HL 7583.JPG,Apple___healthy,Healthy,.jpg,RGB,256,256,2059f81f2488a51e8a0d22289074a7cf,Apple___healthy:::174
data\raw\apple\Apple___healthy\9d3b64cb-6af0-49b7-a488-2e8af4caff65___RS_HL 7330.JPG,Apple___healthy,Healthy,.jpg,RGB,256,256,f08f28fdc9744ce480c77d1b9dae817f,Soybean___healthy:::491
data\raw\apple\Apple___healthy\9d3bb139-5177-4d08-914b-5fe232cff065___RS_HL 6011.JPG,Apple___healthy,Healthy,.jpg,RGB,256,256,8d4e07fdf2275c384a78ee944dccf752,Soybean___healthy:::378
data\raw\apple\Apple___healthy\9d555477-70c8-4716-b22e-8e353a290632___RS_HL 8013.JPG,Apple___healthy,Healthy,.jpg,RGB,256,256,38675825f1a20a3bbca2b3d6585d60c3,Apple___healthy:::232
data\raw\apple\Apple___healthy\9d72b93c-59d4-41ec-b346-954a1e8e57bb___RS_HL 6284.JPG,Apple___healthy,Healthy,.jpg,RGB,256,256,db8a7fa4877d14e722f0377bf5a9ca00,Apple___healthy:::107
data\raw\apple\Apple___healthy\9d872301-fed3-4fc4-bf58-9963a5248105___RS_HL 5678.JPG,Apple___healthy,Healthy,.jpg,RGB,256,256,81438d9056e290cb3b0ae27f6617b0a8,Soybean___healthy:::342
data\raw\apple\Apple___healthy\9d98700c-5613-4156-95db-e09fbb00cb04___RS_HL 8007.JPG,Apple___healthy,Healthy,.jpg,RGB,256,256,e80675adbf83a4b88ca5fa6185cb9d62,Apple___healthy:::232
data\raw\apple\Apple___healthy\9dba8abe-f50e-45fe-aa32-17dd4445189b___RS_HL 7489.JPG,Apple___healthy,Healthy,.jpg,RGB,256,256,faf4000416682dc2e6ac4c6b08d5b9bd,Soybean___healthy:::503
data\raw\apple\Apple___healthy\9decdcd8-8027-4901-8da6-bd27c01e1ba1___RS_HL 5798.JPG,Apple___healthy,Healthy,.jpg,RGB,256,256,0e05e45bc76eec4f80036587e81ca7ba,Soybean___healthy:::363
data\raw\apple\Apple___healthy\9e5f1beb-8245-4775-8298-4cb787b3f897___RS_HL 5854.JPG,Apple___healthy,Healthy,.jpg,RGB,256,256,feed4083931734ea6f5dcffff8621bf1,Soybean___healthy:::367
data\raw\apple\Apple___healthy\9e68d5bf-8b78-4ba1-9f04-ce5c69c14d46___RS_HL 7733.JPG,Apple___healthy,Healthy,.jpg,RGB,256,256,86eec2e2446add758304dc78b407ed01,Apple___healthy:::195
data\raw\apple\Apple___healthy\9ebc421f-9c65-41ee-a650-2da921e8e7cb___RS_HL 6227.JPG,Apple___healthy,Healthy,.jpg,RGB,256,256,4574720dd5bb96c3e4a3772c242743dc,Soybean___healthy:::396
data\raw\apple\Apple___healthy\9ec4f654-e45e-4910-8b1f-8b9825cefbd1___RS_HL 8173.JPG,Apple___healthy,Healthy,.jpg,RGB,256,256,dacd23998025ef617059a3a4ef974b70,Apple___healthy:::253
data\raw\apple\Apple___healthy\9ece0a35-9af4-4974-acad-2aa973badf17___RS_HL 8129.JPG,Apple___healthy,Healthy,.jpg,RGB,256,256,aed91d872d96286cb688887348c38df8,Apple___healthy:::247
data\raw\apple\Apple___healthy\9ee2b5e6-46cf-400f-a82f-660a2ac05157___RS_HL 5643.JPG,Apple___healthy,Healthy,.jpg,RGB,256,256,431b2a7b1fb85b349ba3da058aa8136c,Soybean___healthy:::336
data\raw\apple\Apple___healthy\9efbd99b-9ac8-4c6c-9ad6-6cece321b832___RS_HL 7346.JPG,Apple___healthy,Healthy,.jpg,RGB,256,256,0b054d665b2bc4a6bee51df109ff4952,Soybean___healthy:::492
data\raw\apple\Apple___healthy\9f288c49-e11c-4054-9a44-b5e81e39427a___RS_HL 7938.JPG,Apple___healthy,Healthy,.jpg,RGB,256,256,153884585fc21ded5155cf6c6c1402f7,Apple___healthy:::222
data\raw\apple\Apple___healthy\9f6f67e7-5369-4642-9594-a29fba331a5c___RS_HL 5907.JPG,Apple___healthy,Healthy,.jpg,RGB,256,256,2cfc8400b9cca5ac9ed3605b2f7dcf29,Soybean___healthy:::371
data\raw\apple\Apple___healthy\9fa007fa-08c0-4d3a-b2b4-9ac7ad72c316___RS_HL 7833.JPG,Apple___healthy,Healthy,.jpg,RGB,256,256,aef7c9a5b3e515222a3b2fbb72315006,Apple___healthy:::208
data\raw\apple\Apple___healthy\9fc6acc1-0394-498d-b51c-d2e92febae55___RS_HL 6013.JPG,Apple___healthy,Healthy,.jpg,RGB,256,256,bdfbff3cc4d47957c147211195135051,Soybean___healthy:::380
data\raw\apple\Apple___healthy\9fd4b6dc-c72b-4a90-b9c6-e5518f237d90___RS_HL 5760.JPG,Apple___healthy,Healthy,.jpg,RGB,256,256,1f5dc58c9c13c251ccb612f16073aa71,Soybean___healthy:::357
data\raw\apple\Apple___healthy\9fe1ea92-d106-4bc5-a0da-072a67c3260b___RS_HL 7828.JPG,Apple___healthy,Healthy,.jpg,RGB,256,256,6b3bf4ae61e75f1d243f129242afc4d9,Apple___healthy:::207
data\raw\apple\Apple___healthy\a0167593-6219-479d-9e28-161dfea5b19a___RS_HL 5790.JPG,Apple___healthy,Healthy,.jpg,RGB,256,256,f442989952ee04f8368d4985c468565e,Soybean___healthy:::363
data\raw\apple\Apple___healthy\a01b22a2-292a-485e-ad7d-ee14de31506c___RS_HL 6102.JPG,Apple___healthy,Healthy,.jpg,RGB,256,256,e7302064b1573c1e73c44cddc3f0e0ab,Soybean___healthy:::387
data\raw\apple\Apple___healthy\a027ddf2-029c-43c2-b812-f3ffcdefea80___RS_HL 7859.JPG,Apple___healthy,Healthy,.jpg,RGB,256,256,9b421a538dc2b6a06e956369ee3da8cf,Apple___healthy:::212
data\raw\apple\Apple___healthy\a0548b7d-598a-4637-acfa-653b7bd3e8cd___RS_HL 7917.JPG,Apple___healthy,Healthy,.jpg,RGB,256,256,add7872c2c8ca416e14bb3f7d4e23714,Apple___healthy:::219
data\raw\apple\Apple___healthy\a0670cfe-00e2-4c7a-a9f7-29408debdc3a___RS_HL 6061.JPG,Apple___healthy,Healthy,.jpg,RGB,256,256,4c399bfc5681b70e733edc71154471a9,Soybean___healthy:::384
data\raw\apple\Apple___healthy\a09b0571-6876-487c-bf88-bb378dd4f0cc___RS_HL 8057.JPG,Apple___healthy,Healthy,.jpg,RGB,256,256,a0e260a60a398a2e6feed225d73c5d8c,Apple___healthy:::238
data\raw\apple\Apple___healthy\a0a31340-6426-4e4b-9473-4daacbc305dc___RS_HL 7644.JPG,Apple___healthy,Healthy,.jpg,RGB,256,256,3d5a413a37fd1ee349da33e086c78120,Apple___healthy:::182
data\raw\apple\Apple___healthy\a0c5f687-6807-44a3-8a74-faa5ab3d95bd___RS_HL 7850.JPG,Apple___healthy,Healthy,.jpg,RGB,256,256,b375e9c81d062f467562c528c6cff065,Apple___healthy:::210
data\raw\apple\Apple___healthy\a0ebd8aa-d4d7-459e-8ecf-72f6854436aa___RS_HL 6238.JPG,Apple___healthy,Healthy,.jpg,RGB,256,256,64ef139c6759dba2a0cd62b7fba413eb,Soybean___healthy:::397
data\raw\apple\Apple___healthy\a117c853-363a-443a-b489-323fb4239f07___RS_HL 5697.JPG,Apple___healthy,Healthy,.jpg,RGB,256,256,5f75642ac3e0b160957a32cc1ac0118a,Soybean___healthy:::346
data\raw\apple\Apple___healthy\a11acc05-8bd6-43f7-9b9e-3899a0bbce2c___RS_HL 7658.JPG,Apple___healthy,Healthy,.jpg,RGB,256,256,06bd0b94cb9e8dcd8b2f3bf7e97ad83b,Apple___healthy:::184
data\raw\apple\Apple___healthy\a1630d3e-2f30-455e-b259-d92b7b332588___RS_HL 5768.JPG,Apple___healthy,Healthy,.jpg,RGB,256,256,c080578ce24fcf15087f06de6c158779,Soybean___healthy:::357
data\raw\apple\Apple___healthy\a1644fa1-0871-47e1-a316-bc435c6a275b___RS_HL 6225.JPG,Apple___healthy,Healthy,.jpg,RGB,256,256,b2ab0f7623b5fea4000ef5405b5031f9,Soybean___healthy:::396
data\raw\apple\Apple___healthy\a16cfc1d-26ae-4bf8-bd37-5f1ba495447b___RS_HL 5905.JPG,Apple___healthy,Healthy,.jpg,RGB,256,256,080725642c9ede424153a02e383f48ac,Soybean___healthy:::371
data\raw\apple\Apple___healthy\a1788b2d-2440-4087-b2b8-166029c423ef___RS_HL 5713.JPG,Apple___healthy,Healthy,.jpg,RGB,256,256,fa3fd1d62773c3197f8e900c4ef02533,Soybean___healthy:::349
data\raw\apple\Apple___healthy\a1867bda-d965-4389-8a19-ed13c82df5f6___RS_HL 7655.JPG,Apple___healthy,Healthy,.jpg,RGB,256,256,8d01a114f6d2d3b41c0697095268759b,Apple___healthy:::184
data\raw\apple\Apple___healthy\a19f8aa8-6d6e-4bcd-b0ac-5046336817bc___RS_HL 7660.JPG,Apple___healthy,Healthy,.jpg,RGB,256,256,5561cbad9d222a3075d515515b7f88c8,Apple___healthy:::185
data\raw\apple\Apple___healthy\a2024303-1e78-4f1b-80b4-3f02f9f5dceb___RS_HL 7707.JPG,Apple___healthy,Healthy,.jpg,RGB,256,256,ee34a58d23bb11ab9a802a55dc8f0f78,Apple___healthy:::191
data\raw\apple\Apple___healthy\a270262b-b9f7-4756-abc4-d8ce165a4a8f___RS_HL 7613.JPG,Apple___healthy,Healthy,.jpg,RGB,256,256,ceebbf15272e483b071a857a55e13fa2,Apple___healthy:::178
data\raw\apple\Apple___healthy\a2b40acc-cec7-4c42-a1d4-199b85f7e4a1___RS_HL 7675.JPG,Apple___healthy,Healthy,.jpg,RGB,256,256,cd8e45fefb2bdf3c191a64b62d9971c7,Apple___healthy:::187
data\raw\apple\Apple___healthy\a2c29f1a-5bdd-4755-94ce-1ee4ed63d037___RS_HL 7332.JPG,Apple___healthy,Healthy,.jpg,RGB,256,256,2e31bb40de106b0815f10ed8d1e9e6f4,Soybean___healthy:::491
data\raw\apple\Apple___healthy\a30bee25-14fb-43d2-9ab2-b179c920839c___RS_HL 5778.JPG,Apple___healthy,Healthy,.jpg,RGB,256,256,f1d241a9d6bf725665d9157e68a4402d,Soybean___healthy:::360
data\raw\apple\Apple___healthy\a30edbd9-7605-47ca-9841-dce943c3e12a___RS_HL 7523.JPG,Apple___healthy,Healthy,.jpg,RGB,256,256,fab5ea011b7d2364ab0eeb7be6d27ab4,Soybean___healthy:::507
data\raw\apple\Apple___healthy\a359d235-43af-469c-a14b-3a6677c0bb2e___RS_HL 8118.JPG,Apple___healthy,Healthy,.jpg,RGB,256,256,2ea1166249a9c1225bf043e1f1f2ae17,Apple___healthy:::245
data\raw\apple\Apple___healthy\a36d3771-3cbd-48ef-9e31-a1de629e56a6___RS_HL 8082.JPG,Apple___healthy,Healthy,.jpg,RGB,256,256,c919f4fad90f715c1f7666c6eb1c51f0,Apple___healthy:::241
data\raw\apple\Apple___healthy\a3bae732-a9e8-494a-93dd-7fd04dc558b7___RS_HL 6045.JPG,Apple___healthy,Healthy,.jpg,RGB,256,256,396336de7eee86e9f1ac210419032745,Soybean___healthy:::382
data\raw\apple\Apple___healthy\a3d2fcfa-645e-419e-91a5-ab626f5fab6c___RS_HL 5930.JPG,Apple___healthy,Healthy,.jpg,RGB,256,256,191f45e09bb8121126bbb9a2c0c4291c,Soybean___healthy:::373
data\raw\apple\Apple___healthy\a3dfe485-ef1c-4c7b-bb11-38528d73947b___RS_HL 7982.JPG,Apple___healthy,Healthy,.jpg,RGB,256,256,e1aa11cd8a8f61f010a819b3f650dc2b,Apple___healthy:::228
data\raw\apple\Apple___healthy\a4339fb7-ea48-4a93-ad00-aa1a55ea2b4e___RS_HL 7524.JPG,Apple___healthy,Healthy,.jpg,RGB,256,256,4870c092944ce530ed8aee01884f653c,Soybean___healthy:::507
data\raw\apple\Apple___healthy\a469c307-a754-4c0f-9012-b09ba22c4d00___RS_HL 5917.JPG,Apple___healthy,Healthy,.jpg,RGB,256,256,fdcae177639c0faaabc753e3f4897faa,Soybean___healthy:::372
data\raw\apple\Apple___healthy\a46a0643-d128-49ed-8044-de7e97fe3f97___RS_HL 6259.JPG,Apple___healthy,Healthy,.jpg,RGB,256,256,1b382111f603a6b1a452e90ac0ea07c2,Soybean___healthy:::399
data\raw\apple\Apple___healthy\a48cbfdf-653b-4ab0-8f63-2d6977ec1014___RS_HL 5639.JPG,Apple___healthy,Healthy,.jpg,RGB,256,256,6882e924eed7024d63ac9b29fe85ea80,Soybean___healthy:::336
data\raw\apple\Apple___healthy\a4b86fe3-2a80-4399-bc38-6ab0f6c1ece6___RS_HL 6056.JPG,Apple___healthy,Healthy,.jpg,RGB,256,256,6d27c6d42f0e8870331ece270499c8b4,Soybean___healthy:::383
data\raw\apple\Apple___healthy\a4c37f29-8f5a-4a06-b6c4-367d523d452a___RS_HL 7374.JPG,Apple___healthy,Healthy,.jpg,RGB,256,256,9d79be329978895a0632d5267d5ed94a,Soybean___healthy:::494
data\raw\apple\Apple___healthy\a4c3d6d2-cc69-4d8e-acc9-0e648df959ef___RS_HL 7806.JPG,Apple___healthy,Healthy,.jpg,RGB,256,256,1035194f6378d041ec9998314be11126,Apple___healthy:::205
data\raw\apple\Apple___healthy\a4f33d84-f27c-481d-83ac-9575c8469fe6___RS_HL 7960.JPG,Apple___healthy,Healthy,.jpg,RGB,256,256,bd432a6af119360313c290ef6757b21d,Apple___healthy:::225
data\raw\apple\Apple___healthy\a50556b8-e947-45f6-8b4e-6574ddab1903___RS_HL 7944.JPG,Apple___healthy,Healthy,.jpg,RGB,256,256,aea7f6c420e9fb80f862defdb1cf25dd,Apple___healthy:::223
data\raw\apple\Apple___healthy\a5121b4f-be3e-4911-9d15-2678a0ccf66d___RS_HL 7751.JPG,Apple___healthy,Healthy,.jpg,RGB,256,256,5b0fdcf8b69b90eacb984ae684e7a967,Apple___healthy:::197
data\raw\apple\Apple___healthy\a58444b0-ca47-491a-8ddb-c9ae42c26747___RS_HL 6060.JPG,Apple___healthy,Healthy,.jpg,RGB,256,256,c312915acc5e4cf72372ac41b7b2d156,Soybean___healthy:::383
data\raw\apple\Apple___healthy\a5acd48c-a7c2-42de-8a2e-231bb94e134d___RS_HL 7591.JPG,Apple___healthy,Healthy,.jpg,RGB,256,256,01f364580036dd838bdd6cb89d4ae70a,Apple___healthy:::175
data\raw\apple\Apple___healthy\a5da624b-8a38-4e64-ae7f-ace8b7c20548___RS_HL 5997.JPG,Apple___healthy,Healthy,.jpg,RGB,256,256,8f86742e9f0ca7ef0b14357c30fefe81,Soybean___healthy:::378
data\raw\apple\Apple___healthy\a600f02f-b4a8-43e5-8d31-4c0d99009d7b___RS_HL 8132.JPG,Apple___healthy,Healthy,.jpg,RGB,256,256,493a30b1da2d5e78cb3dfa863a64ab30,Apple___healthy:::247
data\raw\apple\Apple___healthy\a61c6603-0f78-4fb9-b917-99eaf0d67c3f___RS_HL 5853.JPG,Apple___healthy,Healthy,.jpg,RGB,256,256,31468b52c5a1ab4fe6d2800088db50b6,Soybean___healthy:::367
data\raw\apple\Apple___healthy\a63295f1-8032-4db2-b0d7-4e51f6e30bad___RS_HL 6089.JPG,Apple___healthy,Healthy,.jpg,RGB,256,256,5c2f362330a9f7b4e35800db4545da37,Soybean___healthy:::386
data\raw\apple\Apple___healthy\a64b16af-0fb8-4c07-a4d3-b3f87e33d6ca___RS_HL 5795.JPG,Apple___healthy,Healthy,.jpg,RGB,256,256,79814db0558898f49fd324ad0cbd214e,Soybean___healthy:::363
data\raw\apple\Apple___healthy\a65ad047-7fcd-4059-a4fa-15cd09a284d4___RS_HL 7861.JPG,Apple___healthy,Healthy,.jpg,RGB,256,256,5197940e0f679bab91ce3dd64e948582,Apple___healthy:::212
data\raw\apple\Apple___healthy\a6af24a5-31a8-4154-bfe6-7b3f7d516f6a___RS_HL 7622.JPG,Apple___healthy,Healthy,.jpg,RGB,256,256,2c04e64635605290843b874a1d32f4b1,Apple___healthy:::179
data\raw\apple\Apple___healthy\a6cfd8cf-37d2-42ea-9946-daf4fc794e3e___RS_HL 7853.JPG,Apple___healthy,Healthy,.jpg,RGB,256,256,7844f0962f06545044845fa17f44d8ce,Apple___healthy:::211
data\raw\apple\Apple___healthy\a6ff09a1-af72-4357-a122-4549efdb90b3___RS_HL 7646.JPG,Apple___healthy,Healthy,.jpg,RGB,256,256,a4ce040381392f8ce59ec1c242baf314,Apple___healthy:::183
data\raw\apple\Apple___healthy\a70c8783-85c0-4a22-879f-9f0a0c46abf6___RS_HL 6161.JPG,Apple___healthy,Healthy,.jpg,RGB,256,256,77e179468ed46020363b1f213829ea0a,Soybean___healthy:::392
data\raw\apple\Apple___healthy\a7fde017-ef6b-44c7-9b1e-825ed048fcce___RS_HL 6049.JPG,Apple___healthy,Healthy,.jpg,RGB,256,256,d1fafa77764613955967263bcd14eb30,Soybean___healthy:::382
data\raw\apple\Apple___healthy\a850464f-70db-4726-8e80-bfe6ca501942___RS_HL 7999.JPG,Apple___healthy,Healthy,.jpg,RGB,256,256,f0d93941825e0d800623a1b82e3830b7,Apple___healthy:::230
data\raw\apple\Apple___healthy\a88f01ad-8550-49f1-9757-e9e9649d81b2___RS_HL 7360.JPG,Apple___healthy,Healthy,.jpg,RGB,256,256,cb538bb32d25a1f3b673d95822d6acfd,Soybean___healthy:::493
data\raw\apple\Apple___healthy\a8af4c4f-6022-4e82-99bf-b0044e1bd3c3___RS_HL 8003.JPG,Apple___healthy,Healthy,.jpg,RGB,256,256,0ce6a7679a4f2038698fcc2857451566,Apple___healthy:::231
data\raw\apple\Apple___healthy\a8bcd8e0-29d1-4118-9117-838fc9174aa9___RS_HL 7618.JPG,Apple___healthy,Healthy,.jpg,RGB,256,256,96311223e2f4db07a48b52af0602d0d6,Apple___healthy:::179
data\raw\apple\Apple___healthy\a8c76694-697e-4684-bc13-ac1302ebd3c0___RS_HL 7411.JPG,Apple___healthy,Healthy,.jpg,RGB,256,256,9bc9eb3b886bc016b0c419968aefc993,Soybean___healthy:::497
data\raw\apple\Apple___healthy\a8d012ca-b1ac-45b6-b8fa-44257fd4605f___RS_HL 5824.JPG,Apple___healthy,Healthy,.jpg,RGB,256,256,ee007d141ce5d0290fa4d2ae129d1d65,Soybean___healthy:::367
data\raw\apple\Apple___healthy\aa701c91-01d7-44bf-a1df-b4d8ca4fbce0___RS_HL 5715.JPG,Apple___healthy,Healthy,.jpg,RGB,256,256,e835ebe4405acc5b2950707858f93908,Soybean___healthy:::349
data\raw\apple\Apple___healthy\aa8e1c77-667f-4610-8e36-c8a21f1f9eae___RS_HL 7578.JPG,Apple___healthy,Healthy,.jpg,RGB,256,256,8da2104e362ed1bd6cf1b46e595de3fd,Apple___healthy:::173
data\raw\apple\Apple___healthy\aacd1350-3b5c-46c6-9320-84f45f5161db___RS_HL 7746.JPG,Apple___healthy,Healthy,.jpg,RGB,256,256,8aece1074bd865769c6335bb3ac4cc29,Apple___healthy:::197
data\raw\apple\Apple___healthy\ab014481-2a2f-4bb8-9a80-6b0ceb012625___RS_HL 5808.JPG,Apple___healthy,Healthy,.jpg,RGB,256,256,3b2bc66e7bf9071bfb5a7af83b5df4e5,Soybean___healthy:::366
data\raw\apple\Apple___healthy\ab23fdc9-8036-47f2-a32b-b3facb13fd5b___RS_HL 5947.JPG,Apple___healthy,Healthy,.jpg,RGB,256,256,24969391d372367ca456b8021861954d,Soybean___healthy:::374
data\raw\apple\Apple___healthy\ab3bb73a-9828-4951-89c1-44a47e980ca2___RS_HL 7695.JPG,Apple___healthy,Healthy,.jpg,RGB,256,256,fdcda8c41d2e457fdcfa1826a3f919a4,Apple___healthy:::190
data\raw\apple\Apple___healthy\ab407e72-8e8a-4d0b-b6c7-515054c65caa___RS_HL 7869.JPG,Apple___healthy,Healthy,.jpg,RGB,256,256,005e481156e45942b94c30133e2e5364,Apple___healthy:::213
data\raw\apple\Apple___healthy\ab4fd2f9-da8a-4fe7-9634-50be1efa0730___RS_HL 7714.JPG,Apple___healthy,Healthy,.jpg,RGB,256,256,f1e6364aeca76b7c46e0812553a81a4d,Apple___healthy:::192
data\raw\apple\Apple___healthy\ab56c266-3b13-43f0-9856-587367a3b45a___RS_HL 5770.JPG,Apple___healthy,Healthy,.jpg,RGB,256,256,2b6c4dbf33d697d08516701170897ad9,Soybean___healthy:::357
data\raw\apple\Apple___healthy\ab5eb58e-8cd9-4f70-ac56-1a14c101622e___RS_HL 7927.JPG,Apple___healthy,Healthy,.jpg,RGB,256,256,23aafecaf51745c12400f11d81604f49,Apple___healthy:::220
data\raw\apple\Apple___healthy\ab9d5340-375c-4935-b997-99ed6e2cfaea___RS_HL 7493.JPG,Apple___healthy,Healthy,.jpg,RGB,256,256,fe17b3a706c296770be08c2bf8bd1902,Soybean___healthy:::504
data\raw\apple\Apple___healthy\abb44bf0-cc56-4086-a5eb-0747cddc367c___RS_HL 5679.JPG,Apple___healthy,Healthy,.jpg,RGB,256,256,8cf0635e3079150dc457210a182adf47,Soybean___healthy:::342
data\raw\apple\Apple___healthy\abc9f5f6-ea98-46c0-8df7-2986969318bf___RS_HL 5928.JPG,Apple___healthy,Healthy,.jpg,RGB,256,256,1bff5f99bdd8609ab9913e22b836bac2,Soybean___healthy:::372
data\raw\apple\Apple___healthy\abff9f5a-3cc5-4753-96e7-1271110346cc___RS_HL 5914.JPG,Apple___healthy,Healthy,.jpg,RGB,256,256,24435d33018b8ebe0a0e74ef404f67ed,Soybean___healthy:::371
data\raw\apple\Apple___healthy\ac41e650-367c-4a74-b26e-0a983bc1223b___RS_HL 7743.JPG,Apple___healthy,Healthy,.jpg,RGB,256,256,d283c44b9cc01eff1421b4caa52e1803,Apple___healthy:::196
data\raw\apple\Apple___healthy\ac49a568-aa04-4c08-88a6-d1551e3f41ca___RS_HL 8146.JPG,Apple___healthy,Healthy,.jpg,RGB,256,256,d7a3ddca7c3aebbd489b6320d40a7582,Apple___healthy:::249
data\raw\apple\Apple___healthy\ac7b5666-1fe7-4407-a769-7beb71dadd13___RS_HL 5640.JPG,Apple___healthy,Healthy,.jpg,RGB,256,256,b26603722bee283b32c3b18c4027471a,Soybean___healthy:::336
data\raw\apple\Apple___healthy\ac83e870-8aec-4b1a-8156-b9a60fa09259___RS_HL 5735.JPG,Apple___healthy,Healthy,.jpg,RGB,256,256,5de21dd74b227a116dcc8c3fbdd2b222,Soybean___healthy:::352
data\raw\apple\Apple___healthy\ac9eef55-7ba7-4663-913a-6c68fc5b3376___RS_HL 5696.JPG,Apple___healthy,Healthy,.jpg,RGB,256,256,eef1dc55cfb52f922295ea1a9c3bb6ef,Soybean___healthy:::346
data\raw\apple\Apple___healthy\acb21cc2-8d65-4880-a7bb-dcc1eab1564b___RS_HL 6272.JPG,Apple___healthy,Healthy,.jpg,RGB,256,256,8bbefab9461168ef9946618480d2f0ad,Soybean___healthy:::400
data\raw\apple\Apple___healthy\acbdd971-62fa-4109-a0b7-38b6eae4d748___RS_HL 5939.JPG,Apple___healthy,Healthy,.jpg,RGB,256,256,f2e73a17d0acd991a2049f3fb828b55b,Soybean___healthy:::373
data\raw\apple\Apple___healthy\ad7674f8-ff0c-43f8-9bb7-1c347ba197fe___RS_HL 7812.JPG,Apple___healthy,Healthy,.jpg,RGB,256,256,c6007ad6deadb3b96cd1e5eaa3b33c84,Apple___healthy:::205
data\raw\apple\Apple___healthy\ad772bfa-6845-4104-8d94-8d3a2adb67c2___RS_HL 6149.JPG,Apple___healthy,Healthy,.jpg,RGB,256,256,f0939d429cd277d71c5423b6602f373f,Soybean___healthy:::391
data\raw\apple\Apple___healthy\ada1699c-0a91-44ea-bc2b-476147394421___RS_HL 5646.JPG,Apple___healthy,Healthy,.jpg,RGB,256,256,ed1175048f1fb51ce0a1c74db5fa0e4b,Soybean___healthy:::336
data\raw\apple\Apple___healthy\ae0a8f1e-235b-4fd9-980f-58d486951875___RS_HL 6244.JPG,Apple___healthy,Healthy,.jpg,RGB,256,256,6eed15e820dd8e717b0d5d9a17fb0d01,Soybean___healthy:::398
data\raw\apple\Apple___healthy\ae11ce7e-dfd2-42bc-9e1b-0b6a29f9e538___RS_HL 5674.JPG,Apple___healthy,Healthy,.jpg,RGB,256,256,886b9f4e657c3471d110e3bd2f21b13a,Soybean___healthy:::342
data\raw\apple\Apple___healthy\ae2bb9d6-502a-4ae2-b4e4-4c2fffd06ebc___RS_HL 7951.JPG,Apple___healthy,Healthy,.jpg,RGB,256,256,99b7cbad7e60c33695d09fffa62c002a,Apple___healthy:::224
data\raw\apple\Apple___healthy\ae4a5e3d-c781-49ec-901e-940f127e1688___RS_HL 6128.JPG,Apple___healthy,Healthy,.jpg,RGB,256,256,d77282f8ffd6054d80f3653a876fe2a6,Soybean___healthy:::389
data\raw\apple\Apple___healthy\ae67e27b-7937-4094-9263-580fcff3718d___RS_HL 7663.JPG,Apple___healthy,Healthy,.jpg,RGB,256,256,fab72d2afb73f337315ac7db0f701cf4,Apple___healthy:::185
data\raw\apple\Apple___healthy\ae8840d7-cde8-4739-817a-9ff6f548c522___RS_HL 8197.JPG,Apple___healthy,Healthy,.jpg,RGB,256,256,906c02cbeba9ca5950f727e1546dc816,Apple___healthy:::256
data\raw\apple\Apple___healthy\aeae3ac9-437e-4f74-9ff4-48f9058e6c9e___RS_HL 7974.JPG,Apple___healthy,Healthy,.jpg,RGB,256,256,0814b81a4208b0af2eaf1852285a81de,Apple___healthy:::227
data\raw\apple\Apple___healthy\aed7208f-81b3-4fbc-869b-87083033e048___RS_HL 8180.JPG,Apple___healthy,Healthy,.jpg,RGB,256,256,fefbc423cb0912c7df7dd9eb7e2f69e9,Apple___healthy:::254
data\raw\apple\Apple___healthy\aede527b-869e-4e42-a760-3ada64aeb8aa___RS_HL 6131.JPG,Apple___healthy,Healthy,.jpg,RGB,256,256,3905036b28c55bfb953518079d889b3b,Soybean___healthy:::389
data\raw\apple\Apple___healthy\af00bd10-d7ef-4076-90c8-28f2d6ff6aa2___RS_HL 8188.JPG,Apple___healthy,Healthy,.jpg,RGB,256,256,1c7796daffdf10307d733db4c839add0,Apple___healthy:::255
data\raw\apple\Apple___healthy\af109f85-cfe8-4547-a642-10fd10a2b79b___RS_HL 7393.JPG,Apple___healthy,Healthy,.jpg,RGB,256,256,10204699e7f770ee0ff4fde33cfea246,Soybean___healthy:::495
data\raw\apple\Apple___healthy\af2972a9-c62d-44bf-a5df-45c0bdf70572___RS_HL 5835.JPG,Apple___healthy,Healthy,.jpg,RGB,256,256,9a8b7a70febde14d55dd8237a5d6c29d,Soybean___healthy:::368
data\raw\apple\Apple___healthy\af413561-59ca-4d3a-9e7d-34711b946db4___RS_HL 6298.JPG,Apple___healthy,Healthy,.jpg,RGB,256,256,235c4766f1084b6eb4e5500221cd510d,Apple___healthy:::109
data\raw\apple\Apple___healthy\afac9fcd-ff8d-4ab8-9be2-c5649a59d6a0___RS_HL 6324.JPG,Apple___healthy,Healthy,.jpg,RGB,256,256,4b1a4363c6283a9f23549dc6e8b6f00d,Soybean___healthy:::404
data\raw\apple\Apple___healthy\afc0668a-0e88-4fa3-a91b-acf3f54551d7___RS_HL 7800.JPG,Apple___healthy,Healthy,.jpg,RGB,256,256,0e7f1dcc45149c4bbbe145d875f446b8,Apple___healthy:::204
data\raw\apple\Apple___healthy\afc70f71-aaa3-4de5-9fe4-1e951fda71cc___RS_HL 6211.JPG,Apple___healthy,Healthy,.jpg,RGB,256,256,b0e639cf381a9c84e47e4c68b7456898,Soybean___healthy:::395
data\raw\apple\Apple___healthy\b0178b88-d413-498c-a6de-1d7cef560d3a___RS_HL 7925.JPG,Apple___healthy,Healthy,.jpg,RGB,256,256,b5da55e2ed93a7c5e6b3812570a76c72,Apple___healthy:::220
data\raw\apple\Apple___healthy\b0233269-e0b7-4314-8aa1-6b7ecfd12033___RS_HL 8049.JPG,Apple___healthy,Healthy,.jpg,RGB,256,256,1f36f7df4168fd895f35217fce3f140e,Apple___healthy:::237
data\raw\apple\Apple___healthy\b06260e3-9149-43c1-ab1d-2a592ee2b7fc___RS_HL 5825.JPG,Apple___healthy,Healthy,.jpg,RGB,256,256,4c80f1c4ac4d1f30f9c1e51a44bff670,Soybean___healthy:::367
data\raw\apple\Apple___healthy\b09360ae-9c60-49b8-abb8-edc4c37d79c3___RS_HL 7643.JPG,Apple___healthy,Healthy,.jpg,RGB,256,256,8192f8ce877c2a7266005e2510795114,Apple___healthy:::182
data\raw\apple\Apple___healthy\b0ba7a6d-95eb-44e2-a2a5-4d9ef9b489d7___RS_HL 5896.JPG,Apple___healthy,Healthy,.jpg,RGB,256,256,d639010a5ba42ff48e281504267ec988,Soybean___healthy:::370
data\raw\apple\Apple___healthy\b122dc1b-a929-4b77-baa9-faf01744fd88___RS_HL 5657.JPG,Apple___healthy,Healthy,.jpg,RGB,256,256,61b9e1a3287b3dde74192f8b54715820,Soybean___healthy:::339
data\raw\apple\Apple___healthy\b13ada28-ecc1-43e6-bfa2-e8847cd7ec02___RS_HL 7835.JPG,Apple___healthy,Healthy,.jpg,RGB,256,256,1d1e13f656252889fea18211370bd00b,Apple___healthy:::208
data\raw\apple\Apple___healthy\b1784ebf-1145-4997-8e7c-4238d0ee2575___RS_HL 6299.JPG,Apple___healthy,Healthy,.jpg,RGB,256,256,b69320c37d217d8d5a830fd95189e37f,Soybean___healthy:::402
data\raw\apple\Apple___healthy\b17878ef-2476-4eba-9bdf-0a7950edae2a___RS_HL 7957.JPG,Apple___healthy,Healthy,.jpg,RGB,256,256,d635b69a5d4c95c83911000c84652c71,Apple___healthy:::224
data\raw\apple\Apple___healthy\b1e778d9-67ab-4480-ad8c-99608cbad53e___RS_HL 5976.JPG,Apple___healthy,Healthy,.jpg,RGB,256,256,cab513bb9792cd5b6428fd4f4199aa3d,Soybean___healthy:::376
data\raw\apple\Apple___healthy\b202b328-dec4-4b4a-bf6f-50c331f63f89___RS_HL 6311.JPG,Apple___healthy,Healthy,.jpg,RGB,256,256,59e4f27bd8bc8fa20c030f6187989b17,Soybean___healthy:::403
data\raw\apple\Apple___healthy\b2187f22-a9bf-47e1-8b92-b12af779833f___RS_HL 5944.JPG,Apple___healthy,Healthy,.jpg,RGB,256,256,deb307bb0ad514317e235016442b4698,Soybean___healthy:::374
data\raw\apple\Apple___healthy\b228e0e9-6082-4f02-a31e-11077fff799a___RS_HL 8143.JPG,Apple___healthy,Healthy,.jpg,RGB,256,256,45cc2da703fa9b7ade0655e3f67237a0,Apple___healthy:::249
data\raw\apple\Apple___healthy\b2acd8b3-5156-4568-95e3-b7c6604ce7cc___RS_HL 7959.JPG,Apple___healthy,Healthy,.jpg,RGB,256,256,88f3ddf2e6085ea7c92185924534efe0,Apple___healthy:::225
data\raw\apple\Apple___healthy\b2daabdc-93aa-462f-8789-6e491d95a027___RS_HL 7641.JPG,Apple___healthy,Healthy,.jpg,RGB,256,256,a60b91d9ec85b93be00a9608d7ba1f28,Apple___healthy:::182
data\raw\apple\Apple___healthy\b30e7ae6-7ea7-4eaf-8ffa-06b0093c9f75___RS_HL 8030.JPG,Apple___healthy,Healthy,.jpg,RGB,256,256,3fada82bf6908ea765093609060bfab4,Apple___healthy:::234
data\raw\apple\Apple___healthy\b31c759a-547a-46de-937f-56714107db63___RS_HL 5857.JPG,Apple___healthy,Healthy,.jpg,RGB,256,256,d094c570fe00c6779ab5c47ca7f043cd,Soybean___healthy:::367
data\raw\apple\Apple___healthy\b31cfff9-da7e-40ca-8e8a-2b8562031473___RS_HL 7333.JPG,Apple___healthy,Healthy,.jpg,RGB,256,256,22b5ad1b8e206ba3cf3c66c8512f0585,Soybean___healthy:::491
data\raw\apple\Apple___healthy\b34b807c-4986-4b85-8ede-73d625a14921___RS_HL 8025.JPG,Apple___healthy,Healthy,.jpg,RGB,256,256,362464575194a8c655b6b56a89374337,Apple___healthy:::234
data\raw\apple\Apple___healthy\b3562453-945e-4462-8589-ec879c2a4102___RS_HL 5893.JPG,Apple___healthy,Healthy,.jpg,RGB,256,256,dea3678089ffd8a9580332f33ec78d39,Soybean___healthy:::370
data\raw\apple\Apple___healthy\b3731461-8db1-42f5-9976-5f3b8b72935b___RS_HL 5973.JPG,Apple___healthy,Healthy,.jpg,RGB,256,256,ce9a58ea691fcbe886455d8b1bd5c747,Soybean___healthy:::376
data\raw\apple\Apple___healthy\b39834e5-d836-4265-a2d6-bba7116efaa3___RS_HL 7518.JPG,Apple___healthy,Healthy,.jpg,RGB,256,256,9cce90204bf09b85e6dd05b29f3ec7c3,Soybean___healthy:::506
data\raw\apple\Apple___healthy\b3a6e935-5855-48b2-905a-e3d6e1806e94___RS_HL 5688.JPG,Apple___healthy,Healthy,.jpg,RGB,256,256,889bda7d6e363335879568e2b9279bf8,Soybean___healthy:::344
data\raw\apple\Apple___healthy\b49f9a95-3672-4f62-9767-51a0f9825267___RS_HL 6232.JPG,Apple___healthy,Healthy,.jpg,RGB,256,256,a9eb4c1a008066a1bb9690abbda4d589,Soybean___healthy:::397
data\raw\apple\Apple___healthy\b553a8a1-d101-4b38-aa0b-e76c89c10554___RS_HL 8010.JPG,Apple___healthy,Healthy,.jpg,RGB,256,256,053512878bb486c33139b98e06f26921,Apple___healthy:::232
data\raw\apple\Apple___healthy\b55fbd6e-955c-4016-acff-4829df8a2f0f___RS_HL 7399.JPG,Apple___healthy,Healthy,.jpg,RGB,256,256,ab50e04e5d3c60417b22b257d2b0d781,Soybean___healthy:::496
data\raw\apple\Apple___healthy\b5bd9505-7491-4ff6-a703-d87b4f5db18b___RS_HL 6223.JPG,Apple___healthy,Healthy,.jpg,RGB,256,256,c56171f178705530fa209e2453847390,Soybean___healthy:::396
data\raw\apple\Apple___healthy\b5ff5168-38d9-4a8b-b5bb-94c310e77b53___RS_HL 6083.JPG,Apple___healthy,Healthy,.jpg,RGB,256,256,0d37d10787b48bd1e23f8896417f434e,Soybean___healthy:::385
data\raw\apple\Apple___healthy\b6808ea5-f26b-49fa-87b2-a1bbbc98d74c___RS_HL 6095.JPG,Apple___healthy,Healthy,.jpg,RGB,256,256,b697b3fec003528704f466cdbcb25e02,Soybean___healthy:::386
data\raw\apple\Apple___healthy\b681e485-e0a6-489f-b9c9-c67d67e70801___RS_HL 5874.JPG,Apple___healthy,Healthy,.jpg,RGB,256,256,16a0f1499d84a636252682f7dda3048f,Soybean___healthy:::368
data\raw\apple\Apple___healthy\b68238fa-2e01-43b2-bf8c-0e9d38848b02___RS_HL 6289.JPG,Apple___healthy,Healthy,.jpg,RGB,256,256,954d2d590e30b038ebc2cd48fd809a28,Soybean___healthy:::401
data\raw\apple\Apple___healthy\b687a4b9-a56c-4d15-b1a4-0e0ce647f7d3___RS_HL 7935.JPG,Apple___healthy,Healthy,.jpg,RGB,256,256,19a1dfebc43c7dbeed97d5c2b8fdb976,Apple___healthy:::221
data\raw\apple\Apple___healthy\b6a2a9d1-5fff-4f42-bc18-12c9777001e6___RS_HL 6067.JPG,Apple___healthy,Healthy,.jpg,RGB,256,256,2d0bc756a1f5e6aeed368c930fb2c78b,Soybean___healthy:::384
data\raw\apple\Apple___healthy\b6d4b26d-cc9d-4250-ae1f-5678b5fcd068___RS_HL 8071.JPG,Apple___healthy,Healthy,.jpg,RGB,256,256,19ed84e62b37da6579db556d7d90d31d,Apple___healthy:::240
data\raw\apple\Apple___healthy\b776b468-ee06-4871-98da-3998ead30369___RS_HL 7438.JPG,Apple___healthy,Healthy,.jpg,RGB,256,256,91db48c5b77a3d060c7babbd6507a5c7,Soybean___healthy:::499
data\raw\apple\Apple___healthy\b78e8d44-f901-4cef-bb6b-220e229796e8___RS_HL 7468.JPG,Apple___healthy,Healthy,.jpg,RGB,256,256,9acabcb8e0fca48422aca3a333454bf4,Soybean___healthy:::502
data\raw\apple\Apple___healthy\b78fc35e-44b6-4e89-8a23-54becf423e0c___RS_HL 5964.JPG,Apple___healthy,Healthy,.jpg,RGB,256,256,7aee0df741773c1348aa8165ad1fdf5a,Soybean___healthy:::375
data\raw\apple\Apple___healthy\b79b7572-548b-400e-a675-1ffa9a1d6079___RS_HL 6281.JPG,Apple___healthy,Healthy,.jpg,RGB,256,256,f02729a096407d223c0d016222d42747,Soybean___healthy:::400
data\raw\apple\Apple___healthy\b7bc8a7b-c93c-44c2-9b8f-d142e05cee7f___RS_HL 7617.JPG,Apple___healthy,Healthy,.jpg,RGB,256,256,ae773f3a283e9205c8d0e0b50c5995e0,Apple___healthy:::179
data\raw\apple\Apple___healthy\b7e9a2ff-31e8-4ddc-b739-17a8889715e7___RS_HL 6285.JPG,Apple___healthy,Healthy,.jpg,RGB,256,256,e104515e018cffae00415edd09b5bb4d,Soybean___healthy:::401
data\raw\apple\Apple___healthy\b85dfb75-f620-427c-9108-02547560a2b4___RS_HL 5913.JPG,Apple___healthy,Healthy,.jpg,RGB,256,256,dd7d9e8532bd3f9abcd331e807512711,Soybean___healthy:::371
data\raw\apple\Apple___healthy\b876a8f5-9fee-48fe-817c-f810a55c9ee2___RS_HL 7496.JPG,Apple___healthy,Healthy,.jpg,RGB,256,256,e442ced89895f748f4218646be203602,Soybean___healthy:::504
data\raw\apple\Apple___healthy\b8e23dd6-ff8c-4617-8602-c9c3a0039766___RS_HL 7983.JPG,Apple___healthy,Healthy,.jpg,RGB,256,256,fbcc031f8705435a542887b955ad52b6,Apple___healthy:::228
data\raw\apple\Apple___healthy\b8ed9a0b-1f7d-476e-907e-7c3c6936d325___RS_HL 5769.JPG,Apple___healthy,Healthy,.jpg,RGB,256,256,cc401d4886f53c0de38755e7dd60f12f,Soybean___healthy:::357
data\raw\apple\Apple___healthy\b93cadc6-112d-40f1-bec9-60c88e79f919___RS_HL 6229.JPG,Apple___healthy,Healthy,.jpg,RGB,256,256,0e5b530e322ef82177cf26f401bc2c23,Soybean___healthy:::396
data\raw\apple\Apple___healthy\b95d7446-58e5-4f88-a1a9-4ee2930051c4___RS_HL 8205.JPG,Apple___healthy,Healthy,.jpg,RGB,256,256,5b5e142dd3465aca70a7c4f8680b61f2,Apple___healthy:::257
data\raw\apple\Apple___healthy\b9a7faa2-e43b-4d8d-8df0-2256c8ee3607___RS_HL 7483.JPG,Apple___healthy,Healthy,.jpg,RGB,256,256,ef0f3cf40651677ba8256bbb5d697ba7,Soybean___healthy:::503
data\raw\apple\Apple___healthy\b9d6a99b-7ffb-47a2-a9f5-e3fedf6c0ec8___RS_HL 8204.JPG,Apple___healthy,Healthy,.jpg,RGB,256,256,2ac45e169d70a4280fd9ff99008f00b8,Apple___healthy:::257
data\raw\apple\Apple___healthy\b9d6f390-c210-486f-802b-e204e27990ea___RS_HL 7756.JPG,Apple___healthy,Healthy,.jpg,RGB,256,256,a5124c0ea90e07c7c9ea2acb29fcc87e,Apple___healthy:::198
data\raw\apple\Apple___healthy\b9e6aeac-899b-4f14-9e45-abb938f58ec1___RS_HL 8200.JPG,Apple___healthy,Healthy,.jpg,RGB,256,256,13004e515cbe685b70aec8a472ce9560,Apple___healthy:::257
data\raw\apple\Apple___healthy\b9ff58a5-fdd5-429a-a6ef-e20d0be450e2___RS_HL 6059.JPG,Apple___healthy,Healthy,.jpg,RGB,256,256,7d718457a01293bd0008f6e2b859a0e2,Soybean___healthy:::383
data\raw\apple\Apple___healthy\ba04fd9d-8914-4513-bc3a-2b8c3998fe83___RS_HL 7256.JPG,Apple___healthy,Healthy,.jpg,RGB,256,256,33802525f450038091dcaf8c2dd3afe3,Soybean___healthy:::484
data\raw\apple\Apple___healthy\ba0769ee-18a8-4250-b5c3-d7cfbb1ea0ac___RS_HL 6205.JPG,Apple___healthy,Healthy,.jpg,RGB,256,256,a7c2c96dee6df7becce83f74aaae98b6,Soybean___healthy:::395
data\raw\apple\Apple___healthy\ba1c31ed-0786-4d38-97dc-99c28fb61e64___RS_HL 7289.JPG,Apple___healthy,Healthy,.jpg,RGB,256,256,2121384372d212eefbab64b3a0c81d04,Soybean___healthy:::487
data\raw\apple\Apple___healthy\ba26ee51-3cff-482d-8ed1-4387aa33f208___RS_HL 7316.JPG,Apple___healthy,Healthy,.jpg,RGB,256,256,fea7be3ecb7d2d0c3bbe61239f5bc059,Soybean___healthy:::490
data\raw\apple\Apple___healthy\ba33103e-1321-43f0-8a86-6d5e014c0755___RS_HL 8166.JPG,Apple___healthy,Healthy,.jpg,RGB,256,256,4ecc9c41097b64a78d41b3da3fbbc8dd,Apple___healthy:::252
data\raw\apple\Apple___healthy\ba74e810-929a-4107-b366-ade4fc3cc50e___RS_HL 7436.JPG,Apple___healthy,Healthy,.jpg,RGB,256,256,46a40251783e0dc913e67e666e9bf278,Soybean___healthy:::499
data\raw\apple\Apple___healthy\ba78848a-d307-4ba9-bb8e-34de742de684___RS_HL 7266.JPG,Apple___healthy,Healthy,.jpg,RGB,256,256,ae77bc1edcfd980fe73b96285e6267b4,Soybean___healthy:::485
data\raw\apple\Apple___healthy\ba7aa30a-5f0c-44b6-9323-f6ced64aed63___RS_HL 7370.JPG,Apple___healthy,Healthy,.jpg,RGB,256,256,883de589dd587e4162f236b124915b11,Soybean___healthy:::494
data\raw\apple\Apple___healthy\bae0be56-db99-469e-909a-6035f9b85443___RS_HL 6003.JPG,Apple___healthy,Healthy,.jpg,RGB,256,256,eef21e5eb2f3d76bac4d8b01bb2e4809,Soybean___healthy:::378
data\raw\apple\Apple___healthy\baf96695-955b-4e24-8b10-c0d544a5d91a___RS_HL 7248.JPG,Apple___healthy,Healthy,.jpg,RGB,256,256,4ffb229956b68fff5780de1d71db7be4,Soybean___healthy:::484
data\raw\apple\Apple___healthy\bb575ddf-8661-4bcc-82ee-25050ba543b7___RS_HL 5807.JPG,Apple___healthy,Healthy,.jpg,RGB,256,256,233872514da33b696a92e2caba2945fc,Soybean___healthy:::366
data\raw\apple\Apple___healthy\bb94fafa-e2c6-41bc-8146-83835e579513___RS_HL 7585.JPG,Apple___healthy,Healthy,.jpg,RGB,256,256,ddba24dc3595dd72618119acea597e42,Apple___healthy:::174
data\raw\apple\Apple___healthy\bbc953a4-7860-4273-a653-6697a53c74e2___RS_HL 7606.JPG,Apple___healthy,Healthy,.jpg,RGB,256,256,8f5435a75977e8fc14195095c18130c0,Apple___healthy:::177
data\raw\apple\Apple___healthy\bbf190ed-4d1d-4add-a0d9-e672860c7b1e___RS_HL 7736.JPG,Apple___healthy,Healthy,.jpg,RGB,256,256,d1a32cda96563971dd9af0a7a1e04525,Apple___healthy:::195
data\raw\apple\Apple___healthy\bc0818a9-ad35-4d9d-93c7-20a9901c0781___RS_HL 8098.JPG,Apple___healthy,Healthy,.jpg,RGB,256,256,55a4591b7f6e6bb2ceb40a658948deda,Apple___healthy:::243
data\raw\apple\Apple___healthy\bc1fe2f2-05c7-485e-9f97-af1dfb59394a___RS_HL 5901.JPG,Apple___healthy,Healthy,.jpg,RGB,256,256,4584bc1a693c2821b3bf1e586ea93fb2,Soybean___healthy:::370
data\raw\apple\Apple___healthy\bc9b490b-eb06-4b0a-bfcc-f90478e0418b___RS_HL 7677.JPG,Apple___healthy,Healthy,.jpg,RGB,256,256,3bf593f0b8eb82ebf3e28c6fde9d2f11,Apple___healthy:::187
data\raw\apple\Apple___healthy\bcc124a4-afd2-4663-86ff-5eef7101bf02___RS_HL 7939.JPG,Apple___healthy,Healthy,.jpg,RGB,256,256,2f5c24b7e038ae06d50f83ec5b8bcbe9,Apple___healthy:::222
data\raw\apple\Apple___healthy\bcd55989-eab4-4d03-8fe2-2f24ba37c637___RS_HL 7394.JPG,Apple___healthy,Healthy,.jpg,RGB,256,256,5c5472f7de86607f9dde2edbc3e20841,Soybean___healthy:::495
data\raw\apple\Apple___healthy\bd44da3a-be59-458e-a81b-cf8f9d38724d___RS_HL 7336.JPG,Apple___healthy,Healthy,.jpg,RGB,256,256,3a2b6f046984d9f13b4710a6ae44bd94,Soybean___healthy:::491
data\raw\apple\Apple___healthy\bd55e151-34f4-46b0-8683-7315c39a7e34___RS_HL 7802.JPG,Apple___healthy,Healthy,.jpg,RGB,256,256,dea9fef42fee7b33e67fee5067ad5dfe,Apple___healthy:::204
data\raw\apple\Apple___healthy\bd61a0a7-939f-43ba-bb02-168ceb97a32a___RS_HL 5902.JPG,Apple___healthy,Healthy,.jpg,RGB,256,256,23f7312a09b898b8518e53ea8d8dcd93,Soybean___healthy:::371
data\raw\apple\Apple___healthy\bd802f98-838a-4703-b38d-5db77ddac1b8___RS_HL 8154.JPG,Apple___healthy,Healthy,.jpg,RGB,256,256,86f9c813d57da14504b98b6282d0cbb9,Apple___healthy:::250
data\raw\apple\Apple___healthy\bd8417a5-84a7-4d6f-b71c-687c343d97f5___RS_HL 6028.JPG,Apple___healthy,Healthy,.jpg,RGB,256,256,aa8dbfeafe0c5057278a905ef1b454b5,Soybean___healthy:::381
data\raw\apple\Apple___healthy\bd910a05-42d0-4e01-9d88-0c8577ccdbe2___RS_HL 7396.JPG,Apple___healthy,Healthy,.jpg,RGB,256,256,8d509acbac1c0a2d4450d872c193501d,Soybean___healthy:::496
data\raw\apple\Apple___healthy\bd91bdc8-d23d-4414-94ab-485c2bc509b1___RS_HL 6313.JPG,Apple___healthy,Healthy,.jpg,RGB,256,256,508d62ab429d91babed2f9fe4ab1c4d9,Soybean___healthy:::403
data\raw\apple\Apple___healthy\bd9222f6-b97a-4e5b-ac0f-ff320f5f7180___RS_HL 7630.JPG,Apple___healthy,Healthy,.jpg,RGB,256,256,6dacd5fabd021766b7f6a9ee52a034b0,Apple___healthy:::180
data\raw\apple\Apple___healthy\bda31474-87d3-4256-ace8-00d20ef05139___RS_HL 7443.JPG,Apple___healthy,Healthy,.jpg,RGB,256,256,3270895739d09d2869ff588f75f1aa1e,Soybean___healthy:::500
data\raw\apple\Apple___healthy\bdcce69f-7520-48cc-b22b-c3ad33d5be71___RS_HL 7878.JPG,Apple___healthy,Healthy,.jpg,RGB,256,256,a137c87bd4a4f0f6fa843d5e7a554233,Apple___healthy:::214
data\raw\apple\Apple___healthy\bde3160c-8a91-4169-908c-62b3429dc829___RS_HL 5981.JPG,Apple___healthy,Healthy,.jpg,RGB,256,256,04353330baef97f0b08143a73cd32582,Soybean___healthy:::376
data\raw\apple\Apple___healthy\bdf80993-e555-4609-8a83-7f1676bce18b___RS_HL 5682.JPG,Apple___healthy,Healthy,.jpg,RGB,256,256,8b907d6e66fac79fd7fe756a3257c9bb,Soybean___healthy:::344
data\raw\apple\Apple___healthy\be0f61c7-6307-4492-8a2c-50987ca6890e___RS_HL 7403.JPG,Apple___healthy,Healthy,.jpg,RGB,256,256,a3073b4f7b2aca017676e2d90221a966,Soybean___healthy:::496
data\raw\apple\Apple___healthy\be58ce4e-6678-4315-8786-31bd39e11909___RS_HL 6106.JPG,Apple___healthy,Healthy,.jpg,RGB,256,256,43a5c699a665b737c2d5339c367896b6,Soybean___healthy:::387
data\raw\apple\Apple___healthy\be76ffa1-32a2-4d45-a5b4-740f0eb73156___RS_HL 5974.JPG,Apple___healthy,Healthy,.jpg,RGB,256,256,b486c35f4bdf38a9b647ab780a5684c3,Soybean___healthy:::376
data\raw\apple\Apple___healthy\be861072-a40c-4318-80a7-659f9f9a11ae___RS_HL 6241.JPG,Apple___healthy,Healthy,.jpg,RGB,256,256,c2fc4b5d91bec0697fd6c1d1337b38f4,Soybean___healthy:::398
data\raw\apple\Apple___healthy\beaa2ead-91d2-46f1-b2a0-f3a3662ee1f0___RS_HL 7676.JPG,Apple___healthy,Healthy,.jpg,RGB,256,256,92d1a4e624469723c630ec32335361a2,Apple___healthy:::187
data\raw\apple\Apple___healthy\becd7e46-f87c-46d0-a973-f957e99ba4b7___RS_HL 7519.JPG,Apple___healthy,Healthy,.jpg,RGB,256,256,a3f535e63a9b7e4488cd0f88564ee3d8,Soybean___healthy:::506
data\raw\apple\Apple___healthy\bed5806d-7325-4a3f-9515-e357432636f1___RS_HL 6301.JPG,Apple___healthy,Healthy,.jpg,RGB,256,256,4a3d0f66faab033f62680731f794a9ef,Soybean___healthy:::402
data\raw\apple\Apple___healthy\bede2484-dd97-4291-9132-bf015313a6bd___RS_HL 8196.JPG,Apple___healthy,Healthy,.jpg,RGB,256,256,d552407461f8b6cbf0702d4257da26d9,Apple___healthy:::256
data\raw\apple\Apple___healthy\bf26ad48-1ebb-4186-a52c-e249dc19317e___RS_HL 8195.JPG,Apple___healthy,Healthy,.jpg,RGB,256,256,6316fb0ecf4f4e400bd57e61ded13554,Apple___healthy:::256
data\raw\apple\Apple___healthy\bf5065ab-8a95-42b7-a914-60c43973ac47___RS_HL 5827.JPG,Apple___healthy,Healthy,.jpg,RGB,256,256,a69ab14a080e79d0576583e34d86af55,Soybean___healthy:::367
data\raw\apple\Apple___healthy\bf5b3cf2-cc13-4fbd-b629-7a7f56afe59b___RS_HL 5932.JPG,Apple___healthy,Healthy,.jpg,RGB,256,256,e4c481b5b42f3e7a063aba07e5c64435,Soybean___healthy:::373
data\raw\apple\Apple___healthy\bf73cd4a-c19c-457c-827b-144d15f88b37___RS_HL 7830.JPG,Apple___healthy,Healthy,.jpg,RGB,256,256,0159ad7727808cd3cf4deae6c314ca93,Apple___healthy:::208
data\raw\apple\Apple___healthy\bf8697bb-a12a-4488-9178-22180bde51e5___RS_HL 5889.JPG,Apple___healthy,Healthy,.jpg,RGB,256,256,5ec43b5376ba2400498afbe8d40cac78,Soybean___healthy:::369
data\raw\apple\Apple___healthy\bfbfd624-ea18-4469-8038-4c90e4369209___RS_HL 7628.JPG,Apple___healthy,Healthy,.jpg,RGB,256,256,4a4e8d1bead7c36919becb5cd39b80ac,Apple___healthy:::180
data\raw\apple\Apple___healthy\bfe9c599-e0d3-4ce6-8d8a-403df3d265cc___RS_HL 8058.JPG,Apple___healthy,Healthy,.jpg,RGB,256,256,ccad9c2fa3250c8bbc353fb6d7595387,Apple___healthy:::238
data\raw\apple\Apple___healthy\bfef73e8-a8d2-4c50-8266-b8eaafd993e4___RS_HL 5861.JPG,Apple___healthy,Healthy,.jpg,RGB,256,256,25724b5f1bc50fced6a582073ce91cd8,Soybean___healthy:::367
data\raw\apple\Apple___healthy\bfff4d8f-8a42-435a-9793-07d7858d0e9a___RS_HL 6177.JPG,Apple___healthy,Healthy,.jpg,RGB,256,256,962e04da6319adc8ec8c7f149b472885,Soybean___healthy:::392
data\raw\apple\Apple___healthy\c0045dfa-da87-423c-a78c-07eb2fd456f3___RS_HL 7764.JPG,Apple___healthy,Healthy,.jpg,RGB,256,256,c83c801b43cdce73d1e4a1a9c8da52fd,Apple___healthy:::199
data\raw\apple\Apple___healthy\c023b0a2-5c8b-448f-9735-2e11a7a389ec___RS_HL 6198.JPG,Apple___healthy,Healthy,.jpg,RGB,256,256,b8336cd19c45bee2ef30fb0a8f0500ba,Soybean___healthy:::394
data\raw\apple\Apple___healthy\c02b90e9-753e-44a7-a4b8-1e19f1de42f4___RS_HL 7971.JPG,Apple___healthy,Healthy,.jpg,RGB,256,256,b30b21a175da12cab72006253b29e534,Apple___healthy:::226
data\raw\apple\Apple___healthy\c05b58c7-3d82-4e6b-b64f-324e0d30d44b___RS_HL 6320.JPG,Apple___healthy,Healthy,.jpg,RGB,256,256,d3f8b47dc2c419e9a305a2a6440b2216,Soybean___healthy:::404
data\raw\apple\Apple___healthy\c07b5a20-2ebb-44b8-8a17-f8ce3890de91___RS_HL 7638.JPG,Apple___healthy,Healthy,.jpg,RGB,256,256,22ceea19e633b164136b62695fc73088,Apple___healthy:::182
data\raw\apple\Apple___healthy\c08ff541-b426-4e5b-8630-98b5246b7d20___RS_HL 5642.JPG,Apple___healthy,Healthy,.jpg,RGB,256,256,09e8c5b8a30862ef793da79350fe7d23,Soybean___healthy:::336
data\raw\apple\Apple___healthy\c09a02e7-f47a-4dea-b648-eaad0d9f3df1___RS_HL 6037.JPG,Apple___healthy,Healthy,.jpg,RGB,256,256,d3b9b452dbadcd2f736b09cfdd92d24c,Soybean___healthy:::381
data\raw\apple\Apple___healthy\c0eef36a-242b-4420-9153-198446da57d4___RS_HL 7478.JPG,Apple___healthy,Healthy,.jpg,RGB,256,256,05be6e5d6e0541e4461e4a6379765dca,Soybean___healthy:::503
data\raw\apple\Apple___healthy\c0ffd6a1-e3d2-4034-aa74-597bf3a257e9___RS_HL 7973.JPG,Apple___healthy,Healthy,.jpg,RGB,256,256,8352cf8087c2250ca938ccc950be8b1d,Apple___healthy:::227
data\raw\apple\Apple___healthy\c1b8e085-537b-4a2d-890f-76f0dabb4757___RS_HL 7928.JPG,Apple___healthy,Healthy,.jpg,RGB,256,256,cb1c935e55eb70c2a1dfe1156cf389ec,Apple___healthy:::220
data\raw\apple\Apple___healthy\c1c192eb-1b3d-4fc5-b2c1-4eba9445536d___RS_HL 8061.JPG,Apple___healthy,Healthy,.jpg,RGB,256,256,356722b8cbb54b6d5ebad0896f3bdfb0,Apple___healthy:::238
data\raw\apple\Apple___healthy\c1d50cb3-894c-4cfa-b414-b0a81b8cfbe6___RS_HL 7405.JPG,Apple___healthy,Healthy,.jpg,RGB,256,256,153f8cf155b0e3fb6897ab5038eba602,Soybean___healthy:::496
data\raw\apple\Apple___healthy\c1fb257d-b00b-4a71-baad-92a73af09f52___RS_HL 5745.JPG,Apple___healthy,Healthy,.jpg,RGB,256,256,fc576441c47873028a8282c48ebe43be,Soybean___healthy:::355
data\raw\apple\Apple___healthy\c21cf428-bfc3-4710-b5d2-69d1c0e94748___RS_HL 6268.JPG,Apple___healthy,Healthy,.jpg,RGB,256,256,161940bd6e73cf648974cc7213cffb8f,Soybean___healthy:::399
data\raw\apple\Apple___healthy\c2498e7d-1a61-467a-9de9-800bab0e69bb___RS_HL 7395.JPG,Apple___healthy,Healthy,.jpg,RGB,256,256,9cea4857fbf30015a843a5053d0872c9,Soybean___healthy:::496
data\raw\apple\Apple___healthy\c25d42b9-915a-442d-bdae-d1405e76b8a8___RS_HL 6179.JPG,Apple___healthy,Healthy,.jpg,RGB,256,256,10d8c44f601392ca7a473738faf418c7,Soybean___healthy:::393
data\raw\apple\Apple___healthy\c2a0c51e-b57c-459f-8ce0-34f0816323db___RS_HL 7754.JPG,Apple___healthy,Healthy,.jpg,RGB,256,256,2898048625abf235c9d37cfe787d1f98,Apple___healthy:::198
data\raw\apple\Apple___healthy\c2aa2c88-d07b-4df4-80c7-1ba703254844___RS_HL 5727.JPG,Apple___healthy,Healthy,.jpg,RGB,256,256,22880a919e786b6d726759dfc027649a,Soybean___healthy:::352
data\raw\apple\Apple___healthy\c2bb2f86-2dc0-46cb-b6af-6fcfde123bec___RS_HL 7762.JPG,Apple___healthy,Healthy,.jpg,RGB,256,256,1c1adb76dea734dbee3bcf01cfc48ed8,Apple___healthy:::199
data\raw\apple\Apple___healthy\c337df55-148e-41c6-8739-e7c87ec1b32e___RS_HL 6276.JPG,Apple___healthy,Healthy,.jpg,RGB,256,256,e1839d08ed94ff6dd82b8922bc7c9aa5,Soybean___healthy:::400
data\raw\apple\Apple___healthy\c338ab5c-055e-4159-949f-9797c7314963___RS_HL 5989.JPG,Apple___healthy,Healthy,.jpg,RGB,256,256,0324cd3c5dd2a501475a39141870814a,Soybean___healthy:::377
data\raw\apple\Apple___healthy\c35175e9-8421-4af6-a6dd-fc8163d7ba73___RS_HL 7876.JPG,Apple___healthy,Healthy,.jpg,RGB,256,256,1204aad7bb9428a9d652918a96d6bf84,Apple___healthy:::214
data\raw\apple\Apple___healthy\c36cccf8-e56e-49ea-ba5e-b44cb9e04ebd___RS_HL 6062.JPG,Apple___healthy,Healthy,.jpg,RGB,256,256,aacbd2bb1c0cc9e6a13b376448b7ccc5,Soybean___healthy:::384
data\raw\apple\Apple___healthy\c3740e2e-9676-4468-a33b-3e11de158532___RS_HL 5872.JPG,Apple___healthy,Healthy,.jpg,RGB,256,256,66877198f11cce1330ea6dedfb028873,Soybean___healthy:::368
data\raw\apple\Apple___healthy\c3d84f64-28b0-4ea7-a45a-ea564a9b801e___RS_HL 5648.JPG,Apple___healthy,Healthy,.jpg,RGB,256,256,dd01b2d17314a397370453737e6d1b4c,Soybean___healthy:::336
data\raw\apple\Apple___healthy\c3dfce5d-2232-4b97-8821-6f5c32553fb7___RS_HL 8149.JPG,Apple___healthy,Healthy,.jpg,RGB,256,256,0ba3a807bd37249c8716af01ee0ab4da,Apple___healthy:::249
data\raw\apple\Apple___healthy\c419612e-2fa8-4d25-96c5-0bf68b3c7205___RS_HL 7720.JPG,Apple___healthy,Healthy,.jpg,RGB,256,256,7e19d61369964736c2d695c5a6e64ad2,Apple___healthy:::193
data\raw\apple\Apple___healthy\c475ca60-0635-4bd9-8d2f-d3e7003304c0___RS_HL 5814.JPG,Apple___healthy,Healthy,.jpg,RGB,256,256,b1764126309629537d5215608b4b31d6,Soybean___healthy:::366
data\raw\apple\Apple___healthy\c4fcb18d-d501-43da-a069-85bb58831714___RS_HL 5840.JPG,Apple___healthy,Healthy,.jpg,RGB,256,256,95450921e4a6d807d5e531d8cbf30456,Soybean___healthy:::368
data\raw\apple\Apple___healthy\c53b358c-9cf4-4388-9743-7c3447715424___RS_HL 7880.JPG,Apple___healthy,Healthy,.jpg,RGB,256,256,67fef96870cce020ccd2a9ae39c3384d,Apple___healthy:::214
data\raw\apple\Apple___healthy\c53e1b93-f910-412e-b902-19f1693ea08d___RS_HL 5962.JPG,Apple___healthy,Healthy,.jpg,RGB,256,256,96ddc1f98098d007e3a0f74b97fc42e7,Soybean___healthy:::375
data\raw\apple\Apple___healthy\c5415525-b654-4f0d-8aaf-c529db6c630f___RS_HL 8115.JPG,Apple___healthy,Healthy,.jpg,RGB,256,256,55bc8df5a8b76590cab758897a17c2b4,Apple___healthy:::245
data\raw\apple\Apple___healthy\c57694cb-8849-405f-9a84-bf0158c53c95___RS_HL 7241.JPG,Apple___healthy,Healthy,.jpg,RGB,256,256,973ccbd4e43034a2cf069598a2c8150e,Soybean___healthy:::483
data\raw\apple\Apple___healthy\c58cad9c-4529-4be6-8c40-d0f10701fe14___RS_HL 5744.JPG,Apple___healthy,Healthy,.jpg,RGB,256,256,4176ba61b010c2f80edf0fce36e4c4e6,Soybean___healthy:::355
data\raw\apple\Apple___healthy\c5a79e4d-e008-452d-b71d-503ef9077903___RS_HL 8027.JPG,Apple___healthy,Healthy,.jpg,RGB,256,256,fc5aa6d57f2cba33c20000acaf45890b,Apple___healthy:::234
data\raw\apple\Apple___healthy\c5a85d3c-72bf-4768-9e3c-d6ba6da6e82e___RS_HL 6295.JPG,Apple___healthy,Healthy,.jpg,RGB,256,256,4bf89071858215265461b9b45e53ce0c,Soybean___healthy:::401
data\raw\apple\Apple___healthy\c5bcd10f-39aa-47ce-a4e2-1f225bc60912___RS_HL 8037.JPG,Apple___healthy,Healthy,.jpg,RGB,256,256,baa42156b84daa9b2bcfa3e71a686e47,Apple___healthy:::235
data\raw\apple\Apple___healthy\c5f61d94-be12-4995-99e0-551384b7df17___RS_HL 7860.JPG,Apple___healthy,Healthy,.jpg,RGB,256,256,fb7cf3676b038f3ec87ccd798d307b14,Apple___healthy:::212
data\raw\apple\Apple___healthy\c6086c14-d6e9-4c87-8bfe-1275b959bcf7___RS_HL 7369.JPG,Apple___healthy,Healthy,.jpg,RGB,256,256,0dbb37ba521f806b83310368ed2e9a0c,Soybean___healthy:::494
data\raw\apple\Apple___healthy\c69944f6-08da-4638-8ff6-7e97b5878b57___RS_HL 5816.JPG,Apple___healthy,Healthy,.jpg,RGB,256,256,73f16cb06dd4ffdcad3339d28d671e24,Soybean___healthy:::367
data\raw\apple\Apple___healthy\c69a5e33-20a9-4f74-922e-c3bc34b1c98e___RS_HL 7921.JPG,Apple___healthy,Healthy,.jpg,RGB,256,256,8f8ab922cbd9521858ef7af19659d030,Apple___healthy:::220
data\raw\apple\Apple___healthy\c6d3d356-50ed-4d65-8d29-e1b1b9f8f478___RS_HL 7347.JPG,Apple___healthy,Healthy,.jpg,RGB,256,256,27bb07c316af6f0fce447049d68ff032,Soybean___healthy:::492
data\raw\apple\Apple___healthy\c6d8dca1-8921-4f81-aebe-90a692636b5a___RS_HL 7795.JPG,Apple___healthy,Healthy,.jpg,RGB,256,256,d57596114ec941db0549e1f306cc2d54,Apple___healthy:::203
data\raw\apple\Apple___healthy\c6e3b06c-3fb3-4516-b663-dea564d907d8___RS_HL 6309.JPG,Apple___healthy,Healthy,.jpg,RGB,256,256,c7c5641d518c520acaafb8b0456c8e7d,Soybean___healthy:::403
data\raw\apple\Apple___healthy\c72f2192-e438-4ae6-9b0a-0e9dafbf9a3e___RS_HL 7324.JPG,Apple___healthy,Healthy,.jpg,RGB,256,256,90e77684df3205174f155ed366835ded,Soybean___healthy:::490
data\raw\apple\Apple___healthy\c73cded7-83a5-4c2f-8f38-0b225165822c___RS_HL 5826.JPG,Apple___healthy,Healthy,.jpg,RGB,256,256,7574e139e6c664ef104c0d69ca09d210,Soybean___healthy:::367
data\raw\apple\Apple___healthy\c7ede8ae-237e-4228-b635-96d3b6a0bebe___RS_HL 7986.JPG,Apple___healthy,Healthy,.jpg,RGB,256,256,bd8517dd38ed4c02aefef48a0a367121,Apple___healthy:::229
data\raw\apple\Apple___healthy\c81e4d98-e76b-48cf-b03a-2ad382d19842___RS_HL 7807.JPG,Apple___healthy,Healthy,.jpg,RGB,256,256,cea1f6cd2298da87d22232f9cea170f1,Apple___healthy:::205
data\raw\apple\Apple___healthy\c81fa31b-23b0-4e58-bb69-36a45cb7898a___RS_HL 6093.JPG,Apple___healthy,Healthy,.jpg,RGB,256,256,5d17fe45371abfe7e60ab494cac4eddd,Soybean___healthy:::386
data\raw\apple\Apple___healthy\c854044d-2c8f-4c16-9601-7183b71e25cc___RS_HL 8047.JPG,Apple___healthy,Healthy,.jpg,RGB,256,256,b205fc07b8d342d8a094e32875d2a1ce,Apple___healthy:::236
data\raw\apple\Apple___healthy\c866af3f-3279-42b7-8e3d-f4f1a84f733b___RS_HL 5883.JPG,Apple___healthy,Healthy,.jpg,RGB,256,256,8f9d409dd9b08019ed50f760a3dd1886,Soybean___healthy:::369
data\raw\apple\Apple___healthy\c86f1476-4e5c-4dbd-923d-a575bd03cd18___RS_HL 6210.JPG,Apple___healthy,Healthy,.jpg,RGB,256,256,1249f45fe4a0515a79953748e7c5b10c,Soybean___healthy:::395
data\raw\apple\Apple___healthy\c87060be-7d4e-4cb2-b688-fe5378438d16___RS_HL 7473.JPG,Apple___healthy,Healthy,.jpg,RGB,256,256,de90b5219180f8ecded82affcf9a25ff,Soybean___healthy:::502
data\raw\apple\Apple___healthy\c870969d-cf55-467f-85fe-f9752cb76ec6___RS_HL 6323.JPG,Apple___healthy,Healthy,.jpg,RGB,256,256,36a217e7ce5926d2b9df28c6a80f640d,Soybean___healthy:::404
data\raw\apple\Apple___healthy\c89af5ca-be92-4d72-af08-56598771c4c3___RS_HL 5695.JPG,Apple___healthy,Healthy,.jpg,RGB,256,256,e9d4ea90070eefd2923a77e5e49e99aa,Soybean___healthy:::346
data\raw\apple\Apple___healthy\c8f83443-9ab6-483b-99e2-d90760e32ea3___RS_HL 7535.JPG,Apple___healthy,Healthy,.jpg,RGB,256,256,7a5311c95934a2dcc0e72fc654f9c9c6,Soybean___healthy:::508
data\raw\apple\Apple___healthy\c8fe407d-1806-41a1-9fee-0c7d2c538fba___RS_HL 6166.JPG,Apple___healthy,Healthy,.jpg,RGB,256,256,bcc92ed99298ece8b9da6b2fdf091b0d,Soybean___healthy:::392
data\raw\apple\Apple___healthy\c928c4dd-fae7-4650-88e3-8b8cd738243e___RS_HL 7579.JPG,Apple___healthy,Healthy,.jpg,RGB,256,256,89157e3faee5ec2ebce89e1c1368e461,Apple___healthy:::174
data\raw\apple\Apple___healthy\c933494d-e4a3-497e-8518-c239d4f49f96___RS_HL 7423.JPG,Apple___healthy,Healthy,.jpg,RGB,256,256,7d45e2209e5f0a12f8f3b416e915ac23,Soybean___healthy:::497
data\raw\apple\Apple___healthy\c936479f-544d-482a-a3d2-19b8bf69bf8d___RS_HL 7898.JPG,Apple___healthy,Healthy,.jpg,RGB,256,256,7fc6f0f17cca62dc06698255e9bf31a0,Apple___healthy:::217
data\raw\apple\Apple___healthy\c93d7101-89bf-48d9-bcb2-3957da7131ff___RS_HL 8035.JPG,Apple___healthy,Healthy,.jpg,RGB,256,256,fb5c13d0b003ff1a8002e449659afb45,Apple___healthy:::235
data\raw\apple\Apple___healthy\c95a27db-a513-4f92-b74f-cc4db60999a3___RS_HL 7599.JPG,Apple___healthy,Healthy,.jpg,RGB,256,256,07250d0186562125062c5b389cf474a3,Apple___healthy:::176
data\raw\apple\Apple___healthy\c95d4ca9-d33d-4cd6-b0da-31f327e8a5d6___RS_HL 7911.JPG,Apple___healthy,Healthy,.jpg,RGB,256,256,e65b1b7b2df29e09bea3081aa337931a,Apple___healthy:::218
data\raw\apple\Apple___healthy\c96313e1-59f4-4c05-ba19-a03a613b7d6c___RS_HL 5707.JPG,Apple___healthy,Healthy,.jpg,RGB,256,256,9375757a92aed304ad345f6b06e8f658,Soybean___healthy:::346
data\raw\apple\Apple___healthy\c9783552-aa6d-4288-ab36-a30887253bdd___RS_HL 7547.JPG,Apple___healthy,Healthy,.jpg,RGB,256,256,4effeb36805a04da15bc9a0536787d8e,Soybean___healthy:::510
data\raw\apple\Apple___healthy\c9b9e157-bef7-41c8-be22-80933635137f___RS_HL 7922.JPG,Apple___healthy,Healthy,.jpg,RGB,256,256,198fb028e318a6fc76dcd42fb004f0ff,Apple___healthy:::220
data\raw\apple\Apple___healthy\c9e911e2-cba6-4a08-b2a5-1c0e1bca68da___RS_HL 5821.JPG,Apple___healthy,Healthy,.jpg,RGB,256,256,d100d9ef626550f111b8c2ef16a927a5,Soybean___healthy:::367
data\raw\apple\Apple___healthy\c9ea6277-0581-43dd-91d6-3fddfdf447be___RS_HL 7412.JPG,Apple___healthy,Healthy,.jpg,RGB,256,256,cdecb95362c43874387a33210afae5fb,Soybean___healthy:::497
data\raw\apple\Apple___healthy\c9ecb848-37bb-4076-9f57-c1bbe22dbec2___RS_HL 7288.JPG,Apple___healthy,Healthy,.jpg,RGB,256,256,dffcca48d23cc081a71db5056784591d,Soybean___healthy:::487
data\raw\apple\Apple___healthy\c9fff3f0-930b-41e7-889d-8e60e0b720cd___RS_HL 7781.JPG,Apple___healthy,Healthy,.jpg,RGB,256,256,1f89fc6be3ae0ce3bcae9173d6ad781c,Apple___healthy:::201
data\raw\apple\Apple___healthy\ca145350-137b-48ed-bbb4-0716f0f00448___RS_HL 7597.JPG,Apple___healthy,Healthy,.jpg,RGB,256,256,923d3c12f285f22ff17e6d778c28f975,Apple___healthy:::176
data\raw\apple\Apple___healthy\ca1cb6e7-c72f-4c06-b7c8-b370b48a74c6___RS_HL 5691.JPG,Apple___healthy,Healthy,.jpg,RGB,256,256,df37461a1cdcfb56aa299388bc561ece,Soybean___healthy:::344
data\raw\apple\Apple___healthy\ca4458ac-56ef-41f3-b7a9-6084846069fd___RS_HL 6072.JPG,Apple___healthy,Healthy,.jpg,RGB,256,256,7fd57013f8f3182bf0c2053aedff52c6,Soybean___healthy:::384
data\raw\apple\Apple___healthy\ca66c694-e8cb-47df-84af-b4c46de1fd3e___RS_HL 7862.JPG,Apple___healthy,Healthy,.jpg,RGB,256,256,37087c7132a5b987d6c1b42a45632d95,Apple___healthy:::212
data\raw\apple\Apple___healthy\cb237ceb-a536-4864-a5df-34aafa90dc5e___RS_HL 7871.JPG,Apple___healthy,Healthy,.jpg,RGB,256,256,e09b467512e250391a3f870862cd5b7c,Apple___healthy:::213
data\raw\apple\Apple___healthy\cb2820ba-baab-455a-8830-df6f53bbb580___RS_HL 6097.JPG,Apple___healthy,Healthy,.jpg,RGB,256,256,4865ab588a993ddbea7bdae825b47b9b,Soybean___healthy:::386
data\raw\apple\Apple___healthy\cb32fb76-f899-4c50-8599-2d9551ff036d___RS_HL 6084.JPG,Apple___healthy,Healthy,.jpg,RGB,256,256,a5debc7c7d9eea34ee96ca6c3ed9f44e,Soybean___healthy:::385
data\raw\apple\Apple___healthy\cb368d24-b5a9-4056-8515-096c649d4007___RS_HL 7752.JPG,Apple___healthy,Healthy,.jpg,RGB,256,256,26de28c1716340588f968e9f4115f528,Apple___healthy:::197
data\raw\apple\Apple___healthy\cb6dbf98-5036-45b9-ab80-45b22ddbac00___RS_HL 6296.JPG,Apple___healthy,Healthy,.jpg,RGB,256,256,8e974aa33b5fffb327c622f002ee476f,Soybean___healthy:::401
data\raw\apple\Apple___healthy\cbc30a63-6c05-405d-b735-0a8eee10192d___RS_HL 5983.JPG,Apple___healthy,Healthy,.jpg,RGB,256,256,e4919802f097728e6461a2540e4e3e64,Soybean___healthy:::377
data\raw\apple\Apple___healthy\cbd14a0d-dbbd-42b7-a28e-4ad56133b425___RS_HL 7491.JPG,Apple___healthy,Healthy,.jpg,RGB,256,256,2f44e71d97cb4e21d8d87c5aa62e11e0,Soybean___healthy:::504
data\raw\apple\Apple___healthy\cc2bdee9-6965-4a72-9e00-b5cf39074c88___RS_HL 8114.JPG,Apple___healthy,Healthy,.jpg,RGB,256,256,dcf6e6cf2160c67cb96f611e55ecb6e2,Apple___healthy:::245
data\raw\apple\Apple___healthy\cc804c2c-87af-4c9f-b347-344701081271___RS_HL 7275.JPG,Apple___healthy,Healthy,.jpg,RGB,256,256,609b662aec1dce2bd9c8e3f570d3e599,Soybean___healthy:::486
data\raw\apple\Apple___healthy\cc97a80b-968e-46ba-a7ad-afd3d0ffb21f___RS_HL 6048.JPG,Apple___healthy,Healthy,.jpg,RGB,256,256,f0efe7ff0c7587f4498dd1763b482117,Soybean___healthy:::382
data\raw\apple\Apple___healthy\ccf86248-4dee-4fa3-8192-fc145a227ff1___RS_HL 8097.JPG,Apple___healthy,Healthy,.jpg,RGB,256,256,4177e56ddcc45883f3a909c2bcbb2de7,Apple___healthy:::243
data\raw\apple\Apple___healthy\cd18fd71-59d6-4d48-8c52-d31ff68f1fe2___RS_HL 5716.JPG,Apple___healthy,Healthy,.jpg,RGB,256,256,5ab4047504539bd3d75c8d809de62d2a,Soybean___healthy:::349
data\raw\apple\Apple___healthy\cd2bbe2b-8b63-44ea-a259-59d15dcf545d___RS_HL 8126.JPG,Apple___healthy,Healthy,.jpg,RGB,256,256,8a5678a7018219cff3e1ff7904aaa4dd,Apple___healthy:::246
data\raw\apple\Apple___healthy\cd320898-881e-4546-86fe-dd8676a88db8___RS_HL 7516.JPG,Apple___healthy,Healthy,.jpg,RGB,256,256,9cdb948370083b41bde24cc55c45fd5d,Soybean___healthy:::506
data\raw\apple\Apple___healthy\cd39b453-a3bf-4c8c-9a17-98d8a9cde2a0___RS_HL 5775.JPG,Apple___healthy,Healthy,.jpg,RGB,256,256,0987c342c43477d22e30a5539e460e64,Soybean___healthy:::360
data\raw\apple\Apple___healthy\cdd69da3-ed98-4c7f-9ee9-f0673820a56a___RS_HL 7631.JPG,Apple___healthy,Healthy,.jpg,RGB,256,256,e54885c6a71babe0936e3554c5d42089,Apple___healthy:::181
data\raw\apple\Apple___healthy\ce2974ce-80a1-4edc-ab11-901f22a0c009___RS_HL 7700.JPG,Apple___healthy,Healthy,.jpg,RGB,256,256,bddea72b2fd8c7be083f437499aed0f2,Apple___healthy:::190
data\raw\apple\Apple___healthy\ce2f655a-64d9-44ed-a67c-7e23db612a35___RS_HL 7915.JPG,Apple___healthy,Healthy,.jpg,RGB,256,256,50188ca7267ad0160db031bac65dfd6b,Apple___healthy:::219
data\raw\apple\Apple___healthy\ce57ae51-2e2e-4e60-bbc8-033b7b0584d0___RS_HL 6005.JPG,Apple___healthy,Healthy,.jpg,RGB,256,256,2f102a387511eccd5bc586ac181369db,Soybean___healthy:::378
data\raw\apple\Apple___healthy\ce955079-4dde-4b96-9240-5348dbb3c774___RS_HL 7760.JPG,Apple___healthy,Healthy,.jpg,RGB,256,256,116810355112aebb4e98177d21fb20a3,Apple___healthy:::198
data\raw\apple\Apple___healthy\ce9a3738-55ea-4974-8539-922ed4f864b8___RS_HL 6175.JPG,Apple___healthy,Healthy,.jpg,RGB,256,256,67a7ae43bf856ef63e52a8fe17c92bf6,Soybean___healthy:::392
data\raw\apple\Apple___healthy\ced1918e-3327-45c8-8107-c93dd2586380___RS_HL 5970.JPG,Apple___healthy,Healthy,.jpg,RGB,256,256,87ba714d260854f221c9b90f452fb788,Soybean___healthy:::376
data\raw\apple\Apple___healthy\ced4e27a-5eff-4190-a33a-cdc3d84c811e___RS_HL 6270.JPG,Apple___healthy,Healthy,.jpg,RGB,256,256,48f5d94e58351849b9f219c674323d58,Soybean___healthy:::400
data\raw\apple\Apple___healthy\ceead707-a3f7-4ac7-801e-113399dcf68a___RS_HL 7254.JPG,Apple___healthy,Healthy,.jpg,RGB,256,256,ee97df1a1c54a528c6883a1be5a12c48,Soybean___healthy:::484
data\raw\apple\Apple___healthy\cf3df371-fa11-469e-8ab9-7bbeb7435920___RS_HL 6080.JPG,Apple___healthy,Healthy,.jpg,RGB,256,256,9a00bae322d7adf990cf96ab89dcedd5,Soybean___healthy:::385
data\raw\apple\Apple___healthy\cfb93659-94c6-4ff3-8104-bae70c975bde___RS_HL 5666.JPG,Apple___healthy,Healthy,.jpg,RGB,256,256,0f24714354a46b9fea1c92b68bcea392,Soybean___healthy:::339
data\raw\apple\Apple___healthy\cfde002c-0d87-4ccd-ab55-f14b47941e34___RS_HL 7424.JPG,Apple___healthy,Healthy,.jpg,RGB,256,256,734ff36cbf2470a63d62ca733b7bdc83,Soybean___healthy:::498
data\raw\apple\Apple___healthy\d05d3b29-86dc-411c-a7c2-ca2f9a784e02___RS_HL 8138.JPG,Apple___healthy,Healthy,.jpg,RGB,256,256,1dc605b311f317ed86879e758ac47a0a,Apple___healthy:::248
data\raw\apple\Apple___healthy\d06d7e4c-e0d4-4f03-8f9d-004405a19f2b___RS_HL 5986.JPG,Apple___healthy,Healthy,.jpg,RGB,256,256,5b0e1734d47ccdc0bb3017d1221107d7,Soybean___healthy:::377
data\raw\apple\Apple___healthy\d092beaf-5cb5-400a-a3b7-b8bcd501af2b___RS_HL 8076.JPG,Apple___healthy,Healthy,.jpg,RGB,256,256,c3bdea9fec2875590245912d40d54077,Apple___healthy:::240
data\raw\apple\Apple___healthy\d0a8e454-67d0-4ddd-b331-c0425f46b5e0___RS_HL 7274.JPG,Apple___healthy,Healthy,.jpg,RGB,256,256,a57e068a7144ae4557f7432c21d50a7d,Soybean___healthy:::486
data\raw\apple\Apple___healthy\d103c4fb-790f-4178-8208-dd191b375600___RS_HL 5645.JPG,Apple___healthy,Healthy,.jpg,RGB,256,256,cdb161b904d399d6c60c10ef22d5dc23,Soybean___healthy:::336
data\raw\apple\Apple___healthy\d137e403-df20-4a3e-8b30-ab3357870c6f___RS_HL 8048.JPG,Apple___healthy,Healthy,.jpg,RGB,256,256,7c1ebb7cca66b4f341219f0ea97f8ee3,Apple___healthy:::237
data\raw\apple\Apple___healthy\d15fe9d3-0631-4482-a482-68d9169f1970___RS_HL 7894.JPG,Apple___healthy,Healthy,.jpg,RGB,256,256,86b55ff437cb1fff0255bfefae27663e,Apple___healthy:::216
data\raw\apple\Apple___healthy\d163d7d1-4557-443d-8584-dab6934f858f___RS_HL 7545.JPG,Apple___healthy,Healthy,.jpg,RGB,256,256,96efe1e6bb415ed51ecdc0159b710c24,Soybean___healthy:::509
data\raw\apple\Apple___healthy\d1660af9-58e5-458f-b125-4940f06711c0___RS_HL 7522.JPG,Apple___healthy,Healthy,.jpg,RGB,256,256,f41b67b54b9b3d523fe97ab49dc861cf,Soybean___healthy:::507
data\raw\apple\Apple___healthy\d182b332-f33a-4ea1-aa3c-51ef7f01efd5___RS_HL 6137.JPG,Apple___healthy,Healthy,.jpg,RGB,256,256,d9a70714b06dfba4e188b8bf7425ba53,Soybean___healthy:::389
data\raw\apple\Apple___healthy\d1b50c46-7da6-4940-89e2-800d8c56c228___RS_HL 7594.JPG,Apple___healthy,Healthy,.jpg,RGB,256,256,a205e57c0bd5e206cad39d81b5edcc13,Apple___healthy:::176
data\raw\apple\Apple___healthy\d1dd75fa-e0f8-4942-b530-5f6371ac9bc8___RS_HL 7427.JPG,Apple___healthy,Healthy,.jpg,RGB,256,256,02713ebfa7f8e0e392d51586b385666b,Soybean___healthy:::498
data\raw\apple\Apple___healthy\d215e01d-93aa-41cc-9212-614c93151cca___RS_HL 8068.JPG,Apple___healthy,Healthy,.jpg,RGB,256,256,c9d8e27b6f880951d022a57e6b3dd3e2,Apple___healthy:::239
data\raw\apple\Apple___healthy\d22b7ff6-c7a8-4c8a-b398-918ea6009893___RS_HL 7604.JPG,Apple___healthy,Healthy,.jpg,RGB,256,256,bf678713421ba6f03f0be558908c5957,Apple___healthy:::177
data\raw\apple\Apple___healthy\d25674da-5147-4d9d-9041-5b1e97afbdc5___RS_HL 7492.JPG,Apple___healthy,Healthy,.jpg,RGB,256,256,16ab22f3f4cc8c515efe27fdbddef2da,Soybean___healthy:::504
data\raw\apple\Apple___healthy\d27854b1-51af-4804-a928-9305d63f2db1___RS_HL 6181.JPG,Apple___healthy,Healthy,.jpg,RGB,256,256,7daddb77a39d3376fd6026ee112f44c0,Soybean___healthy:::393
data\raw\apple\Apple___healthy\d29e5681-1f95-4efa-9196-9ecd45538d87___RS_HL 7328.JPG,Apple___healthy,Healthy,.jpg,RGB,256,256,2b2f09cfd123cd735358f672485acae5,Soybean___healthy:::490
data\raw\apple\Apple___healthy\d2ccc66e-eedd-4a68-8b8b-d4b8018f6a56___RS_HL 5792.JPG,Apple___healthy,Healthy,.jpg,RGB,256,256,64265487c0788cf917a02af39a241226,Soybean___healthy:::363
data\raw\apple\Apple___healthy\d2ec850e-20f3-40dc-917a-641424016b92___RS_HL 6217.JPG,Apple___healthy,Healthy,.jpg,RGB,256,256,6bdfa4df8dc7e52dea7509e981bee23a,Soybean___healthy:::396
data\raw\apple\Apple___healthy\d2efd9dd-384c-4ad9-8b41-9780b0ed0c72___RS_HL 5703.JPG,Apple___healthy,Healthy,.jpg,RGB,256,256,d330b3589f579b24bd4a40ecaf56db29,Soybean___healthy:::346
data\raw\apple\Apple___healthy\d2fc2f4e-9094-4e38-bc7a-f40c5c059280___RS_HL 8170.JPG,Apple___healthy,Healthy,.jpg,RGB,256,256,00c1acec3bde3910571836d6a9b6bef2,Apple___healthy:::252
data\raw\apple\Apple___healthy\d2fe5d37-e8e1-42b2-a24b-875fb2527675___RS_HL 7947.JPG,Apple___healthy,Healthy,.jpg,RGB,256,256,2317aa01e975da5fd1027d0f23e16c36,Apple___healthy:::223
data\raw\apple\Apple___healthy\d321145e-6ab0-4ad2-8109-f34ee4389149___RS_HL 7848.JPG,Apple___healthy,Healthy,.jpg,RGB,256,256,1cb53da3b1f6357fb46ae3fcb6f5d427,Apple___healthy:::210
data\raw\apple\Apple___healthy\d345baff-7be6-45a6-802a-b945b95b5885___RS_HL 5956.JPG,Apple___healthy,Healthy,.jpg,RGB,256,256,1c16cae0fd063c3d80000fbc988ee5ef,Soybean___healthy:::375
data\raw\apple\Apple___healthy\d3524c88-0d60-43e0-a181-3ecc0facd54a___RS_HL 8181.JPG,Apple___healthy,Healthy,.jpg,RGB,256,256,70b0bb7f8750c47e22f25cfe5763adae,Apple___healthy:::254
data\raw\apple\Apple___healthy\d3543a4b-c5df-44f9-99e2-199e814e61cc___RS_HL 7805.JPG,Apple___healthy,Healthy,.jpg,RGB,256,256,8e3c5968a945985f94817cdb1a90cb03,Apple___healthy:::204
data\raw\apple\Apple___healthy\d3647b4c-45d8-4366-8e93-baf1310072ba___RS_HL 6248.JPG,Apple___healthy,Healthy,.jpg,RGB,256,256,454d68f0e64abf321a429e2e37719e7b,Soybean___healthy:::398
data\raw\apple\Apple___healthy\d3780b4b-4bf7-484a-ab4a-2c2f0894f930___RS_HL 7681.JPG,Apple___healthy,Healthy,.jpg,RGB,256,256,fd1470ef9ae530ed8b4a9c99c4a440cc,Apple___healthy:::188
data\raw\apple\Apple___healthy\d39e5813-55e2-40e1-a305-5d549efa46f4___RS_HL 8112.JPG,Apple___healthy,Healthy,.jpg,RGB,256,256,21587d88084b69acbaffacb3433cc502,Apple___healthy:::245
data\raw\apple\Apple___healthy\d3b63202-6e22-4d60-b4d0-31c54ffd2762___RS_HL 5675.JPG,Apple___healthy,Healthy,.jpg,RGB,256,256,ed2fdce73678b772ff6358e676792729,Soybean___healthy:::342
data\raw\apple\Apple___healthy\d3db83a2-69b7-4de2-b868-fc3f04a0bf85___RS_HL 7481.JPG,Apple___healthy,Healthy,.jpg,RGB,256,256,3c8b39a205024ddf86a7e48d71fdd321,Soybean___healthy:::503
data\raw\apple\Apple___healthy\d3f4f38e-212e-451f-9a8f-26a6ea5e3877___RS_HL 5924.JPG,Apple___healthy,Healthy,.jpg,RGB,256,256,c50a8567278a4dd2ef69f8dadcb0ebb0,Soybean___healthy:::372
data\raw\apple\Apple___healthy\d4008303-6d94-458e-b0f4-61044cc427ae___RS_HL 7709.JPG,Apple___healthy,Healthy,.jpg,RGB,256,256,af4ecff5a5ad5c434e7e66e1aebf8521,Apple___healthy:::192
data\raw\apple\Apple___healthy\d40c491e-7efa-4e8e-865a-fc2e5a240a66___RS_HL 8148.JPG,Apple___healthy,Healthy,.jpg,RGB,256,256,d72a2453451b0811b0850de8d8a82a0b,Apple___healthy:::249
data\raw\apple\Apple___healthy\d43caafc-79b9-43fb-ad92-d72d56a98494___RS_HL 7398.JPG,Apple___healthy,Healthy,.jpg,RGB,256,256,425288a7d53a653e9e212cf748e46870,Soybean___healthy:::496
data\raw\apple\Apple___healthy\d44b9a3e-7cec-4e55-af4b-0df481af3f79___RS_HL 7831.JPG,Apple___healthy,Healthy,.jpg,RGB,256,256,8b1b0a6c0b6b0a8440c4e214f15dce82,Apple___healthy:::208
data\raw\apple\Apple___healthy\d454a4da-a867-45f8-962e-465946df58c9___RS_HL 5876.JPG,Apple___healthy,Healthy,.jpg,RGB,256,256,48d959a42b4f6458fe877df8378a5934,Soybean___healthy:::368
data\raw\apple\Apple___healthy\d45d99cd-6834-4e22-9a4d-f58ef0806ed0___RS_HL 7562.JPG,Apple___healthy,Healthy,.jpg,RGB,256,256,4310f84e7c73c8c92763d481b3b89af8,Apple___healthy:::172
data\raw\apple\Apple___healthy\d496c802-e976-49b5-af09-b698fcf991f7___RS_HL 7429.JPG,Apple___healthy,Healthy,.jpg,RGB,256,256,320a21f27ff6d6034c9e9b9fdfd19fed,Soybean___healthy:::498
data\raw\apple\Apple___healthy\d4ddb36a-e4cf-41be-b3f6-16c584e62b9a___RS_HL 7994.JPG,Apple___healthy,Healthy,.jpg,RGB,256,256,139b0698b55ccd637c12cd4ef0924bb8,Apple___healthy:::230
data\raw\apple\Apple___healthy\d509b6e5-a4b7-49c8-ac55-c06c8dab3005___RS_HL 7626.JPG,Apple___healthy,Healthy,.jpg,RGB,256,256,b9ba7e36b9e657512d6af5747b31b6ae,Apple___healthy:::180
data\raw\apple\Apple___healthy\d529f5df-f802-4cfe-9a4c-4739ba5dfbdf___RS_HL 7875.JPG,Apple___healthy,Healthy,.jpg,RGB,256,256,7d066eae87c02beacd10f09a502a6298,Apple___healthy:::214
data\raw\apple\Apple___healthy\d54ab4d3-cd8b-4485-81b5-a38273f5fe1f___RS_HL 6076.JPG,Apple___healthy,Healthy,.jpg,RGB,256,256,d3a964dcac9a3cb8ee63c3a3ea5fa902,Soybean___healthy:::385
data\raw\apple\Apple___healthy\d5551b0d-594f-48c7-b689-c409145bf6cf___RS_HL 6325.JPG,Apple___healthy,Healthy,.jpg,RGB,256,256,7858cf269aac6e8e22fc9f18e094f384,Soybean___healthy:::404
data\raw\apple\Apple___healthy\d5578393-868f-49fa-8fff-4f0484b4507e___RS_HL 5995.JPG,Apple___healthy,Healthy,.jpg,RGB,256,256,075999a180679ae3ec5814ab45705024,Soybean___healthy:::377
data\raw\apple\Apple___healthy\d56f2b29-74ed-4997-a16c-f3416fe36c04___RS_HL 7988.JPG,Apple___healthy,Healthy,.jpg,RGB,256,256,0ceb7b3807c8aafc6d6728af7550f468,Apple___healthy:::229
data\raw\apple\Apple___healthy\d57beb14-b60a-431f-8a41-17a342cba57a___RS_HL 5737.JPG,Apple___healthy,Healthy,.jpg,RGB,256,256,13a63de8e1042f845be0bc0e6769c1ad,Soybean___healthy:::352
data\raw\apple\Apple___healthy\d57f5f33-d8e9-4c40-80ad-c2875743f781___RS_HL 5726.JPG,Apple___healthy,Healthy,.jpg,RGB,256,256,c8f996f66e05cec6343c212a85a8ce85,Soybean___healthy:::352
data\raw\apple\Apple___healthy\d5c866b2-7eb2-421a-a42a-906308cbffb2___RS_HL 6116.JPG,Apple___healthy,Healthy,.jpg,RGB,256,256,8b7ea2306312881b65462e6de9fa9a12,Soybean___healthy:::388
data\raw\apple\Apple___healthy\d5f63752-d817-4b29-a773-f0e87544d61f___RS_HL 7247.JPG,Apple___healthy,Healthy,.jpg,RGB,256,256,6350aeafd504ffe2169ab8913ba93039,Soybean___healthy:::484
data\raw\apple\Apple___healthy\d5fc35d2-b7d0-4ff7-9f96-5d3055ef6dde___RS_HL 8150.JPG,Apple___healthy,Healthy,.jpg,RGB,256,256,468a57d7a03b0da078b07ca026750a55,Apple___healthy:::250
data\raw\apple\Apple___healthy\d6035c7f-f163-4c6b-ba51-d61d10ca1fed___RS_HL 8109.JPG,Apple___healthy,Healthy,.jpg,RGB,256,256,fe11789b6c90545cce38e9c53b2848a0,Apple___healthy:::244
data\raw\apple\Apple___healthy\d61c652b-5e6d-4994-aa4c-bbde26ca0de8___RS_HL 6002.JPG,Apple___healthy,Healthy,.jpg,RGB,256,256,602c50d93623b52c5d1576bba681b916,Soybean___healthy:::378
data\raw\apple\Apple___healthy\d6318793-dacc-4b58-bb19-043324042180___RS_HL 7246.JPG,Apple___healthy,Healthy,.jpg,RGB,256,256,2ded84aad18d23e3cd11de74c13f9e61,Soybean___healthy:::484
data\raw\apple\Apple___healthy\d64e56f8-7015-423b-9926-5fcf3b4370f5___RS_HL 7735.JPG,Apple___healthy,Healthy,.jpg,RGB,256,256,ceb57eeb1932198eb4f81a88e5ac0542,Apple___healthy:::195
data\raw\apple\Apple___healthy\d6590bcb-cb7e-47c9-beb0-80785efb4046___RS_HL 6234.JPG,Apple___healthy,Healthy,.jpg,RGB,256,256,ab70631354b06b893810c670d1c1e1f0,Soybean___healthy:::397
data\raw\apple\Apple___healthy\d6a24569-4143-4445-9b3f-77c889df9cd8___RS_HL 6288.JPG,Apple___healthy,Healthy,.jpg,RGB,256,256,ac547054762bcf48c65202ffc7ebf3dc,Soybean___healthy:::401
data\raw\apple\Apple___healthy\d6aa67d8-1597-4c78-ae39-a6dcad5de6b2___RS_HL 6188.JPG,Apple___healthy,Healthy,.jpg,RGB,256,256,85ad737ccbed0b23bc457e53d10163b0,Soybean___healthy:::393
data\raw\apple\Apple___healthy\d6b55200-ce53-474b-be71-94b24991fa65___RS_HL 5743.JPG,Apple___healthy,Healthy,.jpg,RGB,256,256,bd4921605576030b1a429a76800d2dde,Soybean___healthy:::355
data\raw\apple\Apple___healthy\d6daf7ae-43ab-4a27-a881-8b716d6c55a1___RS_HL 5845.JPG,Apple___healthy,Healthy,.jpg,RGB,256,256,5ff7ef8c645f24c50e60ae68a8177eaa,Soybean___healthy:::368
data\raw\apple\Apple___healthy\d6dd2845-b0ca-4a51-8d0f-db77c8f06e73___RS_HL 5748.JPG,Apple___healthy,Healthy,.jpg,RGB,256,256,6e99599313dbe994a4c28d183753c24d,Soybean___healthy:::355
data\raw\apple\Apple___healthy\d7308460-64d2-4e9e-aa0d-5b4f62d378ef___RS_HL 5802.JPG,Apple___healthy,Healthy,.jpg,RGB,256,256,54a85842f98376548d661af2b52de0e1,Soybean___healthy:::366
data\raw\apple\Apple___healthy\d74bd0ad-5a61-48ed-a5b6-9e0bf5f3911d___RS_HL 7906.JPG,Apple___healthy,Healthy,.jpg,RGB,256,256,d7e8d1fc7f92afa28211dcbdb52e69d7,Apple___healthy:::218
data\raw\apple\Apple___healthy\d76e79e5-2cd5-4a03-9354-5759b2741210___RS_HL 7980.JPG,Apple___healthy,Healthy,.jpg,RGB,256,256,7c2bc4d892811957b32b4ce94b2add37,Apple___healthy:::228
data\raw\apple\Apple___healthy\d7cc096f-4900-44b4-a85e-216386a73773___RS_HL 5774.JPG,Apple___healthy,Healthy,.jpg,RGB,256,256,7bdb8ce32e334a332ef9ec12e67fde0a,Soybean___healthy:::360
data\raw\apple\Apple___healthy\d7e31783-62dc-472c-a380-f7cc82207f48___RS_HL 7748.JPG,Apple___healthy,Healthy,.jpg,RGB,256,256,30a99469527f158db09646e75c9c31b6,Apple___healthy:::197
data\raw\apple\Apple___healthy\d7e45523-ed79-4f45-ac59-92c7234682b6___RS_HL 7510.JPG,Apple___healthy,Healthy,.jpg,RGB,256,256,ae0fdcc14a5f9a2c395efb886fec6556,Soybean___healthy:::505
data\raw\apple\Apple___healthy\d80a4d8f-c6a6-41e9-92d0-ba21894f8c64___RS_HL 5794.JPG,Apple___healthy,Healthy,.jpg,RGB,256,256,c972afada5ad9a09ef162589299c5e7c,Soybean___healthy:::363
data\raw\apple\Apple___healthy\d80c1667-5e83-4405-9759-a9521eff44ad___RS_HL 5699.JPG,Apple___healthy,Healthy,.jpg,RGB,256,256,98849f23c8e52ed41fdbdfe6f5eda99c,Soybean___healthy:::346
data\raw\apple\Apple___healthy\d81744f3-b4a1-4343-b956-7975fe630b83___RS_HL 7343.JPG,Apple___healthy,Healthy,.jpg,RGB,256,256,f7b4bea5f0ba20df9761bada47fb8a17,Soybean___healthy:::492
data\raw\apple\Apple___healthy\d8182f26-41c1-47b0-96e2-e55236736738___RS_HL 6078.JPG,Apple___healthy,Healthy,.jpg,RGB,256,256,def9ba67fce0add888594ac5e3287e7f,Soybean___healthy:::385
data\raw\apple\Apple___healthy\d82119e5-4ee9-4523-9e08-e827d2df02cb___RS_HL 7355.JPG,Apple___healthy,Healthy,.jpg,RGB,256,256,d69f0e233cffb457bde7fc7008727849,Soybean___healthy:::492
data\raw\apple\Apple___healthy\d826b07d-a57b-4331-a451-8bb1ea264861___RS_HL 7537.JPG,Apple___healthy,Healthy,.jpg,RGB,256,256,4f87dc6a5268ac015b9fd982c59ac48c,Soybean___healthy:::508
data\raw\apple\Apple___healthy\d830e2b3-a724-448b-978b-2529bcdb35bf___RS_HL 6087.JPG,Apple___healthy,Healthy,.jpg,RGB,256,256,fc1ae8468a7978e53fd12bed59f24820,Soybean___healthy:::386
data\raw\apple\Apple___healthy\d8328d5d-be0d-4de4-8f9d-6cf4b2dcc531___RS_HL 5665.JPG,Apple___healthy,Healthy,.jpg,RGB,256,256,c8ef5bd139c5b7110f2e1f8fc95aaab0,Soybean___healthy:::339
data\raw\apple\Apple___healthy\d87f5af4-6d78-40a7-838c-c5016a07a111___RS_HL 5676.JPG,Apple___healthy,Healthy,.jpg,RGB,256,256,e8b984508e89c8e9c19f936b54882bdb,Soybean___healthy:::342
data\raw\apple\Apple___healthy\d88aa4e9-2d7d-4bd6-9a1d-e2f5a77507ff___RS_HL 7673.JPG,Apple___healthy,Healthy,.jpg,RGB,256,256,256121399a7bc25bc316f81940179615,Apple___healthy:::187
data\raw\apple\Apple___healthy\d89ecf86-b89a-4be1-9ac9-017d54734563___RS_HL 7402.JPG,Apple___healthy,Healthy,.jpg,RGB,256,256,542822c4b636eb7d8824ba5004e82570,Soybean___healthy:::496
data\raw\apple\Apple___healthy\d8bd2900-b811-43a1-9ed7-05aa5f3f2649___RS_HL 7794.JPG,Apple___healthy,Healthy,.jpg,RGB,256,256,483be8ae6d7d4491fb187e932516240c,Apple___healthy:::203
data\raw\apple\Apple___healthy\d8da7e4d-9520-4a25-8f29-4ff677e7c214___RS_HL 7763.JPG,Apple___healthy,Healthy,.jpg,RGB,256,256,42fc404503d3c4130ed8f2366a799561,Apple___healthy:::199
data\raw\apple\Apple___healthy\d91b6c09-9022-4860-98fb-643c0ec85fe3___RS_HL 7965.JPG,Apple___healthy,Healthy,.jpg,RGB,256,256,a383192ed1c830ae0ab838293859e76b,Apple___healthy:::225
data\raw\apple\Apple___healthy\d91d546a-0d07-4c6c-b1b6-1686371c0062___RS_HL 8121.JPG,Apple___healthy,Healthy,.jpg,RGB,256,256,0335a39edfd52fb22c5d996b1fbe95c6,Apple___healthy:::246
data\raw\apple\Apple___healthy\d93353b1-0471-4372-8c80-cc8dbd069d46___RS_HL 7592.JPG,Apple___healthy,Healthy,.jpg,RGB,256,256,88978b227d809cd5981ead60400e2a31,Apple___healthy:::175
data\raw\apple\Apple___healthy\d96d3f24-2fb9-4650-8cd4-c58e1a42f18f___RS_HL 8176.JPG,Apple___healthy,Healthy,.jpg,RGB,256,256,0e3976b33453bb003308212ebe393a3a,Apple___healthy:::253
data\raw\apple\Apple___healthy\d990e148-621b-4e71-8a8c-9b71c15f7faf___RS_HL 8004.JPG,Apple___healthy,Healthy,.jpg,RGB,256,256,a8eccbc5493686ef46406372ec4465d8,Apple___healthy:::231
data\raw\apple\Apple___healthy\d9983cb7-98ea-4dff-b283-faa1d93faa36___RS_HL 7749.JPG,Apple___healthy,Healthy,.jpg,RGB,256,256,2f2c9ffebf47a9d9b31c51601bc3586c,Apple___healthy:::197
data\raw\apple\Apple___healthy\d99bef24-fac5-4739-8e4e-02465dba4fa8___RS_HL 5686.JPG,Apple___healthy,Healthy,.jpg,RGB,256,256,c3f37d5c60cdef00363a0ba5b5b6abcc,Soybean___healthy:::344
data\raw\apple\Apple___healthy\d9cf36cf-9ce1-4846-927e-17287008563e___RS_HL 7335.JPG,Apple___healthy,Healthy,.jpg,RGB,256,256,f4d92bf71afa15fa7e0c0d1cff7f3b44,Soybean___healthy:::491
data\raw\apple\Apple___healthy\d9de1954-e451-48e5-ad8b-5aeca90fe7ea___RS_HL 6034.JPG,Apple___healthy,Healthy,.jpg,RGB,256,256,f97e3bfa7ffc95da8ff338eb66bc8e51,Soybean___healthy:::381
data\raw\apple\Apple___healthy\d9e69ce7-c65b-4c96-85ad-04fcb1698d55___RS_HL 8020.JPG,Apple___healthy,Healthy,.jpg,RGB,256,256,d6db44593b63bae1d3b1ee195349321b,Apple___healthy:::233
data\raw\apple\Apple___healthy\da3ef282-bae6-465c-9ffb-a393c4c38f1d___RS_HL 7528.JPG,Apple___healthy,Healthy,.jpg,RGB,256,256,85b27d4f4f81e3c1966e820de56c4fb3,Soybean___healthy:::507
data\raw\apple\Apple___healthy\da4815d7-03f0-44f0-bc35-8d28c578cbc2___RS_HL 5990.JPG,Apple___healthy,Healthy,.jpg,RGB,256,256,20217fe8a6c3a8d7cfc69c730d64e34d,Soybean___healthy:::377
data\raw\apple\Apple___healthy\da781038-1b3d-4934-8927-9477efa7d5ec___RS_HL 5815.JPG,Apple___healthy,Healthy,.jpg,RGB,256,256,e3aaae9d067caa6062e791fbd749ebe0,Soybean___healthy:::366
data\raw\apple\Apple___healthy\da91e28c-3e10-406c-be5c-d10afd8e183d___RS_HL 6041.JPG,Apple___healthy,Healthy,.jpg,RGB,256,256,badaad266397a334b7e1cd782210e4d4,Soybean___healthy:::382
data\raw\apple\Apple___healthy\dab1c693-aed0-4a33-ab47-66948821a615___RS_HL 7706.JPG,Apple___healthy,Healthy,.jpg,RGB,256,256,399b550446887f41d7bd476ae9fa0a08,Apple___healthy:::191
data\raw\apple\Apple___healthy\dab82d8b-05d6-4f3c-8ab7-666b6cc46d72___RS_HL 7874.JPG,Apple___healthy,Healthy,.jpg,RGB,256,256,0b0ab7f7a371960ac939bef52359d6b1,Apple___healthy:::214
data\raw\apple\Apple___healthy\daf045c7-3756-4753-922e-8f36a84a3422___RS_HL 5719.JPG,Apple___healthy,Healthy,.jpg,RGB,256,256,47fdc36deb8b5c68e264901c3f7582eb,Soybean___healthy:::349
data\raw\apple\Apple___healthy\db172d76-ff08-4bd5-bd0b-6231f432434a___RS_HL 5725.JPG,Apple___healthy,Healthy,.jpg,RGB,256,256,250f01dd0312eef1648cd8bc95f13beb,Soybean___healthy:::352
data\raw\apple\Apple___healthy\db1d4348-8db7-420a-b2b4-ac86393f349e___RS_HL 8199.JPG,Apple___healthy,Healthy,.jpg,RGB,256,256,83418bb881cb02efbedff8105b1d35d5,Apple___healthy:::256
data\raw\apple\Apple___healthy\db44d33e-8ef6-449f-9c92-211b4f7412ce___RS_HL 5783.JPG,Apple___healthy,Healthy,.jpg,RGB,256,256,d2bfbf6e2f8c2b08ee03e70d4ec99882,Soybean___healthy:::360
data\raw\apple\Apple___healthy\db85b64d-0f2a-41ad-9ac2-f912283d8e4b___RS_HL 7863.JPG,Apple___healthy,Healthy,.jpg,RGB,256,256,0e175df0375a66f0f3fbb3c86109759e,Apple___healthy:::212
data\raw\apple\Apple___healthy\dbe7017a-b866-4c93-8ee5-8b2526929328___RS_HL 7992.JPG,Apple___healthy,Healthy,.jpg,RGB,256,256,053d87d79780239dfa3729662a235380,Apple___healthy:::230
data\raw\apple\Apple___healthy\dbe783c1-f25b-4c7b-9151-4f4abab0ec31___RS_HL 5701.JPG,Apple___healthy,Healthy,.jpg,RGB,256,256,aeebef8270aa7af8dbcefb1ad70005e1,Soybean___healthy:::346
data\raw\apple\Apple___healthy\dbe91ac0-dcec-40f0-8be3-be2cafd83d5a___RS_HL 7384.JPG,Apple___healthy,Healthy,.jpg,RGB,256,256,ef01deff1f5e55176c07ce937d2d78c3,Soybean___healthy:::495
data\raw\apple\Apple___healthy\dbea92a9-9473-4cb1-b181-341789de0681___RS_HL 5708.JPG,Apple___healthy,Healthy,.jpg,RGB,256,256,e6776f755e6433046ef5abcb7a3ee93e,Soybean___healthy:::346
data\raw\apple\Apple___healthy\dc18b924-f172-445d-8fed-61445d437aaa___RS_HL 6270.JPG,Apple___healthy,Healthy,.jpg,RGB,256,256,48f5d94e58351849b9f219c674323d58,Soybean___healthy:::400
data\raw\apple\Apple___healthy\dc3fca98-91d0-4c97-aaa1-cdd1ad618b38___RS_HL 6290.JPG,Apple___healthy,Healthy,.jpg,RGB,256,256,6f63e0336715f1e24b3330e4b2e70734,Soybean___healthy:::401
data\raw\apple\Apple___healthy\dc456961-360a-419b-abb7-b3de3963742a___RS_HL 6055.JPG,Apple___healthy,Healthy,.jpg,RGB,256,256,a0f7be350c2221828aeef9483f5e1136,Soybean___healthy:::383
data\raw\apple\Apple___healthy\dcaa9b5c-3581-421e-b3ee-b52097931cd6___RS_HL 7404.JPG,Apple___healthy,Healthy,.jpg,RGB,256,256,f006babd72420e8168d46f64cff96046,Soybean___healthy:::496
data\raw\apple\Apple___healthy\dd296b3c-b97a-4af0-b9f2-3085b1e8b35a___RS_HL 7503.JPG,Apple___healthy,Healthy,.jpg,RGB,256,256,43142c5987e35dd9a23c68baa68a59df,Soybean___healthy:::505
data\raw\apple\Apple___healthy\dd2b6b6b-2278-4f52-8009-2d57037ab3f2___RS_HL 5670.JPG,Apple___healthy,Healthy,.jpg,RGB,256,256,9375aad4d741e6f2d5420c9f8a4d6466,Soybean___healthy:::342
data\raw\apple\Apple___healthy\dd4efe08-e387-42e2-9c4c-61b35b09bd0d___RS_HL 8136.JPG,Apple___healthy,Healthy,.jpg,RGB,256,256,98e16a5a510a7e6f5d55427fba7dc6f4,Apple___healthy:::248
data\raw\apple\Apple___healthy\ddbedf65-df68-476a-b6d5-c2b72d5e9b0b___RS_HL 5753.JPG,Apple___healthy,Healthy,.jpg,RGB,256,256,3c861b338e016f8acfbdf31f3a916440,Soybean___healthy:::357
data\raw\apple\Apple___healthy\ddbfa011-a5f6-449d-a327-b169fb547136___RS_HL 6306.JPG,Apple___healthy,Healthy,.jpg,RGB,256,256,266aeee1e5ac1dcbef3a7728c8bc6ce5,Soybean___healthy:::403
data\raw\apple\Apple___healthy\ddca8aa6-4338-40ea-bf8b-004a53547144___RS_HL 6052.JPG,Apple___healthy,Healthy,.jpg,RGB,256,256,57e9179b7cf0d85a7f8b836fb7082714,Soybean___healthy:::383
data\raw\apple\Apple___healthy\ddcb6c1e-1512-4f0f-95c0-8c99dbdba7e0___RS_HL 7801.JPG,Apple___healthy,Healthy,.jpg,RGB,256,256,013b8700ed583af740d839582f30c8c5,Apple___healthy:::204
data\raw\apple\Apple___healthy\de10e57b-5529-437c-8d64-15821f05c574___RS_HL 8094.JPG,Apple___healthy,Healthy,.jpg,RGB,256,256,79971459d4c66f13e850aba583cdf9f6,Apple___healthy:::243
data\raw\apple\Apple___healthy\de1cec8e-3880-4410-9fdb-99e79ce2dcbe___RS_HL 7819.JPG,Apple___healthy,Healthy,.jpg,RGB,256,256,9428746560a0b19656a54dfb08d1feef,Apple___healthy:::206
data\raw\apple\Apple___healthy\de864ffe-aea2-4c80-bd60-adfc8787be7f___RS_HL 5985.JPG,Apple___healthy,Healthy,.jpg,RGB,256,256,0de5f9e3d0cc39abf9e64b01e1e52e7c,Soybean___healthy:::377
data\raw\apple\Apple___healthy\de9e2aa0-cc3c-4771-bf19-15ac01a4cd25___RS_HL 5819.JPG,Apple___healthy,Healthy,.jpg,RGB,256,256,0b1359277a239530388d90472cfea5e1,Soybean___healthy:::367
data\raw\apple\Apple___healthy\deaf8b47-7a21-4cd2-97a6-8dc1fc644d00___RS_HL 5812.JPG,Apple___healthy,Healthy,.jpg,RGB,256,256,f2568c629cdd3e90ae5cab04d3ff611b,Soybean___healthy:::366
data\raw\apple\Apple___healthy\decde1a5-7bb9-4f9c-ae10-99b8edcb24fd___RS_HL 7375.JPG,Apple___healthy,Healthy,.jpg,RGB,256,256,ec801f686ef49c85ca1693c3c4fbddb7,Soybean___healthy:::494
data\raw\apple\Apple___healthy\deec00ab-1c30-441b-b6c0-9dd0dec827f4___RS_HL 6327.JPG,Apple___healthy,Healthy,.jpg,RGB,256,256,e4e8e203fc16e2c65623b6971f36ca8b,Soybean___healthy:::405
data\raw\apple\Apple___healthy\def9ef11-75da-4f8f-8334-c6c54a31d3d6___RS_HL 5936.JPG,Apple___healthy,Healthy,.jpg,RGB,256,256,903f218ce82362fd7ae57093c537611f,Soybean___healthy:::373
data\raw\apple\Apple___healthy\df61d058-fa1e-4636-97e8-3e1d567fddd9___RS_HL 6139.JPG,Apple___healthy,Healthy,.jpg,RGB,256,256,ea5ae56e24d2e6ceb44f613bed2651a0,Soybean___healthy:::390
data\raw\apple\Apple___healthy\df6bce5a-1d1b-49f6-a9cb-8f262701b335___RS_HL 8164.JPG,Apple___healthy,Healthy,.jpg,RGB,256,256,c565eb54b2af5516aec3826d36efa04d,Apple___healthy:::252
data\raw\apple\Apple___healthy\dfe47262-125f-4452-ab64-3c445b386061___RS_HL 7349.JPG,Apple___healthy,Healthy,.jpg,RGB,256,256,e4b4a32a8dc179aef737b537f6630a67,Soybean___healthy:::492
data\raw\apple\Apple___healthy\dff74209-1167-4878-8236-e0bf62e877dd___RS_HL 7815.JPG,Apple___healthy,Healthy,.jpg,RGB,256,256,7b7d312aab31a536f44f877cede04735,Apple___healthy:::206
data\raw\apple\Apple___healthy\e00be9db-9536-411d-a9f9-415387f2e605___RS_HL 7249.JPG,Apple___healthy,Healthy,.jpg,RGB,256,256,211542a6f86ff97e18ca3715468f137c,Soybean___healthy:::484
data\raw\apple\Apple___healthy\e00d340c-2088-458e-b41d-b628959397c1___RS_HL 5940.JPG,Apple___healthy,Healthy,.jpg,RGB,256,256,dd524c58693a4d0a783622aaa4a5ac3a,Soybean___healthy:::373
data\raw\apple\Apple___healthy\e0b3b9e7-70ab-4cd5-ba2f-2924568dc837___RS_HL 7774.JPG,Apple___healthy,Healthy,.jpg,RGB,256,256,67f0e6f8bd2348c476847dd5535333f7,Apple___healthy:::201
data\raw\apple\Apple___healthy\e1049a9b-7eb2-423b-9a2f-299d24499732___RS_HL 7344.JPG,Apple___healthy,Healthy,.jpg,RGB,256,256,18c65b2cd413a90b2c4a99f192864056,Soybean___healthy:::492
data\raw\apple\Apple___healthy\e10f9ab3-4775-4947-920a-d272329ae225___RS_HL 7946.JPG,Apple___healthy,Healthy,.jpg,RGB,256,256,35e09d463ee168f611a2fa17da09f184,Apple___healthy:::223
data\raw\apple\Apple___healthy\e1571e9e-b373-4d7d-9106-a0b1e4e89bd9___RS_HL 7342.JPG,Apple___healthy,Healthy,.jpg,RGB,256,256,e97c984aa3ea14324baa1a29197ab671,Soybean___healthy:::492
data\raw\apple\Apple___healthy\e162d750-979e-4e0c-b530-5ebde0367453___RS_HL 7345.JPG,Apple___healthy,Healthy,.jpg,RGB,256,256,ee3eaadd92229496e3794e47ecbc358a,Soybean___healthy:::492
data\raw\apple\Apple___healthy\e181a90b-4e75-418b-a8d8-98173cd8bd1a___RS_HL 8194.JPG,Apple___healthy,Healthy,.jpg,RGB,256,256,5416aafb02a8f36424377de0128cb24d,Apple___healthy:::256
data\raw\apple\Apple___healthy\e1ba14eb-adfc-4b8f-91ec-cb6fa892f501___RS_HL 7633.JPG,Apple___healthy,Healthy,.jpg,RGB,256,256,975ab8c37cd856756837faea8b110454,Apple___healthy:::181
data\raw\apple\Apple___healthy\e1e675c7-7ec2-44d9-b5c6-9b71151e1447___RS_HL 7466.JPG,Apple___healthy,Healthy,.jpg,RGB,256,256,53b6cc699847b313a1eb3bda5571c4f6,Soybean___healthy:::501
data\raw\apple\Apple___healthy\e1feed76-9ae7-449b-8c58-aebd806c680b___RS_HL 8034.JPG,Apple___healthy,Healthy,.jpg,RGB,256,256,7fa1abf7bb54439212066c4e8c944ff3,Apple___healthy:::235
data\raw\apple\Apple___healthy\e25a6ff6-6872-4e79-ac62-14221935dd6b___RS_HL 5736.JPG,Apple___healthy,Healthy,.jpg,RGB,256,256,ddc31f20ee2cd121b0fe069cafebcb4f,Soybean___healthy:::352
data\raw\apple\Apple___healthy\e263a6c7-e289-4d26-ad07-1a11c6854208___RS_HL 8113.JPG,Apple___healthy,Healthy,.jpg,RGB,256,256,e1fe16758761af0da6c59b389be64f73,Apple___healthy:::245
data\raw\apple\Apple___healthy\e2799f4e-65ba-4f57-aa7d-9ac6cfa6c300___RS_HL 6265.JPG,Apple___healthy,Healthy,.jpg,RGB,256,256,2f181908730c2b1e5c241a064b648a65,Soybean___healthy:::399
data\raw\apple\Apple___healthy\e29afa6a-10d2-4d5c-a31c-b06fdf1bbadd___RS_HL 7691.JPG,Apple___healthy,Healthy,.jpg,RGB,256,256,57df79b60f41daa55f24bb417b70fc6c,Apple___healthy:::189
data\raw\apple\Apple___healthy\e2af3daf-392f-4661-baf0-f4d4522a07f9___RS_HL 5652.JPG,Apple___healthy,Healthy,.jpg,RGB,256,256,9899495243338f2c40a43f1481644653,Soybean___healthy:::336
data\raw\apple\Apple___healthy\e2cce5a6-04a9-436d-8e56-3bf4979b47bc___RS_HL 5886.JPG,Apple___healthy,Healthy,.jpg,RGB,256,256,ac8294ada4dfd23cf5a825c2ec0d967e,Soybean___healthy:::369
data\raw\apple\Apple___healthy\e30a5d07-5f6a-459a-a92d-52f86824bd2a___RS_HL 7896.JPG,Apple___healthy,Healthy,.jpg,RGB,256,256,98e17368ff8e9d326037be72be8ae75b,Apple___healthy:::216
data\raw\apple\Apple___healthy\e30f75c3-08c7-47fa-ae3c-7e1e3e782583___RS_HL 6247.JPG,Apple___healthy,Healthy,.jpg,RGB,256,256,64964963a12f5b5a0147bc457f14ae1e,Soybean___healthy:::398
data\raw\apple\Apple___healthy\e323a987-eb04-44a2-aaa0-0d85518bb3dd___RS_HL 7668.JPG,Apple___healthy,Healthy,.jpg,RGB,256,256,b953e672584efe4ceffd42a5e9a99f9b,Apple___healthy:::186
data\raw\apple\Apple___healthy\e34850c1-041f-4674-ba19-b3c48956e986___RS_HL 6184.JPG,Apple___healthy,Healthy,.jpg,RGB,256,256,a27d9bc083b5189bcf7bbfe5f62919cb,Soybean___healthy:::393
data\raw\apple\Apple___healthy\e35729f0-09b8-4cd4-a04c-30c9b49095c5___RS_HL 6068.JPG,Apple___healthy,Healthy,.jpg,RGB,256,256,7f6f142c3a63236c0b05fac205aaffde,Soybean___healthy:::384
data\raw\apple\Apple___healthy\e366d6d6-7a22-4182-bf81-a573831404a2___RS_HL 6165.JPG,Apple___healthy,Healthy,.jpg,RGB,256,256,4906c042f70a74b051e7ae22d3570aae,Soybean___healthy:::392
data\raw\apple\Apple___healthy\e3a3c4f3-12b0-49f2-a14c-c73cdc542e74___RS_HL 7773.JPG,Apple___healthy,Healthy,.jpg,RGB,256,256,088a52225704261cbbf620ae866bd5d7,Apple___healthy:::200
data\raw\apple\Apple___healthy\e3aa227f-1e49-4a2a-8e10-6a1c5c985214___RS_HL 6057.JPG,Apple___healthy,Healthy,.jpg,RGB,256,256,330c7bc050f9c6a469b5403488786503,Soybean___healthy:::383
data\raw\apple\Apple___healthy\e3bbf9e4-4af5-4137-b996-440c5de827dd___RS_HL 5780.JPG,Apple___healthy,Healthy,.jpg,RGB,256,256,115d34ef99ced9ff446841a0ab40e312,Soybean___healthy:::360
data\raw\apple\Apple___healthy\e439a002-e035-401e-a1aa-77f99fbd65ad___RS_HL 5880.JPG,Apple___healthy,Healthy,.jpg,RGB,256,256,c01a788cc3fbbf60ea3c5a0d44e26adc,Soybean___healthy:::369
data\raw\apple\Apple___healthy\e4bca84a-8bf3-477f-8c67-208f7484b0af___RS_HL 7287.JPG,Apple___healthy,Healthy,.jpg,RGB,256,256,3d3486697df318c64fc5ae5803de9185,Soybean___healthy:::487
data\raw\apple\Apple___healthy\e4c6e085-5cc2-4bbb-a43e-3d839724c31d___RS_HL 8139.JPG,Apple___healthy,Healthy,.jpg,RGB,256,256,9ed28b2601fa87f242e72a1fec4c9eae,Apple___healthy:::248
data\raw\apple\Apple___healthy\e5e32bed-0c56-49c1-93d8-415115dd9a09___RS_HL 8006.JPG,Apple___healthy,Healthy,.jpg,RGB,256,256,6509ea7dc7539c0c329084f02c27e560,Apple___healthy:::231
data\raw\apple\Apple___healthy\e60576a0-8d11-4fe9-8efa-5fe763573dc7___RS_HL 7406.JPG,Apple___healthy,Healthy,.jpg,RGB,256,256,b20dcd827ebfc77b0ba69e0f1f71959d,Soybean___healthy:::496
data\raw\apple\Apple___healthy\e662b14d-58f7-4347-98b7-ba9cbc1e858f___RS_HL 6024.JPG,Apple___healthy,Healthy,.jpg,RGB,256,256,c75b20645741dfe38335f1a3b0d90fa5,Soybean___healthy:::380
data\raw\apple\Apple___healthy\e686d3b8-b691-4cc0-a371-8d812c168911___RS_HL 7539.JPG,Apple___healthy,Healthy,.jpg,RGB,256,256,91d73be8b7ad5927647687c2fd98bc9a,Soybean___healthy:::508
data\raw\apple\Apple___healthy\e6b195c1-8aa7-4853-9885-2a6db55b99aa___RS_HL 7409.JPG,Apple___healthy,Healthy,.jpg,RGB,256,256,686582c5c0027c4a9cdb308c20f19252,Soybean___healthy:::496
data\raw\apple\Apple___healthy\e6e1a82f-890f-4c43-b7cc-e35418a28359___RS_HL 6260.JPG,Apple___healthy,Healthy,.jpg,RGB,256,256,c4a90c45be278565c201f53074b5a82c,Soybean___healthy:::399
data\raw\apple\Apple___healthy\e6fe30f6-a65f-473c-b266-f9a5cec8f6b4___RS_HL 7559.JPG,Apple___healthy,Healthy,.jpg,RGB,256,256,b9990d26351539643685eee0801dfefd,Apple___healthy:::171
data\raw\apple\Apple___healthy\e703a7bf-2f28-4577-9463-e67397c1b673___RS_HL 8100.JPG,Apple___healthy,Healthy,.jpg,RGB,256,256,fe90a6288f77d666a28ddaf8b08c378e,Apple___healthy:::243
data\raw\apple\Apple___healthy\e706b363-0bc0-4846-9b56-b7ff2f60e112___RS_HL 5952.JPG,Apple___healthy,Healthy,.jpg,RGB,256,256,c3c711b418f851348a7c62b215ef04d4,Soybean___healthy:::374
data\raw\apple\Apple___healthy\e77cdcd7-1279-4cd1-87db-9d80721311b4___RS_HL 6283.JPG,Apple___healthy,Healthy,.jpg,RGB,256,256,0be9217383da278a51be660a059a3a32,Soybean___healthy:::400
data\raw\apple\Apple___healthy\e7de79f6-05b5-4f79-8b00-b6c212bea3cd___RS_HL 7699.JPG,Apple___healthy,Healthy,.jpg,RGB,256,256,44d3efd424cc00a50e84099a734a9a0e,Apple___healthy:::190
data\raw\apple\Apple___healthy\e7ef1fc4-cb01-4be4-98ea-207ec6dfb91a___RS_HL 6316.JPG,Apple___healthy,Healthy,.jpg,RGB,256,256,3d201f1f7ad4788c048c31592a8cf67c,Soybean___healthy:::403
data\raw\apple\Apple___healthy\e7f0bd90-56b8-4d09-a406-9c4786eaca3a___RS_HL 7738.JPG,Apple___healthy,Healthy,.jpg,RGB,256,256,20d3b454bde5a502808793da72a27f13,Apple___healthy:::195
data\raw\apple\Apple___healthy\e81989f9-3f71-4473-b997-fc0230a2f87e___RS_HL 7568.JPG,Apple___healthy,Healthy,.jpg,RGB,256,256,44599723f067bb8b33714aac39496143,Apple___healthy:::172
data\raw\apple\Apple___healthy\e83245d3-f5e6-43f4-9621-899b089f1c08___RS_HL 7586.JPG,Apple___healthy,Healthy,.jpg,RGB,256,256,2195c705b13ac501cf84e48888f54e25,Apple___healthy:::174
data\raw\apple\Apple___healthy\e8f01d04-432d-4894-990b-df471a782651___RS_HL 6297.JPG,Apple___healthy,Healthy,.jpg,RGB,256,256,533abb79376b22b213fd024cfb1b49cc,Soybean___healthy:::402
data\raw\apple\Apple___healthy\e99a7776-9700-4845-bec6-b3db896f5562___RS_HL 7732.JPG,Apple___healthy,Healthy,.jpg,RGB,256,256,5df70e3b7e318c56f349a67f1f2449b9,Apple___healthy:::195
data\raw\apple\Apple___healthy\e9a9e270-a397-4f0c-a1aa-d064d38379e2___RS_HL 8158.JPG,Apple___healthy,Healthy,.jpg,RGB,256,256,21c1d43ee2d94a4269aa151e2e500671,Apple___healthy:::251
data\raw\apple\Apple___healthy\e9d92a83-92dd-442f-8138-627ead72fcaf___RS_HL 5839.JPG,Apple___healthy,Healthy,.jpg,RGB,256,256,6a7d6476ad6dd90e834bcaf96f5b1129,Soybean___healthy:::368
data\raw\apple\Apple___healthy\e9f437d0-a209-461c-b071-5c8c13a2ed6a___RS_HL 6291.JPG,Apple___healthy,Healthy,.jpg,RGB,256,256,e16698e6cc27d0ed6cdd79ab18e42c02,Soybean___healthy:::401
data\raw\apple\Apple___healthy\ea45b7c8-f1c2-42c0-bfec-96444c58ddd0___RS_HL 6004.JPG,Apple___healthy,Healthy,.jpg,RGB,256,256,6402ae200df0c3acc1c73fbed0aa219b,Soybean___healthy:::378
data\raw\apple\Apple___healthy\ea6534d4-60f0-4607-b02b-fbd25fe9a9b4___RS_HL 5681.JPG,Apple___healthy,Healthy,.jpg,RGB,256,256,e6184ed1739be0ed055fb95d496fd246,Soybean___healthy:::344
data\raw\apple\Apple___healthy\eabe5670-2b40-4677-bc58-b30410ddbab0___RS_HL 7605.JPG,Apple___healthy,Healthy,.jpg,RGB,256,256,fb2f5e6d5e5a84dc6eeb09c7adf49390,Apple___healthy:::177
data\raw\apple\Apple___healthy\eb1b7162-9f7a-4bb7-b3fc-5dcaef541b55___RS_HL 6218.JPG,Apple___healthy,Healthy,.jpg,RGB,256,256,d6cbddb33c308cd194bd30b127c9917b,Soybean___healthy:::396
data\raw\apple\Apple___healthy\eb1fe703-b96e-4440-9f6c-d75efcda5be0___RS_HL 7454.JPG,Apple___healthy,Healthy,.jpg,RGB,256,256,8c0fee9eda6f7be6d708aa2f19f50a5b,Soybean___healthy:::500
data\raw\apple\Apple___healthy\eb8bf5fc-9b26-403e-aa70-a0649a749629___RS_HL 8096.JPG,Apple___healthy,Healthy,.jpg,RGB,256,256,32497c29febdf0216915bd98d2b21276,Apple___healthy:::243
data\raw\apple\Apple___healthy\ebba11b3-2d4b-4580-9c2f-9e59c1047cdc___RS_HL 7305.JPG,Apple___healthy,Healthy,.jpg,RGB,256,256,32cd69e6495834f800a7d0a355e9f647,Soybean___healthy:::488
data\raw\apple\Apple___healthy\ebfb312e-5c9c-40ed-a193-955439232491___RS_HL 7512.JPG,Apple___healthy,Healthy,.jpg,RGB,256,256,0c02695fb1cd276b315e706f6e068c43,Soybean___healthy:::506
data\raw\apple\Apple___healthy\ec1bf8ec-0876-4971-8df1-20f766ac3df2___RS_HL 7666.JPG,Apple___healthy,Healthy,.jpg,RGB,256,256,57826b744a55e47b797a0dd087251343,Apple___healthy:::186
data\raw\apple\Apple___healthy\ec274680-0ee1-49d4-af42-48c6fe0da457___RS_HL 7306.JPG,Apple___healthy,Healthy,.jpg,RGB,256,256,69c233090fee3c9bc4fbf07bf9a3fdd8,Soybean___healthy:::488
data\raw\apple\Apple___healthy\ec41f18f-cd53-43db-ac79-954871449e40___RS_HL 7789.JPG,Apple___healthy,Healthy,.jpg,RGB,256,256,36d4ade07bac5541c8552f2e91f09891,Apple___healthy:::202
data\raw\apple\Apple___healthy\ec5b9329-e53e-4578-ba60-03950b3e4883___RS_HL 7784.JPG,Apple___healthy,Healthy,.jpg,RGB,256,256,f7480eaac551c6f8d1b9e7b742878cdc,Apple___healthy:::202
data\raw\apple\Apple___healthy\ec9b03af-1ead-4a8f-ac8b-cf68ae3c46bb___RS_HL 7885.JPG,Apple___healthy,Healthy,.jpg,RGB,256,256,c3d598efb2f60c69dc29afe7fd4ef0c1,Apple___healthy:::215
data\raw\apple\Apple___healthy\ec9e541f-ebe0-4985-8a34-26f9daf88b5d___RS_HL 5948.JPG,Apple___healthy,Healthy,.jpg,RGB,256,256,77c75331340c8720bb4b9cf4860320b1,Soybean___healthy:::374
data\raw\apple\Apple___healthy\ecfed640-129c-4440-8617-fbe0372c0556___RS_HL 7485.JPG,Apple___healthy,Healthy,.jpg,RGB,256,256,1eea2798e44c9b3cb289b0792891c939,Soybean___healthy:::503
data\raw\apple\Apple___healthy\ed151c2d-14c0-49e0-bab4-48e5d879d9ca___RS_HL 7554.JPG,Apple___healthy,Healthy,.jpg,RGB,256,256,77afe9af7fd4e74062d3dc65c97f8922,Soybean___healthy:::510
data\raw\apple\Apple___healthy\ed54e461-78ec-4cd1-8926-ff568b3fd29c___RS_HL 7886.JPG,Apple___healthy,Healthy,.jpg,RGB,256,256,b504df1b03db91befb33e52ce4092122,Apple___healthy:::215
data\raw\apple\Apple___healthy\ed921a4f-b7a5-4086-bcab-cbfe7a97d053___RS_HL 7449.JPG,Apple___healthy,Healthy,.jpg,RGB,256,256,c17404bbe903c887b91febc92e103896,Soybean___healthy:::500
data\raw\apple\Apple___healthy\edb48c93-3366-4363-9840-41a96cb86e3a___RS_HL 6066.JPG,Apple___healthy,Healthy,.jpg,RGB,256,256,5a7053146d708b732008b88525b1f675,Soybean___healthy:::384
data\raw\apple\Apple___healthy\ede0990f-ed5b-492b-9ecf-2f57027f2cd1___RS_HL 6319.JPG,Apple___healthy,Healthy,.jpg,RGB,256,256,94eb9f252e8076379b19ff37e204d1d8,Soybean___healthy:::404
data\raw\apple\Apple___healthy\edf2aa3e-8736-4931-99dc-4a05252526b6___RS_HL 7710.JPG,Apple___healthy,Healthy,.jpg,RGB,256,256,524568de61cafb54d768a6b63a507b3f,Apple___healthy:::192
data\raw\apple\Apple___healthy\ee4eddac-1368-4d79-950f-e9b09e7cbd24___RS_HL 7704.JPG,Apple___healthy,Healthy,.jpg,RGB,256,256,29e6e9cdd8fd25dc517d8b7b0c24bc95,Apple___healthy:::191
data\raw\apple\Apple___healthy\ee80e1f5-3e45-49a2-9766-ee6ec0981f91___RS_HL 5690.JPG,Apple___healthy,Healthy,.jpg,RGB,256,256,50ede918023189764fb4f2d1957a8342,Soybean___healthy:::344
data\raw\apple\Apple___healthy\ee93a9cb-b4e5-4ad6-874b-caff1370f5bd___RS_HL 8142.JPG,Apple___healthy,Healthy,.jpg,RGB,256,256,c771ecd7e47b00e36ef6f1a39e4705e3,Apple___healthy:::248
data\raw\apple\Apple___healthy\eed4b520-3e7c-4a4f-8e7a-26cd9a893a32___RS_HL 5661.JPG,Apple___healthy,Healthy,.jpg,RGB,256,256,05f5c7dbaca1a0d270a49952ce3908a7,Soybean___healthy:::339
data\raw\apple\Apple___healthy\eee67012-27f6-45d5-9365-2561429f046d___RS_HL 8165.JPG,Apple___healthy,Healthy,.jpg,RGB,256,256,c8109f950e317a317e010cb3ad62eab5,Apple___healthy:::252
data\raw\apple\Apple___healthy\ef16aa29-f7bd-4bad-be8e-4877760a3712___RS_HL 5871.JPG,Apple___healthy,Healthy,.jpg,RGB,256,256,c0716357e286e262c18499ad87577496,Soybean___healthy:::368
data\raw\apple\Apple___healthy\ef39563c-7897-48be-b7d5-5371b873b110___RS_HL 8024.JPG,Apple___healthy,Healthy,.jpg,RGB,256,256,404850ec7e0ce85f3ff776a6cf54de9c,Apple___healthy:::234
data\raw\apple\Apple___healthy\efcddd81-0718-4555-ac8f-f417cc6e6280___RS_HL 7912.JPG,Apple___healthy,Healthy,.jpg,RGB,256,256,a28b24287a39a18444bc565a6e2609e7,Apple___healthy:::218
data\raw\apple\Apple___healthy\eff8a4a7-8aa4-4549-ae15-035f85c15486___RS_HL 7783.JPG,Apple___healthy,Healthy,.jpg,RGB,256,256,17b107461976ed224cbacf5425e168c6,Apple___healthy:::202
data\raw\apple\Apple___healthy\f0033a40-7a27-46e8-bf31-5af5cd0a9691___RS_HL 7941.JPG,Apple___healthy,Healthy,.jpg,RGB,256,256,d391610808973d9e05793b07c0e4e108,Apple___healthy:::222
data\raw\apple\Apple___healthy\f0194580-8ee6-4149-a63d-7935bc29c09e___RS_HL 7761.JPG,Apple___healthy,Healthy,.jpg,RGB,256,256,11f54cc836c2e9356625468f6b429c6c,Apple___healthy:::199
data\raw\apple\Apple___healthy\f0327e86-a56c-4ed1-bcdb-ed0a46ccd5a9___RS_HL 5926.JPG,Apple___healthy,Healthy,.jpg,RGB,256,256,6d4a0945d2e953035d03adc07ac7c724,Soybean___healthy:::372
data\raw\apple\Apple___healthy\f03b4260-bf5c-41be-a4fe-96a5c341e7fc___RS_HL 7262.JPG,Apple___healthy,Healthy,.jpg,RGB,256,256,4efce193bab9ea2c9b3eac6e3b10f73a,Soybean___healthy:::485
data\raw\apple\Apple___healthy\f09b090f-bff1-4fc9-87ad-1b9e05373698___RS_HL 6035.JPG,Apple___healthy,Healthy,.jpg,RGB,256,256,7229d130d130dde18346e41063e33b2f,Soybean___healthy:::381
data\raw\apple\Apple___healthy\f0cc8fe8-a9ec-42bb-83b7-274f8f5f00f0___RS_HL 7940.JPG,Apple___healthy,Healthy,.jpg,RGB,256,256,428bd2ca653770a75ec9ff990b8df979,Apple___healthy:::222
data\raw\apple\Apple___healthy\f0fb0e55-8a67-4df0-be6f-90913f64bc28___RS_HL 7352.JPG,Apple___healthy,Healthy,.jpg,RGB,256,256,f961f33c3901f084cfd6eed69296e10e,Soybean___healthy:::492
data\raw\apple\Apple___healthy\f109ab3b-0e85-47e6-9c7b-fe1b7a52a530___RS_HL 7975.JPG,Apple___healthy,Healthy,.jpg,RGB,256,256,4c0da627b5a419b3eec7302d9b95d45e,Apple___healthy:::227
data\raw\apple\Apple___healthy\f17a1770-7878-4f53-a432-e93429328836___RS_HL 6090.JPG,Apple___healthy,Healthy,.jpg,RGB,256,256,3707617944674bc6d08c785fed46fc6b,Soybean___healthy:::386
data\raw\apple\Apple___healthy\f18afd6d-b745-4c09-b615-b1b6200bcd89___RS_HL 7683.JPG,Apple___healthy,Healthy,.jpg,RGB,256,256,c62ef314e59b91be7e76e002acbd8b3b,Apple___healthy:::188
data\raw\apple\Apple___healthy\f1953fa5-9c15-40a5-b9cd-43341f14dc4d___RS_HL 6115.JPG,Apple___healthy,Healthy,.jpg,RGB,256,256,e8e236b4ec1ab05dfd50b12cf1b27a2f,Soybean___healthy:::387
data\raw\apple\Apple___healthy\f1d26177-d15c-43ee-80e5-6246edc6556c___RS_HL 7713.JPG,Apple___healthy,Healthy,.jpg,RGB,256,256,dae1c8d5cc32a71f4e5e0eb5542046d9,Apple___healthy:::192
data\raw\apple\Apple___healthy\f1ff3bc9-8483-4255-a252-95433e00d5e2___RS_HL 7509.JPG,Apple___healthy,Healthy,.jpg,RGB,256,256,fbb5fc2c4ac8859e731d40808697c95e,Soybean___healthy:::505
data\raw\apple\Apple___healthy\f205d63f-9621-4509-b6e9-6d0ec7e3a402___RS_HL 7811.JPG,Apple___healthy,Healthy,.jpg,RGB,256,256,2a98d35271bdb34c3cd4848edef4bb2e,Apple___healthy:::205
data\raw\apple\Apple___healthy\f21adca8-b2d2-4a92-84f6-27a46e0935f8___RS_HL 8093.JPG,Apple___healthy,Healthy,.jpg,RGB,256,256,9b61935fcae528dd78344321f5668bbc,Apple___healthy:::243
data\raw\apple\Apple___healthy\f22abe65-38c0-4b02-b837-2ec8acb3803f___RS_HL 7868.JPG,Apple___healthy,Healthy,.jpg,RGB,256,256,29fbbf6f01396f455cb017a1eec26d3a,Apple___healthy:::213
data\raw\apple\Apple___healthy\f2314f38-fd6f-4bee-b26e-ad095508beab___RS_HL 6145.JPG,Apple___healthy,Healthy,.jpg,RGB,256,256,6425fb1163a674c8b17b19810f511774,Soybean___healthy:::390
data\raw\apple\Apple___healthy\f2904228-2cc6-4c6c-a2b5-6951a6f3535e___RS_HL 6254.JPG,Apple___healthy,Healthy,.jpg,RGB,256,256,3fa756e45c89182bfa8d858c79465af8,Soybean___healthy:::398
data\raw\apple\Apple___healthy\f2cda910-55c7-46d7-b1a2-9a3bb9792148___RS_HL 6274.JPG,Apple___healthy,Healthy,.jpg,RGB,256,256,fb72d1f9dbd2af9a9ee3fc3421ecf6a4,Soybean___healthy:::400
data\raw\apple\Apple___healthy\f2e3e754-4307-440e-8055-1261b7c5c53f___RS_HL 7724.JPG,Apple___healthy,Healthy,.jpg,RGB,256,256,1df4cb6d1e7576619033daa6bd7052f2,Apple___healthy:::194
data\raw\apple\Apple___healthy\f2e86675-cb7b-4d8a-9400-9b844ccc3f9e___RS_HL 7323.JPG,Apple___healthy,Healthy,.jpg,RGB,256,256,80f20d693f760119b039b26d6d06db6a,Soybean___healthy:::490
data\raw\apple\Apple___healthy\f31086c2-e23e-4ae1-85a4-89eb742271bc___RS_HL 7611.JPG,Apple___healthy,Healthy,.jpg,RGB,256,256,9cb7f0c75ae82c23063453318e5d031c,Apple___healthy:::178
data\raw\apple\Apple___healthy\f3113ef9-20d8-4c82-9bff-66fe60e41065___RS_HL 7790.JPG,Apple___healthy,Healthy,.jpg,RGB,256,256,15335e97dd26d93b4fff00dfe70e1dff,Apple___healthy:::202
data\raw\apple\Apple___healthy\f32ff514-bb33-437d-96bb-526b36662981___RS_HL 6121.JPG,Apple___healthy,Healthy,.jpg,RGB,256,256,1914fb1a66ae35515c0a8be36be3f9a8,Soybean___healthy:::388
data\raw\apple\Apple___healthy\f33146e2-5f03-4bb7-ace6-0ebdf535d6e7___RS_HL 6214.JPG,Apple___healthy,Healthy,.jpg,RGB,256,256,da32056e7f91f745345d6a83d0f10fef,Soybean___healthy:::395
data\raw\apple\Apple___healthy\f3676c6a-f226-4bc7-b3d4-c9537de075f4___RS_HL 7963.JPG,Apple___healthy,Healthy,.jpg,RGB,256,256,d9379b9c6d0f4d717f0d343c54d6e966,Apple___healthy:::225
data\raw\apple\Apple___healthy\f37b30bb-fc44-488b-9184-bd6f73187803___RS_HL 7955.JPG,Apple___healthy,Healthy,.jpg,RGB,256,256,b930f4a1d11f0313589812a2c3a5e5cd,Apple___healthy:::224
data\raw\apple\Apple___healthy\f38f938c-4c62-49f0-b271-d0616057e84e___RS_HL 7843.JPG,Apple___healthy,Healthy,.jpg,RGB,256,256,5a58bcf473412603d56cf45c67adc142,Apple___healthy:::209
data\raw\apple\Apple___healthy\f3c88876-d854-4f94-999c-7fcddb87ced7___RS_HL 8202.JPG,Apple___healthy,Healthy,.jpg,RGB,256,256,fc06aba785b87206e44db0bbc8b81c2b,Apple___healthy:::257
data\raw\apple\Apple___healthy\f3f9c00a-94b1-43bf-aa9a-a712f0925aaa___RS_HL 6308.JPG,Apple___healthy,Healthy,.jpg,RGB,256,256,9d5c2d13c66dfba7275fef834d9382b2,Soybean___healthy:::403
data\raw\apple\Apple___healthy\f43cffa7-756c-40c1-ad67-8924692019a1___RS_HL 6187.JPG,Apple___healthy,Healthy,.jpg,RGB,256,256,90fd03ce61749fcbe283e7f55c94ed13,Soybean___healthy:::393
data\raw\apple\Apple___healthy\f472e594-6b98-402a-a097-22f46921df9e___RS_HL 7818.JPG,Apple___healthy,Healthy,.jpg,RGB,256,256,c2cc7857d89a9847ce609aad90155032,Apple___healthy:::206
data\raw\apple\Apple___healthy\f4a37893-7443-478a-a9af-ba75e1f32767___RS_HL 5653.JPG,Apple___healthy,Healthy,.jpg,RGB,256,256,f2285cebcfe51b74637b01a057a07329,Soybean___healthy:::339
data\raw\apple\Apple___healthy\f4b6cf56-ec35-43f4-b5e4-eebf509c9580___RS_HL 5946.JPG,Apple___healthy,Healthy,.jpg,RGB,256,256,1447b60ca76b9dae32e0cb0c8b9c20ac,Soybean___healthy:::374
data\raw\apple\Apple___healthy\f4de145c-b5e6-4503-b04c-abc3820ca7b9___RS_HL 8099.JPG,Apple___healthy,Healthy,.jpg,RGB,256,256,6beeff267f5bfdd2dbdf228c7298b305,Apple___healthy:::243
data\raw\apple\Apple___healthy\f52ac76d-ad63-4561-911a-4b5245d4e91a___RS_HL 6133.JPG,Apple___healthy,Healthy,.jpg,RGB,256,256,3fea5f8e15e96a4af3fa526ab788cb3c,Soybean___healthy:::389
data\raw\apple\Apple___healthy\f549a038-8cff-43b5-814c-70ecbfc2476a___RS_HL 6044.JPG,Apple___healthy,Healthy,.jpg,RGB,256,256,ae28081af30ed861423d45b17195138c,Soybean___healthy:::382
data\raw\apple\Apple___healthy\f584ed58-5d11-42b2-8d84-0bd0108ed2c9___RS_HL 7426.JPG,Apple___healthy,Healthy,.jpg,RGB,256,256,1724a99b33d971ac1fa82920d3206c10,Soybean___healthy:::498
data\raw\apple\Apple___healthy\f591e5cc-e9fc-4d82-b2cd-09ab19cb4581___RS_HL 7829.JPG,Apple___healthy,Healthy,.jpg,RGB,256,256,7403fccd4debd78f80bdbbf8a6024fe0,Apple___healthy:::208
data\raw\apple\Apple___healthy\f6424729-cfe4-4f67-bd16-d4c5c84daaa0___RS_HL 6195.JPG,Apple___healthy,Healthy,.jpg,RGB,256,256,0b4484b87031fa53ce4faa5e68e6fb35,Soybean___healthy:::394
data\raw\apple\Apple___healthy\f665c2bb-bdd4-4b6e-bb2d-6e6d017c8764___RS_HL 7679.JPG,Apple___healthy,Healthy,.jpg,RGB,256,256,67115a0e2aea4ca7ad64147e67d4dab1,Apple___healthy:::188
data\raw\apple\Apple___healthy\f681d565-ab7a-4b83-b476-339589e176a3___RS_HL 8160.JPG,Apple___healthy,Healthy,.jpg,RGB,256,256,885a612d00a093a0f3d46db9c880d3b9,Apple___healthy:::251
data\raw\apple\Apple___healthy\f71f7765-379e-407d-911a-ef80cfde5c1d___RS_HL 7602.JPG,Apple___healthy,Healthy,.jpg,RGB,256,256,1442385ef60ea922ab4a0698be5487a5,Apple___healthy:::177
data\raw\apple\Apple___healthy\f7416f1d-cd65-4f2e-be3e-ca701e693df5___RS_HL 7920.JPG,Apple___healthy,Healthy,.jpg,RGB,256,256,7b735acb463b31c0732c27fc2b36726d,Apple___healthy:::219
data\raw\apple\Apple___healthy\f749db98-b26d-40d0-af8e-af6740848dca___RS_HL 7895.JPG,Apple___healthy,Healthy,.jpg,RGB,256,256,0d453a6808ffd707ac18d6e54c941a24,Apple___healthy:::216
data\raw\apple\Apple___healthy\f76ff409-9723-4b89-83f9-1ff33edaffbc___RS_HL 7331.JPG,Apple___healthy,Healthy,.jpg,RGB,256,256,f42d775967b4c90c82e8b5168e090ba2,Soybean___healthy:::491
data\raw\apple\Apple___healthy\f797f26c-c6c4-42b7-af20-69e9c7d8bb35___RS_HL 7737.JPG,Apple___healthy,Healthy,.jpg,RGB,256,256,9d451e589bffd195811610a56c37d2d8,Apple___healthy:::195
data\raw\apple\Apple___healthy\f7ac955e-05a2-455a-88aa-2771234e9be0___RS_HL 7530.JPG,Apple___healthy,Healthy,.jpg,RGB,256,256,b18aae70dcc464acd3d5af66bf30ebcb,Soybean___healthy:::508
data\raw\apple\Apple___healthy\f7b08c73-ec97-42c3-a013-5c4aec725f6f___RS_HL 5923.JPG,Apple___healthy,Healthy,.jpg,RGB,256,256,e9ed241680b0f4676e47e728ad120d58,Soybean___healthy:::372
data\raw\apple\Apple___healthy\f7b5ebd2-2471-4a99-9944-e25696aa5fa8___RS_HL 6233.JPG,Apple___healthy,Healthy,.jpg,RGB,256,256,84490c0ac6109767dd10dc94e7341f07,Soybean___healthy:::397
data\raw\apple\Apple___healthy\f7f31913-51ef-481d-aacd-e6492daa74bd___RS_HL 5851.JPG,Apple___healthy,Healthy,.jpg,RGB,256,256,989c3b7d5ea4e91c76131c8df927d36c,Soybean___healthy:::367
data\raw\apple\Apple___healthy\f822b7fc-c28b-4fd8-8cde-037ed35c0b08___RS_HL 7847.JPG,Apple___healthy,Healthy,.jpg,RGB,256,256,d8dda359a9726e8aaf1b1c852c3e7b37,Apple___healthy:::210
data\raw\apple\Apple___healthy\f85e6b2c-e4b2-42fe-99db-9583b58bb51b___RS_HL 6112.JPG,Apple___healthy,Healthy,.jpg,RGB,256,256,f87f253409e5096f91cfbbd4826908cb,Soybean___healthy:::387
data\raw\apple\Apple___healthy\f85fb3d4-c93d-4ef3-8ff2-47171f8aea77___RS_HL 6132.JPG,Apple___healthy,Healthy,.jpg,RGB,256,256,71a78d27c52649cc1f3aae879735f8e4,Soybean___healthy:::389
data\raw\apple\Apple___healthy\f864bef8-0fb1-43e1-866f-a1e78336be9f___RS_HL 7521.JPG,Apple___healthy,Healthy,.jpg,RGB,256,256,cf11c3996ab47c14de99833153b18887,Soybean___healthy:::507
data\raw\apple\Apple___healthy\f867a4ff-fe32-4bc4-9fee-9403c5ade149___RS_HL 5752.JPG,Apple___healthy,Healthy,.jpg,RGB,256,256,dd2063574ef003a3ab6c06d5661c2d05,Soybean___healthy:::355
data\raw\apple\Apple___healthy\f876ed50-410a-4911-b82d-e95d3e73ecd0___RS_HL 6134.JPG,Apple___healthy,Healthy,.jpg,RGB,256,256,164d6d78a28ffc1b5276474fa6e6a191,Soybean___healthy:::389
data\raw\apple\Apple___healthy\f87dbe7e-189e-4dc9-ac5c-9b7737c34551___RS_HL 7665.JPG,Apple___healthy,Healthy,.jpg,RGB,256,256,6fe55987f9e352b3f9c642373805fdf1,Apple___healthy:::185
data\raw\apple\Apple___healthy\f8ac1022-aeb5-4d6c-a976-a4117a3c1b57___RS_HL 5892.JPG,Apple___healthy,Healthy,.jpg,RGB,256,256,675ec9b418c4eae5b2d0123b093d55b0,Soybean___healthy:::370
data\raw\apple\Apple___healthy\f8b4d48b-a454-4991-9f79-bba2f921ef9a___RS_HL 7705.JPG,Apple___healthy,Healthy,.jpg,RGB,256,256,7645d27695e54d4d8c7c85b674935384,Apple___healthy:::191
data\raw\apple\Apple___healthy\f902a6a0-a38b-441d-bd7e-5deb16ed709c___RS_HL 7727.JPG,Apple___healthy,Healthy,.jpg,RGB,256,256,85ba42eec6f92adc2dd9702236bce8fc,Apple___healthy:::194
data\raw\apple\Apple___healthy\f9368405-e343-4423-8288-9b7112352b16___RS_HL 5833.JPG,Apple___healthy,Healthy,.jpg,RGB,256,256,3e3bc57de5d52ae9a3a2c21817542181,Soybean___healthy:::368
data\raw\apple\Apple___healthy\f9438410-18a8-4352-9aca-0d81c4574c2b___RS_HL 7742.JPG,Apple___healthy,Healthy,.jpg,RGB,256,256,3a79af46694206ffba448da399d89e70,Apple___healthy:::196
data\raw\apple\Apple___healthy\f9952d3a-f286-4863-8667-b8921416b8be___RS_HL 5810.JPG,Apple___healthy,Healthy,.jpg,RGB,256,256,d6e82ca90b049fc109b1ca0c2d8fea46,Soybean___healthy:::366
data\raw\apple\Apple___healthy\f995325a-1135-4bde-89a6-121b0fde8c6c___RS_HL 5891.JPG,Apple___healthy,Healthy,.jpg,RGB,256,256,8381e3d96de7e98de9467751f12eb598,Soybean___healthy:::370
data\raw\apple\Apple___healthy\fa3dec4b-5fed-4ba4-808f-25b6b84c7c87___RS_HL 7525.JPG,Apple___healthy,Healthy,.jpg,RGB,256,256,929b7287ca6831d0212a72ad471a3154,Soybean___healthy:::507
data\raw\apple\Apple___healthy\fa6db5ca-4c60-4ab4-8c23-b6bb852eafbe___RS_HL 7809.JPG,Apple___healthy,Healthy,.jpg,RGB,256,256,93b1230e738eb75585f8a0110793de31,Apple___healthy:::205
data\raw\apple\Apple___healthy\fac07867-acdd-4a19-8be5-987958575af0___RS_HL 5972.JPG,Apple___healthy,Healthy,.jpg,RGB,256,256,5351012c49c93b0e5e7644f27620a1a4,Soybean___healthy:::376
data\raw\apple\Apple___healthy\fac70506-5bb2-40bb-a8bd-249cbe7c27e3___RS_HL 7693.JPG,Apple___healthy,Healthy,.jpg,RGB,256,256,b511bc953c540fdf7ce058bb8d111777,Apple___healthy:::189
data\raw\apple\Apple___healthy\fad6efb7-4486-4c45-8b23-1b6cf2a2912a___RS_HL 6077.JPG,Apple___healthy,Healthy,.jpg,RGB,256,256,b434c95d96183a5fc58f9fb604afb52d,Soybean___healthy:::385
data\raw\apple\Apple___healthy\faf64a07-ea03-429d-b41d-2a87d2dd066a___RS_HL 5957.JPG,Apple___healthy,Healthy,.jpg,RGB,256,256,7df1b8bf9a94b7c2558e841df3a6190a,Soybean___healthy:::375
data\raw\apple\Apple___healthy\fb0953a0-71a5-4c1c-9fb3-f0d9888c2170___RS_HL 8036.JPG,Apple___healthy,Healthy,.jpg,RGB,256,256,b1a6216ebec1121f1beb75bf69ee30a2,Apple___healthy:::235
data\raw\apple\Apple___healthy\fb5116a2-272b-49af-9c27-9b117376a306___RS_HL 8021.JPG,Apple___healthy,Healthy,.jpg,RGB,256,256,b1fff105e6a7dfb8b19e9767b9569043,Apple___healthy:::233
data\raw\apple\Apple___healthy\fb723b31-aac6-4412-aa97-efcab9cc99a4___RS_HL 8101.JPG,Apple___healthy,Healthy,.jpg,RGB,256,256,13f04bc5ea0f145e56d47c944b68688e,Apple___healthy:::244
data\raw\apple\Apple___healthy\fc7a6626-26f1-4edd-9fa3-f4017354ef44___RS_HL 5903.JPG,Apple___healthy,Healthy,.jpg,RGB,256,256,4b3c42318cd993ee6cf5b7625b73a247,Soybean___healthy:::371
data\raw\apple\Apple___healthy\fc90f3d6-25bc-445e-b418-a5df46878d67___RS_HL 5767.JPG,Apple___healthy,Healthy,.jpg,RGB,256,256,c0eae35fea02b7ceebe599a900ce7949,Soybean___healthy:::357
data\raw\apple\Apple___healthy\fca55eaf-abbb-4941-89f7-e3698c1f77f1___RS_HL 8171.JPG,Apple___healthy,Healthy,.jpg,RGB,256,256,1430d9edc6572887f4f742d299b9a242,Apple___healthy:::253
data\raw\apple\Apple___healthy\fca87ead-171e-4dd8-9b2d-669f69158dc5___RS_HL 6113.JPG,Apple___healthy,Healthy,.jpg,RGB,256,256,cb1c0e6173f9cbfc1dfd1b0de3adb629,Soybean___healthy:::387
data\raw\apple\Apple___healthy\fcc4c8a4-2177-4a08-a785-063497dfd121___RS_HL 5844.JPG,Apple___healthy,Healthy,.jpg,RGB,256,256,99e9d2bf414fcf3af49f6bc3bff9d065,Soybean___healthy:::368
data\raw\apple\Apple___healthy\fd35b750-8672-4801-895f-88a1bab1ac70___RS_HL 7277.JPG,Apple___healthy,Healthy,.jpg,RGB,256,256,8bd5533b8e3fe9943d1210ab7725b163,Soybean___healthy:::486
data\raw\apple\Apple___healthy\fd4a1e5a-cba8-4f4d-a11a-8e131e907728___RS_HL 6154.JPG,Apple___healthy,Healthy,.jpg,RGB,256,256,68d5639ec92bac40a21b1dc380500569,Soybean___healthy:::391
data\raw\apple\Apple___healthy\fd7d6a50-e28f-4014-8e15-6028b5f349d0___RS_HL 5953.JPG,Apple___healthy,Healthy,.jpg,RGB,256,256,73c1b3d868c44836dcc6f57c38150900,Soybean___healthy:::375
data\raw\apple\Apple___healthy\fda25357-1076-4707-83e7-d409448a11a8___RS_HL 6221.JPG,Apple___healthy,Healthy,.jpg,RGB,256,256,03f19cc95aae076e1922a6e678e94723,Soybean___healthy:::396
data\raw\apple\Apple___healthy\fdbfa6f7-f887-442d-8df1-1f0cf839fc4d___RS_HL 6274.JPG,Apple___healthy,Healthy,.jpg,RGB,256,256,fb72d1f9dbd2af9a9ee3fc3421ecf6a4,Soybean___healthy:::400
data\raw\apple\Apple___healthy\fdc0d1ae-70a8-40a6-aab8-2be6c10391a6___RS_HL 8145.JPG,Apple___healthy,Healthy,.jpg,RGB,256,256,53ade18ee315245aa3297e79385133ac,Apple___healthy:::249
data\raw\apple\Apple___healthy\fdd77f89-e3b1-4492-9da3-f46bbc8666d9___RS_HL 6219.JPG,Apple___healthy,Healthy,.jpg,RGB,256,256,bb50077bc00805968822e5d0e4ddb928,Soybean___healthy:::396
data\raw\apple\Apple___healthy\fe0140ff-8690-437b-b3b6-dc7d476cb2d7___RS_HL 7837.JPG,Apple___healthy,Healthy,.jpg,RGB,256,256,f7013e56bf257397298bf6d5d900d86a,Apple___healthy:::209
data\raw\apple\Apple___healthy\fe0701b3-d2f2-46b1-b88d-6ce5a6b2a687___RS_HL 7507.JPG,Apple___healthy,Healthy,.jpg,RGB,256,256,5e67a1e8e27de8f9ae7d7638ece86a01,Soybean___healthy:::505
data\raw\apple\Apple___healthy\fe768ce6-56c8-408f-921d-7c7d991bb742___RS_HL 7357.JPG,Apple___healthy,Healthy,.jpg,RGB,256,256,5a95e9a374c9c5fb802b080ffbc7bb90,Soybean___healthy:::492
data\raw\apple\Apple___healthy\fe89ea86-5245-49a9-9f61-fae47ecc51e9___RS_HL 8116.JPG,Apple___healthy,Healthy,.jpg,RGB,256,256,67c4cc8d5dd318274f4c6178c2dc2289,Apple___healthy:::245
data\raw\apple\Apple___healthy\fea00538-32c3-4876-8833-40652becc30c___RS_HL 5761.JPG,Apple___healthy,Healthy,.jpg,RGB,256,256,fdfccf5b592e0c3cedbe378f15a1679e,Soybean___healthy:::357
data\raw\apple\Apple___healthy\feaf718b-59f2-4aa4-b36a-2b2786ee8b46___RS_HL 6141.JPG,Apple___healthy,Healthy,.jpg,RGB,256,256,8053510392672df8fb2cd5e2f8d90b75,Soybean___healthy:::390
data\raw\apple\Apple___healthy\feb2c7d8-0cfd-4eb1-86d0-78a893dd8943___RS_HL 7866.JPG,Apple___healthy,Healthy,.jpg,RGB,256,256,07992b1340b857eaf2a2e824e38a914f,Apple___healthy:::213
data\raw\apple\Apple___healthy\fed54ef2-dab8-4f5f-9cdc-f6c76b9314fb___RS_HL 6118.JPG,Apple___healthy,Healthy,.jpg,RGB,256,256,6e4759673f2559b6000476ac30806cb1,Soybean___healthy:::388
data\raw\apple\Apple___healthy\ff2e08fe-a803-4159-a9ec-0de65dbaad36___RS_HL 7368.JPG,Apple___healthy,Healthy,.jpg,RGB,256,256,31134657a609ce94071fa070dddc022c,Apple___healthy:::144
data\raw\apple\Apple___healthy\ff716adb-c699-4135-a62f-dfd35184a6bf___RS_HL 5875.JPG,Apple___healthy,Healthy,.jpg,RGB,256,256,50fa088288b4e3b36a7873d02db0f80d,Soybean___healthy:::368
data\raw\apple\Apple___healthy\ff89a869-8eb9-4a0a-9132-dc63e94421bd___RS_HL 7649.JPG,Apple___healthy,Healthy,.jpg,RGB,256,256,458f4a0bc93e5a9a4921f70f864b77f4,Apple___healthy:::183
data\raw\apple\Apple___healthy\ffb59eab-a2c5-471b-96f9-7699d5504b4d___RS_HL 7390.JPG,Apple___healthy,Healthy,.jpg,RGB,256,256,5196c68d5520462d2b82386351f5780b,Soybean___healthy:::495
data\raw\apple\Apple___Apple_scab\00075aa8-d81a-4184-8541-b692b78d398a___FREC_Scab 3335.JPG,Apple___Apple_scab,Apple Scab,.jpg,RGB,256,256,841d0bf56e5ab96bb96b0953c49eb31a,Apple___Apple_scab:::79
data\raw\apple\Apple___Apple_scab\01a66316-0e98-4d3b-a56f-d78752cd043f___FREC_Scab 3003.JPG,Apple___Apple_scab,Apple Scab,.jpg,RGB,256,256,b864c04c6195b89d7d7555311dbc3ca4,Apple___Apple_scab:::19
data\raw\apple\Apple___Apple_scab\01f3deaa-6143-4b6c-9c22-620a46d8be04___FREC_Scab 3112.JPG,Apple___Apple_scab,Apple Scab,.jpg,RGB,256,256,2265a73c77faf5468e8b90e6dd67897c,Apple___Apple_scab:::39
data\raw\apple\Apple___Apple_scab\0208f4eb-45a4-4399-904e-989ac2c6257c___FREC_Scab 3037.JPG,Apple___Apple_scab,Apple Scab,.jpg,RGB,256,256,aadb92fad55b3241b30b15d718c95775,Apple___Apple_scab:::25
data\raw\apple\Apple___Apple_scab\023123cb-7b69-4c9f-a521-766d7c8543bb___FREC_Scab 3487.JPG,Apple___Apple_scab,Apple Scab,.jpg,RGB,256,256,d3c6c92c783dcd4398d82979b018d93d,Apple___Apple_scab:::102
data\raw\apple\Apple___Apple_scab\0261a6e4-21f8-481a-8827-b674e6955644___FREC_Scab 3055.JPG,Apple___Apple_scab,Apple Scab,.jpg,RGB,256,256,b1e96401d1d1386a45e461b631d737c4,Apple___Apple_scab:::28
data\raw\apple\Apple___Apple_scab\029424b0-0ef5-491b-9ef5-069190d24d8f___FREC_Scab 3504.JPG,Apple___Apple_scab,Apple Scab,.jpg,RGB,256,256,756bc832683d4349f214c2a7071e47b8,Apple___Apple_scab:::105
data\raw\apple\Apple___Apple_scab\03354abb-aa1c-4f9d-a1ef-9f40505cd539___FREC_Scab 3355.JPG,Apple___Apple_scab,Apple Scab,.jpg,RGB,256,256,8768fa3f7b1d48e110f315f8308a2c18,Apple___Apple_scab:::82
data\raw\apple\Apple___Apple_scab\0340dc35-5215-48ab-8db7-06af99fcb358___FREC_Scab 2966.JPG,Apple___Apple_scab,Apple Scab,.jpg,RGB,256,256,5f5fdeca824eabe2ce8506699a644f66,Apple___Apple_scab:::13
data\raw\apple\Apple___Apple_scab\0395b847-2c73-4674-826f-33a6afb5b4fe___FREC_Scab 3287.JPG,Apple___Apple_scab,Apple Scab,.jpg,RGB,256,256,ffe18f9ceb151607bb6a89484ac7005f,Apple___Apple_scab:::72
data\raw\apple\Apple___Apple_scab\03eccb1a-0368-4ac7-9f48-7546037b775a___FREC_Scab 3334.JPG,Apple___Apple_scab,Apple Scab,.jpg,RGB,256,256,715f02cf022c8d2838ff1a49a4684e34,Apple___Apple_scab:::78
data\raw\apple\Apple___Apple_scab\0537ad56-3d24-4e97-a947-65b9b37f8988___FREC_Scab 3079.JPG,Apple___Apple_scab,Apple Scab,.jpg,RGB,256,256,46073b81e4dbe9800e0ff7335d7ee84b,Apple___Apple_scab:::33
data\raw\apple\Apple___Apple_scab\058d5e64-2c57-45ba-94cb-ac83fd1885a0___FREC_Scab 3181.JPG,Apple___Apple_scab,Apple Scab,.jpg,RGB,256,256,832064a2425894a6cc76ec682fe99dc9,Apple___Apple_scab:::52
data\raw\apple\Apple___Apple_scab\0631708e-5bac-4611-8ff9-6d5ee87ce3b3___FREC_Scab 3252.JPG,Apple___Apple_scab,Apple Scab,.jpg,RGB,256,256,558e968cb287ab622ae2414c938d2775,Apple___Apple_scab:::65
data\raw\apple\Apple___Apple_scab\0672ab32-9fce-41f3-ae69-e39c48a0a292___FREC_Scab 3347.JPG,Apple___Apple_scab,Apple Scab,.jpg,RGB,256,256,3dcebc83edc7eea310cf6c92dda62979,Apple___Apple_scab:::80
data\raw\apple\Apple___Apple_scab\06cf74b6-d895-4a09-b3b1-bc63579f8c33___FREC_Scab 3128.JPG,Apple___Apple_scab,Apple Scab,.jpg,RGB,256,256,0c575fac4ce98e52e14912507f587d24,Apple___Apple_scab:::42
data\raw\apple\Apple___Apple_scab\073b509f-c1ea-4e61-881b-2e874c5f4199___FREC_Scab 3286.JPG,Apple___Apple_scab,Apple Scab,.jpg,RGB,256,256,5dda386bf4237f57484bc2ece00b87ab,Apple___Apple_scab:::71
data\raw\apple\Apple___Apple_scab\075b1885-250b-4b3e-8168-e54efdbb04e8___FREC_Scab 3173.JPG,Apple___Apple_scab,Apple Scab,.jpg,RGB,256,256,90c4e8a9f2f46fdc0b29382f4575191d,Apple___Apple_scab:::51
data\raw\apple\Apple___Apple_scab\0812e1e4-6d1b-4264-8f23-6519354fc5a6___FREC_Scab 3293.JPG,Apple___Apple_scab,Apple Scab,.jpg,RGB,256,256,af102e6b8eb94b3e04aae1fae887dceb,Apple___Apple_scab:::73
data\raw\apple\Apple___Apple_scab\0896ecbc-1af2-4868-8279-ed302acb29bc___FREC_Scab 3339.JPG,Apple___Apple_scab,Apple Scab,.jpg,RGB,256,256,80a63ae1d2754686a163fe96a4bd0cc8,Apple___Apple_scab:::79
data\raw\apple\Apple___Apple_scab\08c42d78-aa7b-4106-b0c1-b260f898dcba___FREC_Scab 3151.JPG,Apple___Apple_scab,Apple Scab,.jpg,RGB,256,256,9c9d84281579006f7afca8ba5c01224a,Apple___Apple_scab:::46
data\raw\apple\Apple___Apple_scab\095c9131-a0cb-47de-898a-f9371f208c01___FREC_Scab 3109.JPG,Apple___Apple_scab,Apple Scab,.jpg,RGB,256,256,02636cb2c08296b23cdcb288fd1973a4,Apple___Apple_scab:::38
data\raw\apple\Apple___Apple_scab\09ba6ad9-aa8d-4493-b1bf-818a4b30c4aa___FREC_Scab 2981.JPG,Apple___Apple_scab,Apple Scab,.jpg,RGB,256,256,538046759148d2268aa4533c67b8fdc7,Apple___Apple_scab:::15
data\raw\apple\Apple___Apple_scab\09e40e4f-f8bc-4537-b20d-0b244760dbf4___FREC_Scab 3216.JPG,Apple___Apple_scab,Apple Scab,.jpg,RGB,256,256,e4bcba648b57df656b723c1ba1c3709f,Apple___Apple_scab:::58
data\raw\apple\Apple___Apple_scab\0a14783a-838a-4d4f-a671-ff98011714c6___FREC_Scab 3288.JPG,Apple___Apple_scab,Apple Scab,.jpg,RGB,256,256,589432a4c7a74ccfd0f7a81aec20029f,Apple___Apple_scab:::72
data\raw\apple\Apple___Apple_scab\0a5e9323-dbad-432d-ac58-d291718345d9___FREC_Scab 3417.JPG,Apple___Apple_scab,Apple Scab,.jpg,RGB,256,256,fcd5d839fab8877fcb73c3ce37817138,Apple___Apple_scab:::92
data\raw\apple\Apple___Apple_scab\0a6812de-7416-4ffe-aba9-307599a02c84___FREC_Scab 2973.JPG,Apple___Apple_scab,Apple Scab,.jpg,RGB,256,256,70387ac9760f2895ed56709fe44b9b70,Apple___Apple_scab:::14
data\raw\apple\Apple___Apple_scab\0a769a71-052a-4f19-a4d8-b0f0cb75541c___FREC_Scab 3165.JPG,Apple___Apple_scab,Apple Scab,.jpg,RGB,256,256,41ae22fa44b81586a0e516a391ff35e9,Apple___Apple_scab:::49
data\raw\apple\Apple___Apple_scab\0b170906-9436-4c0d-84c1-c396ad9d909b___FREC_Scab 3101.JPG,Apple___Apple_scab,Apple Scab,.jpg,RGB,256,256,6eeb70cc74b4994c36f103825b0f399e,Apple___Apple_scab:::37
data\raw\apple\Apple___Apple_scab\0b1e31fa-cbc0-41ed-9139-c794e6855e82___FREC_Scab 3089.JPG,Apple___Apple_scab,Apple Scab,.jpg,RGB,256,256,a4d9740240acf62e8c4f656acd65308c,Apple___Apple_scab:::35
data\raw\apple\Apple___Apple_scab\0b4a52e3-e15e-4117-b2e8-7cdb5dca3ce9___FREC_Scab 3137.JPG,Apple___Apple_scab,Apple Scab,.jpg,RGB,256,256,5e2df031f26a1e42c31ae7a3013398f6,Apple___Apple_scab:::44
data\raw\apple\Apple___Apple_scab\0c620ec5-11cf-4120-94ab-1311e99df147___FREC_Scab 3131.JPG,Apple___Apple_scab,Apple Scab,.jpg,RGB,256,256,6756e28b6dfdc41091cebca6a4338e9e,Apple___Apple_scab:::43
data\raw\apple\Apple___Apple_scab\0cbfa4fa-63d8-43ce-9385-ff140e524b69___FREC_Scab 3164.JPG,Apple___Apple_scab,Apple Scab,.jpg,RGB,256,256,f9d85d9b6077d25f1fbaff92265ab3d9,Apple___Apple_scab:::48
data\raw\apple\Apple___Apple_scab\0d3c0790-7833-470b-ac6e-94d0a3bf3e7c___FREC_Scab 2959.JPG,Apple___Apple_scab,Apple Scab,.jpg,RGB,256,256,aafe0f0479f6a41c2558d10e88f87f9c,Apple___Apple_scab:::11
data\raw\apple\Apple___Apple_scab\0d8d5b80-962d-4381-8d3b-9eca3f2f1bb0___FREC_Scab 3449.JPG,Apple___Apple_scab,Apple Scab,.jpg,RGB,256,256,532704a675494acb6250d4fcb009884a,Apple___Apple_scab:::97
data\raw\apple\Apple___Apple_scab\0db71c1d-93d7-4481-b0d0-b73f995131a9___FREC_Scab 2976.JPG,Apple___Apple_scab,Apple Scab,.jpg,RGB,256,256,7fef85e91782b8ce77eebb1df5843f3d,Apple___Apple_scab:::15
data\raw\apple\Apple___Apple_scab\0e90fe4a-e8b6-4186-9429-a9fea180af9a___FREC_Scab 3391.JPG,Apple___Apple_scab,Apple Scab,.jpg,RGB,256,256,4cd9b38de5da75fec57a0fdbc21f29ee,Apple___Apple_scab:::88
data\raw\apple\Apple___Apple_scab\0ea78733-9404-4536-8793-a108c66269b3___FREC_Scab 3145.JPG,Apple___Apple_scab,Apple Scab,.jpg,RGB,256,256,a15381d7b3fb221d75d4b346887ce1a6,Apple___Apple_scab:::45
data\raw\apple\Apple___Apple_scab\10072248-60e2-4190-b4df-14e8ab61008c___FREC_Scab 3445.JPG,Apple___Apple_scab,Apple Scab,.jpg,RGB,256,256,b1f801ce68e121004cdb9e066cbddccb,Apple___Apple_scab:::96
data\raw\apple\Apple___Apple_scab\106aaa5f-c98d-482d-88ef-8e5170e9072d___FREC_Scab 3489.JPG,Apple___Apple_scab,Apple Scab,.jpg,RGB,256,256,658a950b8144bd166a77d2400e21f610,Apple___Apple_scab:::103
data\raw\apple\Apple___Apple_scab\11c50257-617e-4a6a-a996-2b195af9ada4___FREC_Scab 3462.JPG,Apple___Apple_scab,Apple Scab,.jpg,RGB,256,256,eefd00f6553e132978135cb1e054c37b,Apple___Apple_scab:::99
data\raw\apple\Apple___Apple_scab\11f5b020-3dfd-400c-9819-7d229bc5f929___FREC_Scab 2945.JPG,Apple___Apple_scab,Apple Scab,.jpg,RGB,256,256,b7c14bc7398a56151a2a721ff82fdca3,Apple___Apple_scab:::9
data\raw\apple\Apple___Apple_scab\12bc3d5c-2409-426e-b6cb-a08cbf488153___FREC_Scab 3154.JPG,Apple___Apple_scab,Apple Scab,.jpg,RGB,256,256,fd1f4e152d67bb17b767f1d3a1c43683,Apple___Apple_scab:::47
data\raw\apple\Apple___Apple_scab\133c27cd-57f6-4790-b446-972327e13194___FREC_Scab 3362.JPG,Apple___Apple_scab,Apple Scab,.jpg,RGB,256,256,80cc192fd2a296241be62bf98391a235,Apple___Apple_scab:::83
data\raw\apple\Apple___Apple_scab\13b10b04-7da6-4d34-8b43-258239a25ffd___FREC_Scab 2990.JPG,Apple___Apple_scab,Apple Scab,.jpg,RGB,256,256,ae0f56eecf721190ba3699423d686877,Apple___Apple_scab:::17
data\raw\apple\Apple___Apple_scab\13b16e68-c82c-4de8-ab34-877ff352e821___FREC_Scab 3180.JPG,Apple___Apple_scab,Apple Scab,.jpg,RGB,256,256,c92d49f9c971444ea64efb65fd88dcfd,Apple___Apple_scab:::52
data\raw\apple\Apple___Apple_scab\13f31401-f65a-4025-823a-4f2738e8bff9___FREC_Scab 3062.JPG,Apple___Apple_scab,Apple Scab,.jpg,RGB,256,256,324ade1b62430ddf19336661dc638ca4,Apple___Apple_scab:::29
data\raw\apple\Apple___Apple_scab\14c623e5-051c-42f6-9e4f-f7a93e6a723c___FREC_Scab 2965.JPG,Apple___Apple_scab,Apple Scab,.jpg,RGB,256,256,2afc28958acf04a0cb885b70d9fa4cad,Apple___Apple_scab:::12
data\raw\apple\Apple___Apple_scab\1547f817-6a4d-4cbc-8ce0-7dff293562ee___FREC_Scab 3194.JPG,Apple___Apple_scab,Apple Scab,.jpg,RGB,256,256,275dc4bb06485bc4604553284a6d7fe5,Apple___Apple_scab:::54
data\raw\apple\Apple___Apple_scab\154842bb-6ee3-4176-9007-cf7a43cfe140___FREC_Scab 3434.JPG,Apple___Apple_scab,Apple Scab,.jpg,RGB,256,256,c6a907963868284828cc1c5067e80b51,Apple___Apple_scab:::95
data\raw\apple\Apple___Apple_scab\15bfa086-7d4a-43c0-800d-2fe8255ba50c___FREC_Scab 3150.JPG,Apple___Apple_scab,Apple Scab,.jpg,RGB,256,256,0d435869285c015f23b4e25def35f34e,Apple___Apple_scab:::46
data\raw\apple\Apple___Apple_scab\162d8ca4-7cd3-46f1-904f-09721df3e498___FREC_Scab 3336.JPG,Apple___Apple_scab,Apple Scab,.jpg,RGB,256,256,c84a238c83a5a02ad12fb7f54e29f23d,Apple___Apple_scab:::79
data\raw\apple\Apple___Apple_scab\1637ad84-640c-41e7-9be7-6d8e7769b875___FREC_Scab 3110.JPG,Apple___Apple_scab,Apple Scab,.jpg,RGB,256,256,e316b652c5c84eab788fec71ff0bf6e5,Apple___Apple_scab:::39
data\raw\apple\Apple___Apple_scab\176a93ed-6c2d-4828-ada1-87f1688b509b___FREC_Scab 3083.JPG,Apple___Apple_scab,Apple Scab,.jpg,RGB,256,256,21fee016b24463d00a7f8e8889452f54,Apple___Apple_scab:::33
data\raw\apple\Apple___Apple_scab\18ab74ed-8e95-4787-b2e1-1283594bd00b___FREC_Scab 3012.JPG,Apple___Apple_scab,Apple Scab,.jpg,RGB,256,256,3b98d9cfec9a14360a7bf4c2e2201a2d,Apple___Apple_scab:::20
data\raw\apple\Apple___Apple_scab\18e95262-fb0a-472c-93ab-e03138a360dc___FREC_Scab 3366.JPG,Apple___Apple_scab,Apple Scab,.jpg,RGB,256,256,4fff9cf2898a3b7d7b6a1600ed80309a,Apple___Apple_scab:::83
data\raw\apple\Apple___Apple_scab\18ea82fd-4e16-416f-8ad9-54e0f6601693___FREC_Scab 3127.JPG,Apple___Apple_scab,Apple Scab,.jpg,RGB,256,256,9f2db176fbd0e82c1758dea480ce65f4,Apple___Apple_scab:::42
data\raw\apple\Apple___Apple_scab\1962d1ec-fb66-4583-b631-81cd23ecf063___FREC_Scab 3238.JPG,Apple___Apple_scab,Apple Scab,.jpg,RGB,256,256,1c3fee16bee1292c6d4b1a32caf6d6a6,Apple___Apple_scab:::62
data\raw\apple\Apple___Apple_scab\1a21aabb-6f74-4644-8d9e-a517568b7e9c___FREC_Scab 3095.JPG,Apple___Apple_scab,Apple Scab,.jpg,RGB,256,256,8961696f2fa86e76b023ee1a4c923f8d,Apple___Apple_scab:::36
data\raw\apple\Apple___Apple_scab\1a304331-98b5-473f-bbb1-c33b8441052a___FREC_Scab 3296.JPG,Apple___Apple_scab,Apple Scab,.jpg,RGB,256,256,0a14b2a967ae897153d5f9d9c12ef42c,Apple___Apple_scab:::73
data\raw\apple\Apple___Apple_scab\1a4047d7-23d6-4bba-ba10-b6e7005ea01b___FREC_Scab 3193.JPG,Apple___Apple_scab,Apple Scab,.jpg,RGB,256,256,3fa093d034aed19d18d187b08bc5daea,Apple___Apple_scab:::54
data\raw\apple\Apple___Apple_scab\1a41bab0-45e0-4dda-a798-9bf4a998f1b6___FREC_Scab 3450.JPG,Apple___Apple_scab,Apple Scab,.jpg,RGB,256,256,eae82b79cb96615c3aa66855d197f6e2,Apple___Apple_scab:::97
data\raw\apple\Apple___Apple_scab\1b1004c8-99e9-4c85-8fe5-b1c11d558cf8___FREC_Scab 3300.JPG,Apple___Apple_scab,Apple Scab,.jpg,RGB,256,256,6eba7a3758bb72262a19721c43772006,Apple___Apple_scab:::74
data\raw\apple\Apple___Apple_scab\1bc60205-27cc-4d10-bc87-7e968573e5d5___FREC_Scab 3531.JPG,Apple___Apple_scab,Apple Scab,.jpg,RGB,256,256,65dc443e90af3618524a8900c16abd6d,Apple___Apple_scab:::108
data\raw\apple\Apple___Apple_scab\1bcc3b5d-7e00-43fb-983e-95ae271a715b___FREC_Scab 3061.JPG,Apple___Apple_scab,Apple Scab,.jpg,RGB,256,256,5a879ab5c78eb38aa51faffe842880f0,Apple___Apple_scab:::29
data\raw\apple\Apple___Apple_scab\1c10ab31-02b9-4008-b66f-9b44d8a9d323___FREC_Scab 3084.JPG,Apple___Apple_scab,Apple Scab,.jpg,RGB,256,256,9b9b509c2521351eee05cab3ada0fdeb,Apple___Apple_scab:::34
data\raw\apple\Apple___Apple_scab\1cb869ea-0a4c-47d7-9def-a88c16b72ddc___FREC_Scab 3350.JPG,Apple___Apple_scab,Apple Scab,.jpg,RGB,256,256,c2ce32db009a06c7e22cb73551810ad7,Apple___Apple_scab:::81
data\raw\apple\Apple___Apple_scab\1cdf2779-8cb1-4ae4-be70-b0eeb1abb0f8___FREC_Scab 3370.JPG,Apple___Apple_scab,Apple Scab,.jpg,RGB,256,256,c57379931b48a44aabca82d521a334d1,Apple___Apple_scab:::84
data\raw\apple\Apple___Apple_scab\1ceeeee0-40bd-4ac9-8a57-59385bf5df8a___FREC_Scab 3001.JPG,Apple___Apple_scab,Apple Scab,.jpg,RGB,256,256,216ce8c5635106cebbd2748d0457c3a4,Apple___Apple_scab:::18
data\raw\apple\Apple___Apple_scab\1d81b4c1-072d-4cf7-b1ca-ce43f59822d8___FREC_Scab 3406.JPG,Apple___Apple_scab,Apple Scab,.jpg,RGB,256,256,41e623e57151f912bce80de400ce9be5,Apple___Apple_scab:::90
data\raw\apple\Apple___Apple_scab\1d9d67e2-5603-4710-ae2b-6cb0b922ae61___FREC_Scab 3122.JPG,Apple___Apple_scab,Apple Scab,.jpg,RGB,256,256,b0a4163f3c121287fb98ca71e66ba63a,Apple___Apple_scab:::41
data\raw\apple\Apple___Apple_scab\1f6abf22-93fa-48f0-a509-cc3e210f75f0___FREC_Scab 3172.JPG,Apple___Apple_scab,Apple Scab,.jpg,RGB,256,256,3c3b3b4c7b92ea2316eccf690ac16e50,Apple___Apple_scab:::51
data\raw\apple\Apple___Apple_scab\1f97d75c-db85-4344-8687-82ca56454d17___FREC_Scab 3408.JPG,Apple___Apple_scab,Apple Scab,.jpg,RGB,256,256,f3737036faa9ce18db67b2f785aca308,Apple___Apple_scab:::90
data\raw\apple\Apple___Apple_scab\1f98b949-4df2-45cf-8572-3b4a753be21a___FREC_Scab 2907.JPG,Apple___Apple_scab,Apple Scab,.jpg,RGB,256,256,ea4a540c8a39fad88162947c288a5c31,Apple___Apple_scab:::1
data\raw\apple\Apple___Apple_scab\201d8b27-5a38-43e5-8065-f7fe039ad781___FREC_Scab 3058.JPG,Apple___Apple_scab,Apple Scab,.jpg,RGB,256,256,a43846258960d500cd5881f1dc500a79,Apple___Apple_scab:::29
data\raw\apple\Apple___Apple_scab\20f4f8d1-7527-420b-a90d-e17b9e45549a___FREC_Scab 2997.JPG,Apple___Apple_scab,Apple Scab,.jpg,RGB,256,256,3ebedcdec87ee60d4b7d83b5da476d3c,Apple___Apple_scab:::18
data\raw\apple\Apple___Apple_scab\222a9802-f14c-433e-9d18-d0668ed3c279___FREC_Scab 3239.JPG,Apple___Apple_scab,Apple Scab,.jpg,RGB,256,256,c102f94ad127058d0ed2323c7cdbf9f2,Apple___Apple_scab:::62
data\raw\apple\Apple___Apple_scab\22c12d6a-3c17-45be-b53b-f17f1b3f5168___FREC_Scab 3206.JPG,Apple___Apple_scab,Apple Scab,.jpg,RGB,256,256,f29c849eedee98c53ac0e8c14ca484e6,Apple___Apple_scab:::56
data\raw\apple\Apple___Apple_scab\233b7aec-ccec-47a3-b5bd-27e154d7a8f7___FREC_Scab 2912.JPG,Apple___Apple_scab,Apple Scab,.jpg,RGB,256,256,2c5e45e9a285f25c04af8fc2f00d5adc,Apple___Apple_scab:::2
data\raw\apple\Apple___Apple_scab\23466313-6a2c-46e7-ad89-1f95dd2d3b40___FREC_Scab 3517.JPG,Apple___Apple_scab,Apple Scab,.jpg,RGB,256,256,3c7e12b8301da01a1f42cb3bba7eb59d,Apple___Apple_scab:::107
data\raw\apple\Apple___Apple_scab\23576562-df0c-46bb-8c50-1bf03412097f___FREC_Scab 3086.JPG,Apple___Apple_scab,Apple Scab,.jpg,RGB,256,256,193e902daef51ae57c4ed13463bf167c,Apple___Apple_scab:::34
data\raw\apple\Apple___Apple_scab\23f31e0d-3330-4752-9f83-8aba28c90ccb___FREC_Scab 3178.JPG,Apple___Apple_scab,Apple Scab,.jpg,RGB,256,256,4cb18efc7393d76c09bebb5dae7d3fbc,Apple___Apple_scab:::52
data\raw\apple\Apple___Apple_scab\2438c1f0-556e-4575-b382-96e17f908e34___FREC_Scab 3230.JPG,Apple___Apple_scab,Apple Scab,.jpg,RGB,256,256,21f8d9cf39a6b7e6572175b1da157458,Apple___Apple_scab:::60
data\raw\apple\Apple___Apple_scab\246c33b0-fac8-4cca-ae8b-17947338b8b2___FREC_Scab 3091.JPG,Apple___Apple_scab,Apple Scab,.jpg,RGB,256,256,da85a4f30ddead25c84bc0a19916fe48,Apple___Apple_scab:::35
data\raw\apple\Apple___Apple_scab\24d43ad3-24e6-4236-8ef7-59b268520ca3___FREC_Scab 3533.JPG,Apple___Apple_scab,Apple Scab,.jpg,RGB,256,256,aecf592697884adfc43b3d85b98b9981,Apple___Apple_scab:::108
data\raw\apple\Apple___Apple_scab\252087d7-57c9-4ebe-b6c4-840d6c5dfcb1___FREC_Scab 3329.JPG,Apple___Apple_scab,Apple Scab,.jpg,RGB,256,256,baac78789777ce797bb63924e80a7852,Apple___Apple_scab:::78
data\raw\apple\Apple___Apple_scab\258ce9eb-2b67-475b-b09c-0bc83b0987f1___FREC_Scab 3033.JPG,Apple___Apple_scab,Apple Scab,.jpg,RGB,256,256,ad32b5c3cc9e4243a26e663598886aae,Apple___Apple_scab:::24
data\raw\apple\Apple___Apple_scab\25aeb397-bc36-4fe5-affe-6b8195d4f282___FREC_Scab 3494.JPG,Apple___Apple_scab,Apple Scab,.jpg,RGB,256,256,5d5953c574d83adec419d4bf6b83d589,Apple___Apple_scab:::103
data\raw\apple\Apple___Apple_scab\268a2ad1-d649-4ec0-add3-61cc8f54f479___FREC_Scab 3235.JPG,Apple___Apple_scab,Apple Scab,.jpg,RGB,256,256,56eebe58b061df412d258b97ae7a94d3,Apple___Apple_scab:::61
data\raw\apple\Apple___Apple_scab\26a31865-1d42-4bd6-8b67-02cbedfd6f64___FREC_Scab 3516.JPG,Apple___Apple_scab,Apple Scab,.jpg,RGB,256,256,79d229a1d55b7e784dc686a09b70e688,Apple___Apple_scab:::107
data\raw\apple\Apple___Apple_scab\270dd6be-95f4-4fd1-8423-b698663b3f72___FREC_Scab 2954.JPG,Apple___Apple_scab,Apple Scab,.jpg,RGB,256,256,45b1a29747cc76fa40ee2b72961d0e2c,Apple___Apple_scab:::11
data\raw\apple\Apple___Apple_scab\27338275-3c75-4bbf-8d74-7b90e9d224d3___FREC_Scab 3269.JPG,Apple___Apple_scab,Apple Scab,.jpg,RGB,256,256,2650f4ada7df869e2270e14e2ab63d42,Apple___Apple_scab:::69
data\raw\apple\Apple___Apple_scab\276ed34e-9987-4b38-b83b-8626504fc204___FREC_Scab 3050.JPG,Apple___Apple_scab,Apple Scab,.jpg,RGB,256,256,546682b1f71d4329027857e35f947d86,Apple___Apple_scab:::27
data\raw\apple\Apple___Apple_scab\29ab8216-ec38-4efd-9c77-21068fa899a4___FREC_Scab 3241.JPG,Apple___Apple_scab,Apple Scab,.jpg,RGB,256,256,adc3958c0cfb692cd41d1ca85e411208,Apple___Apple_scab:::62
data\raw\apple\Apple___Apple_scab\2a59761b-c91c-451c-8e13-d9dc3aff8d29___FREC_Scab 3503.JPG,Apple___Apple_scab,Apple Scab,.jpg,RGB,256,256,ce4bfe6a475489e78f026b46bc0eb9a9,Apple___Apple_scab:::105
data\raw\apple\Apple___Apple_scab\2a800c84-902e-4aa8-af13-4e020d6f17dd___FREC_Scab 3124.JPG,Apple___Apple_scab,Apple Scab,.jpg,RGB,256,256,66d51eb14d8e1552b24633e44f9b643a,Apple___Apple_scab:::41
data\raw\apple\Apple___Apple_scab\2a97b29d-8a63-47ab-bd5b-c14832a586c8___FREC_Scab 3242.JPG,Apple___Apple_scab,Apple Scab,.jpg,RGB,256,256,ba3eff8e011573f790d66e82b62fefda,Apple___Apple_scab:::62
data\raw\apple\Apple___Apple_scab\2ae81857-0615-4a6a-8d13-1ace0c62284d___FREC_Scab 2992.JPG,Apple___Apple_scab,Apple Scab,.jpg,RGB,256,256,540e5aa323545092216d57bc9773c23b,Apple___Apple_scab:::17
data\raw\apple\Apple___Apple_scab\2bc018ba-3c49-4cf4-9411-a93b7b196f45___FREC_Scab 3326.JPG,Apple___Apple_scab,Apple Scab,.jpg,RGB,256,256,5d62fd10ebabf3fa78686b571ab8d144,Apple___Apple_scab:::77
data\raw\apple\Apple___Apple_scab\2bc50b52-0d7d-41a3-be8a-8d070341d87f___FREC_Scab 3476.JPG,Apple___Apple_scab,Apple Scab,.jpg,RGB,256,256,170f787f38882054a98a61b33f22c6cf,Apple___Apple_scab:::101
data\raw\apple\Apple___Apple_scab\2bfd8ee0-af6b-42fd-ae61-fc5e92ec1b67___FREC_Scab 2988.JPG,Apple___Apple_scab,Apple Scab,.jpg,RGB,256,256,936883082ff5fdea9dd30fadf053c006,Apple___Apple_scab:::17
data\raw\apple\Apple___Apple_scab\2c648fcd-d637-4559-beaa-9dd6079646fb___FREC_Scab 3213.JPG,Apple___Apple_scab,Apple Scab,.jpg,RGB,256,256,bb60d9d39f82056da2f62ee2a451f38f,Apple___Apple_scab:::57
data\raw\apple\Apple___Apple_scab\2c7ca7c8-1a6c-4811-b9b0-b054c11a5397___FREC_Scab 3260.JPG,Apple___Apple_scab,Apple Scab,.jpg,RGB,256,256,4d7bf69caa19e64eee418fcc4b74a584,Apple___Apple_scab:::67
data\raw\apple\Apple___Apple_scab\2c89ceaf-748c-4371-80d0-d01855f04a92___FREC_Scab 2962.JPG,Apple___Apple_scab,Apple Scab,.jpg,RGB,256,256,f782bd057677b57713fb47bc25fbec4f,Apple___Apple_scab:::12
data\raw\apple\Apple___Apple_scab\2d329823-7ad5-4189-89b7-4bdf24f9c393___FREC_Scab 3507.JPG,Apple___Apple_scab,Apple Scab,.jpg,RGB,256,256,88164a3ef5ac8fe0bb975756c6ed79c4,Apple___Apple_scab:::105
data\raw\apple\Apple___Apple_scab\2d4c8a12-a34c-4c8b-b357-271d87532ece___FREC_Scab 3090.JPG,Apple___Apple_scab,Apple Scab,.jpg,RGB,256,256,12201d89a4efc979e8d5b4fb1b1a985f,Apple___Apple_scab:::35
data\raw\apple\Apple___Apple_scab\2d5265d2-be99-4e9f-a085-d309cc01b751___FREC_Scab 3023.JPG,Apple___Apple_scab,Apple Scab,.jpg,RGB,256,256,023fab64445060ebc10c97e830cd66da,Apple___Apple_scab:::22
data\raw\apple\Apple___Apple_scab\2dd8b8f8-46b0-4bc6-b817-ea7163f4b28b___FREC_Scab 3473.JPG,Apple___Apple_scab,Apple Scab,.jpg,RGB,256,256,6c2e0599349fab8212b57d48b2fba857,Apple___Apple_scab:::100
data\raw\apple\Apple___Apple_scab\2e264ee0-7679-4ad2-a19a-1ac4d2e84079___FREC_Scab 2984.JPG,Apple___Apple_scab,Apple Scab,.jpg,RGB,256,256,042d2d12556af3271f13d8e868fdea20,Apple___Apple_scab:::16
data\raw\apple\Apple___Apple_scab\2f1e68c0-c059-46fd-bbf3-f160817abdc3___FREC_Scab 3535.JPG,Apple___Apple_scab,Apple Scab,.jpg,RGB,256,256,de441f1ceaab39038f1fab8e22eb2b63,Apple___Apple_scab:::108
data\raw\apple\Apple___Apple_scab\2f668a95-80ab-40ac-98ef-657bd85b668b___FREC_Scab 3247.JPG,Apple___Apple_scab,Apple Scab,.jpg,RGB,256,256,0a9f9c8ca374db5010d1cbbe52af5520,Apple___Apple_scab:::63
data\raw\apple\Apple___Apple_scab\30111fee-0c22-4ca4-aeb4-ac14a9a5d651___FREC_Scab 3097.JPG,Apple___Apple_scab,Apple Scab,.jpg,RGB,256,256,8e59d4603f0a48dc1a78f110c31e8aa8,Apple___Apple_scab:::36
data\raw\apple\Apple___Apple_scab\320dff9e-6d59-4bec-9e7c-930444343e3b___FREC_Scab 3398.JPG,Apple___Apple_scab,Apple Scab,.jpg,RGB,256,256,a02a6d4eb1022442fca6e08d6607b994,Apple___Apple_scab:::89
data\raw\apple\Apple___Apple_scab\321c7135-853f-444d-9952-a893e660d966___FREC_Scab 2958.JPG,Apple___Apple_scab,Apple Scab,.jpg,RGB,256,256,836dc8b37a3896be8931ef0fafbdcc3d,Apple___Apple_scab:::11
data\raw\apple\Apple___Apple_scab\32454154-edbf-464f-8097-e99a3d9a15af___FREC_Scab 2936.JPG,Apple___Apple_scab,Apple Scab,.jpg,RGB,256,256,c7764084c28142fe48cee6d11ae95273,Apple___Apple_scab:::7
data\raw\apple\Apple___Apple_scab\32550bbb-cdf1-4805-8167-27dc5a8e87d2___FREC_Scab 3195.JPG,Apple___Apple_scab,Apple Scab,.jpg,RGB,256,256,afcee4d141de53e90245b8111f162321,Apple___Apple_scab:::55
data\raw\apple\Apple___Apple_scab\334f8e1a-5989-476e-88f4-8a45c304e12c___FREC_Scab 3035.JPG,Apple___Apple_scab,Apple Scab,.jpg,RGB,256,256,fb1d7238cb90e77d59d757a29808b4e6,Apple___Apple_scab:::24
data\raw\apple\Apple___Apple_scab\33ebf0dd-f971-4f11-aa93-45df7d55a9ea___FREC_Scab 3182.JPG,Apple___Apple_scab,Apple Scab,.jpg,RGB,256,256,0d7569018ccfa7028427f518968b0b05,Apple___Apple_scab:::53
data\raw\apple\Apple___Apple_scab\34c2823b-d1c5-4bd8-a5a7-74bdef959e10___FREC_Scab 3484.JPG,Apple___Apple_scab,Apple Scab,.jpg,RGB,256,256,129af401a946c9089d4b743ee488a40f,Apple___Apple_scab:::102
data\raw\apple\Apple___Apple_scab\34c37353-8429-499e-bd38-ac7501f79e90___FREC_Scab 3501.JPG,Apple___Apple_scab,Apple Scab,.jpg,RGB,256,256,9f85c373d25a146941ef4f36ed150423,Apple___Apple_scab:::104
data\raw\apple\Apple___Apple_scab\3523d2d8-0da9-4b83-b09d-21bd96860a3d___FREC_Scab 3499.JPG,Apple___Apple_scab,Apple Scab,.jpg,RGB,256,256,50739a6dcd01b9cfcaefb5bbc3213a5b,Apple___Apple_scab:::104
data\raw\apple\Apple___Apple_scab\352a5659-3552-4e94-8333-c3715d38cc27___FREC_Scab 3049.JPG,Apple___Apple_scab,Apple Scab,.jpg,RGB,256,256,5c8d4723fb3c2921bc632c51fb282a14,Apple___Apple_scab:::27
data\raw\apple\Apple___Apple_scab\35694cb9-efe9-441a-a810-13e065de7925___FREC_Scab 3320.JPG,Apple___Apple_scab,Apple Scab,.jpg,RGB,256,256,6453f89cdbbd5ebf8eeb60cf670adf31,Apple___Apple_scab:::76
data\raw\apple\Apple___Apple_scab\35fde58e-46ea-4d1b-9580-ead7a2d0cb3b___FREC_Scab 2952.JPG,Apple___Apple_scab,Apple Scab,.jpg,RGB,256,256,b75d1b4fcece74d206e928a140ded680,Apple___Apple_scab:::10
data\raw\apple\Apple___Apple_scab\3636b2d7-b888-437b-b4e3-a8af4bb62763___FREC_Scab 3148.JPG,Apple___Apple_scab,Apple Scab,.jpg,RGB,256,256,16b49fc6145c4a8efc87add0a7b8f6ec,Apple___Apple_scab:::46
data\raw\apple\Apple___Apple_scab\3652fd23-ba4c-4958-8db8-3aff8f614dfd___FREC_Scab 3377.JPG,Apple___Apple_scab,Apple Scab,.jpg,RGB,256,256,1be77878d12e5273d62b606f7fe9d12f,Apple___Apple_scab:::85
data\raw\apple\Apple___Apple_scab\36d99a07-4a43-4416-b204-6886f71d5039___FREC_Scab 3294.JPG,Apple___Apple_scab,Apple Scab,.jpg,RGB,256,256,2486ed689dae139535f8bd51096d9ef1,Apple___Apple_scab:::73
data\raw\apple\Apple___Apple_scab\37659856-0fc8-430b-871a-af4f0b557e49___FREC_Scab 3081.JPG,Apple___Apple_scab,Apple Scab,.jpg,RGB,256,256,65090e91d982321e93180dfa999198b9,Apple___Apple_scab:::33
data\raw\apple\Apple___Apple_scab\376aaef3-8649-43aa-89f8-166bd349a3d3___FREC_Scab 3064.JPG,Apple___Apple_scab,Apple Scab,.jpg,RGB,256,256,912b8381857c2b5803f5bd8cb6c90052,Apple___Apple_scab:::30
data\raw\apple\Apple___Apple_scab\38e76f0a-63cb-460a-b0fa-f20e561dc2c0___FREC_Scab 3481.JPG,Apple___Apple_scab,Apple Scab,.jpg,RGB,256,256,47cfae8c3c6165be112af422fd78bc45,Apple___Apple_scab:::102
data\raw\apple\Apple___Apple_scab\3bf2f5f8-4578-405a-88c6-c5338620a078___FREC_Scab 3059.JPG,Apple___Apple_scab,Apple Scab,.jpg,RGB,256,256,3f9309d2d2fac51214cd4498e8d2d90d,Apple___Apple_scab:::29
data\raw\apple\Apple___Apple_scab\3c27bbd7-b305-4ab0-8a85-5061363cf632___FREC_Scab 3183.JPG,Apple___Apple_scab,Apple Scab,.jpg,RGB,256,256,7b881e1a01df3e3280f2fcf0b046d8b2,Apple___Apple_scab:::53
data\raw\apple\Apple___Apple_scab\3c2f46e3-9f96-4912-a9d5-7a046aa6a1b2___FREC_Scab 2967.JPG,Apple___Apple_scab,Apple Scab,.jpg,RGB,256,256,640a3f12f69da5e372819057d13b6197,Apple___Apple_scab:::13
data\raw\apple\Apple___Apple_scab\3d34bd1c-fae9-446a-a629-147b5e8d5d6b___FREC_Scab 3103.JPG,Apple___Apple_scab,Apple Scab,.jpg,RGB,256,256,85e1afb3c37066269c7c2571b280bb19,Apple___Apple_scab:::37
data\raw\apple\Apple___Apple_scab\3dd3d59c-be2a-4f29-8fa1-d4f37d7fb894___FREC_Scab 3412.JPG,Apple___Apple_scab,Apple Scab,.jpg,RGB,256,256,7105c20f538d5c64369f427a4ea9f81a,Apple___Apple_scab:::91
data\raw\apple\Apple___Apple_scab\3eb26abb-a392-4cc4-9be2-d5e4bb8f3660___FREC_Scab 2969.JPG,Apple___Apple_scab,Apple Scab,.jpg,RGB,256,256,33ec0ff7b4e95c4f627ad39fb7d233bd,Apple___Apple_scab:::13
data\raw\apple\Apple___Apple_scab\3f65aa69-06c9-423f-ac7a-e2ab6edf63ca___FREC_Scab 3360.JPG,Apple___Apple_scab,Apple Scab,.jpg,RGB,256,256,55b6340b033ee786183b5091939bae46,Apple___Apple_scab:::82
data\raw\apple\Apple___Apple_scab\4098b029-fcda-4d2f-9703-c16e6e5fae49___FREC_Scab 3455.JPG,Apple___Apple_scab,Apple Scab,.jpg,RGB,256,256,379aef26a7520f62960560a49f44e372,Apple___Apple_scab:::98
data\raw\apple\Apple___Apple_scab\40a5e87c-ee32-4d67-9b28-926e94638a1d___FREC_Scab 3251.JPG,Apple___Apple_scab,Apple Scab,.jpg,RGB,256,256,f0666cd054b9780e6ab223da51084fab,Apple___Apple_scab:::64
data\raw\apple\Apple___Apple_scab\40d60cf0-1311-40c7-9e7e-579e74c92027___FREC_Scab 3136.JPG,Apple___Apple_scab,Apple Scab,.jpg,RGB,256,256,b9290507cbad4ca95dc4c1e9c6f27267,Apple___Apple_scab:::44
data\raw\apple\Apple___Apple_scab\40df2c3f-673e-4da8-a172-65fd5a656c1d___FREC_Scab 2957.JPG,Apple___Apple_scab,Apple Scab,.jpg,RGB,256,256,f633aab7e90a423fde36490af9b93d3c,Apple___Apple_scab:::11
data\raw\apple\Apple___Apple_scab\4147e694-ce1f-47ea-b641-899e60ef3f3a___FREC_Scab 3278.JPG,Apple___Apple_scab,Apple Scab,.jpg,RGB,256,256,b2350a8776954140ef121c82fb9b08f5,Apple___Apple_scab:::70
data\raw\apple\Apple___Apple_scab\4151028c-c8bc-4394-b4a7-aff414864c15___FREC_Scab 3418.JPG,Apple___Apple_scab,Apple Scab,.jpg,RGB,256,256,984770c77eec35c9614a3b9a29f81433,Apple___Apple_scab:::92
data\raw\apple\Apple___Apple_scab\419c16b2-13aa-485b-8342-3760707e21f9___FREC_Scab 3285.JPG,Apple___Apple_scab,Apple Scab,.jpg,RGB,256,256,a9e71b3b4e8fafc6c7c06a270ecd967e,Apple___Apple_scab:::71
data\raw\apple\Apple___Apple_scab\41c2bb79-44fb-48f4-864f-eec35e3442f5___FREC_Scab 2931.JPG,Apple___Apple_scab,Apple Scab,.jpg,RGB,256,256,99f046afc4680f105629a84e2942f46a,Apple___Apple_scab:::6
data\raw\apple\Apple___Apple_scab\41c30a63-9e26-4ced-8110-038a2e36b095___FREC_Scab 3298.JPG,Apple___Apple_scab,Apple Scab,.jpg,RGB,256,256,879915fe33099adf818e0c880d9a7aaf,Apple___Apple_scab:::73
data\raw\apple\Apple___Apple_scab\43712608-0fa2-4be2-91a0-242aca469cb4___FREC_Scab 2985.JPG,Apple___Apple_scab,Apple Scab,.jpg,RGB,256,256,e120ecf1fdf2e443a0b78818b3f244bb,Apple___Apple_scab:::16
data\raw\apple\Apple___Apple_scab\43f68711-decd-4831-bf5c-99fa40abe339___FREC_Scab 3413.JPG,Apple___Apple_scab,Apple Scab,.jpg,RGB,256,256,0e9ff5751e7b42de3ba9bca4cfeaf9f1,Apple___Apple_scab:::91
data\raw\apple\Apple___Apple_scab\4442b558-4db4-4de3-82c3-7524b59bb315___FREC_Scab 2961.JPG,Apple___Apple_scab,Apple Scab,.jpg,RGB,256,256,a0209d63188a047540a327d7bf71440d,Apple___Apple_scab:::12
data\raw\apple\Apple___Apple_scab\444c4ed0-3bee-4059-870a-a15a00f0e37e___FREC_Scab 3067.JPG,Apple___Apple_scab,Apple Scab,.jpg,RGB,256,256,d8fa115ed6969f22e42ef15e392a0eb4,Apple___Apple_scab:::30
data\raw\apple\Apple___Apple_scab\4495850d-4478-4680-a657-c082a8ea69ed___FREC_Scab 3534.JPG,Apple___Apple_scab,Apple Scab,.jpg,RGB,256,256,c486a831de4633112d31bfb49d354331,Apple___Apple_scab:::108
data\raw\apple\Apple___Apple_scab\44b52928-c5dd-48f4-b2c8-b128032c49dd___FREC_Scab 3518.JPG,Apple___Apple_scab,Apple Scab,.jpg,RGB,256,256,79c2f6c644db1369bb77f480666a6611,Apple___Apple_scab:::107
data\raw\apple\Apple___Apple_scab\44d28651-473c-4e9b-81ec-212893669fba___FREC_Scab 3477.JPG,Apple___Apple_scab,Apple Scab,.jpg,RGB,256,256,4f7387a48efb3d585185e7d107545bf2,Apple___Apple_scab:::101
data\raw\apple\Apple___Apple_scab\44dbb7a4-4c41-4d4c-9e34-9e665a35926c___FREC_Scab 3438.JPG,Apple___Apple_scab,Apple Scab,.jpg,RGB,256,256,5cb18d2ee727e6392888aa6253477d05,Apple___Apple_scab:::95
data\raw\apple\Apple___Apple_scab\44dcf367-d162-407e-8ea8-e363ab8ff5c4___FREC_Scab 3282.JPG,Apple___Apple_scab,Apple Scab,.jpg,RGB,256,256,ffe4c02d4920d72d23c39cef7e09a367,Apple___Apple_scab:::71
data\raw\apple\Apple___Apple_scab\45000608-507a-46f5-be52-3ee24d0fb47d___FREC_Scab 3113.JPG,Apple___Apple_scab,Apple Scab,.jpg,RGB,256,256,031fd7ac409afe0e00081baeddfa7a85,Apple___Apple_scab:::39
data\raw\apple\Apple___Apple_scab\4512edee-9d3b-451e-845d-86666feebe99___FREC_Scab 3328.JPG,Apple___Apple_scab,Apple Scab,.jpg,RGB,256,256,128e13c860c42d0fb68f53945eed5429,Apple___Apple_scab:::78
data\raw\apple\Apple___Apple_scab\453b09e4-6469-47f9-8599-f87e1d6eddf3___FREC_Scab 3048.JPG,Apple___Apple_scab,Apple Scab,.jpg,RGB,256,256,ba4ed8a1d39afaf58e347b73905dbec3,Apple___Apple_scab:::27
data\raw\apple\Apple___Apple_scab\45512c84-e453-459c-b12f-1d08ce44001b___FREC_Scab 3072.JPG,Apple___Apple_scab,Apple Scab,.jpg,RGB,256,256,33b0e8a95d93611ab7e54ce0175dac2f,Apple___Apple_scab:::32
data\raw\apple\Apple___Apple_scab\4555c009-6c33-4913-accc-fd1a8355646b___FREC_Scab 2929.JPG,Apple___Apple_scab,Apple Scab,.jpg,RGB,256,256,86b9e5a165a1f2acbd7e7e4bed077637,Apple___Apple_scab:::5
data\raw\apple\Apple___Apple_scab\45a699f2-a02d-4f1f-b628-6d445c58a595___FREC_Scab 3291.JPG,Apple___Apple_scab,Apple Scab,.jpg,RGB,256,256,0159a9fa56c8edf0ba81816298002d78,Apple___Apple_scab:::72
data\raw\apple\Apple___Apple_scab\45e34a1f-1d46-42e8-921d-c82f2c9e7cd1___FREC_Scab 3228.JPG,Apple___Apple_scab,Apple Scab,.jpg,RGB,256,256,1b3b1592318bb98a3a8fad8496576e65,Apple___Apple_scab:::60
data\raw\apple\Apple___Apple_scab\45ee8aaa-1a08-46ed-8ac8-bba8e40c61d6___FREC_Scab 2986.JPG,Apple___Apple_scab,Apple Scab,.jpg,RGB,256,256,34d5f9c4ceb9effa8b9a73dd4046824d,Apple___Apple_scab:::16
data\raw\apple\Apple___Apple_scab\461eeeb9-5bf1-4c0a-a7dd-6967917b4537___FREC_Scab 3098.JPG,Apple___Apple_scab,Apple Scab,.jpg,RGB,256,256,7b69e96b2d5180f568d1d1caf80751b8,Apple___Apple_scab:::36
data\raw\apple\Apple___Apple_scab\462f0ef8-5460-4f5c-8935-62a204d3fc08___FREC_Scab 2924.JPG,Apple___Apple_scab,Apple Scab,.jpg,RGB,256,256,2edc37c3992fa7c52ebb6064a0b238cf,Apple___Apple_scab:::4
data\raw\apple\Apple___Apple_scab\470bece4-7eb2-4ec1-917a-278559afe463___FREC_Scab 3250.JPG,Apple___Apple_scab,Apple Scab,.jpg,RGB,256,256,db57f127d86c3ee9725ae0727e3e6522,Apple___Apple_scab:::64
data\raw\apple\Apple___Apple_scab\474cf33e-0289-4014-bb8a-8004b87b471b___FREC_Scab 3425.JPG,Apple___Apple_scab,Apple Scab,.jpg,RGB,256,256,67cbd2bdab4d19b585dee7cd122663c4,Apple___Apple_scab:::93
data\raw\apple\Apple___Apple_scab\47b3d8bb-2461-4593-a0fe-a6adf0925a9a___FREC_Scab 2974.JPG,Apple___Apple_scab,Apple Scab,.jpg,RGB,256,256,ab494640771eaaa3483947cf901370b3,Apple___Apple_scab:::14
data\raw\apple\Apple___Apple_scab\47ebb7a4-a8e0-4a57-95e5-dd8e9d1235a2___FREC_Scab 3147.JPG,Apple___Apple_scab,Apple Scab,.jpg,RGB,256,256,6f778f486c36c0851068d662f3b1ee27,Apple___Apple_scab:::46
data\raw\apple\Apple___Apple_scab\48420763-bd18-49b4-9ab4-69319b5733f2___FREC_Scab 3201.JPG,Apple___Apple_scab,Apple Scab,.jpg,RGB,256,256,e7058e95907470a6b241447729814299,Apple___Apple_scab:::56
data\raw\apple\Apple___Apple_scab\48dcb319-8b65-4bac-bba4-aa8ffa8abdd0___FREC_Scab 3519.JPG,Apple___Apple_scab,Apple Scab,.jpg,RGB,256,256,d57b8d723f90155a6ef9fc724f3ddaab,Apple___Apple_scab:::107
data\raw\apple\Apple___Apple_scab\48e62e54-d02a-41bb-8486-234408706e69___FREC_Scab 3190.JPG,Apple___Apple_scab,Apple Scab,.jpg,RGB,256,256,fafb5cff622130e73aec3195de06747e,Apple___Apple_scab:::54
data\raw\apple\Apple___Apple_scab\4940cd87-695e-4f4d-8a45-5490812447cc___FREC_Scab 3044.JPG,Apple___Apple_scab,Apple Scab,.jpg,RGB,256,256,a3aca3c663dcf6890a5c50219e67d141,Apple___Apple_scab:::26
data\raw\apple\Apple___Apple_scab\495816a8-4d85-47a5-9aca-a09f3f30a068___FREC_Scab 3443.JPG,Apple___Apple_scab,Apple Scab,.jpg,RGB,256,256,bc3adea24a26cdfbd25e2342e96cea41,Apple___Apple_scab:::96
data\raw\apple\Apple___Apple_scab\4a50158d-dcd0-4a1f-885e-2d9b16a4e344___FREC_Scab 3205.JPG,Apple___Apple_scab,Apple Scab,.jpg,RGB,256,256,1961d09e9b1b22f4d229bbc26cb3e146,Apple___Apple_scab:::56
data\raw\apple\Apple___Apple_scab\4a7f12ff-a785-4d12-8943-f1644789a21b___FREC_Scab 2916.JPG,Apple___Apple_scab,Apple Scab,.jpg,RGB,256,256,260bd946d74cc678b1b93f0ef2aa307f,Apple___Apple_scab:::3
data\raw\apple\Apple___Apple_scab\4abca5eb-2376-4551-be42-25bbb5400fc7___FREC_Scab 3268.JPG,Apple___Apple_scab,Apple Scab,.jpg,RGB,256,256,932c094b866b735ad399ccda1441ef84,Apple___Apple_scab:::68
data\raw\apple\Apple___Apple_scab\4b4b59d5-3c6d-4ce5-b349-616fecb850ff___FREC_Scab 3447.JPG,Apple___Apple_scab,Apple Scab,.jpg,RGB,256,256,b04e1ca52018589352ecf8256f41aa84,Apple___Apple_scab:::97
data\raw\apple\Apple___Apple_scab\4b51cc5d-4122-451b-8598-81ea29dc7cd4___FREC_Scab 3290.JPG,Apple___Apple_scab,Apple Scab,.jpg,RGB,256,256,968de631bd306664547b809b89a34110,Apple___Apple_scab:::72
data\raw\apple\Apple___Apple_scab\4b7c40cd-b145-4945-b649-3576a1d898dc___FREC_Scab 3343.JPG,Apple___Apple_scab,Apple Scab,.jpg,RGB,256,256,46b802ead39dd8946374b6eb1d2a5254,Apple___Apple_scab:::80
data\raw\apple\Apple___Apple_scab\4bb38e05-1d5a-40c6-8638-10db134db682___FREC_Scab 3390.JPG,Apple___Apple_scab,Apple Scab,.jpg,RGB,256,256,0305a7eaf84f7fb5d8d24049e73d7b44,Apple___Apple_scab:::87
data\raw\apple\Apple___Apple_scab\4be9d1d9-2170-4856-a81e-e53e7aa5dbf7___FREC_Scab 3082.JPG,Apple___Apple_scab,Apple Scab,.jpg,RGB,256,256,f85b630be88351959a49bb32403b21cd,Apple___Apple_scab:::33
data\raw\apple\Apple___Apple_scab\4d02c4a9-4b0d-4b4b-9695-91f08228ee53___FREC_Scab 3274.JPG,Apple___Apple_scab,Apple Scab,.jpg,RGB,256,256,85e249f0df2710880faaa24aba5c2d4b,Apple___Apple_scab:::69
data\raw\apple\Apple___Apple_scab\4d3bcf15-cc49-4189-82e1-780efdf625a8___FREC_Scab 3254.JPG,Apple___Apple_scab,Apple Scab,.jpg,RGB,256,256,049d1253e76bffd6ecc167b0573277b7,Apple___Apple_scab:::65
data\raw\apple\Apple___Apple_scab\4e2c27a7-4be1-4c86-a07b-bc2a64c1bff9___FREC_Scab 3018.JPG,Apple___Apple_scab,Apple Scab,.jpg,RGB,256,256,a0b16e09082a0bc8d73df3d8beb6a588,Apple___Apple_scab:::21
data\raw\apple\Apple___Apple_scab\4e770559-e332-470e-aae3-c7ad0399dd20___FREC_Scab 3513.JPG,Apple___Apple_scab,Apple Scab,.jpg,RGB,256,256,5436ca3008a7b1b1f9914248db90ae24,Apple___Apple_scab:::106
data\raw\apple\Apple___Apple_scab\50dca3b7-fe83-426b-9fa7-a4e80df022aa___FREC_Scab 3488.JPG,Apple___Apple_scab,Apple Scab,.jpg,RGB,256,256,d1f931a1906030160d2d9e079abe86e6,Apple___Apple_scab:::103
data\raw\apple\Apple___Apple_scab\51530f6a-2bee-4008-8e77-eeda281e9195___FREC_Scab 3209.JPG,Apple___Apple_scab,Apple Scab,.jpg,RGB,256,256,d81c822ed5db1518e9bdd0b1d00a5bdc,Apple___Apple_scab:::57
data\raw\apple\Apple___Apple_scab\517d0958-b10e-4260-a736-7a4bbb9706c0___FREC_Scab 3497.JPG,Apple___Apple_scab,Apple Scab,.jpg,RGB,256,256,2db5d3e53f150428d7e2c8a55f0f4f93,Apple___Apple_scab:::104
data\raw\apple\Apple___Apple_scab\518ab601-3736-4d3b-9770-a0efba601c0e___FREC_Scab 3231.JPG,Apple___Apple_scab,Apple Scab,.jpg,RGB,256,256,a0be91e181a39eae7378d2e0499e19e5,Apple___Apple_scab:::61
data\raw\apple\Apple___Apple_scab\51929389-451f-4c78-a66b-b644e82a33b6___FREC_Scab 3528.JPG,Apple___Apple_scab,Apple Scab,.jpg,RGB,256,256,1ae057a2317806699be0fe562ccfc75c,Apple___Apple_scab:::108
data\raw\apple\Apple___Apple_scab\52d5723a-b498-4759-89a1-a7d815689716___FREC_Scab 3034.JPG,Apple___Apple_scab,Apple Scab,.jpg,RGB,256,256,4d658bc55ba29842c863e495d06a8eba,Apple___Apple_scab:::24
data\raw\apple\Apple___Apple_scab\53035d10-9f2b-4c90-ab75-dfde2a9af82f___FREC_Scab 2915.JPG,Apple___Apple_scab,Apple Scab,.jpg,RGB,256,256,f5354f17b00f35d524c1699c5d33c082,Apple___Apple_scab:::2
data\raw\apple\Apple___Apple_scab\5345e6fb-1829-457f-ac86-6683d762c9ea___FREC_Scab 3482.JPG,Apple___Apple_scab,Apple Scab,.jpg,RGB,256,256,043e9fa2816abd695993316d7cd169e5,Apple___Apple_scab:::102
data\raw\apple\Apple___Apple_scab\536ce9e9-6c98-42c6-9447-f38073b3e9da___FREC_Scab 3222.JPG,Apple___Apple_scab,Apple Scab,.jpg,RGB,256,256,002a33bc195bbada480597029429bff0,Apple___Apple_scab:::59
data\raw\apple\Apple___Apple_scab\537873ed-fc63-4df3-bb6a-a5bf4c742619___FREC_Scab 3505.JPG,Apple___Apple_scab,Apple Scab,.jpg,RGB,256,256,499ac81a7128fc27b54b952d10db534e,Apple___Apple_scab:::105
data\raw\apple\Apple___Apple_scab\53c67c39-c05f-4b2e-939e-23d44a32efac___FREC_Scab 3087.JPG,Apple___Apple_scab,Apple Scab,.jpg,RGB,256,256,ff84833b3b0666cce42920e23958011d,Apple___Apple_scab:::34
data\raw\apple\Apple___Apple_scab\53d37faf-7a68-4fe2-ac1f-5438637742d4___FREC_Scab 3080.JPG,Apple___Apple_scab,Apple Scab,.jpg,RGB,256,256,429725dc450cfd544773b094019bdca0,Apple___Apple_scab:::33
data\raw\apple\Apple___Apple_scab\53fe6519-da0a-4183-80d6-a18828a33223___FREC_Scab 3283.JPG,Apple___Apple_scab,Apple Scab,.jpg,RGB,256,256,05cccbb6fbfd2742899dbdb52afbcc3d,Apple___Apple_scab:::71
data\raw\apple\Apple___Apple_scab\550b0aab-e777-4942-a186-fc910e0fa89b___FREC_Scab 3253.JPG,Apple___Apple_scab,Apple Scab,.jpg,RGB,256,256,ccef655132e7fcc7ef3964994397e9b9,Apple___Apple_scab:::65
data\raw\apple\Apple___Apple_scab\5581f206-7305-4430-be5f-8de62689fb70___FREC_Scab 2918.JPG,Apple___Apple_scab,Apple Scab,.jpg,RGB,256,256,70917e32825b83969c63291efab3a145,Apple___Apple_scab:::3
data\raw\apple\Apple___Apple_scab\55cd6283-a5b1-47e9-b061-c7692c8ba781___FREC_Scab 3460.JPG,Apple___Apple_scab,Apple Scab,.jpg,RGB,256,256,34b6dcc52cb46065d92cf91504932858,Apple___Apple_scab:::99
data\raw\apple\Apple___Apple_scab\563a51b6-2342-4922-b76d-0a6bb69a11f9___FREC_Scab 3107.JPG,Apple___Apple_scab,Apple Scab,.jpg,RGB,256,256,e282f75a3c271dfaa741277e327b5ebf,Apple___Apple_scab:::38
data\raw\apple\Apple___Apple_scab\5893bd90-486f-42cf-9fcd-a4dc1e208246___FREC_Scab 3236.JPG,Apple___Apple_scab,Apple Scab,.jpg,RGB,256,256,d1ca96307ec15a9b563f589d9ac33d33,Apple___Apple_scab:::61
data\raw\apple\Apple___Apple_scab\5990ed9f-ffe8-4622-bd26-e536ea5e1109___FREC_Scab 3042.JPG,Apple___Apple_scab,Apple Scab,.jpg,RGB,256,256,bb639a97972a8ccc0d70e8f2f0e17c11,Apple___Apple_scab:::26
data\raw\apple\Apple___Apple_scab\59c9641b-c84e-4595-8f2c-13b5f914aa4a___FREC_Scab 3060.JPG,Apple___Apple_scab,Apple Scab,.jpg,RGB,256,256,8f8657ae549fd4df7f122510e0f64d0a,Apple___Apple_scab:::29
data\raw\apple\Apple___Apple_scab\5a178d63-372d-48c4-adb8-d616130ba3f0___FREC_Scab 3104.JPG,Apple___Apple_scab,Apple Scab,.jpg,RGB,256,256,34c869e2627665a23f33a2bf1303f5f6,Apple___Apple_scab:::37
data\raw\apple\Apple___Apple_scab\5a923f64-b733-47a7-90f5-2786cd9c85ce___FREC_Scab 3234.JPG,Apple___Apple_scab,Apple Scab,.jpg,RGB,256,256,911c67b61d18a6efae3e2a9209f8d4ea,Apple___Apple_scab:::61
data\raw\apple\Apple___Apple_scab\5b74fa7a-008d-42b2-b8c0-07bd4642153a___FREC_Scab 3162.JPG,Apple___Apple_scab,Apple Scab,.jpg,RGB,256,256,a592e68ae02c0bd1bc4307157efd67e0,Apple___Apple_scab:::48
data\raw\apple\Apple___Apple_scab\5c0af4dd-f185-4fc9-ae2c-a697a235d660___FREC_Scab 2955.JPG,Apple___Apple_scab,Apple Scab,.jpg,RGB,256,256,9231a143b2339f001aedc6e76644548d,Apple___Apple_scab:::11
data\raw\apple\Apple___Apple_scab\5cd3df15-31a2-4076-9d1a-8735fa1dccdf___FREC_Scab 3410.JPG,Apple___Apple_scab,Apple Scab,.jpg,RGB,256,256,cf6b5d674da1c0a358abda4d263c0338,Apple___Apple_scab:::91
data\raw\apple\Apple___Apple_scab\5d398d0d-256d-4de5-8dcd-f3b455da2b76___FREC_Scab 3522.JPG,Apple___Apple_scab,Apple Scab,.jpg,RGB,256,256,452baba400806d02115d4c4d0596a1d1,Apple___Apple_scab:::107
data\raw\apple\Apple___Apple_scab\5dbcba87-93fa-4c21-8abd-bc20c93b359f___FREC_Scab 3258.JPG,Apple___Apple_scab,Apple Scab,.jpg,RGB,256,256,056e3c57d078a185b2af6a5fa3c303df,Apple___Apple_scab:::67
data\raw\apple\Apple___Apple_scab\5e96dd82-f2d2-4a19-a9cd-46165d6623f9___FREC_Scab 3218.JPG,Apple___Apple_scab,Apple Scab,.jpg,RGB,256,256,7e9a9769bfcdf87ec026d84e930f311d,Apple___Apple_scab:::58
data\raw\apple\Apple___Apple_scab\5eb564a6-cd74-4c90-95d9-611a6301369d___FREC_Scab 3099.JPG,Apple___Apple_scab,Apple Scab,.jpg,RGB,256,256,95307a004d7ff402d4799e28bafd7304,Apple___Apple_scab:::36
data\raw\apple\Apple___Apple_scab\5f312356-04d0-44d0-ba06-4e3c33907b03___FREC_Scab 3349.JPG,Apple___Apple_scab,Apple Scab,.jpg,RGB,256,256,f523e7f0bcc6686962daf6e0f68a9fe9,Apple___Apple_scab:::81
data\raw\apple\Apple___Apple_scab\5fcb921d-3329-443c-a708-37c3943f5493___FREC_Scab 2987.JPG,Apple___Apple_scab,Apple Scab,.jpg,RGB,256,256,867461ba198aeded50f7d4a7c946346c,Apple___Apple_scab:::16
data\raw\apple\Apple___Apple_scab\60226bd7-db11-4d7e-ba29-a5136f6bebe0___FREC_Scab 3470.JPG,Apple___Apple_scab,Apple Scab,.jpg,RGB,256,256,931b4a800e99e38318fad45eb4b19a5a,Apple___Apple_scab:::100
data\raw\apple\Apple___Apple_scab\60f3ba82-caf1-4cf7-998c-b0005458fa38___FREC_Scab 3226.JPG,Apple___Apple_scab,Apple Scab,.jpg,RGB,256,256,d441852e3f6e4dca5c35ca5ca251a0d0,Apple___Apple_scab:::60
data\raw\apple\Apple___Apple_scab\6105e3bd-339c-47bd-9764-4ba9b7059a6b___FREC_Scab 3096.JPG,Apple___Apple_scab,Apple Scab,.jpg,RGB,256,256,ab22e842a27d3222e37e6f97d3f8468c,Apple___Apple_scab:::36
data\raw\apple\Apple___Apple_scab\61373045-a7a5-4213-94fb-7d81638d5561___FREC_Scab 3430.JPG,Apple___Apple_scab,Apple Scab,.jpg,RGB,256,256,747cffdaf3a678398015399d347732c6,Apple___Apple_scab:::94
data\raw\apple\Apple___Apple_scab\61643f40-eb9a-4c6b-8de5-c12319fc7680___FREC_Scab 3114.JPG,Apple___Apple_scab,Apple Scab,.jpg,RGB,256,256,43dfe7a713b70f622f8edb43cf8a7158,Apple___Apple_scab:::40
data\raw\apple\Apple___Apple_scab\6171eecd-e385-4010-b9cd-5982f4674fee___FREC_Scab 2911.JPG,Apple___Apple_scab,Apple Scab,.jpg,RGB,256,256,eaf147bb8f5af46ef15e5670c9eafb72,Apple___Apple_scab:::1
data\raw\apple\Apple___Apple_scab\623fb084-dbac-42fb-b636-7cfcb89ba9f6___FREC_Scab 3437.JPG,Apple___Apple_scab,Apple Scab,.jpg,RGB,256,256,4f0f0417cd5ed6a730d022728a6015be,Apple___Apple_scab:::95
data\raw\apple\Apple___Apple_scab\62c3478f-3ab0-48df-962f-9d7782ec364d___FREC_Scab 2925.JPG,Apple___Apple_scab,Apple Scab,.jpg,RGB,256,256,eb712ab2d0b146b2e2a96262d97f6a08,Apple___Apple_scab:::5
data\raw\apple\Apple___Apple_scab\62f548e4-13e0-4e62-bcbc-2bc2c68251f3___FREC_Scab 3273.JPG,Apple___Apple_scab,Apple Scab,.jpg,RGB,256,256,5b360d5354b31b69698bdf3b0f7b46ba,Apple___Apple_scab:::69
data\raw\apple\Apple___Apple_scab\6344cfa8-2c26-4498-b366-817d56285212___FREC_Scab 2964.JPG,Apple___Apple_scab,Apple Scab,.jpg,RGB,256,256,c9a4e12dbb32851fc039f3bd14277e8d,Apple___Apple_scab:::12
data\raw\apple\Apple___Apple_scab\63a29431-0e93-4e5d-b28d-3956edd10d01___FREC_Scab 3197.JPG,Apple___Apple_scab,Apple Scab,.jpg,RGB,256,256,bb7cfd5a76aa966e8b66978953bd19e2,Apple___Apple_scab:::55
data\raw\apple\Apple___Apple_scab\63cf5c0e-0a65-4261-9034-ba75466ee918___FREC_Scab 3385.JPG,Apple___Apple_scab,Apple Scab,.jpg,RGB,256,256,53d333ee94ed851351d87bcd35c17d29,Apple___Apple_scab:::87
data\raw\apple\Apple___Apple_scab\63e1d796-f00e-4c24-9871-2eae6f9c9ced___FREC_Scab 3078.JPG,Apple___Apple_scab,Apple Scab,.jpg,RGB,256,256,56de932364d71d2a20aa64210743fb3c,Apple___Apple_scab:::33
data\raw\apple\Apple___Apple_scab\64863bd8-baca-47b6-b07b-516df2659919___FREC_Scab 3149.JPG,Apple___Apple_scab,Apple Scab,.jpg,RGB,256,256,8c5f466559d5da3df1d0bd3396c1e37e,Apple___Apple_scab:::46
data\raw\apple\Apple___Apple_scab\64e20068-6685-4a30-a812-fd817117d628___FREC_Scab 3485.JPG,Apple___Apple_scab,Apple Scab,.jpg,RGB,256,256,2e752d2b56caf894326fe17388eb9138,Apple___Apple_scab:::102
data\raw\apple\Apple___Apple_scab\650f4395-7428-404a-b65c-8fd36f204dd6___FREC_Scab 3111.JPG,Apple___Apple_scab,Apple Scab,.jpg,RGB,256,256,926b6ba55b7eb2785ec0ff80fcb4a5f0,Apple___Apple_scab:::39
data\raw\apple\Apple___Apple_scab\656265b3-9f9a-4a20-83f5-e5d6be938dcd___FREC_Scab 3454.JPG,Apple___Apple_scab,Apple Scab,.jpg,RGB,256,256,10ebbaeb4f5825e76cf3f1cfbc490156,Apple___Apple_scab:::98
data\raw\apple\Apple___Apple_scab\659a6491-b20d-4ff6-a3be-243266b4df0c___FREC_Scab 3155.JPG,Apple___Apple_scab,Apple Scab,.jpg,RGB,256,256,4c185f424271c134be8b35dfe3c066d5,Apple___Apple_scab:::47
data\raw\apple\Apple___Apple_scab\65c52553-6152-46d4-a576-3ef4984a6ad4___FREC_Scab 3524.JPG,Apple___Apple_scab,Apple Scab,.jpg,RGB,256,256,cfa064df0140b5d07668a715df905dc8,Apple___Apple_scab:::108
data\raw\apple\Apple___Apple_scab\6639559d-7af6-40b0-9677-a8dcfe036435___FREC_Scab 3342.JPG,Apple___Apple_scab,Apple Scab,.jpg,RGB,256,256,8d3a482ebfc5624cf17ae48ec56334f3,Apple___Apple_scab:::80
data\raw\apple\Apple___Apple_scab\663ad178-6346-4b89-8074-6655f1be1578___FREC_Scab 3500.JPG,Apple___Apple_scab,Apple Scab,.jpg,RGB,256,256,66d744d110694b733472af691a2081d7,Apple___Apple_scab:::104
data\raw\apple\Apple___Apple_scab\6643566f-d980-4bdb-88d7-4d3ab3c771fa___FREC_Scab 3038.JPG,Apple___Apple_scab,Apple Scab,.jpg,RGB,256,256,a99346678dee9610545e5959c698e580,Apple___Apple_scab:::25
data\raw\apple\Apple___Apple_scab\66fab3e4-d6e3-4a6d-aff0-4fe011ef8eb3___FREC_Scab 3153.JPG,Apple___Apple_scab,Apple Scab,.jpg,RGB,256,256,75659599ad53c0ea060a4a2911e41603,Apple___Apple_scab:::47
data\raw\apple\Apple___Apple_scab\670efd0e-9a5e-44db-bd5a-4ffb5c5e5a7d___FREC_Scab 3108.JPG,Apple___Apple_scab,Apple Scab,.jpg,RGB,256,256,a409243b45816f0b5ad30c060b8681a8,Apple___Apple_scab:::38
data\raw\apple\Apple___Apple_scab\675f0b56-9d0b-45b3-8c8e-820efae75274___FREC_Scab 3006.JPG,Apple___Apple_scab,Apple Scab,.jpg,RGB,256,256,41d3b4e07066106132f665537dc7b7dc,Apple___Apple_scab:::19
data\raw\apple\Apple___Apple_scab\679c439b-740f-45cb-a9ba-d2984694fb25___FREC_Scab 2950.JPG,Apple___Apple_scab,Apple Scab,.jpg,RGB,256,256,a8915e5f45f3b13a0d8047a92dae15ad,Apple___Apple_scab:::10
data\raw\apple\Apple___Apple_scab\67c7e9f9-19ca-4fb5-a2b1-8efdeed7b9e2___FREC_Scab 3397.JPG,Apple___Apple_scab,Apple Scab,.jpg,RGB,256,256,24c1ad58fbe281b2af9be72037f566f9,Apple___Apple_scab:::89
data\raw\apple\Apple___Apple_scab\67f122a8-fb8f-4b8c-bd45-3cf11db238b8___FREC_Scab 3140.JPG,Apple___Apple_scab,Apple Scab,.jpg,RGB,256,256,9e25467dcbe45dced233d4ce617cc8b6,Apple___Apple_scab:::45
data\raw\apple\Apple___Apple_scab\680c56ea-dc23-4b7b-baeb-f51b156c98f6___FREC_Scab 3416.JPG,Apple___Apple_scab,Apple Scab,.jpg,RGB,256,256,f37e7748aed5ac77c7ac4b0bd90d3583,Apple___Apple_scab:::92
data\raw\apple\Apple___Apple_scab\6823f5d3-b27b-4a34-a417-5fc5bd99f9d7___FREC_Scab 2975.JPG,Apple___Apple_scab,Apple Scab,.jpg,RGB,256,256,7eea8d5c1296ffb37dada14f05be3736,Apple___Apple_scab:::14
data\raw\apple\Apple___Apple_scab\68a57535-547d-4287-89cc-6d8acc265372___FREC_Scab 3351.JPG,Apple___Apple_scab,Apple Scab,.jpg,RGB,256,256,5950076006bbc086127008007ebc456f,Apple___Apple_scab:::81
data\raw\apple\Apple___Apple_scab\69a10285-eacb-4c83-b410-18e62bf33ef9___FREC_Scab 2908.JPG,Apple___Apple_scab,Apple Scab,.jpg,RGB,256,256,ede17c5d32beb7f22b32e5e11360c83d,Apple___Apple_scab:::1
data\raw\apple\Apple___Apple_scab\6a006aa9-a9f2-4269-9fd9-7a879f01faf1___FREC_Scab 3117.JPG,Apple___Apple_scab,Apple Scab,.jpg,RGB,256,256,3f90994746855388389270151d352404,Apple___Apple_scab:::40
data\raw\apple\Apple___Apple_scab\6a19d31f-b5e3-4732-a82c-e3d5b1d26c60___FREC_Scab 3537.JPG,Apple___Apple_scab,Apple Scab,.jpg,RGB,256,256,d4befd026a5381c718bbd79d050c66f3,Apple___Apple_scab:::108
data\raw\apple\Apple___Apple_scab\6a1f119d-d210-4a87-b17f-699436b82bef___FREC_Scab 3025.JPG,Apple___Apple_scab,Apple Scab,.jpg,RGB,256,256,1977c141da2cfc1bb2c67c0cea97f465,Apple___Apple_scab:::22
data\raw\apple\Apple___Apple_scab\6a2c0f48-b0f7-4bd9-b7b8-7410c1ef4048___FREC_Scab 2999.JPG,Apple___Apple_scab,Apple Scab,.jpg,RGB,256,256,914ea5c36709a536c1fd10f4051bb9a9,Apple___Apple_scab:::18
data\raw\apple\Apple___Apple_scab\6a61688a-c972-4f8f-b3b7-46fd00264240___FREC_Scab 3271.JPG,Apple___Apple_scab,Apple Scab,.jpg,RGB,256,256,23831fbc697081c760406baf94c0be93,Apple___Apple_scab:::69
data\raw\apple\Apple___Apple_scab\6b5e1187-9b7b-4b4c-912f-b2175619f35f___FREC_Scab 3121.JPG,Apple___Apple_scab,Apple Scab,.jpg,RGB,256,256,7913146216a7150ad35d01e2c1fd68b0,Apple___Apple_scab:::41
data\raw\apple\Apple___Apple_scab\6b66d8dd-af9f-43b5-a43f-6e4c6d64bede___FREC_Scab 3248.JPG,Apple___Apple_scab,Apple Scab,.jpg,RGB,256,256,cbe5740df18e742dff37919c56ab32a9,Apple___Apple_scab:::64
data\raw\apple\Apple___Apple_scab\6b6b2140-bb67-4342-adad-8cba97a5ecbe___FREC_Scab 3388.JPG,Apple___Apple_scab,Apple Scab,.jpg,RGB,256,256,52c59a900bf60679d305b3ddda372792,Apple___Apple_scab:::87
data\raw\apple\Apple___Apple_scab\6b784953-7e31-4cec-a3d5-82f3b6bbdd00___FREC_Scab 3352.JPG,Apple___Apple_scab,Apple Scab,.jpg,RGB,256,256,969dd1f99d49529cc426bcb7f4023656,Apple___Apple_scab:::81
data\raw\apple\Apple___Apple_scab\6b9ef56b-3338-4d2b-a5e4-a1547234e6d6___FREC_Scab 3474.JPG,Apple___Apple_scab,Apple Scab,.jpg,RGB,256,256,29f13c7ead71ae242ce9062b6de35c6c,Apple___Apple_scab:::101
data\raw\apple\Apple___Apple_scab\6cbf7fa9-e7b4-4cf6-9184-0ef06446704e___FREC_Scab 3016.JPG,Apple___Apple_scab,Apple Scab,.jpg,RGB,256,256,a6c471c0c82e8ac7715bdb5a9ba4f58e,Apple___Apple_scab:::21
data\raw\apple\Apple___Apple_scab\6cee3edf-8909-418f-a27f-5e175e7ccd77___FREC_Scab 2951.JPG,Apple___Apple_scab,Apple Scab,.jpg,RGB,256,256,d85f39d4c203bdd914a6c0f3448d214d,Apple___Apple_scab:::10
data\raw\apple\Apple___Apple_scab\6d6f5a72-4c92-4163-b3dc-9a8f74f9edb7___FREC_Scab 3480.JPG,Apple___Apple_scab,Apple Scab,.jpg,RGB,256,256,7566aeb10151a1ec0d0a2fd8d6d381c0,Apple___Apple_scab:::101
data\raw\apple\Apple___Apple_scab\6d9f5940-0ec4-4ccf-8003-719410b7f47c___FREC_Scab 3373.JPG,Apple___Apple_scab,Apple Scab,.jpg,RGB,256,256,c43f154799a2ea6cb4de4c9a6304a66f,Apple___Apple_scab:::84
data\raw\apple\Apple___Apple_scab\6dd6a502-d5b3-4f3d-9231-e7dbd7b54908___FREC_Scab 2937.JPG,Apple___Apple_scab,Apple Scab,.jpg,RGB,256,256,534185ddfbb9a3851f1d36fb77ef87de,Apple___Apple_scab:::7
data\raw\apple\Apple___Apple_scab\6e17c808-c071-4eae-befd-bf7e2ed0d9e1___FREC_Scab 3256.JPG,Apple___Apple_scab,Apple Scab,.jpg,RGB,256,256,6ae7112bf6f6219dda5119d25dc624a6,Apple___Apple_scab:::66
data\raw\apple\Apple___Apple_scab\6e620ce9-bf70-41af-8778-dd46247a3327___FREC_Scab 3405.JPG,Apple___Apple_scab,Apple Scab,.jpg,RGB,256,256,c059632967f97fd66925755f5bc1f5bb,Apple___Apple_scab:::90
data\raw\apple\Apple___Apple_scab\6e8ed8d7-45e0-446a-aad1-d7ccf4a861fe___FREC_Scab 3068.JPG,Apple___Apple_scab,Apple Scab,.jpg,RGB,256,256,0c221aeb46fd763eed486fe0ae32ece2,Apple___Apple_scab:::31
data\raw\apple\Apple___Apple_scab\6fb41b7b-d1f0-451c-988a-1083d038acdb___FREC_Scab 3094.JPG,Apple___Apple_scab,Apple Scab,.jpg,RGB,256,256,c99da420382731a92ff8c06272c5d651,Apple___Apple_scab:::35
data\raw\apple\Apple___Apple_scab\6fb62aa7-c3d4-457a-b95d-a8b3102cccd8___FREC_Scab 3005.JPG,Apple___Apple_scab,Apple Scab,.jpg,RGB,256,256,905a591cf837d5953e69204ab6299c9b,Apple___Apple_scab:::19
data\raw\apple\Apple___Apple_scab\70fa2c8f-5657-444f-b57b-3ad6755acc74___FREC_Scab 3275.JPG,Apple___Apple_scab,Apple Scab,.jpg,RGB,256,256,7292e7e8667a5f6caa1a947819e2a817,Apple___Apple_scab:::70
data\raw\apple\Apple___Apple_scab\716a13b6-1747-40d8-96d7-5ec1c183b3b5___FREC_Scab 3004.JPG,Apple___Apple_scab,Apple Scab,.jpg,RGB,256,256,60da5c3442e71cc48ca80791c04fd4df,Apple___Apple_scab:::19
data\raw\apple\Apple___Apple_scab\71c26585-883f-41e9-939c-5f1683cdf4ed___FREC_Scab 3302.JPG,Apple___Apple_scab,Apple Scab,.jpg,RGB,256,256,6097fe5d15607999890cc406eac93ef7,Apple___Apple_scab:::74
data\raw\apple\Apple___Apple_scab\72317b7f-8162-4454-b6db-c2e6e5455911___FREC_Scab 3088.JPG,Apple___Apple_scab,Apple Scab,.jpg,RGB,256,256,f9cd21889c039853e9fde0637a0de41f,Apple___Apple_scab:::34
data\raw\apple\Apple___Apple_scab\72d9363f-1e23-4154-92bd-5f34a149d444___FREC_Scab 2980.JPG,Apple___Apple_scab,Apple Scab,.jpg,RGB,256,256,57e23587e2f97a909844b93d5c43c56a,Apple___Apple_scab:::15
data\raw\apple\Apple___Apple_scab\7308b9c4-3408-48ff-bd4a-b07350421e60___FREC_Scab 3508.JPG,Apple___Apple_scab,Apple Scab,.jpg,RGB,256,256,679fa640791779dfe0b164a1a44e70b5,Apple___Apple_scab:::105
data\raw\apple\Apple___Apple_scab\730f20de-a19f-4320-89bf-027dceeff9b5___FREC_Scab 3185.JPG,Apple___Apple_scab,Apple Scab,.jpg,RGB,256,256,20249a82c1d29cf034ec5091a6f2f3d9,Apple___Apple_scab:::53
data\raw\apple\Apple___Apple_scab\73204011-6f70-4300-a908-adf4334104fd___FREC_Scab 3319.JPG,Apple___Apple_scab,Apple Scab,.jpg,RGB,256,256,df9ea0050bcd877853520d9a42f60294,Apple___Apple_scab:::76
data\raw\apple\Apple___Apple_scab\745cfcfa-5b39-46ad-8c40-96086e71f6ee___FREC_Scab 3448.JPG,Apple___Apple_scab,Apple Scab,.jpg,RGB,256,256,209b467bf52b11a80de4c73ef33bcead,Apple___Apple_scab:::97
data\raw\apple\Apple___Apple_scab\74813834-38bc-4301-93ff-39b208eb52bc___FREC_Scab 3315.JPG,Apple___Apple_scab,Apple Scab,.jpg,RGB,256,256,75d2dd359b74c5da8337b3bbf4b63db9,Apple___Apple_scab:::76
data\raw\apple\Apple___Apple_scab\748e82aa-02b1-4ca7-9fd3-e0184f20644f___FREC_Scab 3354.JPG,Apple___Apple_scab,Apple Scab,.jpg,RGB,256,256,cdff76d9061fb2958b065ffa24574687,Apple___Apple_scab:::82
data\raw\apple\Apple___Apple_scab\74f429dd-0b33-41e1-a689-17f8b62dd614___FREC_Scab 3186.JPG,Apple___Apple_scab,Apple Scab,.jpg,RGB,256,256,6ec9ee80cd86302a3c800129209b17c4,Apple___Apple_scab:::53
data\raw\apple\Apple___Apple_scab\75896d3d-899a-4143-9262-c44bcea75237___FREC_Scab 3295.JPG,Apple___Apple_scab,Apple Scab,.jpg,RGB,256,256,2a1d5dc705e01f3224ee5d088af674c4,Apple___Apple_scab:::73
data\raw\apple\Apple___Apple_scab\75eca8b6-4446-4bf4-9d10-7d38ed44199a___FREC_Scab 3475.JPG,Apple___Apple_scab,Apple Scab,.jpg,RGB,256,256,8295745d7caebeae9b2d7a61104f93fc,Apple___Apple_scab:::101
data\raw\apple\Apple___Apple_scab\76e50482-74b2-468f-8556-7669e1682f1e___FREC_Scab 3323.JPG,Apple___Apple_scab,Apple Scab,.jpg,RGB,256,256,0227a5c82ab8c6ef01ca245d2cd6898e,Apple___Apple_scab:::77
data\raw\apple\Apple___Apple_scab\76eca386-c7c1-4807-ae27-13c793d06e02___FREC_Scab 3272.JPG,Apple___Apple_scab,Apple Scab,.jpg,RGB,256,256,0ca50f0882a29b065fbd0bdf240bf9fb,Apple___Apple_scab:::69
data\raw\apple\Apple___Apple_scab\774fb249-80b5-4575-ab5a-5459a9c14ef6___FREC_Scab 3024.JPG,Apple___Apple_scab,Apple Scab,.jpg,RGB,256,256,f42eeaf87fe685c38bf534e01f35c5d0,Apple___Apple_scab:::22
data\raw\apple\Apple___Apple_scab\7897b5dc-7aa6-48b2-8c18-a30fcd6cae94___FREC_Scab 3203.JPG,Apple___Apple_scab,Apple Scab,.jpg,RGB,256,256,8bac3221e1fcc6ef06b7c63e1d6537a8,Apple___Apple_scab:::56
data\raw\apple\Apple___Apple_scab\78f8b36a-5126-4105-9699-39387015452f___FREC_Scab 2983.JPG,Apple___Apple_scab,Apple Scab,.jpg,RGB,256,256,a62fc07814cb40e14ee449ff8f98ab2b,Apple___Apple_scab:::16
data\raw\apple\Apple___Apple_scab\792c3972-8724-45b6-8ba0-eec0f675bc50___FREC_Scab 3120.JPG,Apple___Apple_scab,Apple Scab,.jpg,RGB,256,256,534e6d328c24ffd7650a532ed427166e,Apple___Apple_scab:::40
data\raw\apple\Apple___Apple_scab\795c112f-bd6c-4d70-8986-b1c2fb62cbf2___FREC_Scab 3384.JPG,Apple___Apple_scab,Apple Scab,.jpg,RGB,256,256,b8a56ab8ec6be9fcd4e631b2e6615c92,Apple___Apple_scab:::86
data\raw\apple\Apple___Apple_scab\7966ec90-1939-40ea-a4f7-99aca4fe8af5___FREC_Scab 3402.JPG,Apple___Apple_scab,Apple Scab,.jpg,RGB,256,256,590342754ea60e39f515167237977d31,Apple___Apple_scab:::89
data\raw\apple\Apple___Apple_scab\7b17fb27-2af4-4c90-b499-0c0658ba7262___FREC_Scab 2943.JPG,Apple___Apple_scab,Apple Scab,.jpg,RGB,256,256,1620e75c5f31ace73804abb2a54b7c60,Apple___Apple_scab:::8
data\raw\apple\Apple___Apple_scab\7b3e4313-9abb-4105-8be9-2020f1101e58___FREC_Scab 3441.JPG,Apple___Apple_scab,Apple Scab,.jpg,RGB,256,256,b4d17b62847241239a2db7406858fb63,Apple___Apple_scab:::96
data\raw\apple\Apple___Apple_scab\7b7c32e3-68f8-4280-acda-4c6e67f4725f___FREC_Scab 3340.JPG,Apple___Apple_scab,Apple Scab,.jpg,RGB,256,256,d0a9018acecac0e297d094b90677eb12,Apple___Apple_scab:::79
data\raw\apple\Apple___Apple_scab\7bc2b2d5-b2b6-4ac2-9bbe-322ce8d7d9bb___FREC_Scab 2944.JPG,Apple___Apple_scab,Apple Scab,.jpg,RGB,256,256,9000b418ce12e7897c7f032663c388be,Apple___Apple_scab:::8
data\raw\apple\Apple___Apple_scab\7be1e0a3-01d0-40c3-9628-f69952550267___FREC_Scab 3263.JPG,Apple___Apple_scab,Apple Scab,.jpg,RGB,256,256,292fdc9423421327b4ba4a30516b064e,Apple___Apple_scab:::68
data\raw\apple\Apple___Apple_scab\7bf25c0a-6594-4777-9a67-49a6487bb203___FREC_Scab 2993.JPG,Apple___Apple_scab,Apple Scab,.jpg,RGB,256,256,8ecc09555db8f2ba7eca9e85cff41f87,Apple___Apple_scab:::17
data\raw\apple\Apple___Apple_scab\7c0710e7-2ad4-44c4-a6f6-ffeb5573f8e7___FREC_Scab 3208.JPG,Apple___Apple_scab,Apple Scab,.jpg,RGB,256,256,0fe1487950e86b26fa5f4918e84036e0,Apple___Apple_scab:::57
data\raw\apple\Apple___Apple_scab\7c66bda4-301c-4987-85b8-fd8230c5a2f2___FREC_Scab 3324.JPG,Apple___Apple_scab,Apple Scab,.jpg,RGB,256,256,91cac1cb8d42aa184fb38a11fda73f71,Apple___Apple_scab:::77
data\raw\apple\Apple___Apple_scab\7c83792f-d375-42fb-a5a0-1bc2cb3a8eff___FREC_Scab 2914.JPG,Apple___Apple_scab,Apple Scab,.jpg,RGB,256,256,5071b6a36f96f6a56febd91eed4b7e4d,Apple___Apple_scab:::2
data\raw\apple\Apple___Apple_scab\7ceb532d-1a58-4a25-bbff-8dd04a117744___FREC_Scab 3422.JPG,Apple___Apple_scab,Apple Scab,.jpg,RGB,256,256,92b3e6d6bd4fd66b15ee9c37063a4141,Apple___Apple_scab:::92
data\raw\apple\Apple___Apple_scab\7dbdcba3-395b-413e-bc22-cd0d0e11a1c9___FREC_Scab 3363.JPG,Apple___Apple_scab,Apple Scab,.jpg,RGB,256,256,a2659a1b9fcfe7c5792186afb559f6ab,Apple___Apple_scab:::83
data\raw\apple\Apple___Apple_scab\7e2bacbd-f92b-417e-879f-002f3862718c___FREC_Scab 3374.JPG,Apple___Apple_scab,Apple Scab,.jpg,RGB,256,256,7b9173905089cd789b0368e7650be71f,Apple___Apple_scab:::85
data\raw\apple\Apple___Apple_scab\7e4bbd7a-b494-426f-9f08-755ce4a399e7___FREC_Scab 3331.JPG,Apple___Apple_scab,Apple Scab,.jpg,RGB,256,256,6388beb7cf5ba518fa617d4ad3e8c9c0,Apple___Apple_scab:::78
data\raw\apple\Apple___Apple_scab\7e64fdef-9cb7-40ed-9f40-f3c97d6e0e8a___FREC_Scab 3536.JPG,Apple___Apple_scab,Apple Scab,.jpg,RGB,256,256,7ac32568a5e061edd09a8ce7af56c68b,Apple___Apple_scab:::108
data\raw\apple\Apple___Apple_scab\7ead14ac-9bdd-42a9-bde9-b70d8b6694b7___FREC_Scab 3356.JPG,Apple___Apple_scab,Apple Scab,.jpg,RGB,256,256,96dc2ac8763f730e3bb40a1911df4493,Apple___Apple_scab:::82
data\raw\apple\Apple___Apple_scab\7ed79254-3e04-4e08-9c80-088cd9d7d8c9___FREC_Scab 3310.JPG,Apple___Apple_scab,Apple Scab,.jpg,RGB,256,256,82fcd2cfccfcdedcb612a223270e66a3,Apple___Apple_scab:::75
data\raw\apple\Apple___Apple_scab\7edff180-8238-44d7-bba1-07749e649dae___FREC_Scab 3071.JPG,Apple___Apple_scab,Apple Scab,.jpg,RGB,256,256,c217f4174fd924671d10512d0481ff6f,Apple___Apple_scab:::31
data\raw\apple\Apple___Apple_scab\7efdde34-c75b-40bc-92ef-48de08ec0709___FREC_Scab 3027.JPG,Apple___Apple_scab,Apple Scab,.jpg,RGB,256,256,9c0fb43b7c0c68721390777e66283736,Apple___Apple_scab:::22
data\raw\apple\Apple___Apple_scab\7f21c995-332c-4a60-9b18-b279917d7ffa___FREC_Scab 3277.JPG,Apple___Apple_scab,Apple Scab,.jpg,RGB,256,256,018ed3b68a3301ec2e0a7a5304c03b32,Apple___Apple_scab:::70
data\raw\apple\Apple___Apple_scab\7f4d7ebc-7d2b-454f-8f61-b5dc469a16b7___FREC_Scab 3010.JPG,Apple___Apple_scab,Apple Scab,.jpg,RGB,256,256,33a19678b226710f8d6c46dbca976703,Apple___Apple_scab:::20
data\raw\apple\Apple___Apple_scab\7f7b25d4-f895-4f8e-80ad-db72a9b19a2e___FREC_Scab 3451.JPG,Apple___Apple_scab,Apple Scab,.jpg,RGB,256,256,ec94f382f1762ad4c98d3f639e5f4856,Apple___Apple_scab:::97
data\raw\apple\Apple___Apple_scab\808207df-2000-4050-a720-bd23997710b8___FREC_Scab 3270.JPG,Apple___Apple_scab,Apple Scab,.jpg,RGB,256,256,3723631025c5751698682c01adb173b9,Apple___Apple_scab:::69
data\raw\apple\Apple___Apple_scab\80870a3d-e028-47c6-9548-cef00d68be2c___FREC_Scab 3469.JPG,Apple___Apple_scab,Apple Scab,.jpg,RGB,256,256,2db83996ee7058bef4ad846aacfb488f,Apple___Apple_scab:::100
data\raw\apple\Apple___Apple_scab\80894f41-f887-4d0c-8b09-0a7cd24fbe18___FREC_Scab 3526.JPG,Apple___Apple_scab,Apple Scab,.jpg,RGB,256,256,bdf351b75a8be8cbf8595acf1a27fdd0,Apple___Apple_scab:::108
data\raw\apple\Apple___Apple_scab\80ddd81b-9c75-4711-8012-7ee68af378db___FREC_Scab 3458.JPG,Apple___Apple_scab,Apple Scab,.jpg,RGB,256,256,6785c5610719c1fd26cf8eb95524e252,Apple___Apple_scab:::98
data\raw\apple\Apple___Apple_scab\815d2612-ee00-407a-8a0d-d0d94c7e0a9f___FREC_Scab 3461.JPG,Apple___Apple_scab,Apple Scab,.jpg,RGB,256,256,8f1d8bd59dfe671ba7afaf8629f7fdc2,Apple___Apple_scab:::99
data\raw\apple\Apple___Apple_scab\81c34d6d-e734-4ee7-9645-0f8f80c809c7___FREC_Scab 3276.JPG,Apple___Apple_scab,Apple Scab,.jpg,RGB,256,256,7c8b91384c8b150227afd8023d186b8e,Apple___Apple_scab:::70
data\raw\apple\Apple___Apple_scab\82488f15-ffb8-495f-b09f-3810e447681a___FREC_Scab 3007.JPG,Apple___Apple_scab,Apple Scab,.jpg,RGB,256,256,b6b055be95b71ea7100658c07e85397a,Apple___Apple_scab:::19
data\raw\apple\Apple___Apple_scab\82f4f2fc-b28e-4834-95b8-3d7b144f8b15___FREC_Scab 3063.JPG,Apple___Apple_scab,Apple Scab,.jpg,RGB,256,256,4b03d1bf22b9fd1b97cb25e7640ed1a7,Apple___Apple_scab:::30
data\raw\apple\Apple___Apple_scab\83b1935d-f1fc-4b9f-876e-c0dbbb2fcb03___FREC_Scab 3486.JPG,Apple___Apple_scab,Apple Scab,.jpg,RGB,256,256,16e35c5033459d1d73031563552c5e04,Apple___Apple_scab:::102
data\raw\apple\Apple___Apple_scab\83d10707-6253-4717-8c8a-6ea3ebb1e0e1___FREC_Scab 3138.JPG,Apple___Apple_scab,Apple Scab,.jpg,RGB,256,256,bd975d07e810a11139c365c1e59d5cc3,Apple___Apple_scab:::44
data\raw\apple\Apple___Apple_scab\83dc6270-1c10-4c76-a1a2-6b562fcb4e4c___FREC_Scab 3478.JPG,Apple___Apple_scab,Apple Scab,.jpg,RGB,256,256,b71edf398ee1dfd9c08d294364889a17,Apple___Apple_scab:::101
data\raw\apple\Apple___Apple_scab\8406c2d8-abac-4992-bf23-6728a84d5437___FREC_Scab 3371.JPG,Apple___Apple_scab,Apple Scab,.jpg,RGB,256,256,f80ce3a92077f20d7a29c20eebc36bf1,Apple___Apple_scab:::84
data\raw\apple\Apple___Apple_scab\8455ff58-ba10-44ee-abfc-0055cf6f0449___FREC_Scab 3135.JPG,Apple___Apple_scab,Apple Scab,.jpg,RGB,256,256,352a062e2874f230e145d00022de5530,Apple___Apple_scab:::43
data\raw\apple\Apple___Apple_scab\84671985-6989-4451-b61d-c32dda7d7c5f___FREC_Scab 3379.JPG,Apple___Apple_scab,Apple Scab,.jpg,RGB,256,256,ef2f9f471e56b39763a0ee5c8d2b6229,Apple___Apple_scab:::85
data\raw\apple\Apple___Apple_scab\84ba6fe9-427e-415b-8bfe-a1f8670e1537___FREC_Scab 3530.JPG,Apple___Apple_scab,Apple Scab,.jpg,RGB,256,256,dbee276f3306ab82b97fb8bb34ae83d4,Apple___Apple_scab:::108
data\raw\apple\Apple___Apple_scab\84ca9b3d-80c2-476a-a3ae-c085ea721548___FREC_Scab 3132.JPG,Apple___Apple_scab,Apple Scab,.jpg,RGB,256,256,1b3f86457b5adadfd59057c63c2a2b93,Apple___Apple_scab:::43
data\raw\apple\Apple___Apple_scab\84e61e7e-f106-442c-a954-63dc3a57d5d5___FREC_Scab 3057.JPG,Apple___Apple_scab,Apple Scab,.jpg,RGB,256,256,6d5d4f040ffbb1396877c2489065b6d0,Apple___Apple_scab:::29
data\raw\apple\Apple___Apple_scab\84ef6106-d401-44fb-a5c9-be5ef93cb4e7___FREC_Scab 2921.JPG,Apple___Apple_scab,Apple Scab,.jpg,RGB,256,256,ba1d21153aa2f121bb737d1e9f7fdbcf,Apple___Apple_scab:::4
data\raw\apple\Apple___Apple_scab\85aad925-f1e2-463e-840b-266d49a56d1f___FREC_Scab 3100.JPG,Apple___Apple_scab,Apple Scab,.jpg,RGB,256,256,ef74465033948d418c6a327ba2e39106,Apple___Apple_scab:::37
data\raw\apple\Apple___Apple_scab\86054e9e-26b4-42b5-b192-58ddee7b0c34___FREC_Scab 3011.JPG,Apple___Apple_scab,Apple Scab,.jpg,RGB,256,256,7620c27654f268a7163e55b92b3061da,Apple___Apple_scab:::20
data\raw\apple\Apple___Apple_scab\8632c6b9-84e1-4779-9294-71548ff838e5___FREC_Scab 3423.JPG,Apple___Apple_scab,Apple Scab,.jpg,RGB,256,256,e3b5e07e60fe4c5427925f511adb39ff,Apple___Apple_scab:::93
data\raw\apple\Apple___Apple_scab\8727408d-c5b9-41c4-abd7-dd8e6978efff___FREC_Scab 2995.JPG,Apple___Apple_scab,Apple Scab,.jpg,RGB,256,256,e60057d720c10f1d75c00f2152560ba0,Apple___Apple_scab:::18
data\raw\apple\Apple___Apple_scab\88079400-60e9-4317-b917-0bee6c8c16f5___FREC_Scab 3411.JPG,Apple___Apple_scab,Apple Scab,.jpg,RGB,256,256,ed049b52573b697baaa7da508dd59e0c,Apple___Apple_scab:::91
data\raw\apple\Apple___Apple_scab\88b51f59-08ed-41fe-8402-69f0964f87fe___FREC_Scab 3299.JPG,Apple___Apple_scab,Apple Scab,.jpg,RGB,256,256,b87a73b1d12c3760857fdc0ad46e4071,Apple___Apple_scab:::74
data\raw\apple\Apple___Apple_scab\892da302-54b8-43a1-960d-055f5eb3f0a1___FREC_Scab 3019.JPG,Apple___Apple_scab,Apple Scab,.jpg,RGB,256,256,2ff4cd8e1e403255bb8b456082160183,Apple___Apple_scab:::21
data\raw\apple\Apple___Apple_scab\895252c3-5047-4e87-8e13-2cdd765f3e0a___FREC_Scab 3056.JPG,Apple___Apple_scab,Apple Scab,.jpg,RGB,256,256,0c73b808c6b31874e1c7e9d52a783dc9,Apple___Apple_scab:::28
data\raw\apple\Apple___Apple_scab\89888e39-a951-4507-a9c4-193aead90f64___FREC_Scab 3160.JPG,Apple___Apple_scab,Apple Scab,.jpg,RGB,256,256,73213e0474a82e4ce712659eff923538,Apple___Apple_scab:::48
data\raw\apple\Apple___Apple_scab\89937e2f-6ec2-483d-9ba4-1c7c61859cb0___FREC_Scab 3394.JPG,Apple___Apple_scab,Apple Scab,.jpg,RGB,256,256,0872c21b008cc696a2a9dec341a9df73,Apple___Apple_scab:::88
data\raw\apple\Apple___Apple_scab\8a212787-77fb-40dc-a028-92d5ff2d6c7c___FREC_Scab 3043.JPG,Apple___Apple_scab,Apple Scab,.jpg,RGB,256,256,9f2b220176f8e42387f7689caa539234,Apple___Apple_scab:::26
data\raw\apple\Apple___Apple_scab\8a8f8dd2-a938-4288-a8ec-56ef0aaa2d4f___FREC_Scab 2947.JPG,Apple___Apple_scab,Apple Scab,.jpg,RGB,256,256,92772daec72ea7dc7da2c069b24b1e04,Apple___Apple_scab:::9
data\raw\apple\Apple___Apple_scab\8b28fdba-2f54-45dc-a671-a2743f127c45___FREC_Scab 3346.JPG,Apple___Apple_scab,Apple Scab,.jpg,RGB,256,256,824981c214bc6cfdc78a75c59164604d,Apple___Apple_scab:::80
data\raw\apple\Apple___Apple_scab\8bcbb4fb-c733-4fc7-92d2-6e4a442e592e___FREC_Scab 3506.JPG,Apple___Apple_scab,Apple Scab,.jpg,RGB,256,256,9837b5dddec2c576d1467bf6546ee5a4,Apple___Apple_scab:::105
data\raw\apple\Apple___Apple_scab\8c5418d9-37db-450f-a20e-7fccfe69f57a___FREC_Scab 3404.JPG,Apple___Apple_scab,Apple Scab,.jpg,RGB,256,256,e7dacfff8e0c3ce2f54e92cd2e386e41,Apple___Apple_scab:::90
data\raw\apple\Apple___Apple_scab\8c71b810-5fe3-415e-863b-6bb0b1fb1455___FREC_Scab 3221.JPG,Apple___Apple_scab,Apple Scab,.jpg,RGB,256,256,1b6da1eed278a7bae365758b2d3e4abc,Apple___Apple_scab:::59
data\raw\apple\Apple___Apple_scab\8c72c236-8f13-4087-8d1d-f365211563f0___FREC_Scab 3196.JPG,Apple___Apple_scab,Apple Scab,.jpg,RGB,256,256,3e3fe56e330af48f86218bb1129b7257,Apple___Apple_scab:::55
data\raw\apple\Apple___Apple_scab\8c916434-af92-4360-9833-0422aa510f7e___FREC_Scab 3245.JPG,Apple___Apple_scab,Apple Scab,.jpg,RGB,256,256,8330fd09df37295adcdbe11c504eb7b2,Apple___Apple_scab:::63
data\raw\apple\Apple___Apple_scab\8d2bd2f9-2c65-43f7-95f7-22f7f404ba13___FREC_Scab 3232.JPG,Apple___Apple_scab,Apple Scab,.jpg,RGB,256,256,629d7ad7a78c78c03730a3650ff7d4c7,Apple___Apple_scab:::61
data\raw\apple\Apple___Apple_scab\8df36a92-b562-4bff-975b-ff08d8da40f6___FREC_Scab 3119.JPG,Apple___Apple_scab,Apple Scab,.jpg,RGB,256,256,203cca43733e572816ba079b508189cd,Apple___Apple_scab:::40
data\raw\apple\Apple___Apple_scab\8e04135b-2279-43a7-af41-147d96395478___FREC_Scab 3143.JPG,Apple___Apple_scab,Apple Scab,.jpg,RGB,256,256,b0c93feb646483c75f00dab80a3a9366,Apple___Apple_scab:::45
data\raw\apple\Apple___Apple_scab\8eaf0422-c84e-4521-8628-85cf2fc91e7c___FREC_Scab 2989.JPG,Apple___Apple_scab,Apple Scab,.jpg,RGB,256,256,5828606fd902bce6b3fb4cbdda853097,Apple___Apple_scab:::17
data\raw\apple\Apple___Apple_scab\8edca1d5-7ab9-47b6-bdd0-b61e4a11621e___FREC_Scab 3512.JPG,Apple___Apple_scab,Apple Scab,.jpg,RGB,256,256,3458818597e413a14e41dbaec2e75f96,Apple___Apple_scab:::106
data\raw\apple\Apple___Apple_scab\900e46e0-2f82-4062-8963-50fa06834c38___FREC_Scab 3301.JPG,Apple___Apple_scab,Apple Scab,.jpg,RGB,256,256,a810030fdaacfab70e20a3a3b0b077c8,Apple___Apple_scab:::74
data\raw\apple\Apple___Apple_scab\9082fc1b-6621-48be-9953-50d3de9a6661___FREC_Scab 3065.JPG,Apple___Apple_scab,Apple Scab,.jpg,RGB,256,256,f5ea70837eea08685b8af71d103c15c8,Apple___Apple_scab:::30
data\raw\apple\Apple___Apple_scab\9100bed7-65dd-4425-840b-503f9db78ef8___FREC_Scab 3076.JPG,Apple___Apple_scab,Apple Scab,.jpg,RGB,256,256,0ee45a429aa5b779db8457d09c8769a6,Apple___Apple_scab:::32
data\raw\apple\Apple___Apple_scab\919f1400-c9b6-4343-9708-0e70deabb85d___FREC_Scab 2941.JPG,Apple___Apple_scab,Apple Scab,.jpg,RGB,256,256,52190f4261f9b364cc1124681534de2d,Apple___Apple_scab:::8
data\raw\apple\Apple___Apple_scab\91decba3-10b0-4d3e-974c-bcc7729e867d___FREC_Scab 3527.JPG,Apple___Apple_scab,Apple Scab,.jpg,RGB,256,256,ca3b3e57b4449bf0cf1ddaa398f797ba,Apple___Apple_scab:::108
data\raw\apple\Apple___Apple_scab\925b4276-9d62-4a3d-9dfd-1613ed40685a___FREC_Scab 2994.JPG,Apple___Apple_scab,Apple Scab,.jpg,RGB,256,256,44a61d7127a9d3a6c76dd825c2d5d31d,Apple___Apple_scab:::17
data\raw\apple\Apple___Apple_scab\9431682d-6de3-4b1f-bdde-11b706fe2e85___FREC_Scab 3029.JPG,Apple___Apple_scab,Apple Scab,.jpg,RGB,256,256,cab7ccf0b5271e7d45562375ae65a586,Apple___Apple_scab:::23
data\raw\apple\Apple___Apple_scab\9474d631-06bc-45e0-bdcc-2aff28b34856___FREC_Scab 3358.JPG,Apple___Apple_scab,Apple Scab,.jpg,RGB,256,256,e22bcf6c37e34ff5dd1eb15340a91e56,Apple___Apple_scab:::82
data\raw\apple\Apple___Apple_scab\94ef05b0-aee5-4956-8a07-67808c0ca84c___FREC_Scab 3376.JPG,Apple___Apple_scab,Apple Scab,.jpg,RGB,256,256,2924726a49da866ca0911fa45794425d,Apple___Apple_scab:::85
data\raw\apple\Apple___Apple_scab\9555b45b-0080-4d26-8b54-a343b9bf0ffc___FREC_Scab 3313.JPG,Apple___Apple_scab,Apple Scab,.jpg,RGB,256,256,0dfb4a5b84d3e846025183b94d99ac62,Apple___Apple_scab:::75
data\raw\apple\Apple___Apple_scab\95c2cc04-5581-48ca-8001-9644bb488b12___FREC_Scab 3163.JPG,Apple___Apple_scab,Apple Scab,.jpg,RGB,256,256,7669456a313abf010bcea06735361285,Apple___Apple_scab:::48
data\raw\apple\Apple___Apple_scab\96a26f9f-76b9-456a-b39f-d390ff20bc58___FREC_Scab 3257.JPG,Apple___Apple_scab,Apple Scab,.jpg,RGB,256,256,ac541f9033e3a5fa4eb1f6009701afc7,Apple___Apple_scab:::66
data\raw\apple\Apple___Apple_scab\96f7f6b4-4dd6-4887-b6b2-89449271274f___FREC_Scab 3047.JPG,Apple___Apple_scab,Apple Scab,.jpg,RGB,256,256,9cf8a281ed35f98a930d1d143895fed0,Apple___Apple_scab:::26
data\raw\apple\Apple___Apple_scab\97294a06-04ae-440f-b130-ddff2817c727___FREC_Scab 3372.JPG,Apple___Apple_scab,Apple Scab,.jpg,RGB,256,256,d3aab4d49b8774d5c17e8afa2538bdc2,Apple___Apple_scab:::84
data\raw\apple\Apple___Apple_scab\975c76b5-0c9f-4179-bc48-20b37d3113e6___FREC_Scab 3463.JPG,Apple___Apple_scab,Apple Scab,.jpg,RGB,256,256,df6b9cd3783a3d41e5bc776b082701b4,Apple___Apple_scab:::99
data\raw\apple\Apple___Apple_scab\97cd53cf-e95a-4d40-b77c-15ccf9bbb8f3___FREC_Scab 3134.JPG,Apple___Apple_scab,Apple Scab,.jpg,RGB,256,256,f7b187217d3014e2f8390b3fe68de06a,Apple___Apple_scab:::43
data\raw\apple\Apple___Apple_scab\97d9b70c-15fc-4463-a7cd-129e7bccef1c___FREC_Scab 2910.JPG,Apple___Apple_scab,Apple Scab,.jpg,RGB,256,256,9a9349f6150f3258091d87dc31aa0d89,Apple___Apple_scab:::1
data\raw\apple\Apple___Apple_scab\98259104-a5dd-4751-88f2-27923a2317a3___FREC_Scab 3419.JPG,Apple___Apple_scab,Apple Scab,.jpg,RGB,256,256,f57b7d9fa4d2414eca563af08c71ca1b,Apple___Apple_scab:::92
data\raw\apple\Apple___Apple_scab\98d39524-dfe5-42c0-999d-110aa1c49b85___FREC_Scab 3259.JPG,Apple___Apple_scab,Apple Scab,.jpg,RGB,256,256,9634104867db18d188ab20b8f84c80ac,Apple___Apple_scab:::67
data\raw\apple\Apple___Apple_scab\98e6e72f-092d-41dc-93e1-22bfc1ea2abd___FREC_Scab 2953.JPG,Apple___Apple_scab,Apple Scab,.jpg,RGB,256,256,b53fa50b20487b5d0185aed122561e29,Apple___Apple_scab:::10
data\raw\apple\Apple___Apple_scab\98f72edf-a354-43de-8734-a697d8cdd3f5___FREC_Scab 3400.JPG,Apple___Apple_scab,Apple Scab,.jpg,RGB,256,256,74b58bcba54a0fb219f463bea9655160,Apple___Apple_scab:::89
data\raw\apple\Apple___Apple_scab\99a971b6-cd13-4ed2-8fc5-0d6769945578___FREC_Scab 3130.JPG,Apple___Apple_scab,Apple Scab,.jpg,RGB,256,256,87953ad70b8456d27782c5b793668d2d,Apple___Apple_scab:::42
data\raw\apple\Apple___Apple_scab\99e03a3c-c68f-4648-af09-877c57d6b115___FREC_Scab 3054.JPG,Apple___Apple_scab,Apple Scab,.jpg,RGB,256,256,ff599b6f6c3b1cd7eaa8e4bb7d5c2454,Apple___Apple_scab:::28
data\raw\apple\Apple___Apple_scab\99f409b1-0e19-43e6-bbc5-95c5368f86be___FREC_Scab 3051.JPG,Apple___Apple_scab,Apple Scab,.jpg,RGB,256,256,5ee09c9d72dc0029e655e7da7778dae7,Apple___Apple_scab:::27
data\raw\apple\Apple___Apple_scab\9a544639-1fc6-4c45-88e4-3049c2bc0814___FREC_Scab 3439.JPG,Apple___Apple_scab,Apple Scab,.jpg,RGB,256,256,8d0f923ad9308d7688f44a5e9cd8353b,Apple___Apple_scab:::96
data\raw\apple\Apple___Apple_scab\9a82c830-7854-4f7f-84c5-f7414cd238b0___FREC_Scab 3069.JPG,Apple___Apple_scab,Apple Scab,.jpg,RGB,256,256,50b997bb868f578a5a21fb02a01dd602,Apple___Apple_scab:::31
data\raw\apple\Apple___Apple_scab\9ac984f5-d42c-4321-ae2e-7fbde038aa38___FREC_Scab 3369.JPG,Apple___Apple_scab,Apple Scab,.jpg,RGB,256,256,b280ba5783ad96a282402e2674348e79,Apple___Apple_scab:::84
data\raw\apple\Apple___Apple_scab\9b7399aa-1c3c-4137-ae4e-196cd23fe573___FREC_Scab 3468.JPG,Apple___Apple_scab,Apple Scab,.jpg,RGB,256,256,d50ad3907ea1a89decb86f39d132f725,Apple___Apple_scab:::100
data\raw\apple\Apple___Apple_scab\9c04ca1c-e5f5-4a03-8205-544c1475a18c___FREC_Scab 3502.JPG,Apple___Apple_scab,Apple Scab,.jpg,RGB,256,256,98d11e268dc568b2ee33b1220f312f7a,Apple___Apple_scab:::105
data\raw\apple\Apple___Apple_scab\9cbb6419-1670-45d5-a8ad-90cf9eaac971___FREC_Scab 3075.JPG,Apple___Apple_scab,Apple Scab,.jpg,RGB,256,256,4700c201c64bde6e8056f2008bf844d1,Apple___Apple_scab:::32
data\raw\apple\Apple___Apple_scab\9d586b46-914c-4715-a406-484a597e3bab___FREC_Scab 2998.JPG,Apple___Apple_scab,Apple Scab,.jpg,RGB,256,256,907ee2eda21d3ef7659596a3c8825c74,Apple___Apple_scab:::18
data\raw\apple\Apple___Apple_scab\9dac36c9-3c32-44be-8752-0f03666cbb76___FREC_Scab 3365.JPG,Apple___Apple_scab,Apple Scab,.jpg,RGB,256,256,226aa4a8d2dfba019adfffb5203c81a7,Apple___Apple_scab:::83
data\raw\apple\Apple___Apple_scab\9e399a72-a81f-4a43-8542-ebc4e96ba346___FREC_Scab 2930.JPG,Apple___Apple_scab,Apple Scab,.jpg,RGB,256,256,113ef009716cac43dfdd9ff6e5c3ef23,Apple___Apple_scab:::6
data\raw\apple\Apple___Apple_scab\9e4d949f-0d9b-4b61-8ce9-574664176efc___FREC_Scab 3022.JPG,Apple___Apple_scab,Apple Scab,.jpg,RGB,256,256,a968a10c99766d8d41b978080d5d3631,Apple___Apple_scab:::22
data\raw\apple\Apple___Apple_scab\9eab7829-c658-4544-b6ba-f7fb10035aab___FREC_Scab 3382.JPG,Apple___Apple_scab,Apple Scab,.jpg,RGB,256,256,b575fc14aa3a631da4c47df3928be0a5,Apple___Apple_scab:::86
data\raw\apple\Apple___Apple_scab\9efcd800-e927-4595-8eb8-26d36524242a___FREC_Scab 3026.JPG,Apple___Apple_scab,Apple Scab,.jpg,RGB,256,256,ed7c5d0ad2820fcfa8e8e55256b25f24,Apple___Apple_scab:::22
data\raw\apple\Apple___Apple_scab\9f76829c-655e-4f75-b5fd-2ddfd01f963a___FREC_Scab 3337.JPG,Apple___Apple_scab,Apple Scab,.jpg,RGB,256,256,5c58886d0a4f0c5d95e8a2860d86465f,Apple___Apple_scab:::79
data\raw\apple\Apple___Apple_scab\9f815013-3c21-403b-80ca-c69cd82d6251___FREC_Scab 2963.JPG,Apple___Apple_scab,Apple Scab,.jpg,RGB,256,256,11fb4bb85b2e5d56f3ef32605884f1ad,Apple___Apple_scab:::12
data\raw\apple\Apple___Apple_scab\9fd8d7c3-3321-49fc-a7dc-165ccc353c78___FREC_Scab 3177.JPG,Apple___Apple_scab,Apple Scab,.jpg,RGB,256,256,ee9e20839bdf353a8a8fc581ccb48a23,Apple___Apple_scab:::52
data\raw\apple\Apple___Apple_scab\a031daf8-94a3-476b-b2e4-dc39a4ee843d___FREC_Scab 3233.JPG,Apple___Apple_scab,Apple Scab,.jpg,RGB,256,256,2e9ef196f045bd3cebb8849cdfc40536,Apple___Apple_scab:::61
data\raw\apple\Apple___Apple_scab\a038a218-4c69-4f5a-9887-80fac9888782___FREC_Scab 3008.JPG,Apple___Apple_scab,Apple Scab,.jpg,RGB,256,256,10ccfca35e2bad8f651d24924061e6dc,Apple___Apple_scab:::19
data\raw\apple\Apple___Apple_scab\a0fb83fc-d5a2-4ddf-9a04-c2bf96e5027f___FREC_Scab 3175.JPG,Apple___Apple_scab,Apple Scab,.jpg,RGB,256,256,1d5c31a81ccadaaa2deeb325d579f08a,Apple___Apple_scab:::51
data\raw\apple\Apple___Apple_scab\a0fd13e3-e36c-4386-beb2-ec6a587bfd70___FREC_Scab 3053.JPG,Apple___Apple_scab,Apple Scab,.jpg,RGB,256,256,9a0c042e65ee1eb7b18dad35ea70bab2,Apple___Apple_scab:::28
data\raw\apple\Apple___Apple_scab\a15c8e33-6b90-489e-800d-99b3056235c2___FREC_Scab 3466.JPG,Apple___Apple_scab,Apple Scab,.jpg,RGB,256,256,4627808075273cad86c6ccb6bdc74485,Apple___Apple_scab:::100
data\raw\apple\Apple___Apple_scab\a2d4e28d-efb1-4b5c-8f39-de90392f007a___FREC_Scab 3139.JPG,Apple___Apple_scab,Apple Scab,.jpg,RGB,256,256,5c6fdc3e96c97fb2a42e4f4924e5aae9,Apple___Apple_scab:::44
data\raw\apple\Apple___Apple_scab\a2d623ff-8e4d-40e3-a6c5-3d61e7355f92___FREC_Scab 2949.JPG,Apple___Apple_scab,Apple Scab,.jpg,RGB,256,256,81f4c8a98e2702b9496612a7fc977f94,Apple___Apple_scab:::10
data\raw\apple\Apple___Apple_scab\a2d74032-fd6c-469b-897a-054705e03dec___FREC_Scab 3028.JPG,Apple___Apple_scab,Apple Scab,.jpg,RGB,256,256,03ebd9ae9cbb8bbf0a7d4cb1e1d9363f,Apple___Apple_scab:::23
data\raw\apple\Apple___Apple_scab\a31b7944-c213-4b83-a586-004d0522e355___FREC_Scab 3341.JPG,Apple___Apple_scab,Apple Scab,.jpg,RGB,256,256,be23d9f737c9977a53b9bf02fb1d3e47,Apple___Apple_scab:::80
data\raw\apple\Apple___Apple_scab\a3824376-87d9-464c-b78e-e35d029d43f2___FREC_Scab 3249.JPG,Apple___Apple_scab,Apple Scab,.jpg,RGB,256,256,71ec2eccb15cf4261ed6f82012aa0d75,Apple___Apple_scab:::64
data\raw\apple\Apple___Apple_scab\a5ed05d8-9815-41b7-b481-332e48cfde56___FREC_Scab 3415.JPG,Apple___Apple_scab,Apple Scab,.jpg,RGB,256,256,ba907e3aaa95a1017124e399c269b6cb,Apple___Apple_scab:::91
data\raw\apple\Apple___Apple_scab\a6ba4b1c-285a-432d-ae70-df3e37e5e6c1___FREC_Scab 3002.JPG,Apple___Apple_scab,Apple Scab,.jpg,RGB,256,256,155527282037fecedbb9f2b764b33db5,Apple___Apple_scab:::19
data\raw\apple\Apple___Apple_scab\a72a9033-d2b9-4c64-93bc-7e5a1a0ea4ae___FREC_Scab 3284.JPG,Apple___Apple_scab,Apple Scab,.jpg,RGB,256,256,d1ed1690d58e5663bcfb948d51d7f57c,Apple___Apple_scab:::71
data\raw\apple\Apple___Apple_scab\a7609a35-fd75-4ec3-868a-eb97b9ffd096___FREC_Scab 3032.JPG,Apple___Apple_scab,Apple Scab,.jpg,RGB,256,256,df1905108617514706153e0acbe2eb1a,Apple___Apple_scab:::24
data\raw\apple\Apple___Apple_scab\a8037811-6ce4-4611-ace1-1b6492374135___FREC_Scab 3126.JPG,Apple___Apple_scab,Apple Scab,.jpg,RGB,256,256,4f896e7577c75e3683511c352affc400,Apple___Apple_scab:::41
data\raw\apple\Apple___Apple_scab\a88d758c-0c4f-4214-b91d-e5645aa97113___FREC_Scab 3424.JPG,Apple___Apple_scab,Apple Scab,.jpg,RGB,256,256,392e75ab9290998f1e5508bbd3a6cc65,Apple___Apple_scab:::93
data\raw\apple\Apple___Apple_scab\a93dc267-cd94-49fd-9766-8afe67ba747a___FREC_Scab 3125.JPG,Apple___Apple_scab,Apple Scab,.jpg,RGB,256,256,f2a3d4e4e53e753e3b450a5a0f226902,Apple___Apple_scab:::41
data\raw\apple\Apple___Apple_scab\ab0ab3b2-0893-46c6-8f66-9469e8340b64___FREC_Scab 3368.JPG,Apple___Apple_scab,Apple Scab,.jpg,RGB,256,256,46367afe63f7f027c21099a4b9225f47,Apple___Apple_scab:::84
data\raw\apple\Apple___Apple_scab\ab7d0d06-b45c-4472-a708-c2a1d65ee748___FREC_Scab 3152.JPG,Apple___Apple_scab,Apple Scab,.jpg,RGB,256,256,d8fd1005b6e40a9eb866560a61954f8b,Apple___Apple_scab:::46
data\raw\apple\Apple___Apple_scab\aba69098-9c79-46cc-ba1f-6f88a456b56f___FREC_Scab 3039.JPG,Apple___Apple_scab,Apple Scab,.jpg,RGB,256,256,fa38d044cc1fd0205e9f95ed74c84362,Apple___Apple_scab:::25
data\raw\apple\Apple___Apple_scab\abd8b296-db97-40c0-af5b-39e03f4dec16___FREC_Scab 3041.JPG,Apple___Apple_scab,Apple Scab,.jpg,RGB,256,256,e5037aac08d07fc7d4d09ee0e69319de,Apple___Apple_scab:::25
data\raw\apple\Apple___Apple_scab\abfd8972-51b1-4715-a358-54e8e2afa071___FREC_Scab 3267.JPG,Apple___Apple_scab,Apple Scab,.jpg,RGB,256,256,0410895de3ed9e69fa7320b2c206a8c3,Apple___Apple_scab:::68
data\raw\apple\Apple___Apple_scab\ac3ae45a-aaff-44c0-979d-6a2a8ba50ccf___FREC_Scab 3520.JPG,Apple___Apple_scab,Apple Scab,.jpg,RGB,256,256,16175bdf82b2f304a718e88b7860f84d,Apple___Apple_scab:::107
data\raw\apple\Apple___Apple_scab\ac61c972-546d-4977-ac4a-085f98bbf206___FREC_Scab 3308.JPG,Apple___Apple_scab,Apple Scab,.jpg,RGB,256,256,2d0b9bf0ccb897b711845d59a74bd695,Apple___Apple_scab:::75
data\raw\apple\Apple___Apple_scab\ac8466c6-8a4f-4757-bb4d-d63f4b6a6928___FREC_Scab 3436.JPG,Apple___Apple_scab,Apple Scab,.jpg,RGB,256,256,318574407ea4822a090754e6c3c09095,Apple___Apple_scab:::95
data\raw\apple\Apple___Apple_scab\ad6539ea-7bc6-4f4a-810f-63ee95db8bfe___FREC_Scab 3184.JPG,Apple___Apple_scab,Apple Scab,.jpg,RGB,256,256,1b30088ed04ce28d8df26a1235f39e05,Apple___Apple_scab:::53
data\raw\apple\Apple___Apple_scab\add9ce00-e304-4632-82f2-ddc86a6be5f6___FREC_Scab 3472.JPG,Apple___Apple_scab,Apple Scab,.jpg,RGB,256,256,302936f28284e1da9dae67eecfca75da,Apple___Apple_scab:::100
data\raw\apple\Apple___Apple_scab\ade2b601-d2ea-4f5b-afc2-2c88aefea6b6___FREC_Scab 3464.JPG,Apple___Apple_scab,Apple Scab,.jpg,RGB,256,256,d72b3ea768f48b5c9ead681fbf7b31e0,Apple___Apple_scab:::99
data\raw\apple\Apple___Apple_scab\adfdba4a-a725-4c5b-8b1c-96e8b20baa7b___FREC_Scab 3265.JPG,Apple___Apple_scab,Apple Scab,.jpg,RGB,256,256,0d6ed0cf2088fef9ca7a33a907e6cf37,Apple___Apple_scab:::68
data\raw\apple\Apple___Apple_scab\ae02ce53-61ad-41d0-870a-a5a8b2fb3e93___FREC_Scab 3359.JPG,Apple___Apple_scab,Apple Scab,.jpg,RGB,256,256,be91aa95ae51b1099972ebd94f28172a,Apple___Apple_scab:::82
data\raw\apple\Apple___Apple_scab\ae035eb1-0214-4964-b018-14fca52713fc___FREC_Scab 3166.JPG,Apple___Apple_scab,Apple Scab,.jpg,RGB,256,256,890044fe03a51a57eb178df8dc869104,Apple___Apple_scab:::50
data\raw\apple\Apple___Apple_scab\af598e54-dae1-47e5-aefc-0b0a419dfa07___FREC_Scab 3211.JPG,Apple___Apple_scab,Apple Scab,.jpg,RGB,256,256,dea5369587cf8fe03d98703c304e96ac,Apple___Apple_scab:::57
data\raw\apple\Apple___Apple_scab\af82e889-9ec0-437c-85b8-7a6a5caf73a1___FREC_Scab 3338.JPG,Apple___Apple_scab,Apple Scab,.jpg,RGB,256,256,87bbcd40d2acb70b69fd1e703a3f8c2f,Apple___Apple_scab:::79
data\raw\apple\Apple___Apple_scab\afab688d-242c-4e62-abef-ba277df5a76d___FREC_Scab 3188.JPG,Apple___Apple_scab,Apple Scab,.jpg,RGB,256,256,9e6df21664503c56538c06a82f0ac052,Apple___Apple_scab:::53
data\raw\apple\Apple___Apple_scab\afc6c0d9-46a0-4275-a2f5-bb241017dbe4___FREC_Scab 3020.JPG,Apple___Apple_scab,Apple Scab,.jpg,RGB,256,256,4df364a6e40eb8a1fa614e480c69c99a,Apple___Apple_scab:::21
data\raw\apple\Apple___Apple_scab\aff87313-e090-401b-aa23-92fba4c55fae___FREC_Scab 3305.JPG,Apple___Apple_scab,Apple Scab,.jpg,RGB,256,256,b2dc77108cbf9734e2a7d8b628d928d5,Apple___Apple_scab:::74
data\raw\apple\Apple___Apple_scab\affb666c-6915-48e6-ba8a-92385af75826___FREC_Scab 3395.JPG,Apple___Apple_scab,Apple Scab,.jpg,RGB,256,256,a6675efd032ca505e5039e62b371a146,Apple___Apple_scab:::88
data\raw\apple\Apple___Apple_scab\b006c4b8-5f33-4794-91bd-7aaa430e6ceb___FREC_Scab 3498.JPG,Apple___Apple_scab,Apple Scab,.jpg,RGB,256,256,7d9a7339cefaa8140bab1e5c692adc3e,Apple___Apple_scab:::104
data\raw\apple\Apple___Apple_scab\b011c870-c5a5-4990-9ddd-e00e02613780___FREC_Scab 3493.JPG,Apple___Apple_scab,Apple Scab,.jpg,RGB,256,256,e1b1d9f07f05dfb8ed46955d7c2aa1de,Apple___Apple_scab:::103
data\raw\apple\Apple___Apple_scab\b02a7f1d-3cfc-489e-9e74-983059c6980d___FREC_Scab 3244.JPG,Apple___Apple_scab,Apple Scab,.jpg,RGB,256,256,042fa777abe60c14df8e73cb27d4e4d4,Apple___Apple_scab:::63
data\raw\apple\Apple___Apple_scab\b0586996-77d5-4d02-8112-14eb67895bcf___FREC_Scab 3000.JPG,Apple___Apple_scab,Apple Scab,.jpg,RGB,256,256,0c49ab81635e86ebad05bea89e4e1b1a,Apple___Apple_scab:::18
data\raw\apple\Apple___Apple_scab\b0613c0d-0e9d-4e47-9743-57f5da39a092___FREC_Scab 3311.JPG,Apple___Apple_scab,Apple Scab,.jpg,RGB,256,256,a059cec6a6a69dd4f45f6c1b72da7e47,Apple___Apple_scab:::75
data\raw\apple\Apple___Apple_scab\b0744c40-7396-4efb-9d0e-d7b1f22a9dd4___FREC_Scab 3407.JPG,Apple___Apple_scab,Apple Scab,.jpg,RGB,256,256,4897b3846289a33070183574471d951d,Apple___Apple_scab:::90
data\raw\apple\Apple___Apple_scab\b0b2a38c-396d-4d25-b346-5947e2c787d9___FREC_Scab 3077.JPG,Apple___Apple_scab,Apple Scab,.jpg,RGB,256,256,89e8a882e2680a4167b9ef39a78b8bc8,Apple___Apple_scab:::32
data\raw\apple\Apple___Apple_scab\b10dceaa-a764-46b4-bd61-bc9fb13579ca___FREC_Scab 3141.JPG,Apple___Apple_scab,Apple Scab,.jpg,RGB,256,256,32983646371631db9e79455aff8b18ca,Apple___Apple_scab:::45
data\raw\apple\Apple___Apple_scab\b18d07ee-d2e2-4cc2-876c-e03e3839f3b6___FREC_Scab 3427.JPG,Apple___Apple_scab,Apple Scab,.jpg,RGB,256,256,acd497d71650338b0dd5df45d7d7d0af,Apple___Apple_scab:::93
data\raw\apple\Apple___Apple_scab\b19aef4d-ee91-4768-9520-8fdfee2578b4___FREC_Scab 3396.JPG,Apple___Apple_scab,Apple Scab,.jpg,RGB,256,256,dfc177e6d849b31f1ddf1b9d67759b72,Apple___Apple_scab:::88
data\raw\apple\Apple___Apple_scab\b19d8a20-6d33-4ad5-848b-e618c07756b7___FREC_Scab 3198.JPG,Apple___Apple_scab,Apple Scab,.jpg,RGB,256,256,237ee19ef9af4256e1596890b07add7c,Apple___Apple_scab:::55
data\raw\apple\Apple___Apple_scab\b1efda88-84a3-4d96-b3bf-48d7e12155e9___FREC_Scab 3009.JPG,Apple___Apple_scab,Apple Scab,.jpg,RGB,256,256,9120b78f011cc5bc88c8cb188f54cf90,Apple___Apple_scab:::20
data\raw\apple\Apple___Apple_scab\b24daaef-81e1-47fc-a858-b8c8b346d956___FREC_Scab 2927.JPG,Apple___Apple_scab,Apple Scab,.jpg,RGB,256,256,2bfb92da8ae7ab183a61148734c2303d,Apple___Apple_scab:::5
data\raw\apple\Apple___Apple_scab\b2567b00-d781-4177-9c3f-6a7b9f47941f___FREC_Scab 3414.JPG,Apple___Apple_scab,Apple Scab,.jpg,RGB,256,256,4398a46e33a2df992df05b080319c058,Apple___Apple_scab:::91
data\raw\apple\Apple___Apple_scab\b34550a7-6327-4993-b112-16eedf8f0353___FREC_Scab 2922.JPG,Apple___Apple_scab,Apple Scab,.jpg,RGB,256,256,5bda2efd6438bb3bb0e8a6a893d55f30,Apple___Apple_scab:::4
data\raw\apple\Apple___Apple_scab\b3b884bb-55ff-42dd-81d6-d8260acd4ad5___FREC_Scab 3281.JPG,Apple___Apple_scab,Apple Scab,.jpg,RGB,256,256,e699ff7a8cd27763a37c5422c8e10c5a,Apple___Apple_scab:::71
data\raw\apple\Apple___Apple_scab\b4162101-daaa-4e98-bd83-e00f38cf5946___FREC_Scab 2968.JPG,Apple___Apple_scab,Apple Scab,.jpg,RGB,256,256,49fea0196741c2ff642f0db11a31b62c,Apple___Apple_scab:::13
data\raw\apple\Apple___Apple_scab\b4b9c80a-f741-416d-a7e6-6d9566ea731e___FREC_Scab 3399.JPG,Apple___Apple_scab,Apple Scab,.jpg,RGB,256,256,f9a2cc8ec818b863fc34ffbfa0289cf7,Apple___Apple_scab:::89
data\raw\apple\Apple___Apple_scab\b4d26d69-8318-4898-93be-561f78c18d5a___FREC_Scab 3133.JPG,Apple___Apple_scab,Apple Scab,.jpg,RGB,256,256,5623a65832ccdb1250541fb0f9ec2965,Apple___Apple_scab:::43
data\raw\apple\Apple___Apple_scab\b4dd08e1-926f-41e0-b266-c2f37cea3203___FREC_Scab 3030.JPG,Apple___Apple_scab,Apple Scab,.jpg,RGB,256,256,221e1d8be21006fba082f3d00e508f5b,Apple___Apple_scab:::23
data\raw\apple\Apple___Apple_scab\b56bccc2-4489-412c-83ac-ef0c7672ee70___FREC_Scab 3479.JPG,Apple___Apple_scab,Apple Scab,.jpg,RGB,256,256,6a15ad20844139a8c9d547cf2d8b099d,Apple___Apple_scab:::101
data\raw\apple\Apple___Apple_scab\b67039ac-fa02-4db5-9aad-a429c329263f___FREC_Scab 3435.JPG,Apple___Apple_scab,Apple Scab,.jpg,RGB,256,256,11d0003cd07f29c31fe418dc4bb642be,Apple___Apple_scab:::95
data\raw\apple\Apple___Apple_scab\b7740d56-4540-44f5-82c4-3916da0cba20___FREC_Scab 3229.JPG,Apple___Apple_scab,Apple Scab,.jpg,RGB,256,256,eb6db7f87852d793d37e397904720cff,Apple___Apple_scab:::60
data\raw\apple\Apple___Apple_scab\b8199a66-9ef5-498c-b55d-9a05d67433a5___FREC_Scab 2920.JPG,Apple___Apple_scab,Apple Scab,.jpg,RGB,256,256,63dad4e7c0aa9035204258f44cc8e1dc,Apple___Apple_scab:::4
data\raw\apple\Apple___Apple_scab\b84c8919-1f8c-4751-a759-e0ec84839020___FREC_Scab 3264.JPG,Apple___Apple_scab,Apple Scab,.jpg,RGB,256,256,361e0e0dcc80fe3ec3b40ee2ec638f0f,Apple___Apple_scab:::68
data\raw\apple\Apple___Apple_scab\b8829a11-a69e-479f-977e-3890cd1d76b1___FREC_Scab 3144.JPG,Apple___Apple_scab,Apple Scab,.jpg,RGB,256,256,96a0c76120323f66a0d63e3920d48adb,Apple___Apple_scab:::45
data\raw\apple\Apple___Apple_scab\b963d384-123e-48e5-ac66-a1e87f33ba0b___FREC_Scab 3021.JPG,Apple___Apple_scab,Apple Scab,.jpg,RGB,256,256,f6dcc86b7778eb8b02403258d487c29f,Apple___Apple_scab:::21
data\raw\apple\Apple___Apple_scab\b98c71e9-79a0-4e8d-9c8d-0438c4fe8a57___FREC_Scab 2948.JPG,Apple___Apple_scab,Apple Scab,.jpg,RGB,256,256,f635fef60db4a5ff4bcf7af9f68cec74,Apple___Apple_scab:::9
data\raw\apple\Apple___Apple_scab\b98ecede-7f6f-4e39-a761-4dc37699507b___FREC_Scab 2971.JPG,Apple___Apple_scab,Apple Scab,.jpg,RGB,256,256,a883614efa888294296456ff9c20e980,Apple___Apple_scab:::14
data\raw\apple\Apple___Apple_scab\ba0c02a0-3597-44e5-826d-00398a68d65b___FREC_Scab 2939.JPG,Apple___Apple_scab,Apple Scab,.jpg,RGB,256,256,03f750861f41f773c7214157ad106bb1,Apple___Apple_scab:::7
data\raw\apple\Apple___Apple_scab\ba325c11-e91c-4f5e-9ae0-76f8f0bb24df___FREC_Scab 3523.JPG,Apple___Apple_scab,Apple Scab,.jpg,RGB,256,256,835ad24075f7e631354414e3b3aca732,Apple___Apple_scab:::108
data\raw\apple\Apple___Apple_scab\ba94f188-df0b-41fd-94e3-f0ed4924e23e___FREC_Scab 3102.JPG,Apple___Apple_scab,Apple Scab,.jpg,RGB,256,256,c1f82c969765f0eb6684c9cb338bcb9a,Apple___Apple_scab:::37
data\raw\apple\Apple___Apple_scab\baa200af-fc0e-4f13-abec-389605a604a7___FREC_Scab 3220.JPG,Apple___Apple_scab,Apple Scab,.jpg,RGB,256,256,da6deeb159b831669c755850314cac7e,Apple___Apple_scab:::59
data\raw\apple\Apple___Apple_scab\baa34f65-7a7a-4308-ad86-4fe8f0da288d___FREC_Scab 3115.JPG,Apple___Apple_scab,Apple Scab,.jpg,RGB,256,256,1e5e5efa7f52370041517a3583d00eae,Apple___Apple_scab:::40
data\raw\apple\Apple___Apple_scab\bb495423-1617-447c-95cd-52ebabee1a59___FREC_Scab 3199.JPG,Apple___Apple_scab,Apple Scab,.jpg,RGB,256,256,31308818dfdeee685cc208ca078b9958,Apple___Apple_scab:::55
data\raw\apple\Apple___Apple_scab\bbab7c92-4287-4e69-82b0-5c37fea5897c___FREC_Scab 3017.JPG,Apple___Apple_scab,Apple Scab,.jpg,RGB,256,256,24cd387b2adffb87d7352712c3b66fec,Apple___Apple_scab:::21
data\raw\apple\Apple___Apple_scab\bbcecb36-bad4-4aa5-812b-00a402427943___FREC_Scab 3279.JPG,Apple___Apple_scab,Apple Scab,.jpg,RGB,256,256,13bc28f7b8c7ae0123fd4640b80470dd,Apple___Apple_scab:::70
data\raw\apple\Apple___Apple_scab\bc2ce052-84b8-4de9-bd9d-7528869b62dc___FREC_Scab 3309.JPG,Apple___Apple_scab,Apple Scab,.jpg,RGB,256,256,bc0d7d2f9c0d3e5098b5d8c516c6429e,Apple___Apple_scab:::75
data\raw\apple\Apple___Apple_scab\bc7769cc-805e-42ef-bbcf-0c134ff03276___FREC_Scab 2909.JPG,Apple___Apple_scab,Apple Scab,.jpg,RGB,256,256,3d04e22aefa867ef054d779cc2b11e8b,Apple___Apple_scab:::1
data\raw\apple\Apple___Apple_scab\bc93b0fd-568f-4969-9d2d-c94d5f340e7e___FREC_Scab 3357.JPG,Apple___Apple_scab,Apple Scab,.jpg,RGB,256,256,d8a628266c1a7785f3e9d299e64ae4fb,Apple___Apple_scab:::82
data\raw\apple\Apple___Apple_scab\bca5ef0a-0555-4f76-9f9c-c01bee56b816___FREC_Scab 3200.JPG,Apple___Apple_scab,Apple Scab,.jpg,RGB,256,256,98c7e771cfc9d93e032c3d5d4bcfa088,Apple___Apple_scab:::55
data\raw\apple\Apple___Apple_scab\bce3ba0b-a142-4b28-8cb3-eb6bb6a3b8a2___FREC_Scab 3142.JPG,Apple___Apple_scab,Apple Scab,.jpg,RGB,256,256,30728ff025f3e8bc9aa7efdd34c6b7cb,Apple___Apple_scab:::45
data\raw\apple\Apple___Apple_scab\bceb695a-e877-4b2b-bf05-241661d511d4___FREC_Scab 3240.JPG,Apple___Apple_scab,Apple Scab,.jpg,RGB,256,256,e1af604b7255efb09eae8e50a5b5dc3e,Apple___Apple_scab:::62
data\raw\apple\Apple___Apple_scab\bda4a657-9bc8-4a02-a450-d38c7056172a___FREC_Scab 3316.JPG,Apple___Apple_scab,Apple Scab,.jpg,RGB,256,256,ab58b3345f92c2c2a2fbdf70a12265dd,Apple___Apple_scab:::76
data\raw\apple\Apple___Apple_scab\bdaae6b2-8ff5-4a4c-9286-a2393063cdaf___FREC_Scab 3491.JPG,Apple___Apple_scab,Apple Scab,.jpg,RGB,256,256,af079dd460b5cb61165840d1a6042900,Apple___Apple_scab:::103
data\raw\apple\Apple___Apple_scab\be076652-b1bd-430c-a752-db525c1dfcfd___FREC_Scab 3367.JPG,Apple___Apple_scab,Apple Scab,.jpg,RGB,256,256,65ed524c447ef5c184d18b0c6bb59d17,Apple___Apple_scab:::83
data\raw\apple\Apple___Apple_scab\be0ae8eb-76ea-4aba-bc29-175812af0f8d___FREC_Scab 3421.JPG,Apple___Apple_scab,Apple Scab,.jpg,RGB,256,256,7496dd578d74324b4faa5924b48b26ff,Apple___Apple_scab:::92
data\raw\apple\Apple___Apple_scab\be10c6a0-b99b-4c91-b78f-141a12beb70c___FREC_Scab 3106.JPG,Apple___Apple_scab,Apple Scab,.jpg,RGB,256,256,7a6e110e778e18083984d64ea9d68e1c,Apple___Apple_scab:::38
data\raw\apple\Apple___Apple_scab\be23de1a-2db8-4d7f-8b5f-cee56829d49c___FREC_Scab 2991.JPG,Apple___Apple_scab,Apple Scab,.jpg,RGB,256,256,a363e6ca49bf45bbaec697e6eab9a24d,Apple___Apple_scab:::17
data\raw\apple\Apple___Apple_scab\be517ff5-5e63-4f6a-9f55-1522c9ec972b___FREC_Scab 3123.JPG,Apple___Apple_scab,Apple Scab,.jpg,RGB,256,256,df952c79467147cd7742108d9ca540d1,Apple___Apple_scab:::41
data\raw\apple\Apple___Apple_scab\bef6e86f-946a-4c2e-be1d-6b2913be449d___FREC_Scab 3187.JPG,Apple___Apple_scab,Apple Scab,.jpg,RGB,256,256,7210ee31de183f7240e526a903314286,Apple___Apple_scab:::53
data\raw\apple\Apple___Apple_scab\bf99a731-b08d-47af-8d65-196bbb0ca2e3___FREC_Scab 3344.JPG,Apple___Apple_scab,Apple Scab,.jpg,RGB,256,256,1d72ccd5612461b9c4e97d50b3d40f04,Apple___Apple_scab:::80
data\raw\apple\Apple___Apple_scab\bf9a1cb3-baa2-42f6-881b-c77864b3019c___FREC_Scab 3189.JPG,Apple___Apple_scab,Apple Scab,.jpg,RGB,256,256,1300a75dca8c4dd45dd32c38dc8d07e3,Apple___Apple_scab:::54
data\raw\apple\Apple___Apple_scab\c0b4c09e-80d2-4f4e-a87f-eecd09f656fd___FREC_Scab 3452.JPG,Apple___Apple_scab,Apple Scab,.jpg,RGB,256,256,2f95ea236d4585bea4c7b31a141aecee,Apple___Apple_scab:::97
data\raw\apple\Apple___Apple_scab\c0bfed2f-ace7-44dd-9410-440b5eea4d89___FREC_Scab 3266.JPG,Apple___Apple_scab,Apple Scab,.jpg,RGB,256,256,63e26b2e04b185bc54280391f05357ea,Apple___Apple_scab:::68
data\raw\apple\Apple___Apple_scab\c0f4f71a-8f53-4a0a-816f-d400a445680a___FREC_Scab 3459.JPG,Apple___Apple_scab,Apple Scab,.jpg,RGB,256,256,16e2c522b64a3669a3eb07dac561b02d,Apple___Apple_scab:::98
data\raw\apple\Apple___Apple_scab\c190660f-6116-465c-8ca6-fc56f9844a30___FREC_Scab 3432.JPG,Apple___Apple_scab,Apple Scab,.jpg,RGB,256,256,0e7b378cf697de139e267084a92404d5,Apple___Apple_scab:::94
data\raw\apple\Apple___Apple_scab\c270319e-61d4-4376-a3e8-b159ff712dd4___FREC_Scab 3401.JPG,Apple___Apple_scab,Apple Scab,.jpg,RGB,256,256,58df004200c5ac423f0cd538d7a553b6,Apple___Apple_scab:::89
data\raw\apple\Apple___Apple_scab\c27b45af-c362-4d37-ab5b-ee197a3670de___FREC_Scab 3521.JPG,Apple___Apple_scab,Apple Scab,.jpg,RGB,256,256,21b14f1c22fa5e4ee0b9c5871212a31a,Apple___Apple_scab:::107
data\raw\apple\Apple___Apple_scab\c2997bb6-d9ae-4ffc-bc3f-c85510480e13___FREC_Scab 3428.JPG,Apple___Apple_scab,Apple Scab,.jpg,RGB,256,256,10e573be3f1c19bca9045742ead89093,Apple___Apple_scab:::93
data\raw\apple\Apple___Apple_scab\c3cb1c6c-30f6-4fda-9887-eaeb7e071ca9___FREC_Scab 2913.JPG,Apple___Apple_scab,Apple Scab,.jpg,RGB,256,256,58671e9095caeca9aa6b73621dc873ac,Apple___Apple_scab:::2
data\raw\apple\Apple___Apple_scab\c3d356bb-504c-48f7-b7aa-4feb5c009d6d___FREC_Scab 3383.JPG,Apple___Apple_scab,Apple Scab,.jpg,RGB,256,256,7f344c1c5a7b476a9b819ce91fdf8078,Apple___Apple_scab:::86
data\raw\apple\Apple___Apple_scab\c4175126-9e07-4465-9574-0229bb5b1f41___FREC_Scab 3304.JPG,Apple___Apple_scab,Apple Scab,.jpg,RGB,256,256,fd91be18ce09c08f30bdf64fd30ef71a,Apple___Apple_scab:::74
data\raw\apple\Apple___Apple_scab\c4a3c215-aa1e-4d1c-b545-1ab2b15812fe___FREC_Scab 2938.JPG,Apple___Apple_scab,Apple Scab,.jpg,RGB,256,256,bdcce2cfeef41e601aa0eacc973d0514,Apple___Apple_scab:::7
data\raw\apple\Apple___Apple_scab\c4e2b47d-d3c9-418e-9e60-78cead67c5d7___FREC_Scab 2928.JPG,Apple___Apple_scab,Apple Scab,.jpg,RGB,256,256,b86ee0b4f7ba37184d81d18cd28e4676,Apple___Apple_scab:::5
data\raw\apple\Apple___Apple_scab\c51ed52b-7c1a-47fa-83c2-097502ee09b9___FREC_Scab 3146.JPG,Apple___Apple_scab,Apple Scab,.jpg,RGB,256,256,0c7c0adeaa67c3c2e4dec7f2c8303a8d,Apple___Apple_scab:::46
data\raw\apple\Apple___Apple_scab\c54db2df-2fe4-44e0-8a54-aee97e74acf5___FREC_Scab 3318.JPG,Apple___Apple_scab,Apple Scab,.jpg,RGB,256,256,e534ce836cd6d00f991f97222912b8e7,Apple___Apple_scab:::76
data\raw\apple\Apple___Apple_scab\c563cf1c-da17-4c03-b3e8-b306334e0270___FREC_Scab 2933.JPG,Apple___Apple_scab,Apple Scab,.jpg,RGB,256,256,865197a8713b00b32bc7029c9e96f0c0,Apple___Apple_scab:::6
data\raw\apple\Apple___Apple_scab\c665dad4-adfc-40a3-b1cc-a29aed48d93c___FREC_Scab 3246.JPG,Apple___Apple_scab,Apple Scab,.jpg,RGB,256,256,99c7186c8fb0555a64cb18f183204c3a,Apple___Apple_scab:::63
data\raw\apple\Apple___Apple_scab\c6e7fae4-cacb-4058-a933-d38ea04ee42e___FREC_Scab 3348.JPG,Apple___Apple_scab,Apple Scab,.jpg,RGB,256,256,a1942ca4b5e0ef8f6581a4eac8b6290c,Apple___Apple_scab:::81
data\raw\apple\Apple___Apple_scab\c71e8ee2-8865-4e45-be5a-3303c17337bd___FREC_Scab 3403.JPG,Apple___Apple_scab,Apple Scab,.jpg,RGB,256,256,ebd3b95418ad83f145e9f74ecfeeb8b7,Apple___Apple_scab:::89
data\raw\apple\Apple___Apple_scab\c745cec0-6c89-4bee-b0c2-a71a925b7f1b___FREC_Scab 3227.JPG,Apple___Apple_scab,Apple Scab,.jpg,RGB,256,256,3c9ddee651b723209cdf37d66097feef,Apple___Apple_scab:::60
data\raw\apple\Apple___Apple_scab\c777c2ac-ea64-4aad-a97a-90b35e2db603___FREC_Scab 3156.JPG,Apple___Apple_scab,Apple Scab,.jpg,RGB,256,256,dffa8cf9688ba4461612af8c89fbfaeb,Apple___Apple_scab:::47
data\raw\apple\Apple___Apple_scab\c7a9601c-b927-413d-8bc8-2175e573b128___FREC_Scab 3031.JPG,Apple___Apple_scab,Apple Scab,.jpg,RGB,256,256,5abdd406cc2328c4ce9381c4911f26f5,Apple___Apple_scab:::24
data\raw\apple\Apple___Apple_scab\c7dc7cfa-559a-4950-ba71-90d11dfe0b56___FREC_Scab 3381.JPG,Apple___Apple_scab,Apple Scab,.jpg,RGB,256,256,643b6eb31e135ec1bdb7393c974877be,Apple___Apple_scab:::86
data\raw\apple\Apple___Apple_scab\c84037f0-a9ba-46fc-9e44-ca67914ae7d0___FREC_Scab 3171.JPG,Apple___Apple_scab,Apple Scab,.jpg,RGB,256,256,0b1f5a56caf9fc415785615854180cc3,Apple___Apple_scab:::51
data\raw\apple\Apple___Apple_scab\c9535536-7e19-474d-9ea2-734d4576e6b7___FREC_Scab 2977.JPG,Apple___Apple_scab,Apple Scab,.jpg,RGB,256,256,556371de4fb9c7728948183e0eb544bf,Apple___Apple_scab:::15
data\raw\apple\Apple___Apple_scab\ca37bd3e-47ec-415d-8012-81e4efcc6be5___FREC_Scab 2917.JPG,Apple___Apple_scab,Apple Scab,.jpg,RGB,256,256,cff35545b9a0102213fb1fc7074cd300,Apple___Apple_scab:::3
data\raw\apple\Apple___Apple_scab\cad140d1-bf93-4d65-bae8-c2e332f1346f___FREC_Scab 3426.JPG,Apple___Apple_scab,Apple Scab,.jpg,RGB,256,256,c7e81c19116f958a30b652f744d5dd63,Apple___Apple_scab:::93
data\raw\apple\Apple___Apple_scab\cb36375a-3a30-4d01-8764-358eb6300f16___FREC_Scab 3378.JPG,Apple___Apple_scab,Apple Scab,.jpg,RGB,256,256,0af4bd5fa4701ff0c8142beba15067ed,Apple___Apple_scab:::85
data\raw\apple\Apple___Apple_scab\cbbdd77b-93f5-4f45-b35d-2b05ab1c8eb4___FREC_Scab 3465.JPG,Apple___Apple_scab,Apple Scab,.jpg,RGB,256,256,0c45b11144a6725a7f9797361859919c,Apple___Apple_scab:::99
data\raw\apple\Apple___Apple_scab\cbc265da-87e2-449e-8585-b744f9371772___FREC_Scab 3431.JPG,Apple___Apple_scab,Apple Scab,.jpg,RGB,256,256,42395aa7d39e903db92e8c3ca5578472,Apple___Apple_scab:::94
data\raw\apple\Apple___Apple_scab\cbf63da6-f1a7-41e0-b581-6f5b6cff2bc2___FREC_Scab 3496.JPG,Apple___Apple_scab,Apple Scab,.jpg,RGB,256,256,0c0b784a8976e811a1f7a687928462d5,Apple___Apple_scab:::104
data\raw\apple\Apple___Apple_scab\cc62ab3a-f945-4aa3-add4-03887b49007a___FREC_Scab 2960.JPG,Apple___Apple_scab,Apple Scab,.jpg,RGB,256,256,cda61e4271b281e3fd0e546bb35062c7,Apple___Apple_scab:::12
data\raw\apple\Apple___Apple_scab\cc729eed-8d8e-4a23-9b27-db78e418543d___FREC_Scab 3092.JPG,Apple___Apple_scab,Apple Scab,.jpg,RGB,256,256,747d67aae39fd98583bc067ce86bd038,Apple___Apple_scab:::35
data\raw\apple\Apple___Apple_scab\cd5654a1-a27a-49f1-8d97-22101a905278___FREC_Scab 3179.JPG,Apple___Apple_scab,Apple Scab,.jpg,RGB,256,256,b586f30c4d639cf66d93a8c6b09e0ee5,Apple___Apple_scab:::52
data\raw\apple\Apple___Apple_scab\cd7234b0-3c97-4763-9d16-5a97c87140f7___FREC_Scab 3207.JPG,Apple___Apple_scab,Apple Scab,.jpg,RGB,256,256,2fdbee4c51bd60c2891e71755db007b4,Apple___Apple_scab:::57
data\raw\apple\Apple___Apple_scab\cd7bc55c-1c47-4af7-9875-f29147d54115___FREC_Scab 3471.JPG,Apple___Apple_scab,Apple Scab,.jpg,RGB,256,256,e7d74eefa5d6cde294d29b68e15bd537,Apple___Apple_scab:::100
data\raw\apple\Apple___Apple_scab\ce7338f4-ed12-4014-8d2f-4b674b672357___FREC_Scab 3532.JPG,Apple___Apple_scab,Apple Scab,.jpg,RGB,256,256,c10479370000345ddf2ca73775c46f99,Apple___Apple_scab:::108
data\raw\apple\Apple___Apple_scab\ced72cdb-0358-420c-abdd-1c94ba303435___FREC_Scab 3217.JPG,Apple___Apple_scab,Apple Scab,.jpg,RGB,256,256,a73ab1e80872629960a52fdca1ac4e44,Apple___Apple_scab:::58
data\raw\apple\Apple___Apple_scab\cf1d9afc-3473-4c97-ae0b-6f2352d9d595___FREC_Scab 3457.JPG,Apple___Apple_scab,Apple Scab,.jpg,RGB,256,256,fdf2f3c09c5a3f009d07b39d3248b78f,Apple___Apple_scab:::98
data\raw\apple\Apple___Apple_scab\cff69c82-7901-400a-b45c-6343624edfc3___FREC_Scab 3192.JPG,Apple___Apple_scab,Apple Scab,.jpg,RGB,256,256,282bc0802b6b7b6daffecaf900818f53,Apple___Apple_scab:::54
data\raw\apple\Apple___Apple_scab\d01086a5-c14e-424a-8825-47343752c0a0___FREC_Scab 3170.JPG,Apple___Apple_scab,Apple Scab,.jpg,RGB,256,256,20f6190bf3f3ec32ec368ca82cd0a4fd,Apple___Apple_scab:::50
data\raw\apple\Apple___Apple_scab\d08d117d-d394-4e24-83c2-cd7fd96894ce___FREC_Scab 3093.JPG,Apple___Apple_scab,Apple Scab,.jpg,RGB,256,256,50072dec40df5d3ce6dfeb76ef31bead,Apple___Apple_scab:::35
data\raw\apple\Apple___Apple_scab\d1745979-75a6-4b00-a544-cf5ba043e7e0___FREC_Scab 3330.JPG,Apple___Apple_scab,Apple Scab,.jpg,RGB,256,256,853a705affa616a095be35400ff51578,Apple___Apple_scab:::78
data\raw\apple\Apple___Apple_scab\d1773f0b-f049-4bb1-b13f-d33b96078ab3___FREC_Scab 3046.JPG,Apple___Apple_scab,Apple Scab,.jpg,RGB,256,256,c9e89a96b88af935399890d1a9076511,Apple___Apple_scab:::26
data\raw\apple\Apple___Apple_scab\d1938082-a2de-49ad-8ca2-4b1947a7e107___FREC_Scab 3212.JPG,Apple___Apple_scab,Apple Scab,.jpg,RGB,256,256,2d53454c6f9bbb381c25bb1f6c820e38,Apple___Apple_scab:::57
data\raw\apple\Apple___Apple_scab\d1a9a2ab-6d10-4c1a-87e1-349117b2700f___FREC_Scab 3389.JPG,Apple___Apple_scab,Apple Scab,.jpg,RGB,256,256,7c980ed8eaf097a7815be1afdff2a226,Apple___Apple_scab:::87
data\raw\apple\Apple___Apple_scab\d250df8f-72ee-40c2-a620-0e0e0fa36971___FREC_Scab 3070.JPG,Apple___Apple_scab,Apple Scab,.jpg,RGB,256,256,066380bb788b83f47b091415ead48353,Apple___Apple_scab:::31
data\raw\apple\Apple___Apple_scab\d42691a9-d8a5-43f9-b9e6-7a2cd5bc8371___FREC_Scab 3224.JPG,Apple___Apple_scab,Apple Scab,.jpg,RGB,256,256,0ee73fd9347b8aba171941c7998c5b20,Apple___Apple_scab:::59
data\raw\apple\Apple___Apple_scab\d480dbfb-ce18-40cf-a183-9bc52ec9195d___FREC_Scab 3303.JPG,Apple___Apple_scab,Apple Scab,.jpg,RGB,256,256,97da2bd70d7a8c3ee7892229bcb1a1bb,Apple___Apple_scab:::74
data\raw\apple\Apple___Apple_scab\d48c6280-ceec-4b35-bc04-bbbf56995203___FREC_Scab 3262.JPG,Apple___Apple_scab,Apple Scab,.jpg,RGB,256,256,0d85a4c9f12142d4e6a7ac801285dd22,Apple___Apple_scab:::67
data\raw\apple\Apple___Apple_scab\d608ac35-eaf8-43e2-b429-f9b433126023___FREC_Scab 3386.JPG,Apple___Apple_scab,Apple Scab,.jpg,RGB,256,256,0eb39736c78a9fc7d1c12d297c64b66e,Apple___Apple_scab:::87
data\raw\apple\Apple___Apple_scab\d652b023-0ade-4f34-a490-206a87489e5e___FREC_Scab 3066.JPG,Apple___Apple_scab,Apple Scab,.jpg,RGB,256,256,bebc0922ee6545e60eb8631385c5b069,Apple___Apple_scab:::30
data\raw\apple\Apple___Apple_scab\d66bf6da-1199-4f2b-9776-8cbc4529b268___FREC_Scab 3157.JPG,Apple___Apple_scab,Apple Scab,.jpg,RGB,256,256,6dbe862daab74b7a8d5d6ca9ffd989c2,Apple___Apple_scab:::47
data\raw\apple\Apple___Apple_scab\d72cdbbd-7982-4198-8bf7-a053ed69bba1___FREC_Scab 3529.JPG,Apple___Apple_scab,Apple Scab,.jpg,RGB,256,256,b853d7340ab54b1df2d44e0a204f08ed,Apple___Apple_scab:::108
data\raw\apple\Apple___Apple_scab\d730c2c9-ac5f-4c4e-b568-2f3e8b43b1a9___FREC_Scab 3074.JPG,Apple___Apple_scab,Apple Scab,.jpg,RGB,256,256,28c4def77fdbb10818e46029aa80368d,Apple___Apple_scab:::32
data\raw\apple\Apple___Apple_scab\d736e5ee-f15e-453e-a14a-390d226e24a7___FREC_Scab 3322.JPG,Apple___Apple_scab,Apple Scab,.jpg,RGB,256,256,16fc8acb11e80a26b285f69c43fbc267,Apple___Apple_scab:::77
data\raw\apple\Apple___Apple_scab\d7ac8a6f-7c88-47ac-9387-eefb672e9776___FREC_Scab 3392.JPG,Apple___Apple_scab,Apple Scab,.jpg,RGB,256,256,c6fbb5c1c66940dc080a0ba339455807,Apple___Apple_scab:::88
data\raw\apple\Apple___Apple_scab\d7bdef33-fa84-4240-a931-8a568d62cee7___FREC_Scab 2946.JPG,Apple___Apple_scab,Apple Scab,.jpg,RGB,256,256,cd250304efd1d792b610ea1e43d3b139,Apple___Apple_scab:::9
data\raw\apple\Apple___Apple_scab\d842b34b-d2ab-48fc-9e78-ef586308c359___FREC_Scab 2982.JPG,Apple___Apple_scab,Apple Scab,.jpg,RGB,256,256,5240fcc25582e22adbe24a1a38b72e9a,Apple___Apple_scab:::16
data\raw\apple\Apple___Apple_scab\d8aeb323-17d2-4123-9988-3c2346558bc6___FREC_Scab 2996.JPG,Apple___Apple_scab,Apple Scab,.jpg,RGB,256,256,fc02255f141ab0481d21953641eb53ae,Apple___Apple_scab:::18
data\raw\apple\Apple___Apple_scab\d8b8a834-08df-43d9-8a1a-4bc8e508a1e3___FREC_Scab 3280.JPG,Apple___Apple_scab,Apple Scab,.jpg,RGB,256,256,e5023a0248247859e674b1d6fcb8cf3f,Apple___Apple_scab:::70
data\raw\apple\Apple___Apple_scab\d94dd9a8-f2ad-45c4-bf45-3a361f5e2efa___FREC_Scab 3442.JPG,Apple___Apple_scab,Apple Scab,.jpg,RGB,256,256,f9d29e66fb58f54437f61033e718a700,Apple___Apple_scab:::96
data\raw\apple\Apple___Apple_scab\d9a98a38-faa1-47dc-9710-28a86f024a29___FREC_Scab 3490.JPG,Apple___Apple_scab,Apple Scab,.jpg,RGB,256,256,d852b317bb52586393912bebdd9bc4b2,Apple___Apple_scab:::103
data\raw\apple\Apple___Apple_scab\da09f1db-51a0-4142-855a-7783a3f92114___FREC_Scab 2978.JPG,Apple___Apple_scab,Apple Scab,.jpg,RGB,256,256,dc99f8da6ee2e10faf64b08cf550a40f,Apple___Apple_scab:::15
data\raw\apple\Apple___Apple_scab\daf6db9e-a600-449c-8b66-482ab50ea431___FREC_Scab 3237.JPG,Apple___Apple_scab,Apple Scab,.jpg,RGB,256,256,da03812c139e582889a2465ba03cdb73,Apple___Apple_scab:::62
data\raw\apple\Apple___Apple_scab\db71d62d-b06f-4aa2-a512-d3e5956fcffe___FREC_Scab 3444.JPG,Apple___Apple_scab,Apple Scab,.jpg,RGB,256,256,820a87f8bf4f39966e8d29422b5f9a92,Apple___Apple_scab:::96
data\raw\apple\Apple___Apple_scab\dbf66e2f-cf58-418c-9dcd-14254af3ddb1___FREC_Scab 2934.JPG,Apple___Apple_scab,Apple Scab,.jpg,RGB,256,256,273a4010b6138e6d78154e4e1845d098,Apple___Apple_scab:::6
data\raw\apple\Apple___Apple_scab\dbf6dab4-0765-454c-8cb9-6b4329bca971___FREC_Scab 3225.JPG,Apple___Apple_scab,Apple Scab,.jpg,RGB,256,256,5b3cf0b0fa69b23dd8d57367d55e3173,Apple___Apple_scab:::60
data\raw\apple\Apple___Apple_scab\dc12e2fd-e41b-43b5-9874-09661913316e___FREC_Scab 3073.JPG,Apple___Apple_scab,Apple Scab,.jpg,RGB,256,256,f57834f05e28f5a48bf7c28a306e575e,Apple___Apple_scab:::32
data\raw\apple\Apple___Apple_scab\dce5b716-54ad-420c-911c-476b838c4be9___FREC_Scab 3045.JPG,Apple___Apple_scab,Apple Scab,.jpg,RGB,256,256,f60952c979f62de1b185b15aa5229949,Apple___Apple_scab:::26
data\raw\apple\Apple___Apple_scab\dd46079c-b12c-4687-9db9-5d45b7f0e510___FREC_Scab 3327.JPG,Apple___Apple_scab,Apple Scab,.jpg,RGB,256,256,6d36f90f4eaef9e1327ca8b1bd20f320,Apple___Apple_scab:::78
data\raw\apple\Apple___Apple_scab\de341ebf-f335-4120-be2e-2640de5bde93___FREC_Scab 3375.JPG,Apple___Apple_scab,Apple Scab,.jpg,RGB,256,256,06539e06d84df4a0e0d99813deda0b0c,Apple___Apple_scab:::85
data\raw\apple\Apple___Apple_scab\de6e3dd8-b2b8-4bce-aa4f-83cc514f2007___FREC_Scab 3511.JPG,Apple___Apple_scab,Apple Scab,.jpg,RGB,256,256,63483fe3bf8c33105d9f0d4d9b808a55,Apple___Apple_scab:::106
data\raw\apple\Apple___Apple_scab\de8933ae-509d-48ae-8cd7-9097ad1e6d2d___FREC_Scab 3307.JPG,Apple___Apple_scab,Apple Scab,.jpg,RGB,256,256,25d652728f86ead8b0d25cd8561c90c0,Apple___Apple_scab:::75
data\raw\apple\Apple___Apple_scab\debd9885-73c5-4ba8-9a95-f820846cec77___FREC_Scab 3433.JPG,Apple___Apple_scab,Apple Scab,.jpg,RGB,256,256,7b5f1b46b0fe78ef35129e7a1df37f7e,Apple___Apple_scab:::94
data\raw\apple\Apple___Apple_scab\deda82bc-976d-4dd8-8599-283d622249bb___FREC_Scab 3085.JPG,Apple___Apple_scab,Apple Scab,.jpg,RGB,256,256,21b2739928ad389048691d7dabe85d84,Apple___Apple_scab:::34
data\raw\apple\Apple___Apple_scab\dfa24368-8ba9-4c02-9c3e-9e9a62a8d479___FREC_Scab 3215.JPG,Apple___Apple_scab,Apple Scab,.jpg,RGB,256,256,32864cca077c604b4752d2be6aa48538,Apple___Apple_scab:::58
data\raw\apple\Apple___Apple_scab\e0291fa3-bb60-4c05-85da-28a10a1562e9___FREC_Scab 3214.JPG,Apple___Apple_scab,Apple Scab,.jpg,RGB,256,256,e355a2da8f9441ec5b91c25a756a8fb7,Apple___Apple_scab:::58
data\raw\apple\Apple___Apple_scab\e0bf6219-02d8-4255-88e2-a99afb1ad355___FREC_Scab 3515.JPG,Apple___Apple_scab,Apple Scab,.jpg,RGB,256,256,ee25713a5cf50eddc7ed54f15a398878,Apple___Apple_scab:::107
data\raw\apple\Apple___Apple_scab\e12cb6bc-9831-4a22-ba1f-95d3e7c1c62a___FREC_Scab 3040.JPG,Apple___Apple_scab,Apple Scab,.jpg,RGB,256,256,a2fd81658a20d7299df8142f767b3958,Apple___Apple_scab:::25
data\raw\apple\Apple___Apple_scab\e17c9433-0a90-4dd8-a2d8-08bb65c3d3d2___FREC_Scab 3306.JPG,Apple___Apple_scab,Apple Scab,.jpg,RGB,256,256,31f45fefcce4d910008cb35600fe8e7f,Apple___Apple_scab:::75
data\raw\apple\Apple___Apple_scab\e181fe6a-6865-4ae7-8b3e-0ce6f70ac63b___FREC_Scab 3223.JPG,Apple___Apple_scab,Apple Scab,.jpg,RGB,256,256,3602a9dc397e3ca2a6d6bcc5ac3d0ebf,Apple___Apple_scab:::59
data\raw\apple\Apple___Apple_scab\e2746374-a734-4d96-9dc8-503fbd35effa___FREC_Scab 2979.JPG,Apple___Apple_scab,Apple Scab,.jpg,RGB,256,256,b31e041344e5d81b3ec745d52cba2020,Apple___Apple_scab:::15
data\raw\apple\Apple___Apple_scab\e3509da1-332c-4e43-977a-c57978ff6a38___FREC_Scab 3219.JPG,Apple___Apple_scab,Apple Scab,.jpg,RGB,256,256,6373db43c2629e61f398542f2bc4ce11,Apple___Apple_scab:::59
data\raw\apple\Apple___Apple_scab\e3891103-ded4-418f-bae1-91c282a30dcb___FREC_Scab 3159.JPG,Apple___Apple_scab,Apple Scab,.jpg,RGB,256,256,e6d5e5fdee08a3d9c91c269fc810e6b7,Apple___Apple_scab:::47
data\raw\apple\Apple___Apple_scab\e5d9029b-ba16-44c2-be95-66199f1a8a96___FREC_Scab 3317.JPG,Apple___Apple_scab,Apple Scab,.jpg,RGB,256,256,ecdab8e66462ad824e78e7f05771eabe,Apple___Apple_scab:::76
data\raw\apple\Apple___Apple_scab\e6fcead3-7234-4e51-80fc-056372588d85___FREC_Scab 2940.JPG,Apple___Apple_scab,Apple Scab,.jpg,RGB,256,256,d721fe294f0f8b290f1d346c219c343e,Apple___Apple_scab:::8
data\raw\apple\Apple___Apple_scab\e7115dcb-8124-42c9-bf6b-40740173d2ba___FREC_Scab 3353.JPG,Apple___Apple_scab,Apple Scab,.jpg,RGB,256,256,15bdfa65b3c83d1ad8024ea6e2928245,Apple___Apple_scab:::81
data\raw\apple\Apple___Apple_scab\e893d964-8a40-46f5-b8ae-0a0f0cd79296___FREC_Scab 3333.JPG,Apple___Apple_scab,Apple Scab,.jpg,RGB,256,256,149351a904d3c03c6331da69af148c06,Apple___Apple_scab:::78
data\raw\apple\Apple___Apple_scab\e8f5c962-6f40-443e-9913-5a43b5f2ef07___FREC_Scab 3191.JPG,Apple___Apple_scab,Apple Scab,.jpg,RGB,256,256,29cd94f606d8f84fa6c5ad2c576b03f9,Apple___Apple_scab:::54
data\raw\apple\Apple___Apple_scab\e8fc927f-fac2-4386-be3c-0a8ad0ddd83d___FREC_Scab 3292.JPG,Apple___Apple_scab,Apple Scab,.jpg,RGB,256,256,211770a085b4e86542c0a2292b4120a3,Apple___Apple_scab:::72
data\raw\apple\Apple___Apple_scab\e9155e73-7f58-441b-a36b-d513bd051742___FREC_Scab 3509.JPG,Apple___Apple_scab,Apple Scab,.jpg,RGB,256,256,bac88a8d124b3c8b6e350d93c10a354b,Apple___Apple_scab:::106
data\raw\apple\Apple___Apple_scab\ea693d65-bcc9-4e76-9d64-cba561b520cc___FREC_Scab 3345.JPG,Apple___Apple_scab,Apple Scab,.jpg,RGB,256,256,060e7a31921a90bb0dc8d5235b263c50,Apple___Apple_scab:::80
data\raw\apple\Apple___Apple_scab\eb3fa649-d717-4769-9f69-57f88c166455___FREC_Scab 3387.JPG,Apple___Apple_scab,Apple Scab,.jpg,RGB,256,256,a2bc5c41b606aeb4281c2cb931ddb252,Apple___Apple_scab:::87
data\raw\apple\Apple___Apple_scab\eca2a279-0f7f-40a7-b2c4-a9bc500f4f5b___FREC_Scab 3015.JPG,Apple___Apple_scab,Apple Scab,.jpg,RGB,256,256,a8d0b899242ebab16d530fd13084cd78,Apple___Apple_scab:::21
data\raw\apple\Apple___Apple_scab\ecbac6b5-e07f-4a0d-a670-1d3b97f01104___FREC_Scab 3168.JPG,Apple___Apple_scab,Apple Scab,.jpg,RGB,256,256,ab15295b544db18d317ec0262ddbf302,Apple___Apple_scab:::50
data\raw\apple\Apple___Apple_scab\ed1d17cd-a5c2-4b10-996f-53f316df30b7___FREC_Scab 3456.JPG,Apple___Apple_scab,Apple Scab,.jpg,RGB,256,256,ed952b7e342dc1a2e791398ea1721e0e,Apple___Apple_scab:::98
data\raw\apple\Apple___Apple_scab\ed33dbe0-edc4-4ad8-85c2-0495f384e3fe___FREC_Scab 3467.JPG,Apple___Apple_scab,Apple Scab,.jpg,RGB,256,256,f74bf7a4cfb39d981eafe0c554ec72c4,Apple___Apple_scab:::100
data\raw\apple\Apple___Apple_scab\ed3fa713-5de5-4298-96c1-9cf5bb830078___FREC_Scab 3105.JPG,Apple___Apple_scab,Apple Scab,.jpg,RGB,256,256,ccb33f56e76871e0904874d6f65a6e2d,Apple___Apple_scab:::38
data\raw\apple\Apple___Apple_scab\eda0a3b5-fe6e-4646-acc6-7db5179e3e96___FREC_Scab 3380.JPG,Apple___Apple_scab,Apple Scab,.jpg,RGB,256,256,6184a97b26e3239443eacf3d9102d6a8,Apple___Apple_scab:::85
data\raw\apple\Apple___Apple_scab\edb3d65b-533a-490a-a3fd-46e686d3e690___FREC_Scab 3453.JPG,Apple___Apple_scab,Apple Scab,.jpg,RGB,256,256,c854620772a5fe65f5d997c900e2e296,Apple___Apple_scab:::97
data\raw\apple\Apple___Apple_scab\eeae3585-0e6e-456c-bbdf-b099b6b4e11c___FREC_Scab 3297.JPG,Apple___Apple_scab,Apple Scab,.jpg,RGB,256,256,49e76c1ab45d2a2e54a495b21108931a,Apple___Apple_scab:::73
data\raw\apple\Apple___Apple_scab\ef0593e6-f8bc-4501-9c2a-8ee8a6ff33fc___FREC_Scab 3495.JPG,Apple___Apple_scab,Apple Scab,.jpg,RGB,256,256,d56f64bb065c2d69c901aae06de78e74,Apple___Apple_scab:::104
data\raw\apple\Apple___Apple_scab\ef359032-085f-44ba-a63d-493a1724eca4___FREC_Scab 3202.JPG,Apple___Apple_scab,Apple Scab,.jpg,RGB,256,256,74fc70da887f18db37fea9a073838c07,Apple___Apple_scab:::56
data\raw\apple\Apple___Apple_scab\ef40de8f-19ee-4a7f-b9de-f37ebcbac26c___FREC_Scab 3364.JPG,Apple___Apple_scab,Apple Scab,.jpg,RGB,256,256,9bba4f08f977830f8c57320b3e508f11,Apple___Apple_scab:::83
data\raw\apple\Apple___Apple_scab\ef91867f-33c5-4063-9783-44fd47238fe0___FREC_Scab 2935.JPG,Apple___Apple_scab,Apple Scab,.jpg,RGB,256,256,06344469fbbaf6ddeb56ccb1672c9e80,Apple___Apple_scab:::6
data\raw\apple\Apple___Apple_scab\f0963f8c-18f5-42db-853a-8d52d40d8c07___FREC_Scab 2956.JPG,Apple___Apple_scab,Apple Scab,.jpg,RGB,256,256,85c7c72694079f756b8fc430041f7e29,Apple___Apple_scab:::11
data\raw\apple\Apple___Apple_scab\f0b1c450-fdbd-402f-9309-e7d5d06bc0e7___FREC_Scab 3210.JPG,Apple___Apple_scab,Apple Scab,.jpg,RGB,256,256,51bfb3b74763a7bb55750cfc9da6b895,Apple___Apple_scab:::57
data\raw\apple\Apple___Apple_scab\f0bbc28f-b6d6-4db3-b924-984a1e988510___FREC_Scab 3204.JPG,Apple___Apple_scab,Apple Scab,.jpg,RGB,256,256,9a5edcbe38654a31f8ac97dbaea7f945,Apple___Apple_scab:::56
data\raw\apple\Apple___Apple_scab\f0d56524-1296-4a54-bafa-9b620baf9f1d___FREC_Scab 2942.JPG,Apple___Apple_scab,Apple Scab,.jpg,RGB,256,256,c566c04df905572dc4929d07fef09e2b,Apple___Apple_scab:::8
data\raw\apple\Apple___Apple_scab\f1017472-d391-4a66-b9b2-d52916cd0c0b___FREC_Scab 3176.JPG,Apple___Apple_scab,Apple Scab,.jpg,RGB,256,256,643e99e196f5fed0fab32f923c579c13,Apple___Apple_scab:::51
data\raw\apple\Apple___Apple_scab\f105cc0d-1cc5-4726-b46d-f5bd9c9aacc1___FREC_Scab 3321.JPG,Apple___Apple_scab,Apple Scab,.jpg,RGB,256,256,d939b1f931701290b9b666912ede957a,Apple___Apple_scab:::77
data\raw\apple\Apple___Apple_scab\f141c7f9-66b7-4052-b5c7-db3df1a894f2___FREC_Scab 3261.JPG,Apple___Apple_scab,Apple Scab,.jpg,RGB,256,256,22b4a9c0dfc5ff1e68fbdda3163c413a,Apple___Apple_scab:::67
data\raw\apple\Apple___Apple_scab\f18c0441-917e-4f34-b26e-a1a71d0adec2___FREC_Scab 3429.JPG,Apple___Apple_scab,Apple Scab,.jpg,RGB,256,256,c4881a91435f8365df8b3d49d37712f8,Apple___Apple_scab:::94
data\raw\apple\Apple___Apple_scab\f2391b26-b388-4ffc-b735-9b8d859d1ffa___FREC_Scab 3312.JPG,Apple___Apple_scab,Apple Scab,.jpg,RGB,256,256,2cdbd5ec7a53086be9737380077eccd7,Apple___Apple_scab:::75
data\raw\apple\Apple___Apple_scab\f27fd3ff-a3b7-486a-883c-f91488883555___FREC_Scab 3158.JPG,Apple___Apple_scab,Apple Scab,.jpg,RGB,256,256,00a18ff48eb816bf284169103a3b0667,Apple___Apple_scab:::47
data\raw\apple\Apple___Apple_scab\f2d6beb9-e8b1-49f6-b7b7-903b51565435___FREC_Scab 3393.JPG,Apple___Apple_scab,Apple Scab,.jpg,RGB,256,256,c6595c1b89d92581d001f3a76f60c0bf,Apple___Apple_scab:::88
data\raw\apple\Apple___Apple_scab\f2fb711e-3bcb-4729-9352-205c8dd0576f___FREC_Scab 3118.JPG,Apple___Apple_scab,Apple Scab,.jpg,RGB,256,256,0a98e2d813bd92945f37ee7adadfb099,Apple___Apple_scab:::40
data\raw\apple\Apple___Apple_scab\f3303560-12ce-4e37-b62c-bfb5aad8aa0d___FREC_Scab 3332.JPG,Apple___Apple_scab,Apple Scab,.jpg,RGB,256,256,035f57904bacd525656cebeedaa317dd,Apple___Apple_scab:::78
data\raw\apple\Apple___Apple_scab\f33a08e5-03bb-4b97-991c-a1332866043d___FREC_Scab 2923.JPG,Apple___Apple_scab,Apple Scab,.jpg,RGB,256,256,5b8a9f42dc0691c99325190231d5c453,Apple___Apple_scab:::4
data\raw\apple\Apple___Apple_scab\f34d9619-f182-4b2f-b1a3-1658cc298f9b___FREC_Scab 3440.JPG,Apple___Apple_scab,Apple Scab,.jpg,RGB,256,256,c8657de348ddccd5d6fe147e412004c8,Apple___Apple_scab:::96
data\raw\apple\Apple___Apple_scab\f3b61d33-8875-46a0-be57-ad3bda4cb5c6___FREC_Scab 3243.JPG,Apple___Apple_scab,Apple Scab,.jpg,RGB,256,256,5e6f27605207171e8497f28dc3392e2c,Apple___Apple_scab:::63
data\raw\apple\Apple___Apple_scab\f50d9c8b-ffd4-47aa-aac1-46762c0b1a26___FREC_Scab 3483.JPG,Apple___Apple_scab,Apple Scab,.jpg,RGB,256,256,358926eace9d9d94287e781f98314bcb,Apple___Apple_scab:::102
data\raw\apple\Apple___Apple_scab\f6144504-015b-426e-a967-0712cf7621e4___FREC_Scab 3420.JPG,Apple___Apple_scab,Apple Scab,.jpg,RGB,256,256,d7482228f7b445591dbcfd76a299990c,Apple___Apple_scab:::92
data\raw\apple\Apple___Apple_scab\f684504f-ca6d-4f06-bb0e-2b296e3829b8___FREC_Scab 3314.JPG,Apple___Apple_scab,Apple Scab,.jpg,RGB,256,256,c5efdc838764b9e8a73d2531e30cfebd,Apple___Apple_scab:::76
data\raw\apple\Apple___Apple_scab\f6946261-1a18-4306-ba87-ca25344d9bd2___FREC_Scab 3525.JPG,Apple___Apple_scab,Apple Scab,.jpg,RGB,256,256,f576de6cee366d7c967cbea172279e9b,Apple___Apple_scab:::108
data\raw\apple\Apple___Apple_scab\f777466d-15ee-4269-b90c-0d64bd099c0f___FREC_Scab 3409.JPG,Apple___Apple_scab,Apple Scab,.jpg,RGB,256,256,c5eb5bf83bd5e0bfbb07a3849477ef5f,Apple___Apple_scab:::90
data\raw\apple\Apple___Apple_scab\f79134e9-f8b2-4855-96bd-6b3ce814b32a___FREC_Scab 3116.JPG,Apple___Apple_scab,Apple Scab,.jpg,RGB,256,256,fc3114cb4e3efdaf05b25ada547b628b,Apple___Apple_scab:::40
data\raw\apple\Apple___Apple_scab\f79c50ef-d89d-4371-b581-810b37eb2ac9___FREC_Scab 3255.JPG,Apple___Apple_scab,Apple Scab,.jpg,RGB,256,256,b0e1f85341c442f2ab596877265c7588,Apple___Apple_scab:::66
data\raw\apple\Apple___Apple_scab\f7c4bd45-5098-4b2c-bbfb-2e47c8f2d711___FREC_Scab 3361.JPG,Apple___Apple_scab,Apple Scab,.jpg,RGB,256,256,6824a1ad01c74283d160e5cbf72268b6,Apple___Apple_scab:::83
data\raw\apple\Apple___Apple_scab\f887b059-f797-442d-b2b6-a9cab0f76f43___FREC_Scab 3169.JPG,Apple___Apple_scab,Apple Scab,.jpg,RGB,256,256,a09f1c7930b87cfd3d0f71d12cd3b4aa,Apple___Apple_scab:::50
data\raw\apple\Apple___Apple_scab\f8e48799-c566-4b86-b7c8-a0e290fb7f25___FREC_Scab 3167.JPG,Apple___Apple_scab,Apple Scab,.jpg,RGB,256,256,2d37f56f6106eb8971e3cf39a655bf30,Apple___Apple_scab:::50
data\raw\apple\Apple___Apple_scab\f8ef99d9-9d01-4aeb-9248-e8c312c9a981___FREC_Scab 3129.JPG,Apple___Apple_scab,Apple Scab,.jpg,RGB,256,256,5f4d6cf1201aaac04a9877d3dd8742c5,Apple___Apple_scab:::42
data\raw\apple\Apple___Apple_scab\f957b91b-878a-4f53-b8b5-a8bf7fa2c773___FREC_Scab 2970.JPG,Apple___Apple_scab,Apple Scab,.jpg,RGB,256,256,99b65491f33d27ed7b75ef2d63c07495,Apple___Apple_scab:::13
data\raw\apple\Apple___Apple_scab\f96cb3b3-172a-44d8-9720-d6a3ed87ced9___FREC_Scab 3036.JPG,Apple___Apple_scab,Apple Scab,.jpg,RGB,256,256,9cdc458319454b426ba38db421a72099,Apple___Apple_scab:::25
data\raw\apple\Apple___Apple_scab\f9e4b1bc-36b0-40df-bb48-4e6ed48ec8b5___FREC_Scab 3514.JPG,Apple___Apple_scab,Apple Scab,.jpg,RGB,256,256,b864d3532d6b82b1fbe5a04a91fa1c7f,Apple___Apple_scab:::106
data\raw\apple\Apple___Apple_scab\fa9c1112-27fc-42db-930d-7e4956267ab5___FREC_Scab 3174.JPG,Apple___Apple_scab,Apple Scab,.jpg,RGB,256,256,fed68bbd6985df815c133950d01c27a5,Apple___Apple_scab:::51
data\raw\apple\Apple___Apple_scab\fb911d9c-0445-4d0f-886e-50458b82d6c2___FREC_Scab 2972.JPG,Apple___Apple_scab,Apple Scab,.jpg,RGB,256,256,1c00f2b54e05738a4c7b6cf279a1f19d,Apple___Apple_scab:::14
data\raw\apple\Apple___Apple_scab\fb942296-ba33-40e5-ada0-6700365cf71d___FREC_Scab 2919.JPG,Apple___Apple_scab,Apple Scab,.jpg,RGB,256,256,b9f5055b0f67c68f61b50bb032dac43b,Apple___Apple_scab:::3
data\raw\apple\Apple___Apple_scab\fbd09d7f-e816-408a-946e-e4009ec8cae1___FREC_Scab 3289.JPG,Apple___Apple_scab,Apple Scab,.jpg,RGB,256,256,e6aed6e1b7a8ee9b53dbb76cb07b4c2f,Apple___Apple_scab:::72
data\raw\apple\Apple___Apple_scab\fc9c12dc-1bdb-402d-ada8-dc1b33c84d5b___FREC_Scab 2932.JPG,Apple___Apple_scab,Apple Scab,.jpg,RGB,256,256,4309f99b95a093ba56334735992eba5a,Apple___Apple_scab:::6
data\raw\apple\Apple___Apple_scab\fcb1ce1e-f60c-4a65-bfa4-157009760dad___FREC_Scab 3052.JPG,Apple___Apple_scab,Apple Scab,.jpg,RGB,256,256,c9a1497dad3e2a18398ac2a7c4409c60,Apple___Apple_scab:::27
data\raw\apple\Apple___Apple_scab\fcd4d0fd-30c9-4b05-b0ea-ca74fd3cad72___FREC_Scab 3510.JPG,Apple___Apple_scab,Apple Scab,.jpg,RGB,256,256,db2c52bff842a60dc9cc9f89d31db2e8,Apple___Apple_scab:::106
data\raw\apple\Apple___Apple_scab\fcee4ece-01ce-45aa-a0f1-f20aa2ec8efb___FREC_Scab 3325.JPG,Apple___Apple_scab,Apple Scab,.jpg,RGB,256,256,db610cbb265b8f2c949690672260b5c6,Apple___Apple_scab:::77
data\raw\apple\Apple___Apple_scab\fd3ae59f-e06e-403b-b317-83ee68aa9ea7___FREC_Scab 3492.JPG,Apple___Apple_scab,Apple Scab,.jpg,RGB,256,256,db653d2af5e551222f88efb8b540683c,Apple___Apple_scab:::103
data\raw\apple\Apple___Apple_scab\fd5a96b7-6623-41cc-b34c-3b940ea27286___FREC_Scab 3013.JPG,Apple___Apple_scab,Apple Scab,.jpg,RGB,256,256,2620eaf2a7b36ecfefe319ed4f33fc9d,Apple___Apple_scab:::20
data\raw\apple\Apple___Apple_scab\fdc58f83-8a94-4f0c-aefe-c6f2b5028682___FREC_Scab 3014.JPG,Apple___Apple_scab,Apple Scab,.jpg,RGB,256,256,0ab2866817069d6d8784095c09290d55,Apple___Apple_scab:::20
data\raw\apple\Apple___Apple_scab\fed05dda-1d4d-4de4-bbf2-517640b3c999___FREC_Scab 3446.JPG,Apple___Apple_scab,Apple Scab,.jpg,RGB,256,256,3f4aeee7116233996a110bf44c8f8d1f,Apple___Apple_scab:::97
data\raw\apple\Apple___Apple_scab\ff99efdc-a9f8-4360-9c64-f8274f456be5___FREC_Scab 3161.JPG,Apple___Apple_scab,Apple Scab,.jpg,RGB,256,256,cd94a2d84d1dcc0659000bf466faaad2,Apple___Apple_scab:::48
data\raw\apple\Apple___Black_rot\0090d05d-d797-4c99-abd4-3b9cb323a5fd___JR_FrgE.S 8727.JPG,Apple___Black_rot,Black Rot,.jpg,RGB,256,256,e6c7c9883df4f01243662aa29b8d63eb,Apple_Frogeye Spot:::56
data\raw\apple\Apple___Black_rot\00e909aa-e3ae-4558-9961-336bb0f35db3___JR_FrgE.S 8593.JPG,Apple___Black_rot,Black Rot,.jpg,RGB,256,256,e1e0d7d64483643e31136ad8497552bb,Apple_Frogeye Spot:::35
data\raw\apple\Apple___Black_rot\0139bc6d-391c-4fd1-bcae-cc74dabfddd7___JR_FrgE.S 2734.JPG,Apple___Black_rot,Black Rot,.jpg,RGB,256,256,efe820998b6cd27d4668dc748bb1f715,Apple_Frogeye Spot:::1
data\raw\apple\Apple___Black_rot\0199a733-6d3f-4e66-a903-2d1d34457871___JR_FrgE.S 3079.JPG,Apple___Black_rot,Black Rot,.jpg,RGB,256,256,ec24683a5254e11684be461246635631,Apple_Frogeye Spot:::30
data\raw\apple\Apple___Black_rot\01e94c43-0879-4e8c-9b61-c48cfed88dab___JR_FrgE.S 3024.JPG,Apple___Black_rot,Black Rot,.jpg,RGB,256,256,fcafafd3d2e048ef9b47c38b0459f233,Apple_Frogeye Spot:::25
data\raw\apple\Apple___Black_rot\02168189-aa75-4284-a7f0-8ca5901ea783___JR_FrgE.S 2948.JPG,Apple___Black_rot,Black Rot,.jpg,RGB,256,256,58cbd02acfa2942711fefba3c5aacc66,Apple_Frogeye Spot:::18
data\raw\apple\Apple___Black_rot\02186b4f-a9e1-4d19-ae3d-6cfb0f4b106a___JR_FrgE.S 2828.JPG,Apple___Black_rot,Black Rot,.jpg,RGB,256,256,bc53869c8cc94fa805c9f9b2a7a077fe,Apple_Frogeye Spot:::8
data\raw\apple\Apple___Black_rot\02859ed3-f56a-4315-82a5-c1cb72717225___JR_FrgE.S 8584.JPG,Apple___Black_rot,Black Rot,.jpg,RGB,256,256,8bbfcc78e8dd14817f9fd9be157a1a4a,Apple_Frogeye Spot:::34
data\raw\apple\Apple___Black_rot\028d1f49-303d-46b6-ae2b-50862fab78ca___JR_FrgE.S 2748.JPG,Apple___Black_rot,Black Rot,.jpg,RGB,256,256,30ffcce34b70e7b48400a8aaadc7526b,Apple_Frogeye Spot:::3
data\raw\apple\Apple___Black_rot\032cf235-07ff-478f-b347-d55c07835bc5___JR_FrgE.S 8778.JPG,Apple___Black_rot,Black Rot,.jpg,RGB,256,256,5e37c8e83b72937fe54966b12436ee57,Apple_Frogeye Spot:::64
data\raw\apple\Apple___Black_rot\033b1492-d5cf-4de7-a195-941f7780e092___JR_FrgE.S 8710.JPG,Apple___Black_rot,Black Rot,.jpg,RGB,256,256,a26cfcaef04b54827da86ba871647c6e,Apple_Frogeye Spot:::53
data\raw\apple\Apple___Black_rot\03fd7154-2e33-4fb6-999d-bfc3a3f467fe___JR_FrgE.S 8681.JPG,Apple___Black_rot,Black Rot,.jpg,RGB,256,256,b7d55344174e5f9571497365f46259f0,Apple_Frogeye Spot:::48
data\raw\apple\Apple___Black_rot\04de1246-ecfa-4d2c-bc2d-16b81b0bd364___JR_FrgE.S 2970.JPG,Apple___Black_rot,Black Rot,.jpg,RGB,256,256,ab567e75e14831504edb379482c911bf,Apple_Frogeye Spot:::20
data\raw\apple\Apple___Black_rot\04e74a0c-bda4-4e06-aeab-ec24b1007994___JR_FrgE.S 8782.JPG,Apple___Black_rot,Black Rot,.jpg,RGB,256,256,c8d52ff89f76255dd4e01977b695e445,Apple_Frogeye Spot:::65
data\raw\apple\Apple___Black_rot\05421496-3901-424d-b44a-1be1f2734cf1___JR_FrgE.S 3005.JPG,Apple___Black_rot,Black Rot,.jpg,RGB,256,256,e71fd779ab3b54e239ad3563eff7ddf0,Apple_Frogeye Spot:::23
data\raw\apple\Apple___Black_rot\057c985f-2a00-40fe-b48f-590aabd3babe___JR_FrgE.S 3015.JPG,Apple___Black_rot,Black Rot,.jpg,RGB,256,256,70270da61697ee069866b3796f4bf4b2,Apple_Frogeye Spot:::24
data\raw\apple\Apple___Black_rot\05fb01a0-fd64-4b3d-a512-c0bda181811e___JR_FrgE.S 2889.JPG,Apple___Black_rot,Black Rot,.jpg,RGB,256,256,2f721d787b5c9cc5c88d77f335d89a83,Apple_Frogeye Spot:::13
data\raw\apple\Apple___Black_rot\05fd8037-fd27-4d26-9e5d-9a47856ab134___JR_FrgE.S 8770.JPG,Apple___Black_rot,Black Rot,.jpg,RGB,256,256,f7be7ef8133a925e6dca834cf59411db,Apple_Frogeye Spot:::63
data\raw\apple\Apple___Black_rot\0612c9fa-e647-4083-85e7-b1638452c24b___JR_FrgE.S 8771.JPG,Apple___Black_rot,Black Rot,.jpg,RGB,256,256,b20683c495c78050599e7477422fe479,Apple_Frogeye Spot:::63
data\raw\apple\Apple___Black_rot\073553c2-0e42-4c86-b929-b2201f3f7756___JR_FrgE.S 2819.JPG,Apple___Black_rot,Black Rot,.jpg,RGB,256,256,fb6e218b52fb86ca334ebbca6683394c,Apple_Frogeye Spot:::8
data\raw\apple\Apple___Black_rot\076d95c0-1ca7-4ee8-9558-0f18e617813d___JR_FrgE.S 2737.JPG,Apple___Black_rot,Black Rot,.jpg,RGB,256,256,e326e45a174f7f5b327bb8e13bf6b39a,Apple_Frogeye Spot:::1
data\raw\apple\Apple___Black_rot\079d0ba3-b207-4fc7-ace3-f2fe25c796b3___JR_FrgE.S 3038.JPG,Apple___Black_rot,Black Rot,.jpg,RGB,256,256,2055a689df3002bb1e1be55aa57b24fa,Apple_Frogeye Spot:::27
data\raw\apple\Apple___Black_rot\07dbfcca-71aa-4c14-b895-60dfb63f701d___JR_FrgE.S 3063.JPG,Apple___Black_rot,Black Rot,.jpg,RGB,256,256,eef45e46b04957b72894bcb886cf2215,Apple_Frogeye Spot:::29
data\raw\apple\Apple___Black_rot\07f6b5a7-47cd-4012-8fcd-969d1d7245b9___JR_FrgE.S 2961.JPG,Apple___Black_rot,Black Rot,.jpg,RGB,256,256,bf9ef9f7d3ef2031645b1aa5f0a56bd4,Apple_Frogeye Spot:::19
data\raw\apple\Apple___Black_rot\085625a8-236d-4f71-bd40-78e3e4f24eb0___JR_FrgE.S 2732.JPG,Apple___Black_rot,Black Rot,.jpg,RGB,256,256,84ac5c02940b6505d6afe3557c029c5d,Apple_Frogeye Spot:::1
data\raw\apple\Apple___Black_rot\09baab32-8360-4251-9c84-a5ce6bfdfff1___JR_FrgE.S 2883.JPG,Apple___Black_rot,Black Rot,.jpg,RGB,256,256,d781de58ade3e0bb4e3fbb5f8e50df04,Apple_Frogeye Spot:::12
data\raw\apple\Apple___Black_rot\0b37761a-de32-47ee-a3a4-e138b97ef542___JR_FrgE.S 2908.JPG,Apple___Black_rot,Black Rot,.jpg,RGB,256,256,b42333a4ee0d86dc104ef589181ae5b7,Apple_Frogeye Spot:::14
data\raw\apple\Apple___Black_rot\0b8dabb7-5f1b-4fdc-b3fa-30b289707b90___JR_FrgE.S 3047.JPG,Apple___Black_rot,Black Rot,.jpg,RGB,256,256,f3f8687844695ea602e8c7216522ac23,Apple_Frogeye Spot:::28
data\raw\apple\Apple___Black_rot\0bb8fb61-d561-43fd-89a3-d24d253adef9___JR_FrgE.S 2849.JPG,Apple___Black_rot,Black Rot,.jpg,RGB,256,256,f8c509c8d6f6098e03ff5b1a45f33dd0,Apple_Frogeye Spot:::10
data\raw\apple\Apple___Black_rot\0bc40cc3-6a85-480e-a22f-967a866a56a1___JR_FrgE.S 2784.JPG,Apple___Black_rot,Black Rot,.jpg,RGB,256,256,95488dd5fca12efe3b640c230f1b4406,Apple_Frogeye Spot:::6
data\raw\apple\Apple___Black_rot\0c7c7992-fb1c-444b-b226-69de186cea14___JR_FrgE.S 8627.JPG,Apple___Black_rot,Black Rot,.jpg,RGB,256,256,f45101c5949e707be5e80cb714bfed59,Apple_Frogeye Spot:::41
data\raw\apple\Apple___Black_rot\0c8432e0-0484-470c-a774-7cce596b9e64___JR_FrgE.S 2841.JPG,Apple___Black_rot,Black Rot,.jpg,RGB,256,256,e17cf4e6413f3688d1b04737235274d0,Apple_Frogeye Spot:::9
data\raw\apple\Apple___Black_rot\0ca16873-eeac-47e9-9a87-1859950daab7___JR_FrgE.S 2835.JPG,Apple___Black_rot,Black Rot,.jpg,RGB,256,256,f5fd426d6291032cfd7933707cd467da,Apple_Frogeye Spot:::9
data\raw\apple\Apple___Black_rot\0cc47b2d-4a92-4bbd-af46-945165dd1960___JR_FrgE.S 8586.JPG,Apple___Black_rot,Black Rot,.jpg,RGB,256,256,a1939f0fd8b64326e642d4be40dfdb07,Apple_Frogeye Spot:::34
data\raw\apple\Apple___Black_rot\0ce8b939-3bdf-4078-8715-c0cb48afb078___JR_FrgE.S 2777.JPG,Apple___Black_rot,Black Rot,.jpg,RGB,256,256,f19e8793734442ba86015fd1e3c68502,Apple_Frogeye Spot:::5
data\raw\apple\Apple___Black_rot\0cefbd12-c195-40cd-b2d1-be0f9ee550b4___JR_FrgE.S 8762.JPG,Apple___Black_rot,Black Rot,.jpg,RGB,256,256,225009c82ff474d846f2b7174142ae5b,Apple_Frogeye Spot:::61
data\raw\apple\Apple___Black_rot\0d17b92b-8ec2-4a00-a8ff-9daea3fed2e8___JR_FrgE.S 2915.JPG,Apple___Black_rot,Black Rot,.jpg,RGB,256,256,c674680c4194643923dafc1477c5fd8e,Apple_Frogeye Spot:::15
data\raw\apple\Apple___Black_rot\0e84adc9-3e97-48e2-b1fd-7d04f9e92cb0___JR_FrgE.S 2949.JPG,Apple___Black_rot,Black Rot,.jpg,RGB,256,256,cde764fb3a9743169bf0f0bc56530cd5,Apple_Frogeye Spot:::18
data\raw\apple\Apple___Black_rot\0ebea6f4-08e4-4380-86f8-34d854697e32___JR_FrgE.S 2877.JPG,Apple___Black_rot,Black Rot,.jpg,RGB,256,256,cba48c86b84aebe91656510501b6c0f2,Apple_Frogeye Spot:::12
data\raw\apple\Apple___Black_rot\0f3d45f4-e121-42cd-a5b6-be2f866a0574___JR_FrgE.S 2870.JPG,Apple___Black_rot,Black Rot,.jpg,RGB,256,256,41c6cb5bb34f1431488ee9ea531f9802,Apple_Frogeye Spot:::12
data\raw\apple\Apple___Black_rot\1021c460-93e4-48cd-9c84-c576b2c5117c___JR_FrgE.S 2983.JPG,Apple___Black_rot,Black Rot,.jpg,RGB,256,256,90a8b994176e27a8e99a032a9107e59d,Apple_Frogeye Spot:::21
data\raw\apple\Apple___Black_rot\1107fc9f-f39f-450f-b928-4742fb82da77___JR_FrgE.S 2775.JPG,Apple___Black_rot,Black Rot,.jpg,RGB,256,256,bd446cc9dd4a56b97114e778b892a631,Apple_Frogeye Spot:::5
data\raw\apple\Apple___Black_rot\116ccffb-6361-4191-8f36-b6cacbe99412___JR_FrgE.S 2763.JPG,Apple___Black_rot,Black Rot,.jpg,RGB,256,256,3637786f25d66083b6cf9a21e5957d52,Apple_Frogeye Spot:::4
data\raw\apple\Apple___Black_rot\125fd81c-7948-45e1-8550-f7c7b8f6932a___JR_FrgE.S 8807.JPG,Apple___Black_rot,Black Rot,.jpg,RGB,256,256,03a7932e9c2069b70e6f001897da17f0,Apple_Frogeye Spot:::69
data\raw\apple\Apple___Black_rot\12e9d8e2-e5a4-4d4b-933f-7cbc07557736___JR_FrgE.S 8767.JPG,Apple___Black_rot,Black Rot,.jpg,RGB,256,256,8d2204fe4f531bb954a0f794b15af017,Apple_Frogeye Spot:::62
data\raw\apple\Apple___Black_rot\132a74c4-3bdc-410b-931d-887bac16b074___JR_FrgE.S 8705.JPG,Apple___Black_rot,Black Rot,.jpg,RGB,256,256,e2ea153448d645923fa8500ad3ca4815,Apple_Frogeye Spot:::52
data\raw\apple\Apple___Black_rot\13daa7ca-c343-497d-a9c5-34438752ab1f___JR_FrgE.S 8804.JPG,Apple___Black_rot,Black Rot,.jpg,RGB,256,256,032b7009bdaf7210d3c95236a2296ad1,Apple_Frogeye Spot:::69
data\raw\apple\Apple___Black_rot\1452dba2-3694-4657-ac64-fed65ebea056___JR_FrgE.S 3081.JPG,Apple___Black_rot,Black Rot,.jpg,RGB,256,256,8b523b78691719ef75201022d8200f91,Apple_Frogeye Spot:::30
data\raw\apple\Apple___Black_rot\14896f6f-ae86-4879-958b-7422b957e104___JR_FrgE.S 8768.JPG,Apple___Black_rot,Black Rot,.jpg,RGB,256,256,4fafeb19202b17f4906c3bdcabcacb62,Apple_Frogeye Spot:::63
data\raw\apple\Apple___Black_rot\15f31b47-61da-4549-ad60-f13ef13a6512___JR_FrgE.S 8734.JPG,Apple___Black_rot,Black Rot,.jpg,RGB,256,256,e18203819d8021c20f026cdab135f621,Apple_Frogeye Spot:::57
data\raw\apple\Apple___Black_rot\169b07da-12eb-4a6d-9b24-f37692ca923d___JR_FrgE.S 8636.JPG,Apple___Black_rot,Black Rot,.jpg,RGB,256,256,2a082714d2ff1f29958fd9407b090dd5,Apple_Frogeye Spot:::41
data\raw\apple\Apple___Black_rot\16b7455f-bd2e-4ea8-965d-32a072c7beb9___JR_FrgE.S 2824.JPG,Apple___Black_rot,Black Rot,.jpg,RGB,256,256,b8a83f092684ac3c43c04f14a74a4b5a,Apple_Frogeye Spot:::8
data\raw\apple\Apple___Black_rot\17a083f1-5ba6-4f0c-917a-738b568f22ef___JR_FrgE.S 8612.JPG,Apple___Black_rot,Black Rot,.jpg,RGB,256,256,e9cf539cdd45e0bd2cea22315f2fa928,Apple_Frogeye Spot:::39
data\raw\apple\Apple___Black_rot\19989bba-ed83-478b-b02a-72fcc3234338___JR_FrgE.S 3055.JPG,Apple___Black_rot,Black Rot,.jpg,RGB,256,256,87313caaac0b2f1ec5762241ef43c962,Apple_Frogeye Spot:::28
data\raw\apple\Apple___Black_rot\1a4e1884-ab1a-4fe9-afe2-610ae9aa1162___JR_FrgE.S 2826.JPG,Apple___Black_rot,Black Rot,.jpg,RGB,256,256,03900f9102c714743f7321d9da424a34,Apple_Frogeye Spot:::8
data\raw\apple\Apple___Black_rot\1a899717-5445-4d2b-8035-91bc47780504___JR_FrgE.S 8806.JPG,Apple___Black_rot,Black Rot,.jpg,RGB,256,256,cf086a08f9be5e16189b91751daf39be,Apple_Frogeye Spot:::69
data\raw\apple\Apple___Black_rot\1a9e869f-62b0-4588-998a-30e0d62bef59___JR_FrgE.S 2876.JPG,Apple___Black_rot,Black Rot,.jpg,RGB,256,256,82d8b4fabb2a87a9555689b785f0398e,Apple_Frogeye Spot:::12
data\raw\apple\Apple___Black_rot\1a9f6dfb-fdf4-43b4-9fb4-b7a809b49b9d___JR_FrgE.S 2765.JPG,Apple___Black_rot,Black Rot,.jpg,RGB,256,256,5f83936b62f91392bd777fe7aac2894d,Apple_Frogeye Spot:::4
data\raw\apple\Apple___Black_rot\1aa28af5-8270-467c-b496-ff415f0b58df___JR_FrgE.S 3010.JPG,Apple___Black_rot,Black Rot,.jpg,RGB,256,256,2c72cfc281a6fc9d04b9ec1956689fac,Apple_Frogeye Spot:::24
data\raw\apple\Apple___Black_rot\1b607e4f-ce59-4c0f-8e91-b529088926be___JR_FrgE.S 8788.JPG,Apple___Black_rot,Black Rot,.jpg,RGB,256,256,80f4282a17cd9465e65b8f5953ddeb4b,Apple_Frogeye Spot:::66
data\raw\apple\Apple___Black_rot\1bb4d1d5-ca06-49b6-8f89-ed0d6c1d68af___JR_FrgE.S 8777.JPG,Apple___Black_rot,Black Rot,.jpg,RGB,256,256,51a413ff10a331671c6ef60083d4c66d,Apple_Frogeye Spot:::64
data\raw\apple\Apple___Black_rot\1c31a116-f51d-4f56-9c69-c26c5fe69f57___JR_FrgE.S 2844.JPG,Apple___Black_rot,Black Rot,.jpg,RGB,256,256,cbd1de4e1b11f37589016fce0b54b9d9,Apple_Frogeye Spot:::9
data\raw\apple\Apple___Black_rot\1c4c2235-2c28-438e-8fa9-505b5d3004a0___JR_FrgE.S 8720.JPG,Apple___Black_rot,Black Rot,.jpg,RGB,256,256,ec46fbf6f23be68b995ba7f6f07248a7,Apple_Frogeye Spot:::55
data\raw\apple\Apple___Black_rot\1cdac481-1275-4228-a2ca-e3deaf268ffc___JR_FrgE.S 2897.JPG,Apple___Black_rot,Black Rot,.jpg,RGB,256,256,6e9f938944931cc5b709f946d9f3afc9,Apple_Frogeye Spot:::14
data\raw\apple\Apple___Black_rot\1ce40e9f-cddc-4939-8e58-7a8235d9b28a___JR_FrgE.S 3019.JPG,Apple___Black_rot,Black Rot,.jpg,RGB,256,256,b912a995e1f4f14d117ade1a4de844f0,Apple_Frogeye Spot:::25
data\raw\apple\Apple___Black_rot\1ce4ecdf-fe69-42df-a0dc-c90f5495e7a1___JR_FrgE.S 3041.JPG,Apple___Black_rot,Black Rot,.jpg,RGB,256,256,2e4b1d77015a75ddf162fd65ca860b89,Apple_Frogeye Spot:::27
data\raw\apple\Apple___Black_rot\1ce9343f-125e-4abb-9cd4-fddf761504da___JR_FrgE.S 3096.JPG,Apple___Black_rot,Black Rot,.jpg,RGB,256,256,8034768fe63afab5ca3ad1f261ba3504,Apple_Frogeye Spot:::31
data\raw\apple\Apple___Black_rot\1cf5102a-468b-4410-80bf-af6aeadc780c___JR_FrgE.S 2924.JPG,Apple___Black_rot,Black Rot,.jpg,RGB,256,256,f9c41340e249f268abd9a2c3a5e6157d,Apple_Frogeye Spot:::16
data\raw\apple\Apple___Black_rot\1d0e83a0-f3c0-4c14-b1d6-b0ceee3552ac___JR_FrgE.S 3006.JPG,Apple___Black_rot,Black Rot,.jpg,RGB,256,256,37c7a7b2f06543c52638770377e422c4,Apple_Frogeye Spot:::23
data\raw\apple\Apple___Black_rot\1d59f109-9793-403b-88d7-73bc3b17d601___JR_FrgE.S 8592.JPG,Apple___Black_rot,Black Rot,.jpg,RGB,256,256,4a43cfcdb6b12a6f47bc0c3d91e4ab19,Apple_Frogeye Spot:::35
data\raw\apple\Apple___Black_rot\1dfd4db7-a456-4785-bf16-f517bcaf54e8___JR_FrgE.S 3089.JPG,Apple___Black_rot,Black Rot,.jpg,RGB,256,256,d3597500a438d0725a5f9fad5ff4d2ef,Apple_Frogeye Spot:::31
data\raw\apple\Apple___Black_rot\1e0244a0-b084-4f95-bf64-72efeef4dff2___JR_FrgE.S 8733.JPG,Apple___Black_rot,Black Rot,.jpg,RGB,256,256,4149775c446654545de25e90770bac60,Apple_Frogeye Spot:::57
data\raw\apple\Apple___Black_rot\1e2149c8-f9ed-49b2-a8c2-2e8b2046d0f7___JR_FrgE.S 2965.JPG,Apple___Black_rot,Black Rot,.jpg,RGB,256,256,08d74e96464854b274633078661e6254,Apple_Frogeye Spot:::19
data\raw\apple\Apple___Black_rot\1fe7faa9-61a7-4152-9a85-a57d9486af0a___JR_FrgE.S 8599.JPG,Apple___Black_rot,Black Rot,.jpg,RGB,256,256,fe928da32e0f7fab28e2d108d43fbaa6,Apple_Frogeye Spot:::36
data\raw\apple\Apple___Black_rot\2101e5e6-2932-4ac0-8879-59885fc01256___JR_FrgE.S 2769.JPG,Apple___Black_rot,Black Rot,.jpg,RGB,256,256,8017026cea125f2ee48f4931a9b846ae,Apple_Frogeye Spot:::4
data\raw\apple\Apple___Black_rot\2171eff3-55f1-4b5e-8258-d8ddacc66062___JR_FrgE.S 2752.JPG,Apple___Black_rot,Black Rot,.jpg,RGB,256,256,ba6af530229b5cba556aa8062590c4b3,Apple_Frogeye Spot:::3
data\raw\apple\Apple___Black_rot\23641520-3fbf-42e9-ba5f-c689bc74ce8c___JR_FrgE.S 8620.JPG,Apple___Black_rot,Black Rot,.jpg,RGB,256,256,1a9aaabf43c995486d1303afd7e78b2e,Apple_Frogeye Spot:::40
data\raw\apple\Apple___Black_rot\24420d48-c47b-4e67-959a-bf28131abbdc___JR_FrgE.S 2811.JPG,Apple___Black_rot,Black Rot,.jpg,RGB,256,256,f72f424d3381832ae337d7e8010d02d2,Apple_Frogeye Spot:::7
data\raw\apple\Apple___Black_rot\2478fee4-ef3a-4638-8641-f5524246f29a___JR_FrgE.S 2951.JPG,Apple___Black_rot,Black Rot,.jpg,RGB,256,256,955d00c436c16ec00e55b505bb35fc2f,Apple_Frogeye Spot:::18
data\raw\apple\Apple___Black_rot\24cdceb7-e70a-4164-9cd4-72b514771abf___JR_FrgE.S 2962.JPG,Apple___Black_rot,Black Rot,.jpg,RGB,256,256,1813fd7682ae774977806afc8d3e502c,Apple_Frogeye Spot:::19
data\raw\apple\Apple___Black_rot\24ff782d-8641-4508-969a-0f1a2f4a3f48___JR_FrgE.S 8700.JPG,Apple___Black_rot,Black Rot,.jpg,RGB,256,256,41a2aedc264d8f56f5b8d26def4eb77c,Apple_Frogeye Spot:::51
data\raw\apple\Apple___Black_rot\255dd1a9-d4cf-4b38-9872-8f8bc6746703___JR_FrgE.S 3040.JPG,Apple___Black_rot,Black Rot,.jpg,RGB,256,256,86ce4a77017c91620ffcf3e9b7ed69ff,Apple_Frogeye Spot:::27
data\raw\apple\Apple___Black_rot\26a6609d-7993-4fda-b56d-5c5194f0de03___JR_FrgE.S 8797.JPG,Apple___Black_rot,Black Rot,.jpg,RGB,256,256,96a42ff14a15f8c20f0ffd3b27555f48,Apple_Frogeye Spot:::68
data\raw\apple\Apple___Black_rot\26b71abd-6648-4d92-a36d-92353bc09966___JR_FrgE.S 2899.JPG,Apple___Black_rot,Black Rot,.jpg,RGB,256,256,36f16530641085be6ab2e8979ba1ce7b,Apple_Frogeye Spot:::14
data\raw\apple\Apple___Black_rot\26c9d50e-7169-4241-951a-2334e2a513b3___JR_FrgE.S 8784.JPG,Apple___Black_rot,Black Rot,.jpg,RGB,256,256,e887ad6ea37b421be781274b10b56210,Apple_Frogeye Spot:::65
data\raw\apple\Apple___Black_rot\26ecaea0-d85f-449b-bd3e-16d85cc49eac___JR_FrgE.S 8674.JPG,Apple___Black_rot,Black Rot,.jpg,RGB,256,256,15aa3062996ae5cb6f23f64c53aa4c14,Apple_Frogeye Spot:::47
data\raw\apple\Apple___Black_rot\28f01d7f-27f8-4cf1-a473-ef4744b2dc61___JR_FrgE.S 8597.JPG,Apple___Black_rot,Black Rot,.jpg,RGB,256,256,00db0605df94b19e86450b15630f6bc9,Apple_Frogeye Spot:::36
data\raw\apple\Apple___Black_rot\2902e85c-1705-423b-bb02-80e2d93bc54e___JR_FrgE.S 2922.JPG,Apple___Black_rot,Black Rot,.jpg,RGB,256,256,3484e2fc859acd2022781be73c040af8,Apple_Frogeye Spot:::16
data\raw\apple\Apple___Black_rot\29f71a36-3389-47c8-94ad-484818e677f2___JR_FrgE.S 8607.JPG,Apple___Black_rot,Black Rot,.jpg,RGB,256,256,78eb899fcf573dcb006d636d5bbb579f,Apple_Frogeye Spot:::38
data\raw\apple\Apple___Black_rot\29f7c332-777e-427b-898a-3b82465a17aa___JR_FrgE.S 2941.JPG,Apple___Black_rot,Black Rot,.jpg,RGB,256,256,16f10e618113bfc0bb306ee57603e0b3,Apple_Frogeye Spot:::17
data\raw\apple\Apple___Black_rot\2a4cbd85-e831-4ec4-8acf-49cea51eeb5f___JR_FrgE.S 2900.JPG,Apple___Black_rot,Black Rot,.jpg,RGB,256,256,ec529838ed1ada3f9c0a9d4f3b00f97b,Apple_Frogeye Spot:::14
data\raw\apple\Apple___Black_rot\2aa2ed70-b0b7-4d30-9c84-f6ded6a03fc2___JR_FrgE.S 8739.JPG,Apple___Black_rot,Black Rot,.jpg,RGB,256,256,ddf268007918f29ce49a861bcdb76b5d,Apple_Frogeye Spot:::58
data\raw\apple\Apple___Black_rot\2b15f14f-6fa9-41fe-8b84-388a4d5bbc33___JR_FrgE.S 8578.JPG,Apple___Black_rot,Black Rot,.jpg,RGB,256,256,bb10cb81c10cc9ec8db15e78e00e4546,Apple_Frogeye Spot:::33
data\raw\apple\Apple___Black_rot\2b16890e-753f-4ee8-a78e-d0a7fdf8d91a___JR_FrgE.S 2838.JPG,Apple___Black_rot,Black Rot,.jpg,RGB,256,256,048338ff9d8b7e3900c4777902c0a6e5,Apple_Frogeye Spot:::9
data\raw\apple\Apple___Black_rot\2c6184ba-cc2f-4311-977e-1ed6c1410c1a___JR_FrgE.S 2973.JPG,Apple___Black_rot,Black Rot,.jpg,RGB,256,256,bf1a8a07232d87af52163e956d824321,Apple_Frogeye Spot:::20
data\raw\apple\Apple___Black_rot\2d1ac581-1847-419e-8254-55a9caad6b2b___JR_FrgE.S 8766.JPG,Apple___Black_rot,Black Rot,.jpg,RGB,256,256,17bc4f382922fb777282d174a62421e9,Apple_Frogeye Spot:::62
data\raw\apple\Apple___Black_rot\2d30e157-5cd6-4827-85ee-4c3c5f05725e___JR_FrgE.S 3080.JPG,Apple___Black_rot,Black Rot,.jpg,RGB,256,256,11ac4bb418b6ac099eeb37b726dfccfb,Apple_Frogeye Spot:::30
data\raw\apple\Apple___Black_rot\2f6893f9-0439-4409-b752-b910e03b076b___JR_FrgE.S 8814.JPG,Apple___Black_rot,Black Rot,.jpg,RGB,256,256,c5594db283fbd786dccb9204a0489532,Apple_Frogeye Spot:::70
data\raw\apple\Apple___Black_rot\2f6a52cd-21f5-41d0-870e-f8a67d1f5c56___JR_FrgE.S 2901.JPG,Apple___Black_rot,Black Rot,.jpg,RGB,256,256,ab583eaa50d155081a94126c06a3ce23,Apple_Frogeye Spot:::14
data\raw\apple\Apple___Black_rot\307abcdd-96f7-404a-9032-2ce8de2fde48___JR_FrgE.S 8781.JPG,Apple___Black_rot,Black Rot,.jpg,RGB,256,256,a96c82addc4a14a80b41686a3835f884,Apple_Frogeye Spot:::65
data\raw\apple\Apple___Black_rot\30aebb07-bde6-44c8-bee2-a06ff42a948d___JR_FrgE.S 3071.JPG,Apple___Black_rot,Black Rot,.jpg,RGB,256,256,270ceb47b5f176e789a3ebc37053c6f9,Apple_Frogeye Spot:::29
data\raw\apple\Apple___Black_rot\30ff1b97-0850-4224-a176-bfa284d92a24___JR_FrgE.S 2940.JPG,Apple___Black_rot,Black Rot,.jpg,RGB,256,256,76d6cd34879c57102be1c71e656e91d7,Apple_Frogeye Spot:::17
data\raw\apple\Apple___Black_rot\31a20d19-d927-481d-97d9-4db50595c36e___JR_FrgE.S 2867.JPG,Apple___Black_rot,Black Rot,.jpg,RGB,256,256,7789909a34b7c046ce3d3f3d0a4ffc21,Apple_Frogeye Spot:::11
data\raw\apple\Apple___Black_rot\3235339f-7b7b-423a-850a-0fd58ded4725___JR_FrgE.S 2791.JPG,Apple___Black_rot,Black Rot,.jpg,RGB,256,256,232ff144e89ce9f7ae40097a8c8cf0e4,Apple_Frogeye Spot:::6
data\raw\apple\Apple___Black_rot\32652b13-825d-4f14-9429-d7d5042061cf___JR_FrgE.S 8758.JPG,Apple___Black_rot,Black Rot,.jpg,RGB,256,256,81b51d27feaba28be4897b57c6e8780a,Apple_Frogeye Spot:::61
data\raw\apple\Apple___Black_rot\32ef0219-fbb0-417c-abad-56021a2c1619___JR_FrgE.S 2893.JPG,Apple___Black_rot,Black Rot,.jpg,RGB,256,256,fb597bcc6c9d5c7dd56d8819b065150b,Apple_Frogeye Spot:::13
data\raw\apple\Apple___Black_rot\330224ac-f2e0-4ace-ad1c-0f163894eaae___JR_FrgE.S 3083.JPG,Apple___Black_rot,Black Rot,.jpg,RGB,256,256,3af41238156b9eb43401b46805ce7099,Apple_Frogeye Spot:::30
data\raw\apple\Apple___Black_rot\337ea111-17e2-470d-8fae-1fe8c61c13dc___JR_FrgE.S 2985.JPG,Apple___Black_rot,Black Rot,.jpg,RGB,256,256,bda1b57184b4bd1ea09e8eb1dbc8dffd,Apple_Frogeye Spot:::21
data\raw\apple\Apple___Black_rot\33bc7491-a0b2-4834-aec7-abad940e8684___JR_FrgE.S 8741.JPG,Apple___Black_rot,Black Rot,.jpg,RGB,256,256,62882bc9d464ca8623e99c4cb898f86c,Apple_Frogeye Spot:::58
data\raw\apple\Apple___Black_rot\33f2ada7-3d14-4a85-9601-126da3eac03f___JR_FrgE.S 3022.JPG,Apple___Black_rot,Black Rot,.jpg,RGB,256,256,29ffd37a1e1b75f40b0ba70091f12eba,Apple_Frogeye Spot:::25
data\raw\apple\Apple___Black_rot\34eb19d8-32a9-4c9b-829f-d0ed705c5f03___JR_FrgE.S 3064.JPG,Apple___Black_rot,Black Rot,.jpg,RGB,256,256,aad35ec981ff3cdc6ee29cf5c469ad96,Apple_Frogeye Spot:::29
data\raw\apple\Apple___Black_rot\35b68c2b-4d91-484c-ab0c-6347ba6ce974___JR_FrgE.S 8615.JPG,Apple___Black_rot,Black Rot,.jpg,RGB,256,256,c90d84b219c727909a8f3eb32d40c805,Apple_Frogeye Spot:::39
data\raw\apple\Apple___Black_rot\35ca99d4-5913-457a-b09c-3e90f6ef98a3___JR_FrgE.S 2947.JPG,Apple___Black_rot,Black Rot,.jpg,RGB,256,256,c437c44b34fff67dbaf08609b4787568,Apple_Frogeye Spot:::18
data\raw\apple\Apple___Black_rot\35f56736-d311-4e80-88a4-7ba12fd71985___JR_FrgE.S 2787.JPG,Apple___Black_rot,Black Rot,.jpg,RGB,256,256,42596587fb5fdeef128defb75f010110,Apple_Frogeye Spot:::6
data\raw\apple\Apple___Black_rot\36836204-c6de-472e-90e4-6787ff74965e___JR_FrgE.S 8757.JPG,Apple___Black_rot,Black Rot,.jpg,RGB,256,256,f09937c711efd621f6b618678d3a4618,Apple_Frogeye Spot:::61
data\raw\apple\Apple___Black_rot\36e0efb7-95ff-4707-9d35-c213159af55c___JR_FrgE.S 8673.JPG,Apple___Black_rot,Black Rot,.jpg,RGB,256,256,2c44ee4de355c740f17f4c76de070af6,Apple_Frogeye Spot:::47
data\raw\apple\Apple___Black_rot\37dc5845-507c-46f7-bfd9-f41407e6c813___JR_FrgE.S 8591.JPG,Apple___Black_rot,Black Rot,.jpg,RGB,256,256,19bdcdf7311b6fa2ddf9bdda6fe20956,Apple_Frogeye Spot:::35
data\raw\apple\Apple___Black_rot\38167e03-c731-4cbf-a32c-b48a571fbc48___JR_FrgE.S 8630.JPG,Apple___Black_rot,Black Rot,.jpg,RGB,256,256,8ffb304ec92881d56c5d0339e8dbf160,Apple_Frogeye Spot:::42
data\raw\apple\Apple___Black_rot\3908d563-a8f8-4206-b09e-1ae340e510af___JR_FrgE.S 3025.JPG,Apple___Black_rot,Black Rot,.jpg,RGB,256,256,564c3dd91443f19650121412a41dffaa,Apple_Frogeye Spot:::25
data\raw\apple\Apple___Black_rot\39148cb8-c7fa-4760-b708-b4e399047bb6___JR_FrgE.S 2869.JPG,Apple___Black_rot,Black Rot,.jpg,RGB,256,256,86aa8186d8f5967bb739c2b013a7424e,Apple_Frogeye Spot:::11
data\raw\apple\Apple___Black_rot\394b4c4e-096d-4a4e-9498-8a18f240ab18___JR_FrgE.S 2855.JPG,Apple___Black_rot,Black Rot,.jpg,RGB,256,256,c9d5096b08eb3ed06fe9923c587636c0,Apple_Frogeye Spot:::10
data\raw\apple\Apple___Black_rot\39ab4ac8-5f68-448a-8b1f-dcba2e07d129___JR_FrgE.S 8798.JPG,Apple___Black_rot,Black Rot,.jpg,RGB,256,256,9ee430e9fd676a9fa62ecf2008393f25,Apple_Frogeye Spot:::68
data\raw\apple\Apple___Black_rot\39c257ad-8334-45e7-a4e1-f131bb4a7eee___JR_FrgE.S 3023.JPG,Apple___Black_rot,Black Rot,.jpg,RGB,256,256,6f29a3949b42d5318700c0c16bd39797,Apple_Frogeye Spot:::25
data\raw\apple\Apple___Black_rot\39cf3d6d-0324-4d2c-8a43-ee21f8b910c2___JR_FrgE.S 8603.JPG,Apple___Black_rot,Black Rot,.jpg,RGB,256,256,8b213fa1b22c9268938cf5f8cc602989,Apple_Frogeye Spot:::37
data\raw\apple\Apple___Black_rot\3afb0100-58b4-4825-bfb4-037258cd5925___JR_FrgE.S 8755.JPG,Apple___Black_rot,Black Rot,.jpg,RGB,256,256,4723e87d4a4f39d6c45f887ec53f40ff,Apple_Frogeye Spot:::60
data\raw\apple\Apple___Black_rot\3b1299be-2602-451f-9877-93edd8bf09a8___JR_FrgE.S 2801.JPG,Apple___Black_rot,Black Rot,.jpg,RGB,256,256,44fdc4bf30e59714d45be76584e70b19,Apple_Frogeye Spot:::7
data\raw\apple\Apple___Black_rot\3b364e42-9120-4ece-b0ea-2c39ce883cbb___JR_FrgE.S 2774.JPG,Apple___Black_rot,Black Rot,.jpg,RGB,256,256,f25fe2296928a83ecc4f74cea16db0d9,Apple_Frogeye Spot:::5
data\raw\apple\Apple___Black_rot\3bf50ea4-980e-471b-bbd1-fc0c526dbb7a___JR_FrgE.S 2905.JPG,Apple___Black_rot,Black Rot,.jpg,RGB,256,256,0a262ef18d138c3bf59cefd0ab0511b7,Apple_Frogeye Spot:::14
data\raw\apple\Apple___Black_rot\3bfaa3d6-96ab-4131-a569-ac6650045079___JR_FrgE.S 2890.JPG,Apple___Black_rot,Black Rot,.jpg,RGB,256,256,2bda7e8761d0eb0ec7a1d645b67354ca,Apple_Frogeye Spot:::13
data\raw\apple\Apple___Black_rot\3d33710d-c091-4dae-a491-ef813ea2d34b___JR_FrgE.S 2885.JPG,Apple___Black_rot,Black Rot,.jpg,RGB,256,256,0da5f44fb0f525e9b12df9eef0192af7,Apple_Frogeye Spot:::13
data\raw\apple\Apple___Black_rot\3e340ca3-47d5-4a22-9f40-e91f3eea2be6___JR_FrgE.S 8747.JPG,Apple___Black_rot,Black Rot,.jpg,RGB,256,256,2b25aad05b4b0c02bf6d5140e4cc840b,Apple_Frogeye Spot:::59
data\raw\apple\Apple___Black_rot\3ed38c3a-4c0a-4682-b39b-e0f7d1bf361b___JR_FrgE.S 2859.JPG,Apple___Black_rot,Black Rot,.jpg,RGB,256,256,c7b037c6d390157a038b214da2be2493,Apple_Frogeye Spot:::11
data\raw\apple\Apple___Black_rot\3ee8f19d-38a4-4e9d-adc1-c8ab5e95ba60___JR_FrgE.S 2839.JPG,Apple___Black_rot,Black Rot,.jpg,RGB,256,256,300a0357531d8f3e97787a94632531cc,Apple_Frogeye Spot:::9
data\raw\apple\Apple___Black_rot\3ef4204e-d2c3-42b5-ac97-0eabb3d64b3f___JR_FrgE.S 8815.JPG,Apple___Black_rot,Black Rot,.jpg,RGB,256,256,239d4404b22dc47f72a864ff0fcfa687,Apple_Frogeye Spot:::71
data\raw\apple\Apple___Black_rot\3f7dbd31-47f7-45e4-aa23-42e23362a15d___JR_FrgE.S 2818.JPG,Apple___Black_rot,Black Rot,.jpg,RGB,256,256,ad24eba2559531cd68bb175c9a24f1bd,Apple_Frogeye Spot:::8
data\raw\apple\Apple___Black_rot\40780a98-eb5f-4de6-bbf8-bc89b7fb0825___JR_FrgE.S 8764.JPG,Apple___Black_rot,Black Rot,.jpg,RGB,256,256,9036aeec00b33ad2e477c0bd0fbdef00,Apple_Frogeye Spot:::62
data\raw\apple\Apple___Black_rot\40e82aca-94d2-4237-bc27-d4a9c536b820___JR_FrgE.S 2926.JPG,Apple___Black_rot,Black Rot,.jpg,RGB,256,256,3318730ccf8b6e09d8593d8e3f7d55e8,Apple_Frogeye Spot:::16
data\raw\apple\Apple___Black_rot\4186abb2-d07c-495c-9596-db575c3f7051___JR_FrgE.S 2891.JPG,Apple___Black_rot,Black Rot,.jpg,RGB,256,256,23350cd5d9681d80d6c442daad927147,Apple_Frogeye Spot:::13
data\raw\apple\Apple___Black_rot\42277cf4-c76e-4c00-b42f-6254f2cb8496___JR_FrgE.S 2771.JPG,Apple___Black_rot,Black Rot,.jpg,RGB,256,256,6be38494026ca10e64c4ff89329b6014,Apple_Frogeye Spot:::5
data\raw\apple\Apple___Black_rot\4231e86c-5f4c-439c-be0f-1fa0274581c6___JR_FrgE.S 3067.JPG,Apple___Black_rot,Black Rot,.jpg,RGB,256,256,6ac821cb2e5e40f03c7c06e15ddd690a,Apple_Frogeye Spot:::29
data\raw\apple\Apple___Black_rot\427bd918-f362-48d9-9903-4e7197e87a87___JR_FrgE.S 3034.JPG,Apple___Black_rot,Black Rot,.jpg,RGB,256,256,dfc33a40a3a47eec6b646d1875901727,Apple_Frogeye Spot:::26
data\raw\apple\Apple___Black_rot\43baab18-d60b-49df-b2d5-a27d16164317___JR_FrgE.S 8604.JPG,Apple___Black_rot,Black Rot,.jpg,RGB,256,256,52069603e178f4443b399ac12c61e221,Apple_Frogeye Spot:::37
data\raw\apple\Apple___Black_rot\445448e9-b429-45df-942d-fb46932540d7___JR_FrgE.S 2804.JPG,Apple___Black_rot,Black Rot,.jpg,RGB,256,256,7d645fb5556a36987b49a000700803f9,Apple_Frogeye Spot:::7
data\raw\apple\Apple___Black_rot\448d1f3f-9794-4148-a180-7246ef9291cf___JR_FrgE.S 2930.JPG,Apple___Black_rot,Black Rot,.jpg,RGB,256,256,3888003a9ecdac48cc11a3b3735a8d50,Apple_Frogeye Spot:::16
data\raw\apple\Apple___Black_rot\451b68a6-1b39-40c5-8669-f82af6de1eed___JR_FrgE.S 8737.JPG,Apple___Black_rot,Black Rot,.jpg,RGB,256,256,6acda40c6532640021ff2bf9728a8789,Apple_Frogeye Spot:::57
data\raw\apple\Apple___Black_rot\456a01fc-8db6-4068-96cb-3b1e4e5f77f1___JR_FrgE.S 2768.JPG,Apple___Black_rot,Black Rot,.jpg,RGB,256,256,41d47b71905df2e9a4c7234b3c7545d9,Apple_Frogeye Spot:::4
data\raw\apple\Apple___Black_rot\464511a6-77d9-493f-bb3c-f151fb390f1b___JR_FrgE.S 8790.JPG,Apple___Black_rot,Black Rot,.jpg,RGB,256,256,571eebe60ac701ddb81fe7a20d661025,Apple_Frogeye Spot:::66
data\raw\apple\Apple___Black_rot\46c90409-1e99-4708-88da-ad8629ab5e9e___JR_FrgE.S 2856.JPG,Apple___Black_rot,Black Rot,.jpg,RGB,256,256,6b0c8400b10d2667ee8ec215b803ca54,Apple_Frogeye Spot:::10
data\raw\apple\Apple___Black_rot\46cfd121-d2e7-4a26-9c6f-5787457d200c___JR_FrgE.S 8669.JPG,Apple___Black_rot,Black Rot,.jpg,RGB,256,256,9ae03cedd8c116785ec7cf57f2d71c3e,Apple_Frogeye Spot:::46
data\raw\apple\Apple___Black_rot\4747a926-7eee-49a1-b28b-a8cc8a555fa7___JR_FrgE.S 2952.JPG,Apple___Black_rot,Black Rot,.jpg,RGB,256,256,85a8386886b586b11ff08347a8a8f203,Apple_Frogeye Spot:::18
data\raw\apple\Apple___Black_rot\47800fc6-b681-46ab-aec3-01076d650c5d___JR_FrgE.S 3051.JPG,Apple___Black_rot,Black Rot,.jpg,RGB,256,256,28a9d2462c91eb65444deb9f854cd81c,Apple_Frogeye Spot:::28
data\raw\apple\Apple___Black_rot\47b996a0-b66a-4842-9da2-249ea1d62c38___JR_FrgE.S 2814.JPG,Apple___Black_rot,Black Rot,.jpg,RGB,256,256,14363ae0e2e21b0cb8f2c0c7eff33bfe,Apple_Frogeye Spot:::8
data\raw\apple\Apple___Black_rot\47c17d6e-07d4-4523-978e-495edff13b00___JR_FrgE.S 3068.JPG,Apple___Black_rot,Black Rot,.jpg,RGB,256,256,cd35631dd1e90ab182fc21901b7fb501,Apple_Frogeye Spot:::29
data\raw\apple\Apple___Black_rot\47f6d143-687b-4755-88a0-932c985a2ee6___JR_FrgE.S 2785.JPG,Apple___Black_rot,Black Rot,.jpg,RGB,256,256,deacdf7102a4321d27128aa86e99035f,Apple_Frogeye Spot:::6
data\raw\apple\Apple___Black_rot\48d6f0b4-71e8-418f-8558-b38b89ed3c0b___JR_FrgE.S 8569.JPG,Apple___Black_rot,Black Rot,.jpg,RGB,256,256,60967cf73826a89ffe8c1411af288cce,Apple_Frogeye Spot:::32
data\raw\apple\Apple___Black_rot\49064db7-4ee0-41bf-97b9-64a50d08ef8c___JR_FrgE.S 3046.JPG,Apple___Black_rot,Black Rot,.jpg,RGB,256,256,5ad0f72b9fd7b70e0acacfd513d0c588,Apple_Frogeye Spot:::27
data\raw\apple\Apple___Black_rot\497e0a24-9a4e-4ace-8aa3-d60751b03abe___JR_FrgE.S 8794.JPG,Apple___Black_rot,Black Rot,.jpg,RGB,256,256,6ce1d63231fe278e46ddb26bb88e5006,Apple_Frogeye Spot:::67
data\raw\apple\Apple___Black_rot\499e851c-5cd4-4ab9-9ff8-df01133aac08___JR_FrgE.S 2989.JPG,Apple___Black_rot,Black Rot,.jpg,RGB,256,256,afc4f045fcbeda99f6953e9094c93317,Apple_Frogeye Spot:::22
data\raw\apple\Apple___Black_rot\4a2319e3-c6ab-4417-9154-ebabf0d1df4d___JR_FrgE.S 2854.JPG,Apple___Black_rot,Black Rot,.jpg,RGB,256,256,8ced6002f2d0f2947586c9974f843590,Apple_Frogeye Spot:::10
data\raw\apple\Apple___Black_rot\4a79c093-e813-4854-ba58-5b9e2831c7f0___JR_FrgE.S 2764.JPG,Apple___Black_rot,Black Rot,.jpg,RGB,256,256,beb705eb62c7ded0a94ec80a8e4da396,Apple_Frogeye Spot:::4
data\raw\apple\Apple___Black_rot\4b5683c4-ef68-4439-b346-f76ea2c651da___JR_FrgE.S 8639.JPG,Apple___Black_rot,Black Rot,.jpg,RGB,256,256,a6a7c1708a85c2c1b2b98eb464ed4f79,Apple_Frogeye Spot:::41
data\raw\apple\Apple___Black_rot\4b8414f0-fa9b-4195-90cb-608f6fd74d44___JR_FrgE.S 2999.JPG,Apple___Black_rot,Black Rot,.jpg,RGB,256,256,6294f3808fc4a303841ae5669ec62ca5,Apple_Frogeye Spot:::23
data\raw\apple\Apple___Black_rot\4b8b1d59-9aec-4b99-8be8-b61edcccb660___JR_FrgE.S 8659.JPG,Apple___Black_rot,Black Rot,.jpg,RGB,256,256,2b0cea50b03773b83a81b5fb0bcebcc6,Apple_Frogeye Spot:::45
data\raw\apple\Apple___Black_rot\4b934731-815b-461f-a252-a02f198f91ab___JR_FrgE.S 3032.JPG,Apple___Black_rot,Black Rot,.jpg,RGB,256,256,d496ab0b62a879acf49746b78984e55d,Apple_Frogeye Spot:::26
data\raw\apple\Apple___Black_rot\4c42eeae-508c-4ccd-b2d8-b720808bc28c___JR_FrgE.S 3020.JPG,Apple___Black_rot,Black Rot,.jpg,RGB,256,256,392b21ae2bde17b553828547bfbed4c0,Apple_Frogeye Spot:::25
data\raw\apple\Apple___Black_rot\4ca16e52-bdfb-40c3-8407-77087fdfc786___JR_FrgE.S 2852.JPG,Apple___Black_rot,Black Rot,.jpg,RGB,256,256,8ae70b77072481867e8229fd6ca19632,Apple_Frogeye Spot:::10
data\raw\apple\Apple___Black_rot\4cdea367-e77f-4d29-a99c-23ec18260ee9___JR_FrgE.S 3066.JPG,Apple___Black_rot,Black Rot,.jpg,RGB,256,256,47aeb5d87429f0b2ca212d9c79be7d9d,Apple_Frogeye Spot:::29
data\raw\apple\Apple___Black_rot\4cf3a0f2-1758-44b1-862b-3aaf7b4705f1___JR_FrgE.S 2988.JPG,Apple___Black_rot,Black Rot,.jpg,RGB,256,256,07723f41aea79e79bbfc93257da1ea0d,Apple_Frogeye Spot:::22
data\raw\apple\Apple___Black_rot\4d79f0a2-0f8a-406b-84de-2c7e74027d6f___JR_FrgE.S 3061.JPG,Apple___Black_rot,Black Rot,.jpg,RGB,256,256,4bfea1c2e886039012b8d5c3ef7ce4ff,Apple_Frogeye Spot:::28
data\raw\apple\Apple___Black_rot\4dadb9f1-27b1-4d3c-8111-d1602febd585___JR_FrgE.S 8632.JPG,Apple___Black_rot,Black Rot,.jpg,RGB,256,256,5734c679964c0e50becbd561716e31d3,Apple_Frogeye Spot:::42
data\raw\apple\Apple___Black_rot\4db0765f-5928-4254-b935-e6fcbec9deeb___JR_FrgE.S 3062.JPG,Apple___Black_rot,Black Rot,.jpg,RGB,256,256,4cb722f61e56c4c605c0cd1a2083cb41,Apple_Frogeye Spot:::29
data\raw\apple\Apple___Black_rot\4db50338-6897-4d69-8147-717cae13879c___JR_FrgE.S 8645.JPG,Apple___Black_rot,Black Rot,.jpg,RGB,256,256,67d72b6dab552d50a6ae5a7a4aae643a,Apple_Frogeye Spot:::42
data\raw\apple\Apple___Black_rot\4e1c6d80-4ab3-4c4b-9b4d-ecd62293569c___JR_FrgE.S 2773.JPG,Apple___Black_rot,Black Rot,.jpg,RGB,256,256,5ed1211c66d7d327ba67d6b19f93a7cd,Apple_Frogeye Spot:::5
data\raw\apple\Apple___Black_rot\4e6311ab-8927-4147-9857-a669f2268cb1___JR_FrgE.S 8726.JPG,Apple___Black_rot,Black Rot,.jpg,RGB,256,256,e851a791904d4a83b1da22c7caefcb3d,Apple_Frogeye Spot:::56
data\raw\apple\Apple___Black_rot\4eeaca51-3ca2-4afe-884a-d65c2e31e452___JR_FrgE.S 3026.JPG,Apple___Black_rot,Black Rot,.jpg,RGB,256,256,1c20c1e67078c2fd42cebde3c8a9c9d2,Apple_Frogeye Spot:::25
data\raw\apple\Apple___Black_rot\4eeb04f2-38b3-49be-a5d0-1c35450d8953___JR_FrgE.S 8714.JPG,Apple___Black_rot,Black Rot,.jpg,RGB,256,256,6aeb895f45253c60397a7c7958b71b19,Apple_Frogeye Spot:::54
data\raw\apple\Apple___Black_rot\4ef8432c-0114-4c67-a5f0-a4935597dc68___JR_FrgE.S 8698.JPG,Apple___Black_rot,Black Rot,.jpg,RGB,256,256,61d1defb357193b33e259bf663d88d71,Apple_Frogeye Spot:::51
data\raw\apple\Apple___Black_rot\4f0b4e6f-49e8-4e53-8046-14723038601c___JR_FrgE.S 8575.JPG,Apple___Black_rot,Black Rot,.jpg,RGB,256,256,07ad2436b204cc5cb8197960d6cd9a2f,Apple_Frogeye Spot:::33
data\raw\apple\Apple___Black_rot\4f71c078-e0f6-4b05-a421-1b644f0e99a1___JR_FrgE.S 3016.JPG,Apple___Black_rot,Black Rot,.jpg,RGB,256,256,dcc28f55c35e03a42f0be6b8c37305e9,Apple_Frogeye Spot:::24
data\raw\apple\Apple___Black_rot\4f9a2639-beb2-4e4c-a62d-805792a50f4e___JR_FrgE.S 2944.JPG,Apple___Black_rot,Black Rot,.jpg,RGB,256,256,47d9f2e0a401739e84066e17ad3cee43,Apple_Frogeye Spot:::18
data\raw\apple\Apple___Black_rot\4fcfd5b0-e312-41f4-a8cf-16976b5882fd___JR_FrgE.S 8589.JPG,Apple___Black_rot,Black Rot,.jpg,RGB,256,256,8ae463a3851c34c9f040e5ffce197573,Apple_Frogeye Spot:::34
data\raw\apple\Apple___Black_rot\4fd1092b-5d44-420c-9ea1-b10dc775ecb9___JR_FrgE.S 2903.JPG,Apple___Black_rot,Black Rot,.jpg,RGB,256,256,d1e59a11fa74495caeb7020ec26749d0,Apple_Frogeye Spot:::14
data\raw\apple\Apple___Black_rot\50755673-3ea3-4e06-acbb-703413571a91___JR_FrgE.S 2879.JPG,Apple___Black_rot,Black Rot,.jpg,RGB,256,256,f46ba2855afa65a76708c3b87b9ba36e,Apple_Frogeye Spot:::12
data\raw\apple\Apple___Black_rot\507c6d2a-5fba-4f4c-9c44-9308f3ffdf69___JR_FrgE.S 3013.JPG,Apple___Black_rot,Black Rot,.jpg,RGB,256,256,6e67c6cdfd98a265e07984e0ca5f0f18,Apple_Frogeye Spot:::24
data\raw\apple\Apple___Black_rot\50afe8c7-d56e-4dd0-97b8-23a70ddca819___JR_FrgE.S 2750.JPG,Apple___Black_rot,Black Rot,.jpg,RGB,256,256,c76815317cf13e29241422e0749dda7a,Apple_Frogeye Spot:::3
data\raw\apple\Apple___Black_rot\50fa49cd-002e-4352-816e-c5df10dc5f3f___JR_FrgE.S 2950.JPG,Apple___Black_rot,Black Rot,.jpg,RGB,256,256,8ff7dd7908975e44e18cf6bca6389ef5,Apple_Frogeye Spot:::18
data\raw\apple\Apple___Black_rot\5103776c-7e16-467d-bc37-8995a8c1ea6f___JR_FrgE.S 2770.JPG,Apple___Black_rot,Black Rot,.jpg,RGB,256,256,955934bddcc55e68644571db23b238fd,Apple_Frogeye Spot:::4
data\raw\apple\Apple___Black_rot\51c1787e-4570-43dc-91c3-6ae72c98128a___JR_FrgE.S 8706.JPG,Apple___Black_rot,Black Rot,.jpg,RGB,256,256,626ee35f13ef9e5bfb98badb2942fc1a,Apple_Frogeye Spot:::52
data\raw\apple\Apple___Black_rot\51cda56c-a900-4f84-a576-8dde35b1231d___JR_FrgE.S 2863.JPG,Apple___Black_rot,Black Rot,.jpg,RGB,256,256,7be67b8efa01733ae3c068fbe99c1f79,Apple_Frogeye Spot:::11
data\raw\apple\Apple___Black_rot\51ce3f1d-8418-4b7e-b091-dec14143d0b7___JR_FrgE.S 8579.JPG,Apple___Black_rot,Black Rot,.jpg,RGB,256,256,1af7222834992a700ecd52d8ae1a41f0,Apple_Frogeye Spot:::34
data\raw\apple\Apple___Black_rot\51f4101a-e126-4e3f-a06d-67befea24921___JR_FrgE.S 2939.JPG,Apple___Black_rot,Black Rot,.jpg,RGB,256,256,bc4a54ab05d4a440c731edbf1efaaefa,Apple_Frogeye Spot:::17
data\raw\apple\Apple___Black_rot\52a259e0-e323-4655-84e5-4588cb1c8ed6___JR_FrgE.S 2758.JPG,Apple___Black_rot,Black Rot,.jpg,RGB,256,256,897b9d102d5cdb6e076fa5af659b3e57,Apple_Frogeye Spot:::4
data\raw\apple\Apple___Black_rot\52c66129-6303-4aa4-97e7-8f1c0d24c57a___JR_FrgE.S 2759.JPG,Apple___Black_rot,Black Rot,.jpg,RGB,256,256,55a691f9bf892db1c061fde57442ac5c,Apple_Frogeye Spot:::4
data\raw\apple\Apple___Black_rot\52d8da3b-5d74-43ba-b527-bc8fc6b5387b___JR_FrgE.S 2797.JPG,Apple___Black_rot,Black Rot,.jpg,RGB,256,256,139f08ae75242c3b40093746e97a7715,Apple_Frogeye Spot:::7
data\raw\apple\Apple___Black_rot\531e6670-eebf-48ac-a34c-53ea8db7d047___JR_FrgE.S 8571.JPG,Apple___Black_rot,Black Rot,.jpg,RGB,256,256,6fb1543a60238c5edd2e96d224e499ce,Apple_Frogeye Spot:::32
data\raw\apple\Apple___Black_rot\5386aabe-1e7f-4688-ac5e-ade0e91318d4___JR_FrgE.S 8638.JPG,Apple___Black_rot,Black Rot,.jpg,RGB,256,256,403d980e66ee385df5361befd3c1b7ea,Apple_Frogeye Spot:::41
data\raw\apple\Apple___Black_rot\538ae10f-3137-4050-86f1-7439bc80e364___JR_FrgE.S 2766.JPG,Apple___Black_rot,Black Rot,.jpg,RGB,256,256,36747976156f4a2bbbdbf2e918a336b8,Apple_Frogeye Spot:::4
data\raw\apple\Apple___Black_rot\53c066d8-f232-4312-bc1b-dd831ba73784___JR_FrgE.S 3065.JPG,Apple___Black_rot,Black Rot,.jpg,RGB,256,256,42ba7ca5e26fc770218889ff47cf6a92,Apple_Frogeye Spot:::29
data\raw\apple\Apple___Black_rot\5412de7d-df5d-4a05-be4b-e108811c4a3e___JR_FrgE.S 2820.JPG,Apple___Black_rot,Black Rot,.jpg,RGB,256,256,e2f0c3adc69d2028a6e2928b818e63c5,Apple_Frogeye Spot:::8
data\raw\apple\Apple___Black_rot\5435d1b3-2138-47ca-aca4-23cac9d1bb43___JR_FrgE.S 2779.JPG,Apple___Black_rot,Black Rot,.jpg,RGB,256,256,e1b5f1c1f9b52756b53ddade985701d8,Apple_Frogeye Spot:::5
data\raw\apple\Apple___Black_rot\554089f3-ff67-45ff-9d9a-b0aba573df6a___JR_FrgE.S 2730.JPG,Apple___Black_rot,Black Rot,.jpg,RGB,256,256,85bbc03ef951247ff4fda93d31f916ae,Apple_Frogeye Spot:::1
data\raw\apple\Apple___Black_rot\559b0b4a-085d-46e6-b924-fce94fb8c375___JR_FrgE.S 2781.JPG,Apple___Black_rot,Black Rot,.jpg,RGB,256,256,8da86865cbcf226105fb922003a667d3,Apple_Frogeye Spot:::5
data\raw\apple\Apple___Black_rot\55a48eef-2f73-458f-ab98-7d5110a4ea1b___JR_FrgE.S 2821.JPG,Apple___Black_rot,Black Rot,.jpg,RGB,256,256,0e278cd5a6fb794fb36ee3b2cb73b2eb,Apple_Frogeye Spot:::8
data\raw\apple\Apple___Black_rot\56356abd-6e83-4bca-90ef-89cb6e68ea85___JR_FrgE.S 2786.JPG,Apple___Black_rot,Black Rot,.jpg,RGB,256,256,dcfdd06aec604c72e3b78625d92949f7,Apple_Frogeye Spot:::6
data\raw\apple\Apple___Black_rot\56473ed3-436d-4ee1-842a-02bc4fba12e7___JR_FrgE.S 2847.JPG,Apple___Black_rot,Black Rot,.jpg,RGB,256,256,9f79b55cf40daeceeafc36fa81b171b3,Apple_Frogeye Spot:::9
data\raw\apple\Apple___Black_rot\56aa2b6a-6a51-4755-b314-0e9486c53075___JR_FrgE.S 8736.JPG,Apple___Black_rot,Black Rot,.jpg,RGB,256,256,cd0820bbb7edde43e171d0ae6f59c9b5,Apple_Frogeye Spot:::57
data\raw\apple\Apple___Black_rot\56bb2954-b463-4557-a438-594e09783513___JR_FrgE.S 8577.JPG,Apple___Black_rot,Black Rot,.jpg,RGB,256,256,4ac9c7ba0a02421192b9576014f8786b,Apple_Frogeye Spot:::33
data\raw\apple\Apple___Black_rot\56d05ee6-f6d5-4c34-838e-4ff2c0592d5d___JR_FrgE.S 2822.JPG,Apple___Black_rot,Black Rot,.jpg,RGB,256,256,974af74b20243dbe0ed7bb9a8e28d490,Apple_Frogeye Spot:::8
data\raw\apple\Apple___Black_rot\56d4cd7c-cb82-4944-b8a6-78ad6502b339___JR_FrgE.S 2955.JPG,Apple___Black_rot,Black Rot,.jpg,RGB,256,256,8ab06665643d5c43d8cba56b8f352928,Apple_Frogeye Spot:::18
data\raw\apple\Apple___Black_rot\57cbfc0a-6720-4672-bda8-e9ad59c0fefc___JR_FrgE.S 8651.JPG,Apple___Black_rot,Black Rot,.jpg,RGB,256,256,daa34bd414b13e29364423064ac6cd74,Apple_Frogeye Spot:::43
data\raw\apple\Apple___Black_rot\58053fa6-04df-4c96-901e-924bdbcaaf1e___JR_FrgE.S 8774.JPG,Apple___Black_rot,Black Rot,.jpg,RGB,256,256,2811ca9eb5a3ed73f1bbb2be627610af,Apple_Frogeye Spot:::64
data\raw\apple\Apple___Black_rot\58c65e96-71e6-4176-bf47-24b529fa3aa6___JR_FrgE.S 8716.JPG,Apple___Black_rot,Black Rot,.jpg,RGB,256,256,be34edcfdb2e834ddc8278840a0e5761,Apple_Frogeye Spot:::54
data\raw\apple\Apple___Black_rot\58da5350-ae11-490e-9c28-7b52970331f4___JR_FrgE.S 8616.JPG,Apple___Black_rot,Black Rot,.jpg,RGB,256,256,ca2449c039e736bed91d89852d2c1d9e,Apple_Frogeye Spot:::39
data\raw\apple\Apple___Black_rot\58ebc44b-c9b7-441b-9aa1-bfcc1b90e21e___JR_FrgE.S 8582.JPG,Apple___Black_rot,Black Rot,.jpg,RGB,256,256,500893ff8ada6988e36aa6f799ab3551,Apple_Frogeye Spot:::34
data\raw\apple\Apple___Black_rot\5979896a-3aaa-4e0c-8b74-cfeda37cb166___JR_FrgE.S 2739.JPG,Apple___Black_rot,Black Rot,.jpg,RGB,256,256,b17ba88941206d56578d4578d2419a2d,Apple_Frogeye Spot:::2
data\raw\apple\Apple___Black_rot\5984db18-75d7-4c3a-be4b-74c3c0351887___JR_FrgE.S 8685.JPG,Apple___Black_rot,Black Rot,.jpg,RGB,256,256,ac4c6a8b60b70ba74d5e03216b9452e9,Apple_Frogeye Spot:::49
data\raw\apple\Apple___Black_rot\59bc1959-6712-4eeb-a58d-ab564851a8f5___JR_FrgE.S 8731.JPG,Apple___Black_rot,Black Rot,.jpg,RGB,256,256,9e000d24843cba08b0681a1a35cf00dc,Apple_Frogeye Spot:::57
data\raw\apple\Apple___Black_rot\59cb2470-1e5e-4828-90f2-a22dacbb0fd6___JR_FrgE.S 8594.JPG,Apple___Black_rot,Black Rot,.jpg,RGB,256,256,9eea154db029e9aa0c6be92a0a0b178d,Apple_Frogeye Spot:::35
data\raw\apple\Apple___Black_rot\5a41cc86-178f-488e-9d96-e63291247737___JR_FrgE.S 2984.JPG,Apple___Black_rot,Black Rot,.jpg,RGB,256,256,38f58b2513f45679e3035a29cfebd64f,Apple_Frogeye Spot:::21
data\raw\apple\Apple___Black_rot\5a7cfbae-2b00-4f16-b1e9-eacd813a5378___JR_FrgE.S 2783.JPG,Apple___Black_rot,Black Rot,.jpg,RGB,256,256,385826492b5a258d353dc1fa6aa44ea2,Apple_Frogeye Spot:::6
data\raw\apple\Apple___Black_rot\5ac53fe2-9869-498b-b13c-fe8b3a5933b1___JR_FrgE.S 8678.JPG,Apple___Black_rot,Black Rot,.jpg,RGB,256,256,3ff493d0dd637f0f89628254f486fa61,Apple_Frogeye Spot:::48
data\raw\apple\Apple___Black_rot\5b5a11ac-da33-4eb4-b0a3-2ef746f744f4___JR_FrgE.S 8576.JPG,Apple___Black_rot,Black Rot,.jpg,RGB,256,256,bdd7665c2542e6951693f6787ea68938,Apple_Frogeye Spot:::33
data\raw\apple\Apple___Black_rot\5b9c8470-c6dc-4b79-b191-9dd6c82309c8___JR_FrgE.S 8580.JPG,Apple___Black_rot,Black Rot,.jpg,RGB,256,256,357307b9be2a609e015058d0ee7e846b,Apple_Frogeye Spot:::34
data\raw\apple\Apple___Black_rot\5c395ddb-11d6-40eb-8049-98c98cc4ec96___JR_FrgE.S 2928.JPG,Apple___Black_rot,Black Rot,.jpg,RGB,256,256,43a97d792c7890f034bada5b74477bb0,Apple_Frogeye Spot:::16
data\raw\apple\Apple___Black_rot\5c65f741-4418-4e2d-b93e-b899d6244b11___JR_FrgE.S 8769.JPG,Apple___Black_rot,Black Rot,.jpg,RGB,256,256,0a8fb6466f64f045ff420ebb2f18ba25,Apple_Frogeye Spot:::63
data\raw\apple\Apple___Black_rot\5c857785-58d0-4e74-8fff-dce904538692___JR_FrgE.S 2790.JPG,Apple___Black_rot,Black Rot,.jpg,RGB,256,256,ccaacad3449d6e261d910aa4fca1de81,Apple_Frogeye Spot:::6
data\raw\apple\Apple___Black_rot\5d1c501f-ce9a-4538-ac05-bda251444cba___JR_FrgE.S 3035.JPG,Apple___Black_rot,Black Rot,.jpg,RGB,256,256,3272528231511a79e031524347172990,Apple_Frogeye Spot:::26
data\raw\apple\Apple___Black_rot\5d35cca0-8f51-4cfc-945a-1bd10fd62002___JR_FrgE.S 2966.JPG,Apple___Black_rot,Black Rot,.jpg,RGB,256,256,8b8907f3536571311de9a6f8ad7ad51c,Apple_Frogeye Spot:::19
data\raw\apple\Apple___Black_rot\5db69c6b-f9c9-4a3f-b47a-ca6449023bdd___JR_FrgE.S 2757.JPG,Apple___Black_rot,Black Rot,.jpg,RGB,256,256,508e78f48585f20c6ebb837df670c338,Apple_Frogeye Spot:::4
data\raw\apple\Apple___Black_rot\5dea1611-b335-47f7-aa30-e6856f668c80___JR_FrgE.S 2968.JPG,Apple___Black_rot,Black Rot,.jpg,RGB,256,256,36c777f87b4f298f108caa5732656527,Apple_Frogeye Spot:::19
data\raw\apple\Apple___Black_rot\5e917525-fa2f-473b-bed0-cd45b77f2388___JR_FrgE.S 2816.JPG,Apple___Black_rot,Black Rot,.jpg,RGB,256,256,a8f0adb305d021b6b9fdf9e32d2de384,Apple_Frogeye Spot:::8
data\raw\apple\Apple___Black_rot\5f569320-f84c-4a08-b414-1fd93f7e382b___JR_FrgE.S 8661.JPG,Apple___Black_rot,Black Rot,.jpg,RGB,256,256,dd57a43a6c4588bd4a4f7e05978a9ac5,Apple_Frogeye Spot:::45
data\raw\apple\Apple___Black_rot\60a8b7ad-7039-4c35-82da-ad011a1e856e___JR_FrgE.S 2805.JPG,Apple___Black_rot,Black Rot,.jpg,RGB,256,256,5bac5acd46bf51e46335e6be21a25161,Apple_Frogeye Spot:::7
data\raw\apple\Apple___Black_rot\60dec11d-0e49-4bb4-b7ce-ecf90f8ac028___JR_FrgE.S 3042.JPG,Apple___Black_rot,Black Rot,.jpg,RGB,256,256,8a405adfb1553e90c9e2c67266b85d59,Apple_Frogeye Spot:::27
data\raw\apple\Apple___Black_rot\60e1b273-cedb-4003-a197-014832ed51fa___JR_FrgE.S 8684.JPG,Apple___Black_rot,Black Rot,.jpg,RGB,256,256,7c2f199746ba9d07ca2dc4856b91f891,Apple_Frogeye Spot:::49
data\raw\apple\Apple___Black_rot\62cc4916-2674-472e-a48c-0ce986aa85e3___JR_FrgE.S 8793.JPG,Apple___Black_rot,Black Rot,.jpg,RGB,256,256,8eb8f18312fa5ffa86ec7500f4fd4f6d,Apple_Frogeye Spot:::67
data\raw\apple\Apple___Black_rot\62da4031-70ae-4d8b-8beb-c5dc7b9b12f0___JR_FrgE.S 2832.JPG,Apple___Black_rot,Black Rot,.jpg,RGB,256,256,e2a2a460654305cff73cc60ae595f289,Apple_Frogeye Spot:::8
data\raw\apple\Apple___Black_rot\6330666e-a1cc-48c5-8e60-64cdf531c294___JR_FrgE.S 8795.JPG,Apple___Black_rot,Black Rot,.jpg,RGB,256,256,8c69efb80efcba58c802d953b9fd0a94,Apple_Frogeye Spot:::67
data\raw\apple\Apple___Black_rot\6383ae21-b6d0-4b70-bc85-ba2640aa7af2___JR_FrgE.S 8754.JPG,Apple___Black_rot,Black Rot,.jpg,RGB,256,256,fcc2f99462a05dab6c49d099610dcc7a,Apple_Frogeye Spot:::60
data\raw\apple\Apple___Black_rot\64577b36-9701-43be-a559-10f787f2d185___JR_FrgE.S 8611.JPG,Apple___Black_rot,Black Rot,.jpg,RGB,256,256,0bf1ddff26d6970faecc593e83d667e6,Apple_Frogeye Spot:::39
data\raw\apple\Apple___Black_rot\64b3612f-e972-44c5-8ef0-c9ac194c34a9___JR_FrgE.S 8623.JPG,Apple___Black_rot,Black Rot,.jpg,RGB,256,256,0e38c671e7b968f30de45b5804e34798,Apple_Frogeye Spot:::41
data\raw\apple\Apple___Black_rot\64d43490-e345-4690-8232-071bf0174895___JR_FrgE.S 3031.JPG,Apple___Black_rot,Black Rot,.jpg,RGB,256,256,8ba3c94530b65a14ddc68ec72552794a,Apple_Frogeye Spot:::26
data\raw\apple\Apple___Black_rot\65e6c212-6363-4ba2-8245-52c5266efad0___JR_FrgE.S 8625.JPG,Apple___Black_rot,Black Rot,.jpg,RGB,256,256,3edf857a3684d1d685a0af896a5b9392,Apple_Frogeye Spot:::41
data\raw\apple\Apple___Black_rot\661a0919-e47a-4fcb-a815-d6ba84c17d93___JR_FrgE.S 2864.JPG,Apple___Black_rot,Black Rot,.jpg,RGB,256,256,39804e0e4af946b489faacbbd33934f4,Apple_Frogeye Spot:::11
data\raw\apple\Apple___Black_rot\668dfffb-b15e-4226-92fb-d7a2795821e0___JR_FrgE.S 2794.JPG,Apple___Black_rot,Black Rot,.jpg,RGB,256,256,7ebe61faef1c7cdeae0411d108fdee51,Apple_Frogeye Spot:::7
data\raw\apple\Apple___Black_rot\67281292-f15a-4157-b531-395f3844e6ce___JR_FrgE.S 2792.JPG,Apple___Black_rot,Black Rot,.jpg,RGB,256,256,37e88a7785d8a90bf9f261fef3738dad,Apple_Frogeye Spot:::6
data\raw\apple\Apple___Black_rot\67a17e09-3409-4515-bde6-cb739d679f64___JR_FrgE.S 8708.JPG,Apple___Black_rot,Black Rot,.jpg,RGB,256,256,7cf5dfcdac4c0dbc68ae920211bbbdb0,Apple_Frogeye Spot:::52
data\raw\apple\Apple___Black_rot\68566f26-8158-4fd5-9c5f-0a29eec5225a___JR_FrgE.S 8746.JPG,Apple___Black_rot,Black Rot,.jpg,RGB,256,256,4060485fd43c65f9ff06c67389c0cf7e,Apple_Frogeye Spot:::59
data\raw\apple\Apple___Black_rot\6923c419-55d4-4f33-91aa-9ecfb860d72d___JR_FrgE.S 8763.JPG,Apple___Black_rot,Black Rot,.jpg,RGB,256,256,f7c65d36614d705f8ddfb70a40cca7cc,Apple_Frogeye Spot:::62
data\raw\apple\Apple___Black_rot\6941b868-48df-4f58-9b34-4bc9d9e82867___JR_FrgE.S 8668.JPG,Apple___Black_rot,Black Rot,.jpg,RGB,256,256,2eb33a60c3ce52aaa2304c86b7c90fe0,Apple_Frogeye Spot:::46
data\raw\apple\Apple___Black_rot\6af653b0-6a01-458c-bb17-5ee1b76115f4___JR_FrgE.S 2753.JPG,Apple___Black_rot,Black Rot,.jpg,RGB,256,256,1f35deb17d95faca349efa1c7e1e953c,Apple_Frogeye Spot:::3
data\raw\apple\Apple___Black_rot\6af96fb3-002f-48b3-a2e8-fb5cf30dfa63___JR_FrgE.S 2998.JPG,Apple___Black_rot,Black Rot,.jpg,RGB,256,256,91f0e0710a43c1a581aa22020bcba404,Apple_Frogeye Spot:::23
data\raw\apple\Apple___Black_rot\6b078700-56e6-4d25-a18a-b7b90741a2d3___JR_FrgE.S 2963.JPG,Apple___Black_rot,Black Rot,.jpg,RGB,256,256,f61ea863d5349fca3e791ab38b74bebc,Apple_Frogeye Spot:::19
data\raw\apple\Apple___Black_rot\6b2b70e7-1dd3-40a0-a2d3-89d84a3e6698___JR_FrgE.S 2956.JPG,Apple___Black_rot,Black Rot,.jpg,RGB,256,256,d9f4e1457cc974c4c0bbb480957033f9,Apple_Frogeye Spot:::18
data\raw\apple\Apple___Black_rot\6bda7e61-7fff-42d8-b7f4-e304adde45b8___JR_FrgE.S 2954.JPG,Apple___Black_rot,Black Rot,.jpg,RGB,256,256,b88f499998b6e1936b715d93c6df81c5,Apple_Frogeye Spot:::18
data\raw\apple\Apple___Black_rot\6c213dbb-aa21-4334-a773-8dc69f4421d2___JR_FrgE.S 2909.JPG,Apple___Black_rot,Black Rot,.jpg,RGB,256,256,2926169a55e56d2f9eea23ae8d1cf2cd,Apple_Frogeye Spot:::15
data\raw\apple\Apple___Black_rot\6c38e74e-6926-45f1-a1cf-c974d49491e4___JR_FrgE.S 3076.JPG,Apple___Black_rot,Black Rot,.jpg,RGB,256,256,ae135e44be20db8f728c7a2da1210e55,Apple_Frogeye Spot:::30
data\raw\apple\Apple___Black_rot\6ca0d950-03b6-4d1f-a4a2-562ca529cad3___JR_FrgE.S 8660.JPG,Apple___Black_rot,Black Rot,.jpg,RGB,256,256,db2730297e32b606fc274ec04651a0e2,Apple_Frogeye Spot:::45
data\raw\apple\Apple___Black_rot\6cb50cab-0f02-4a52-a98f-17c096a6b79f___JR_FrgE.S 8637.JPG,Apple___Black_rot,Black Rot,.jpg,RGB,256,256,17a737d035419fe85aacb064ce8d981e,Apple_Frogeye Spot:::41
data\raw\apple\Apple___Black_rot\6cc6804c-7b02-42a5-86ae-92add86eb89d___JR_FrgE.S 2825.JPG,Apple___Black_rot,Black Rot,.jpg,RGB,256,256,7394b3d2b6153e514e060408a1c121fb,Apple_Frogeye Spot:::8
data\raw\apple\Apple___Black_rot\6ce1eb43-e41c-4eb0-9440-db5a955ab7b6___JR_FrgE.S 2919.JPG,Apple___Black_rot,Black Rot,.jpg,RGB,256,256,bfb1987778acaef9827314c885c7b477,Apple_Frogeye Spot:::15
data\raw\apple\Apple___Black_rot\6df2fa87-ba57-4627-ae8f-cba5f080e9cd___JR_FrgE.S 3049.JPG,Apple___Black_rot,Black Rot,.jpg,RGB,256,256,0fc5b050e3c7b5beb3eb1634aa492c2c,Apple_Frogeye Spot:::28
data\raw\apple\Apple___Black_rot\6dfd829f-aca0-459d-aa67-ed4636a66033___JR_FrgE.S 8653.JPG,Apple___Black_rot,Black Rot,.jpg,RGB,256,256,458122be441de201fcb538eca9547485,Apple_Frogeye Spot:::44
data\raw\apple\Apple___Black_rot\6e21042a-928f-4e40-81bf-3a103ff52765___JR_FrgE.S 2938.JPG,Apple___Black_rot,Black Rot,.jpg,RGB,256,256,83fa2474f5635d278e8a6d10a1188a5e,Apple_Frogeye Spot:::17
data\raw\apple\Apple___Black_rot\6e6ba2b7-f2dd-4e99-816a-0e0b8dd6d6bf___JR_FrgE.S 2762.JPG,Apple___Black_rot,Black Rot,.jpg,RGB,256,256,de5b0781c82becb2ae27d712e56b7652,Apple_Frogeye Spot:::4
data\raw\apple\Apple___Black_rot\6f38c615-281d-4bf5-8d92-7c02d3ef9e1b___JR_FrgE.S 8753.JPG,Apple___Black_rot,Black Rot,.jpg,RGB,256,256,e7246f33cc18fe49b619c0a601132150,Apple_Frogeye Spot:::60
data\raw\apple\Apple___Black_rot\70186489-b6ea-477c-8893-d6915b7d5490___JR_FrgE.S 2974.JPG,Apple___Black_rot,Black Rot,.jpg,RGB,256,256,45f6b20d2c5f2fca315fc8881144319d,Apple_Frogeye Spot:::20
data\raw\apple\Apple___Black_rot\70336f72-8835-40a2-8635-22b60104c19a___JR_FrgE.S 8656.JPG,Apple___Black_rot,Black Rot,.jpg,RGB,256,256,1ad99db19a7ae86567047c4660d21de1,Apple_Frogeye Spot:::44
data\raw\apple\Apple___Black_rot\70ba699d-a8aa-494a-889f-fd7e54a723be___JR_FrgE.S 2760.JPG,Apple___Black_rot,Black Rot,.jpg,RGB,256,256,ff95abc2c6c745b29fd21e106a2315a0,Apple_Frogeye Spot:::4
data\raw\apple\Apple___Black_rot\717c4f62-f05f-4345-a5d7-3b34f3a2efb6___JR_FrgE.S 2836.JPG,Apple___Black_rot,Black Rot,.jpg,RGB,256,256,eca7b77ff3bd0b171f00f949ba58801a,Apple_Frogeye Spot:::9
data\raw\apple\Apple___Black_rot\719f24ab-9127-4a77-9f7e-7b47acb9f977___JR_FrgE.S 8802.JPG,Apple___Black_rot,Black Rot,.jpg,RGB,256,256,8bbd583267b8fef8e66bc545f1b4b58b,Apple_Frogeye Spot:::69
data\raw\apple\Apple___Black_rot\723e8edc-3701-4ba1-bda2-7e0ebd535797___JR_FrgE.S 2837.JPG,Apple___Black_rot,Black Rot,.jpg,RGB,256,256,3e81dbfa72f05ba2e9db0f6478ae429a,Apple_Frogeye Spot:::9
data\raw\apple\Apple___Black_rot\727f3a92-f43b-4388-84ff-3865ee745b42___JR_FrgE.S 3000.JPG,Apple___Black_rot,Black Rot,.jpg,RGB,256,256,7e5e98fbcede3e1a1cb5e98d03236a10,Apple_Frogeye Spot:::23
data\raw\apple\Apple___Black_rot\72fb58a6-e08c-4192-8c00-f5f5916c7ff8___JR_FrgE.S 8596.JPG,Apple___Black_rot,Black Rot,.jpg,RGB,256,256,f83e7a29a90fbfbe3fad2e4dd759a853,Apple_Frogeye Spot:::36
data\raw\apple\Apple___Black_rot\7375bf36-7a8e-4fc5-8ee8-0bee7bfb3574___JR_FrgE.S 2874.JPG,Apple___Black_rot,Black Rot,.jpg,RGB,256,256,8cb6057550bf554c0a5ac1d10c253b29,Apple_Frogeye Spot:::12
data\raw\apple\Apple___Black_rot\7389e6f0-9d77-41fd-b58c-e7d80c659ab6___JR_FrgE.S 8773.JPG,Apple___Black_rot,Black Rot,.jpg,RGB,256,256,44d1776e7fa97fb7dfd4829696426ebb,Apple_Frogeye Spot:::63
data\raw\apple\Apple___Black_rot\73a2cc6f-1383-4f70-bda6-02f4c0944ee5___JR_FrgE.S 8692.JPG,Apple___Black_rot,Black Rot,.jpg,RGB,256,256,637b2a622010dc29a5388027f704ac0f,Apple_Frogeye Spot:::50
data\raw\apple\Apple___Black_rot\73b7ad12-02d0-4775-8f51-c7d404177132___JR_FrgE.S 2969.JPG,Apple___Black_rot,Black Rot,.jpg,RGB,256,256,4736bbdb96aa8eedf1869cd5fdb4d229,Apple_Frogeye Spot:::20
data\raw\apple\Apple___Black_rot\73c50901-aab5-4f70-bf2a-5d1b9d235260___JR_FrgE.S 2798.JPG,Apple___Black_rot,Black Rot,.jpg,RGB,256,256,e5b0a9181515f0736f7b7419f760078b,Apple_Frogeye Spot:::7
data\raw\apple\Apple___Black_rot\73fcc7b8-b884-45ef-a52f-6ed6b2f93c27___JR_FrgE.S 8642.JPG,Apple___Black_rot,Black Rot,.jpg,RGB,256,256,bc733861297bfb3227768ea20ab164ff,Apple_Frogeye Spot:::42
data\raw\apple\Apple___Black_rot\74276bec-59f3-4bb6-b739-0b6ed819288c___JR_FrgE.S 2925.JPG,Apple___Black_rot,Black Rot,.jpg,RGB,256,256,4a5b4104b03bdbbcb32acc6ab43c408c,Apple_Frogeye Spot:::16
data\raw\apple\Apple___Black_rot\74dfd7d6-e78e-47d9-8530-35acab5cd01f___JR_FrgE.S 3027.JPG,Apple___Black_rot,Black Rot,.jpg,RGB,256,256,100b74868ce83d57ec4ed8866b03603b,Apple_Frogeye Spot:::26
data\raw\apple\Apple___Black_rot\7504315d-b8fb-4b7d-a293-2e224968ab30___JR_FrgE.S 8697.JPG,Apple___Black_rot,Black Rot,.jpg,RGB,256,256,2ebcb5045aa1d771292e596579207109,Apple_Frogeye Spot:::51
data\raw\apple\Apple___Black_rot\7530c184-6aa8-40fa-9f8d-7e5f0b3e5a7e___JR_FrgE.S 3045.JPG,Apple___Black_rot,Black Rot,.jpg,RGB,256,256,cc9a1d5ef28528db075d17ea7d84a18d,Apple_Frogeye Spot:::27
data\raw\apple\Apple___Black_rot\7558e6ff-8441-4ed8-b881-54288ab95441___JR_FrgE.S 2920.JPG,Apple___Black_rot,Black Rot,.jpg,RGB,256,256,23654e64529e659fedcdff06a62a3598,Apple_Frogeye Spot:::15
data\raw\apple\Apple___Black_rot\75e9b8ed-e579-469c-96ec-d964fc7d4d90___JR_FrgE.S 8581.JPG,Apple___Black_rot,Black Rot,.jpg,RGB,256,256,037fd43913592cd2f711875315820de2,Apple_Frogeye Spot:::34
data\raw\apple\Apple___Black_rot\760ef647-ba10-4477-a388-105182a0c0e2___JR_FrgE.S 2895.JPG,Apple___Black_rot,Black Rot,.jpg,RGB,256,256,327b1842be814ee778f9b14aa90cb2f5,Apple_Frogeye Spot:::14
data\raw\apple\Apple___Black_rot\769283e3-f7ec-4e62-b907-4b22d1bda1ea___JR_FrgE.S 8618.JPG,Apple___Black_rot,Black Rot,.jpg,RGB,256,256,95c75d27fdf2bb1e97bd6826c9894147,Apple_Frogeye Spot:::40
data\raw\apple\Apple___Black_rot\777543a0-d23f-4e13-904d-d4a19fbed594___JR_FrgE.S 8643.JPG,Apple___Black_rot,Black Rot,.jpg,RGB,256,256,90bb6ede60f67f809e54a5930aa96144,Apple_Frogeye Spot:::42
data\raw\apple\Apple___Black_rot\77843368-1495-4113-b865-83e381f0641e___JR_FrgE.S 8791.JPG,Apple___Black_rot,Black Rot,.jpg,RGB,256,256,6a999f20038db0a377146277ed2ce9ec,Apple_Frogeye Spot:::67
data\raw\apple\Apple___Black_rot\788885e1-18b4-44a0-af85-226e66265220___JR_FrgE.S 8574.JPG,Apple___Black_rot,Black Rot,.jpg,RGB,256,256,42e80533ceb3964d65c9245bd5143a92,Apple_Frogeye Spot:::33
data\raw\apple\Apple___Black_rot\789c7185-b853-4638-b621-03ee71ce0c7e___JR_FrgE.S 8641.JPG,Apple___Black_rot,Black Rot,.jpg,RGB,256,256,a68f93e70769bcbb3daee8971e45e9f9,Apple_Frogeye Spot:::42
data\raw\apple\Apple___Black_rot\78c153fc-2118-4a91-8b39-3a0c92091097___JR_FrgE.S 3069.JPG,Apple___Black_rot,Black Rot,.jpg,RGB,256,256,885bcc7469376cad78201c92321d1639,Apple_Frogeye Spot:::29
data\raw\apple\Apple___Black_rot\78d063f1-e38a-414f-85f1-72cbf3dbe229___JR_FrgE.S 2884.JPG,Apple___Black_rot,Black Rot,.jpg,RGB,256,256,d328f36d148ae7f62cd0f1d95930192d,Apple_Frogeye Spot:::12
data\raw\apple\Apple___Black_rot\7a081a31-bbfa-4a43-8579-3353f6672f76___JR_FrgE.S 2861.JPG,Apple___Black_rot,Black Rot,.jpg,RGB,256,256,1366bc644c1cdd58d1bf8eb7ae53cfd3,Apple_Frogeye Spot:::11
data\raw\apple\Apple___Black_rot\7add2958-0ee2-42e3-a99f-4b7a8e51db04___JR_FrgE.S 8745.JPG,Apple___Black_rot,Black Rot,.jpg,RGB,256,256,fb028f6b63c9c0e53e066a121b301f9d,Apple_Frogeye Spot:::59
data\raw\apple\Apple___Black_rot\7add2e39-6555-4d52-ad02-b1bb061db8e7___JR_FrgE.S 3039.JPG,Apple___Black_rot,Black Rot,.jpg,RGB,256,256,1e0330923f2856a1536e1ce966864c9e,Apple_Frogeye Spot:::27
data\raw\apple\Apple___Black_rot\7b417a00-eed4-4192-9ab1-709859e6556a___JR_FrgE.S 8650.JPG,Apple___Black_rot,Black Rot,.jpg,RGB,256,256,733a408a809231629be0058c117d4119,Apple_Frogeye Spot:::43
data\raw\apple\Apple___Black_rot\7b4b37d4-fec6-4e52-8c88-a6e1e69aeeb2___JR_FrgE.S 8588.JPG,Apple___Black_rot,Black Rot,.jpg,RGB,256,256,08db19e24f3250e1a12dc472a6a05aa2,Apple_Frogeye Spot:::34
data\raw\apple\Apple___Black_rot\7c08d160-a5ef-4142-b743-8e484c95d8b8___JR_FrgE.S 2815.JPG,Apple___Black_rot,Black Rot,.jpg,RGB,256,256,c6911376b52b6f8aec23784deae05175,Apple_Frogeye Spot:::8
data\raw\apple\Apple___Black_rot\7c6d3ea5-7af7-411b-982d-8054c545818e___JR_FrgE.S 3009.JPG,Apple___Black_rot,Black Rot,.jpg,RGB,256,256,74ada0bff5e30177a51d0af15ed4e936,Apple_Frogeye Spot:::24
data\raw\apple\Apple___Black_rot\7c9765f6-d792-4621-a01e-0a1b4e550ada___JR_FrgE.S 2862.JPG,Apple___Black_rot,Black Rot,.jpg,RGB,256,256,89898c3533571b784a54f2593b3dcefc,Apple_Frogeye Spot:::11
data\raw\apple\Apple___Black_rot\7d0776a1-7aba-4923-93b5-7ec629ca108b___JR_FrgE.S 2902.JPG,Apple___Black_rot,Black Rot,.jpg,RGB,256,256,272cd6f440a5850723923bdfe5f92ae7,Apple_Frogeye Spot:::14
data\raw\apple\Apple___Black_rot\7d0d902e-524f-48da-9eee-41642cc78aef___JR_FrgE.S 2911.JPG,Apple___Black_rot,Black Rot,.jpg,RGB,256,256,09c21f45d8fcf6b39b7eb81b092d3817,Apple_Frogeye Spot:::15
data\raw\apple\Apple___Black_rot\7d2062c0-076d-4b98-b9f4-681f9b728cd9___JR_FrgE.S 8633.JPG,Apple___Black_rot,Black Rot,.jpg,RGB,256,256,ea18258a8daa65e0a8fb991c175cc7f7,Apple_Frogeye Spot:::42
data\raw\apple\Apple___Black_rot\7dd50c96-8c45-4a38-bb17-e382cd5a3578___JR_FrgE.S 2829.JPG,Apple___Black_rot,Black Rot,.jpg,RGB,256,256,14cdc36fa58517119dd0ca64dc1178e0,Apple_Frogeye Spot:::8
data\raw\apple\Apple___Black_rot\7e008f42-c268-4ca8-9acc-4682019ba060___JR_FrgE.S 8600.JPG,Apple___Black_rot,Black Rot,.jpg,RGB,256,256,1f1825f40a03ec638582c6cfcda744ab,Apple_Frogeye Spot:::37
data\raw\apple\Apple___Black_rot\7e56a062-a114-49ac-b029-292e4f0a68ff___JR_FrgE.S 8783.JPG,Apple___Black_rot,Black Rot,.jpg,RGB,256,256,c68095f2c3baa302be8e549d88834d11,Apple_Frogeye Spot:::65
data\raw\apple\Apple___Black_rot\7e9d57ad-9e61-49f8-841c-c49b8aa1c1e1___JR_FrgE.S 8786.JPG,Apple___Black_rot,Black Rot,.jpg,RGB,256,256,12a43e0f313cbb092961f49c1886d808,Apple_Frogeye Spot:::66
data\raw\apple\Apple___Black_rot\7eee2c9b-285a-411a-950b-7cd5547a9440___JR_FrgE.S 3028.JPG,Apple___Black_rot,Black Rot,.jpg,RGB,256,256,45205a940d7ebb77aa2da764f70ebb5c,Apple_Frogeye Spot:::26
data\raw\apple\Apple___Black_rot\7f11ba2d-0894-4240-9d41-b0e131d8e711___JR_FrgE.S 2731.JPG,Apple___Black_rot,Black Rot,.jpg,RGB,256,256,83b1ef0b4c3bdc6babcbacf979df7566,Apple_Frogeye Spot:::1
data\raw\apple\Apple___Black_rot\7f1f4f8b-86cc-4cc5-bb70-8b1653cea8ae___JR_FrgE.S 8649.JPG,Apple___Black_rot,Black Rot,.jpg,RGB,256,256,a99571423290c844ca507f4b20c69403,Apple_Frogeye Spot:::43
data\raw\apple\Apple___Black_rot\7f421e23-fede-4111-b6ab-cca2474f7d0e___JR_FrgE.S 2809.JPG,Apple___Black_rot,Black Rot,.jpg,RGB,256,256,cb3504f78535d2d8040ad5e7fd8a4772,Apple_Frogeye Spot:::7
data\raw\apple\Apple___Black_rot\7fb51374-f3ae-4dc9-8e0b-f25552528852___JR_FrgE.S 2894.JPG,Apple___Black_rot,Black Rot,.jpg,RGB,256,256,5664bf6611d51aa8bd830353dac8663a,Apple_Frogeye Spot:::13
data\raw\apple\Apple___Black_rot\7fb5fc63-2f5e-45a1-8746-88e4e7883ffc___JR_FrgE.S 3059.JPG,Apple___Black_rot,Black Rot,.jpg,RGB,256,256,98bc38b659926987a3a2dd1f36e0630a,Apple_Frogeye Spot:::28
data\raw\apple\Apple___Black_rot\804f69a4-cd0f-4579-9b9d-b1a032160642___JR_FrgE.S 3018.JPG,Apple___Black_rot,Black Rot,.jpg,RGB,256,256,4a7949a8ff26cd1e9435bf6ec87c2c41,Apple_Frogeye Spot:::25
data\raw\apple\Apple___Black_rot\81c39f57-58f1-43cb-9d40-687e88b4734a___JR_FrgE.S 2960.JPG,Apple___Black_rot,Black Rot,.jpg,RGB,256,256,4a52953d6954ad53147cf3cef01d7ec1,Apple_Frogeye Spot:::19
data\raw\apple\Apple___Black_rot\82222b3b-3999-40ad-8d80-d7ce0f74bbc3___JR_FrgE.S 8787.JPG,Apple___Black_rot,Black Rot,.jpg,RGB,256,256,41a5afdb465ad2176637d49e087f17f6,Apple_Frogeye Spot:::66
data\raw\apple\Apple___Black_rot\8267ac2d-0e8f-4ed3-9da2-8180b99cc26a___JR_FrgE.S 8646.JPG,Apple___Black_rot,Black Rot,.jpg,RGB,256,256,e1fade233e6cba5e0ec202c82434214f,Apple_Frogeye Spot:::42
data\raw\apple\Apple___Black_rot\8277c9af-7689-4fc8-9fe2-66e9005c7c1d___JR_FrgE.S 8609.JPG,Apple___Black_rot,Black Rot,.jpg,RGB,256,256,193f924e52d07cd644b999ce9474764f,Apple_Frogeye Spot:::38
data\raw\apple\Apple___Black_rot\82c2189f-9a4c-42f8-8e1a-fc67e2c7ebb8___JR_FrgE.S 2761.JPG,Apple___Black_rot,Black Rot,.jpg,RGB,256,256,f90b2b5156f1b54c236d0103c762ba64,Apple_Frogeye Spot:::4
data\raw\apple\Apple___Black_rot\8371e040-cf1b-4c28-a52c-db9c10ad9465___JR_FrgE.S 3007.JPG,Apple___Black_rot,Black Rot,.jpg,RGB,256,256,41d9c4d4da886d2e24fa9d2690f72f0a,Apple_Frogeye Spot:::23
data\raw\apple\Apple___Black_rot\8381c748-f548-4ae2-be56-cb72184a7055___JR_FrgE.S 3082.JPG,Apple___Black_rot,Black Rot,.jpg,RGB,256,256,3a778d9614ab05eed9d31ff24d9ba353,Apple_Frogeye Spot:::30
data\raw\apple\Apple___Black_rot\83ec5e47-c1db-4889-9725-9c2daab2d112___JR_FrgE.S 8583.JPG,Apple___Black_rot,Black Rot,.jpg,RGB,256,256,3d6d49d51d3402a8b00304653374625f,Apple_Frogeye Spot:::34
data\raw\apple\Apple___Black_rot\842d3c43-4e5a-49aa-95b1-fb7e9be3d133___JR_FrgE.S 2802.JPG,Apple___Black_rot,Black Rot,.jpg,RGB,256,256,ed1facebdc930401002e9c6aba896604,Apple_Frogeye Spot:::7
data\raw\apple\Apple___Black_rot\8440ba8d-c3be-4824-ad91-b19e45a14487___JR_FrgE.S 2772.JPG,Apple___Black_rot,Black Rot,.jpg,RGB,256,256,21d41f0d55239e6e403d926034d17e79,Apple_Frogeye Spot:::5
data\raw\apple\Apple___Black_rot\848b600b-f609-44c5-bc09-15dd1af0b01c___JR_FrgE.S 8735.JPG,Apple___Black_rot,Black Rot,.jpg,RGB,256,256,67969b5fb8216886ac230221031f336d,Apple_Frogeye Spot:::57
data\raw\apple\Apple___Black_rot\8503d510-a7c2-409d-bbbe-5a7b03611a8a___JR_FrgE.S 2740.JPG,Apple___Black_rot,Black Rot,.jpg,RGB,256,256,8cfafe9aced6a6a7e8864d31b6927b81,Apple_Frogeye Spot:::2
data\raw\apple\Apple___Black_rot\85e5214e-2998-49c7-bdb9-ee8122387704___JR_FrgE.S 8691.JPG,Apple___Black_rot,Black Rot,.jpg,RGB,256,256,390111741988789fe47e0fc6d233af0e,Apple_Frogeye Spot:::50
data\raw\apple\Apple___Black_rot\86110fa2-5836-43ed-856e-9a5fa416404f___JR_FrgE.S 8624.JPG,Apple___Black_rot,Black Rot,.jpg,RGB,256,256,9e1c0c9c6b6b53fcb1613f4f657a3e52,Apple_Frogeye Spot:::41
data\raw\apple\Apple___Black_rot\86ccf889-8755-4331-a520-d31f49eb06a7___JR_FrgE.S 8711.JPG,Apple___Black_rot,Black Rot,.jpg,RGB,256,256,346da7ab5d1879df6045ebba861b1f8f,Apple_Frogeye Spot:::53
data\raw\apple\Apple___Black_rot\87975b41-e762-4574-b56c-4d94b4238d63___JR_FrgE.S 2733.JPG,Apple___Black_rot,Black Rot,.jpg,RGB,256,256,669292b5ed6479fb28af9ec837623042,Apple_Frogeye Spot:::1
data\raw\apple\Apple___Black_rot\888c8b6e-55cb-4492-b489-22f3624f1c39___JR_FrgE.S 8765.JPG,Apple___Black_rot,Black Rot,.jpg,RGB,256,256,8bfdc97b78b97e48c0eb69c1b2a9958e,Apple_Frogeye Spot:::62
data\raw\apple\Apple___Black_rot\898348ae-7cf3-4be6-9020-9b892558d4e9___JR_FrgE.S 2729.JPG,Apple___Black_rot,Black Rot,.jpg,RGB,256,256,19ccc7f3c7823408c40b63c911cab7b4,Apple_Frogeye Spot:::1
data\raw\apple\Apple___Black_rot\899768af-a460-4c1d-9889-afd2536e7238___JR_FrgE.S 2957.JPG,Apple___Black_rot,Black Rot,.jpg,RGB,256,256,75730d179c782d603672e5d0e0aa39fd,Apple_Frogeye Spot:::19
data\raw\apple\Apple___Black_rot\8a1bb676-5d3e-423b-a667-c72d099215ab___JR_FrgE.S 2842.JPG,Apple___Black_rot,Black Rot,.jpg,RGB,256,256,66b0279d8ed263004cbba8f763748c54,Apple_Frogeye Spot:::9
data\raw\apple\Apple___Black_rot\8c033a16-bdf6-46ee-ac3b-2d84a6940950___JR_FrgE.S 8614.JPG,Apple___Black_rot,Black Rot,.jpg,RGB,256,256,dde43055d9c5c1ab9107432ada50f5ec,Apple_Frogeye Spot:::39
data\raw\apple\Apple___Black_rot\8c6b887d-0ef4-4b77-8d89-b105a388d1e5___JR_FrgE.S 2749.JPG,Apple___Black_rot,Black Rot,.jpg,RGB,256,256,1229b1b1447348dd69bf979cbcaeeb5b,Apple_Frogeye Spot:::3
data\raw\apple\Apple___Black_rot\8cd80d06-a223-433e-adce-c0feed839b97___JR_FrgE.S 8679.JPG,Apple___Black_rot,Black Rot,.jpg,RGB,256,256,40421f23c027dd24995100607dc6a792,Apple_Frogeye Spot:::48
data\raw\apple\Apple___Black_rot\8d816370-cd56-4eb4-8d73-f9966e1853c6___JR_FrgE.S 2882.JPG,Apple___Black_rot,Black Rot,.jpg,RGB,256,256,31c21b98e3f23e0bb2d4e771c6db2f79,Apple_Frogeye Spot:::12
data\raw\apple\Apple___Black_rot\8d911287-49a5-4b0b-b9e5-8d270baf40f0___JR_FrgE.S 8792.JPG,Apple___Black_rot,Black Rot,.jpg,RGB,256,256,fe3b1ad26bfdcc473bf2104e7a50fc3f,Apple_Frogeye Spot:::67
data\raw\apple\Apple___Black_rot\8d935efd-8dba-4847-954f-a914d93d8d07___JR_FrgE.S 2857.JPG,Apple___Black_rot,Black Rot,.jpg,RGB,256,256,7dab1c23555d434ade767d8997ea03bb,Apple_Frogeye Spot:::10
data\raw\apple\Apple___Black_rot\8ef1ae5f-e7e1-481d-a2ee-946d9ea29c01___JR_FrgE.S 2932.JPG,Apple___Black_rot,Black Rot,.jpg,RGB,256,256,87d733c8a56015a599884e596197a75d,Apple_Frogeye Spot:::17
data\raw\apple\Apple___Black_rot\8f3ed2e0-268d-485c-bfd0-0911db9ab888___JR_FrgE.S 8820.JPG,Apple___Black_rot,Black Rot,.jpg,RGB,256,256,7996b54209dc8f208053e004fc0dfd9d,Apple_Frogeye Spot:::71
data\raw\apple\Apple___Black_rot\8f866e9b-a1e4-4b34-89f0-74f2ddc641d1___JR_FrgE.S 8738.JPG,Apple___Black_rot,Black Rot,.jpg,RGB,256,256,0d876a699b51ebc2b32a077dfc5bbd29,Apple_Frogeye Spot:::58
data\raw\apple\Apple___Black_rot\90939c76-a197-49cd-b8cc-37f096cbaa97___JR_FrgE.S 3044.JPG,Apple___Black_rot,Black Rot,.jpg,RGB,256,256,693e979678c7d7d4a30554d73cda460a,Apple_Frogeye Spot:::27
data\raw\apple\Apple___Black_rot\90af12e6-8764-4cb5-9f88-ac1fa8b337c0___JR_FrgE.S 2738.JPG,Apple___Black_rot,Black Rot,.jpg,RGB,256,256,396f352a0abbfe473b36a35fde084bab,Apple_Frogeye Spot:::2
data\raw\apple\Apple___Black_rot\91270769-9fc1-4544-bb8e-b48450b7ad62___JR_FrgE.S 2953.JPG,Apple___Black_rot,Black Rot,.jpg,RGB,256,256,cd4d6dcfae9647c7e4683cf6268e5c46,Apple_Frogeye Spot:::18
data\raw\apple\Apple___Black_rot\919b43c2-b954-4a1b-a3c7-602fc1ed00e4___JR_FrgE.S 2823.JPG,Apple___Black_rot,Black Rot,.jpg,RGB,256,256,50569cad67d13964ad59f1a7f348a08e,Apple_Frogeye Spot:::8
data\raw\apple\Apple___Black_rot\932e43a7-738f-4864-92e2-745bb715160e___JR_FrgE.S 2997.JPG,Apple___Black_rot,Black Rot,.jpg,RGB,256,256,19650e3d63a09665e1fde7f02f150ed8,Apple_Frogeye Spot:::23
data\raw\apple\Apple___Black_rot\934ee916-4db9-4c1a-903e-3ebdd8201178___JR_FrgE.S 8740.JPG,Apple___Black_rot,Black Rot,.jpg,RGB,256,256,d7df9a6315b0d4a002b1221edb4e5d61,Apple_Frogeye Spot:::58
data\raw\apple\Apple___Black_rot\938c07c1-f2ad-4cbe-b088-51a085442c3b___JR_FrgE.S 2846.JPG,Apple___Black_rot,Black Rot,.jpg,RGB,256,256,b34fe66ef954d2952b8acb9b1662a1b2,Apple_Frogeye Spot:::9
data\raw\apple\Apple___Black_rot\93f9f8ea-31c2-412f-b3c4-49ee75312d76___JR_FrgE.S 2978.JPG,Apple___Black_rot,Black Rot,.jpg,RGB,256,256,ab83fabb3dc93cef39c4bf1a7ef80e85,Apple_Frogeye Spot:::21
data\raw\apple\Apple___Black_rot\94ef739e-57a7-4f97-be8e-6ba2cfd16780___JR_FrgE.S 8664.JPG,Apple___Black_rot,Black Rot,.jpg,RGB,256,256,8c3c5ad4cb1b18e473a007c67bda42cb,Apple_Frogeye Spot:::45
data\raw\apple\Apple___Black_rot\952ab9a0-bfcc-408c-a7d7-c8ae485acb7c___JR_FrgE.S 2993.JPG,Apple___Black_rot,Black Rot,.jpg,RGB,256,256,c2b00e18b88f6b562640b7c86800da1f,Apple_Frogeye Spot:::22
data\raw\apple\Apple___Black_rot\953017bf-0b57-4fd9-a696-3fb00aa84c24___JR_FrgE.S 8590.JPG,Apple___Black_rot,Black Rot,.jpg,RGB,256,256,458f9ae485360f2e619bdde396d05982,Apple_Frogeye Spot:::35
data\raw\apple\Apple___Black_rot\954d8d3f-c11e-4202-b5e5-501d5e41752b___JR_FrgE.S 2942.JPG,Apple___Black_rot,Black Rot,.jpg,RGB,256,256,6af918812175e9fd911f9fa6a8b9ca98,Apple_Frogeye Spot:::18
data\raw\apple\Apple___Black_rot\958e6e27-a6b7-4764-8af1-8a32934130ed___JR_FrgE.S 2776.JPG,Apple___Black_rot,Black Rot,.jpg,RGB,256,256,906d814d46b67e009cbef26538a94169,Apple_Frogeye Spot:::5
data\raw\apple\Apple___Black_rot\9675b0f0-4169-495a-b285-67fbeeacf873___JR_FrgE.S 8621.JPG,Apple___Black_rot,Black Rot,.jpg,RGB,256,256,a09148e59cac4a3cd3df9b05fdc8ba65,Apple_Frogeye Spot:::40
data\raw\apple\Apple___Black_rot\967689f2-c160-430a-9b4d-cd05f661427c___JR_FrgE.S 2923.JPG,Apple___Black_rot,Black Rot,.jpg,RGB,256,256,765be3b07a2649c6eb48f348e2224af2,Apple_Frogeye Spot:::16
data\raw\apple\Apple___Black_rot\968bdbff-52bd-4cf6-a443-96d960b554ac___JR_FrgE.S 3094.JPG,Apple___Black_rot,Black Rot,.jpg,RGB,256,256,17f105000e449d1e74911de8d888f562,Apple_Frogeye Spot:::31
data\raw\apple\Apple___Black_rot\9691ae31-5b5d-4160-ae00-77358aff80ee___JR_FrgE.S 8719.JPG,Apple___Black_rot,Black Rot,.jpg,RGB,256,256,1830158b5f9750491d5c1eca7f640c66,Apple_Frogeye Spot:::54
data\raw\apple\Apple___Black_rot\96922007-b6ba-4925-a18a-2b19138d9297___JR_FrgE.S 2800.JPG,Apple___Black_rot,Black Rot,.jpg,RGB,256,256,5ba3b3fec52dfd224525e259d9fb0ec1,Apple_Frogeye Spot:::7
data\raw\apple\Apple___Black_rot\977c9b03-47f2-412d-a73d-7e647e973336___JR_FrgE.S 2887.JPG,Apple___Black_rot,Black Rot,.jpg,RGB,256,256,78b12e079de714225b4e311585790697,Apple_Frogeye Spot:::13
data\raw\apple\Apple___Black_rot\97d15940-6015-4ed9-bb70-e134a88ecc25___JR_FrgE.S 8680.JPG,Apple___Black_rot,Black Rot,.jpg,RGB,256,256,b0664557319bb1a2934e93961bd59e53,Apple_Frogeye Spot:::48
data\raw\apple\Apple___Black_rot\988c58b8-9323-4b0f-86de-c4fe396f09b8___JR_FrgE.S 8648.JPG,Apple___Black_rot,Black Rot,.jpg,RGB,256,256,cfe00ac3b229bac3d295e90843378921,Apple_Frogeye Spot:::43
data\raw\apple\Apple___Black_rot\98f61299-9578-49f4-8907-1d06e8b15d8a___JR_FrgE.S 8617.JPG,Apple___Black_rot,Black Rot,.jpg,RGB,256,256,9eca9fb57ddf51635d50d41b8dd3c6cf,Apple_Frogeye Spot:::40
data\raw\apple\Apple___Black_rot\9922fc5b-28d9-4ad7-90f2-7ad252f716dc___JR_FrgE.S 2741.JPG,Apple___Black_rot,Black Rot,.jpg,RGB,256,256,f702c78d1f7ce3314eaa7efcd3326e57,Apple_Frogeye Spot:::2
data\raw\apple\Apple___Black_rot\99cce45c-9aaf-4d6d-bf66-491132557c12___JR_FrgE.S 8629.JPG,Apple___Black_rot,Black Rot,.jpg,RGB,256,256,10c37dcea51ecb216cf1ba4348c12a0b,Apple_Frogeye Spot:::42
data\raw\apple\Apple___Black_rot\9a74119d-ce66-49a9-bec1-52df73abf8d0___JR_FrgE.S 2910.JPG,Apple___Black_rot,Black Rot,.jpg,RGB,256,256,ece9d280a2f54a2e5130c8b0f582aee3,Apple_Frogeye Spot:::15
data\raw\apple\Apple___Black_rot\9b5bb550-6b75-47a3-a702-08ef34def9ff___JR_FrgE.S 8743.JPG,Apple___Black_rot,Black Rot,.jpg,RGB,256,256,fe602e9c2ef12df6f9d637e0f310115a,Apple_Frogeye Spot:::58
data\raw\apple\Apple___Black_rot\9bae8265-90e1-4b34-8db3-35b530fded3d___JR_FrgE.S 8667.JPG,Apple___Black_rot,Black Rot,.jpg,RGB,256,256,70f95332766186e91c84bc67a4b86f5d,Apple_Frogeye Spot:::46
data\raw\apple\Apple___Black_rot\9c58d931-8414-452e-b9cb-f911b8890236___JR_FrgE.S 2778.JPG,Apple___Black_rot,Black Rot,.jpg,RGB,256,256,aec9caef8ff83a1905457f86672ae4c8,Apple_Frogeye Spot:::5
data\raw\apple\Apple___Black_rot\9cde32eb-f860-4ba0-8d6e-34db1fbaf8b2___JR_FrgE.S 2875.JPG,Apple___Black_rot,Black Rot,.jpg,RGB,256,256,a04d70c0cff8fa733e19b7fb2e1565eb,Apple_Frogeye Spot:::12
data\raw\apple\Apple___Black_rot\9d79342d-4445-42d1-878c-7f0c91e285fe___JR_FrgE.S 3011.JPG,Apple___Black_rot,Black Rot,.jpg,RGB,256,256,15e24485db3e796315bcec5f99d24273,Apple_Frogeye Spot:::24
data\raw\apple\Apple___Black_rot\9d8d2d78-8faf-4a85-90b6-2a2ffed94d83___JR_FrgE.S 8721.JPG,Apple___Black_rot,Black Rot,.jpg,RGB,256,256,68059873a136457cd1c02702276f4628,Apple_Frogeye Spot:::55
data\raw\apple\Apple___Black_rot\9db01900-2a71-4acc-a9e8-f1a462707cf8___JR_FrgE.S 3004.JPG,Apple___Black_rot,Black Rot,.jpg,RGB,256,256,fda5e3e8844ccd3fc3cec31a7ac943b3,Apple_Frogeye Spot:::23
data\raw\apple\Apple___Black_rot\9db24caa-7d1e-4b4d-a5fd-ddc794e48ec4___JR_FrgE.S 2980.JPG,Apple___Black_rot,Black Rot,.jpg,RGB,256,256,9d59af5546aca43895a9aaf360745e72,Apple_Frogeye Spot:::21
data\raw\apple\Apple___Black_rot\9dc8568b-4e22-4272-b012-3d3aaa0c8247___JR_FrgE.S 2850.JPG,Apple___Black_rot,Black Rot,.jpg,RGB,256,256,d30d54ffdf1bc17949141a71d29e9d4e,Apple_Frogeye Spot:::10
data\raw\apple\Apple___Black_rot\9dd36e5e-2ca6-4ab3-8f5f-4ffb594a6023___JR_FrgE.S 2745.JPG,Apple___Black_rot,Black Rot,.jpg,RGB,256,256,846c23900c8d3bb89202d0205d3d4396,Apple_Frogeye Spot:::2
data\raw\apple\Apple___Black_rot\9e24d361-b5e7-4634-9c76-e3fab5e51d87___JR_FrgE.S 8816.JPG,Apple___Black_rot,Black Rot,.jpg,RGB,256,256,15daeb71638b6d7af74462c8a04fade5,Apple_Frogeye Spot:::71
data\raw\apple\Apple___Black_rot\9e4c3e90-477d-4b7e-8227-bf82a037024e___JR_FrgE.S 3003.JPG,Apple___Black_rot,Black Rot,.jpg,RGB,256,256,e20f8e83ffac600f2c7086606d90cfc8,Apple_Frogeye Spot:::23
data\raw\apple\Apple___Black_rot\9eaff91a-1260-4d17-844d-65ab1ee09752___JR_FrgE.S 2736.JPG,Apple___Black_rot,Black Rot,.jpg,RGB,256,256,824cbe81ef34a2cf82fa913ff9f2242b,Apple_Frogeye Spot:::1
data\raw\apple\Apple___Black_rot\9efc127e-4eb6-403a-87f8-1c57c2bb8298___JR_FrgE.S 8657.JPG,Apple___Black_rot,Black Rot,.jpg,RGB,256,256,79ecd1c30a4e5229e9c990d1f1c68cd0,Apple_Frogeye Spot:::44
data\raw\apple\Apple___Black_rot\9f05f403-78c7-4a14-9c4d-452f433745eb___JR_FrgE.S 3091.JPG,Apple___Black_rot,Black Rot,.jpg,RGB,256,256,6e173e085eff6cbfefccd28f716cc71a,Apple_Frogeye Spot:::31
data\raw\apple\Apple___Black_rot\9febcc67-da4b-4424-a2cc-2bd6e19833ce___JR_FrgE.S 3054.JPG,Apple___Black_rot,Black Rot,.jpg,RGB,256,256,947df910a7166181b5b5fd3f9057e80f,Apple_Frogeye Spot:::28
data\raw\apple\Apple___Black_rot\a0508a43-b31b-4d26-9ed0-96b04400b187___JR_FrgE.S 3060.JPG,Apple___Black_rot,Black Rot,.jpg,RGB,256,256,9b17182a7d8ac5c82ac4fed96d513a74,Apple_Frogeye Spot:::28
data\raw\apple\Apple___Black_rot\a0953d6d-067c-4b49-86fb-162d14d2fed0___JR_FrgE.S 2796.JPG,Apple___Black_rot,Black Rot,.jpg,RGB,256,256,5b2d5beb41a4b70e442b509f47aa5bcc,Apple_Frogeye Spot:::7
data\raw\apple\Apple___Black_rot\a0d95497-da4c-40dd-bc2a-d29d1629bd4f___JR_FrgE.S 8759.JPG,Apple___Black_rot,Black Rot,.jpg,RGB,256,256,55c6266ca2d8097ddc636dc1819791f2,Apple_Frogeye Spot:::61
data\raw\apple\Apple___Black_rot\a133da59-4ece-4efc-85a6-9376149371e4___JR_FrgE.S 2860.JPG,Apple___Black_rot,Black Rot,.jpg,RGB,256,256,e4ba00b17a9102f53ab9819ecb69ec38,Apple_Frogeye Spot:::11
data\raw\apple\Apple___Black_rot\a157b760-a19d-4e6b-a319-29b63106de45___JR_FrgE.S 2751.JPG,Apple___Black_rot,Black Rot,.jpg,RGB,256,256,bfd939b8c0e339cceb0465cd287b70e6,Apple_Frogeye Spot:::3
data\raw\apple\Apple___Black_rot\a23597b9-4e73-4b9c-8ef1-de02d2f2178c___JR_FrgE.S 8690.JPG,Apple___Black_rot,Black Rot,.jpg,RGB,256,256,79178519c261d3a717c9efd55d4721ab,Apple_Frogeye Spot:::50
data\raw\apple\Apple___Black_rot\a285e174-d731-431e-b8c5-f5e895a2e2a4___JR_FrgE.S 2975.JPG,Apple___Black_rot,Black Rot,.jpg,RGB,256,256,1771277231ab730cfe551af946817053,Apple_Frogeye Spot:::20
data\raw\apple\Apple___Black_rot\a2d0df69-e2ee-4b7b-8b48-051027a83258___JR_FrgE.S 2936.JPG,Apple___Black_rot,Black Rot,.jpg,RGB,256,256,12441f84d9a6409d3a0024f45a09eb80,Apple_Frogeye Spot:::17
data\raw\apple\Apple___Black_rot\a2e4f04e-63f9-4c66-aa1b-bf0f0b6937dc___JR_FrgE.S 8756.JPG,Apple___Black_rot,Black Rot,.jpg,RGB,256,256,c6003e90b634208f5ca84f5c6d34326a,Apple_Frogeye Spot:::60
data\raw\apple\Apple___Black_rot\a2eb846a-da47-4d4d-97db-d954a20bb22a___JR_FrgE.S 2868.JPG,Apple___Black_rot,Black Rot,.jpg,RGB,256,256,eeefba5d79a4540fd6d5cee10d898b24,Apple_Frogeye Spot:::11
data\raw\apple\Apple___Black_rot\a31cafc7-a39b-4689-83bd-4becd49ab74b___JR_FrgE.S 8760.JPG,Apple___Black_rot,Black Rot,.jpg,RGB,256,256,9440a60bc0a4c5ea57f9b729ea2b146b,Apple_Frogeye Spot:::61
data\raw\apple\Apple___Black_rot\a352005b-d036-4aa9-8e17-babac0a9b882___JR_FrgE.S 8628.JPG,Apple___Black_rot,Black Rot,.jpg,RGB,256,256,9137872761f82ae643b0779092a915c8,Apple_Frogeye Spot:::41
data\raw\apple\Apple___Black_rot\a38a8891-5883-4cfd-9718-2566dccfa114___JR_FrgE.S 8670.JPG,Apple___Black_rot,Black Rot,.jpg,RGB,256,256,d44e2e0be9ef357666c357c3f4e33886,Apple_Frogeye Spot:::46
data\raw\apple\Apple___Black_rot\a3fddb87-e0d3-4ebb-8a5e-2b7bc9c33ee8___JR_FrgE.S 3084.JPG,Apple___Black_rot,Black Rot,.jpg,RGB,256,256,bc9251317333bebcf0165ec5154b9f7c,Apple_Frogeye Spot:::30
data\raw\apple\Apple___Black_rot\a50f7480-3c37-4b00-8b5a-d42740523748___JR_FrgE.S 8748.JPG,Apple___Black_rot,Black Rot,.jpg,RGB,256,256,97a1f6204076a404a21ac39c6b47594e,Apple_Frogeye Spot:::59
data\raw\apple\Apple___Black_rot\a55923f0-3b82-40ee-8211-720503bc00af___JR_FrgE.S 2808.JPG,Apple___Black_rot,Black Rot,.jpg,RGB,256,256,46754768befaa67c8468e0906638c0d3,Apple_Frogeye Spot:::7
data\raw\apple\Apple___Black_rot\a572ba2c-a691-4133-bb2f-e6e97edb749c___JR_FrgE.S 2991.JPG,Apple___Black_rot,Black Rot,.jpg,RGB,256,256,30edc426f4d8e45e69f117889bad433b,Apple_Frogeye Spot:::22
data\raw\apple\Apple___Black_rot\a59e57c9-a916-447d-95a0-959f1fb51447___JR_FrgE.S 8819.JPG,Apple___Black_rot,Black Rot,.jpg,RGB,256,256,b5188cf10198f2cc11cd7022bc9f2f12,Apple_Frogeye Spot:::71
data\raw\apple\Apple___Black_rot\a5c9d465-9070-44e2-9974-ad6ed6ffaaf5___JR_FrgE.S 2853.JPG,Apple___Black_rot,Black Rot,.jpg,RGB,256,256,3a4bd57bb843011a12621ec5c05e06c5,Apple_Frogeye Spot:::10
data\raw\apple\Apple___Black_rot\a716360d-b3c2-4fcb-9ac0-98c5f3cc429b___JR_FrgE.S 2810.JPG,Apple___Black_rot,Black Rot,.jpg,RGB,256,256,1fc59e01b9d9bb556845a3373b227b20,Apple_Frogeye Spot:::7
data\raw\apple\Apple___Black_rot\a77bffea-c0d7-4c29-bf1a-9401fb8d42ad___JR_FrgE.S 2872.JPG,Apple___Black_rot,Black Rot,.jpg,RGB,256,256,26ed94236450db07d870d7f1388ee305,Apple_Frogeye Spot:::12
data\raw\apple\Apple___Black_rot\a79f3789-8c2c-4a04-acb4-f96544b93082___JR_FrgE.S 2880.JPG,Apple___Black_rot,Black Rot,.jpg,RGB,256,256,c85ebfbb4872679d70a2c365a7958c2f,Apple_Frogeye Spot:::12
data\raw\apple\Apple___Black_rot\a899313e-320c-4843-a7bc-ca7eb2a81883___JR_FrgE.S 2992.JPG,Apple___Black_rot,Black Rot,.jpg,RGB,256,256,1e3c8a8d9eb5ad38a762cc74afec8cd6,Apple_Frogeye Spot:::22
data\raw\apple\Apple___Black_rot\a8ce9225-ca25-41ba-8c19-4d80ffcb4c93___JR_FrgE.S 8570.JPG,Apple___Black_rot,Black Rot,.jpg,RGB,256,256,035db79270a369f62ecb034b6659b139,Apple_Frogeye Spot:::32
data\raw\apple\Apple___Black_rot\a8f06c83-bcab-4431-8c91-b00331c4b067___JR_FrgE.S 8613.JPG,Apple___Black_rot,Black Rot,.jpg,RGB,256,256,40d5774808b6b9ca0c2f844dabda9b37,Apple_Frogeye Spot:::39
data\raw\apple\Apple___Black_rot\a97c2088-9bf7-4840-8a41-813aadae4aa6___JR_FrgE.S 2793.JPG,Apple___Black_rot,Black Rot,.jpg,RGB,256,256,bbab5c39e7a403d0314193365577aaab,Apple_Frogeye Spot:::6
data\raw\apple\Apple___Black_rot\a9d80158-0e41-4e0d-8a6b-ec0df3a83ed4___JR_FrgE.S 2845.JPG,Apple___Black_rot,Black Rot,.jpg,RGB,256,256,374392389b36ae6c8110a65af84476c3,Apple_Frogeye Spot:::9
data\raw\apple\Apple___Black_rot\aaac9e5e-60de-4b93-89c2-e5b18accaf57___JR_FrgE.S 3075.JPG,Apple___Black_rot,Black Rot,.jpg,RGB,256,256,4b70ba1ca84256edeeb0b64e3a3949e3,Apple_Frogeye Spot:::30
data\raw\apple\Apple___Black_rot\ab1b3baa-483a-4b41-b5d7-32e043f52594___JR_FrgE.S 3073.JPG,Apple___Black_rot,Black Rot,.jpg,RGB,256,256,a8d299c6b821ab2bbacba609bd509f73,Apple_Frogeye Spot:::29
data\raw\apple\Apple___Black_rot\ab496771-c3b7-4c15-8cf1-d90455ab05cc___JR_FrgE.S 8573.JPG,Apple___Black_rot,Black Rot,.jpg,RGB,256,256,8649ef967a36a13bfee0bae59deb3cd3,Apple_Frogeye Spot:::32
data\raw\apple\Apple___Black_rot\ab55985d-4327-44d3-ac98-17d99f4bf18d___JR_FrgE.S 2754.JPG,Apple___Black_rot,Black Rot,.jpg,RGB,256,256,34deffdb53f72f03dc5dcbcc3bc84416,Apple_Frogeye Spot:::3
data\raw\apple\Apple___Black_rot\abdb807d-552f-433d-bb3e-b73494bbff15___JR_FrgE.S 8780.JPG,Apple___Black_rot,Black Rot,.jpg,RGB,256,256,1672b0f509fb23844bbff3bafd95c7bb,Apple_Frogeye Spot:::65
data\raw\apple\Apple___Black_rot\ac638c74-99c4-434f-a9a1-ef727fa494eb___JR_FrgE.S 2986.JPG,Apple___Black_rot,Black Rot,.jpg,RGB,256,256,34c65da7debddc5b90d56ebc43e8e2df,Apple_Frogeye Spot:::21
data\raw\apple\Apple___Black_rot\acb4845c-bee1-478c-b11c-ade0ae397c51___JR_FrgE.S 8818.JPG,Apple___Black_rot,Black Rot,.jpg,RGB,256,256,6c075937d3abdeddd2fac82fb56f7def,Apple_Frogeye Spot:::71
data\raw\apple\Apple___Black_rot\ad42c269-aca2-4b1b-9e3d-59108ccb79a3___JR_FrgE.S 8622.JPG,Apple___Black_rot,Black Rot,.jpg,RGB,256,256,af1034e5df9230e6cd51d9d2e031c365,Apple_Frogeye Spot:::40
data\raw\apple\Apple___Black_rot\aed39453-1ff0-44b9-90e8-7cabf883340e___JR_FrgE.S 2873.JPG,Apple___Black_rot,Black Rot,.jpg,RGB,256,256,51a602eeb7e45104790333e583fc03a8,Apple_Frogeye Spot:::12
data\raw\apple\Apple___Black_rot\aeddf040-51e9-439f-9d30-d7db6559508c___JR_FrgE.S 2914.JPG,Apple___Black_rot,Black Rot,.jpg,RGB,256,256,2f76ace708f0c4798d500b4bf1c963cd,Apple_Frogeye Spot:::15
data\raw\apple\Apple___Black_rot\af1789f1-b904-40db-bb01-dc3b08141319___JR_FrgE.S 8809.JPG,Apple___Black_rot,Black Rot,.jpg,RGB,256,256,7276eec00e8b15729ae339e85a350f25,Apple_Frogeye Spot:::70
data\raw\apple\Apple___Black_rot\af71d90f-c209-4d1d-8c80-0d7cab342106___JR_FrgE.S 8696.JPG,Apple___Black_rot,Black Rot,.jpg,RGB,256,256,9131f1f8afd4afe5cf8511702454e205,Apple_Frogeye Spot:::50
data\raw\apple\Apple___Black_rot\af952e46-4478-4672-a9dc-b0ed14cc1f8c___JR_FrgE.S 8598.JPG,Apple___Black_rot,Black Rot,.jpg,RGB,256,256,f3d852d85e542ea1a58b8fab4476e15a,Apple_Frogeye Spot:::36
data\raw\apple\Apple___Black_rot\b0fce660-5598-4007-b8d0-7cbd643edb9e___JR_FrgE.S 2851.JPG,Apple___Black_rot,Black Rot,.jpg,RGB,256,256,f4b3d1a872cb036a0a03a6fb34ca85a7,Apple_Frogeye Spot:::10
data\raw\apple\Apple___Black_rot\b157d655-9533-4c1d-a9bc-8f6351b06306___JR_FrgE.S 3087.JPG,Apple___Black_rot,Black Rot,.jpg,RGB,256,256,1e0ee7c90903c6f99b0938cfd6a77df9,Apple_Frogeye Spot:::31
data\raw\apple\Apple___Black_rot\b1fb1490-dd67-4f69-97a4-a770ab7c8301___JR_FrgE.S 8587.JPG,Apple___Black_rot,Black Rot,.jpg,RGB,256,256,31128148b82ce3e910a167729927b061,Apple_Frogeye Spot:::34
data\raw\apple\Apple___Black_rot\b1fbd9e5-c3b6-4aac-a77e-87ca51994e4f___JR_FrgE.S 8752.JPG,Apple___Black_rot,Black Rot,.jpg,RGB,256,256,b3c48e8d5fb38f3265044f64c3eef92d,Apple_Frogeye Spot:::60
data\raw\apple\Apple___Black_rot\b2d126c0-49f9-4013-a6bf-2c08ffe87f94___JR_FrgE.S 2865.JPG,Apple___Black_rot,Black Rot,.jpg,RGB,256,256,551fa37a3179c4f92956f9ab8d9151f9,Apple_Frogeye Spot:::11
data\raw\apple\Apple___Black_rot\b303fd07-e783-4013-90a5-dc989eec371f___JR_FrgE.S 2916.JPG,Apple___Black_rot,Black Rot,.jpg,RGB,256,256,898b9919db15681b89018827d172eac2,Apple_Frogeye Spot:::15
data\raw\apple\Apple___Black_rot\b371e9c4-177b-4bfb-9430-e14f9f30a06d___JR_FrgE.S 2803.JPG,Apple___Black_rot,Black Rot,.jpg,RGB,256,256,01e011d8d73624501f2b0cf82f1dea50,Apple_Frogeye Spot:::7
data\raw\apple\Apple___Black_rot\b3bd5eb8-caa5-4a52-8c90-2a47bd450d93___JR_FrgE.S 2830.JPG,Apple___Black_rot,Black Rot,.jpg,RGB,256,256,8a7786be751b265ffb0aa0a831a50e82,Apple_Frogeye Spot:::8
data\raw\apple\Apple___Black_rot\b3d4d826-24df-4033-b9ca-fd5625d68f0d___JR_FrgE.S 2994.JPG,Apple___Black_rot,Black Rot,.jpg,RGB,256,256,47ea8d50e11e3d01a3926f4a6cbc7287,Apple_Frogeye Spot:::22
data\raw\apple\Apple___Black_rot\b435d2d9-20c4-47cf-8420-2aa6c0ddd04a___JR_FrgE.S 8742.JPG,Apple___Black_rot,Black Rot,.jpg,RGB,256,256,f373f313db67b955ccc7442c481213fb,Apple_Frogeye Spot:::58
data\raw\apple\Apple___Black_rot\b4607568-7941-42d9-98e6-fdaae7bd6530___JR_FrgE.S 2756.JPG,Apple___Black_rot,Black Rot,.jpg,RGB,256,256,31e1a65b50c67b2d992cc86d331a67b2,Apple_Frogeye Spot:::3
data\raw\apple\Apple___Black_rot\b48b4bc3-f7dc-4c57-90eb-0bc29c8c1b5f___JR_FrgE.S 2744.JPG,Apple___Black_rot,Black Rot,.jpg,RGB,256,256,1cb4e63c4594e7fa758e69b9680cb315,Apple_Frogeye Spot:::2
data\raw\apple\Apple___Black_rot\b5e8225f-baa9-4ee0-ae0d-3e15cd7e95b8___JR_FrgE.S 8718.JPG,Apple___Black_rot,Black Rot,.jpg,RGB,256,256,f3bd541633a89d9a622159a57786a301,Apple_Frogeye Spot:::54
data\raw\apple\Apple___Black_rot\b6850718-a674-4eb2-9a5b-bb7ae5f32ce8___JR_FrgE.S 8602.JPG,Apple___Black_rot,Black Rot,.jpg,RGB,256,256,132d5f4bb355ca505bcf7e6dd905db45,Apple_Frogeye Spot:::37
data\raw\apple\Apple___Black_rot\b766b27a-cc4c-432f-a6cd-48eb65bf556b___JR_FrgE.S 2921.JPG,Apple___Black_rot,Black Rot,.jpg,RGB,256,256,9428e352d6bce3ea06bf1e1f4a57bb68,Apple_Frogeye Spot:::16
data\raw\apple\Apple___Black_rot\b7816ede-6659-4cdf-8b46-d36927981cff___JR_FrgE.S 8677.JPG,Apple___Black_rot,Black Rot,.jpg,RGB,256,256,cfe99aab076652cbc4a7dae645d65c07,Apple_Frogeye Spot:::48
data\raw\apple\Apple___Black_rot\b83cf31c-65e9-405d-a42b-5c4ffda9114c___JR_FrgE.S 8744.JPG,Apple___Black_rot,Black Rot,.jpg,RGB,256,256,a9b060714f14284bd7f00f4ff37b3b03,Apple_Frogeye Spot:::59
data\raw\apple\Apple___Black_rot\b84f9317-4054-4796-b36a-1dffcb871956___JR_FrgE.S 8725.JPG,Apple___Black_rot,Black Rot,.jpg,RGB,256,256,35159c918a9c3ec1a2f3cdbceca3aaf8,Apple_Frogeye Spot:::55
data\raw\apple\Apple___Black_rot\b856fc24-15d8-4294-8dd5-70a270f54518___JR_FrgE.S 8789.JPG,Apple___Black_rot,Black Rot,.jpg,RGB,256,256,df1aaa979d0c7c9b6a22ef5adf4511fa,Apple_Frogeye Spot:::66
data\raw\apple\Apple___Black_rot\b94f7192-3ed3-4dfa-83a6-570142a8b795___JR_FrgE.S 8687.JPG,Apple___Black_rot,Black Rot,.jpg,RGB,256,256,b2c95b5a989656e7748c88fb81f7fa49,Apple_Frogeye Spot:::49
data\raw\apple\Apple___Black_rot\b970ac93-7f26-41ae-a5ed-fc509e209c12___JR_FrgE.S 8808.JPG,Apple___Black_rot,Black Rot,.jpg,RGB,256,256,a53b51fbb4b5254deba44fe65c1d0005,Apple_Frogeye Spot:::69
data\raw\apple\Apple___Black_rot\ba4c9f5d-dcc1-408f-a9c5-ca9835533e98___JR_FrgE.S 2833.JPG,Apple___Black_rot,Black Rot,.jpg,RGB,256,256,c81c8fc7a8d9baeacecb8084a55dcc58,Apple_Frogeye Spot:::8
data\raw\apple\Apple___Black_rot\baf805d8-6809-4883-99ff-2fd59dd8be5f___JR_FrgE.S 2886.JPG,Apple___Black_rot,Black Rot,.jpg,RGB,256,256,9126782f4016c59ecdbfa882bffc3134,Apple_Frogeye Spot:::13
data\raw\apple\Apple___Black_rot\bb1f1f60-cd69-4661-aca2-bcb19eb1def2___JR_FrgE.S 8785.JPG,Apple___Black_rot,Black Rot,.jpg,RGB,256,256,32a12ad50b5ec5bf804cc391bba40495,Apple_Frogeye Spot:::65
data\raw\apple\Apple___Black_rot\bb4461e1-297a-4f68-b5d7-9d469489ee67___JR_FrgE.S 2871.JPG,Apple___Black_rot,Black Rot,.jpg,RGB,256,256,5ddf9e60bb9734c8eb06be176f0f6f11,Apple_Frogeye Spot:::12
data\raw\apple\Apple___Black_rot\bbf0af8f-62fc-4b41-9b4a-e1f7e15974c7___JR_FrgE.S 2788.JPG,Apple___Black_rot,Black Rot,.jpg,RGB,256,256,4505b52c3e9be7b95527be3510cf4904,Apple_Frogeye Spot:::6
data\raw\apple\Apple___Black_rot\bc64857e-c087-44c9-83b5-514d9b8dea37___JR_FrgE.S 2912.JPG,Apple___Black_rot,Black Rot,.jpg,RGB,256,256,ac1cff68c495c14d51bc6f146493c72a,Apple_Frogeye Spot:::15
data\raw\apple\Apple___Black_rot\bc6642f0-62ee-419c-90c8-e1e2f19aaecb___JR_FrgE.S 2907.JPG,Apple___Black_rot,Black Rot,.jpg,RGB,256,256,a517d78327f61772b8d6d950f3e3053b,Apple_Frogeye Spot:::14
data\raw\apple\Apple___Black_rot\bd1b3df1-f056-40c1-aded-be7185154408___JR_FrgE.S 8779.JPG,Apple___Black_rot,Black Rot,.jpg,RGB,256,256,ae5edaf78e96c3fcda2dcd5fa8b407b8,Apple_Frogeye Spot:::64
data\raw\apple\Apple___Black_rot\bd2af58a-c9fc-4c2f-bdcb-b53d979947d7___JR_FrgE.S 3029.JPG,Apple___Black_rot,Black Rot,.jpg,RGB,256,256,2a48cad8d5e5d5926f0a1d8caf4e198d,Apple_Frogeye Spot:::26
data\raw\apple\Apple___Black_rot\bd6f574a-e0cc-4293-af21-3949e9bf3a8e___JR_FrgE.S 8675.JPG,Apple___Black_rot,Black Rot,.jpg,RGB,256,256,9a528ab5b9529feb4fe184ea18468c18,Apple_Frogeye Spot:::47
data\raw\apple\Apple___Black_rot\be00705f-de03-4448-b186-fc47e39859a2___JR_FrgE.S 8811.JPG,Apple___Black_rot,Black Rot,.jpg,RGB,256,256,19c9ae5efbe18c4d23141b89fe4f7083,Apple_Frogeye Spot:::70
data\raw\apple\Apple___Black_rot\bf3eaad3-aa22-4425-88f0-339be0f39059___JR_FrgE.S 2933.JPG,Apple___Black_rot,Black Rot,.jpg,RGB,256,256,0a11593552079acda73580ee67fc142d,Apple_Frogeye Spot:::17
data\raw\apple\Apple___Black_rot\bf5fa34e-8d39-43e2-8b54-ba83366871b1___JR_FrgE.S 3095.JPG,Apple___Black_rot,Black Rot,.jpg,RGB,256,256,8ccf3274f2dcbe826d40b6d5c1a1096f,Apple_Frogeye Spot:::31
data\raw\apple\Apple___Black_rot\c01c9e64-11b2-4c1e-adf0-2e781c6d69aa___JR_FrgE.S 8817.JPG,Apple___Black_rot,Black Rot,.jpg,RGB,256,256,812ba2fc74fcb77082d8db5f9d520ba5,Apple_Frogeye Spot:::71
data\raw\apple\Apple___Black_rot\c035251c-a97e-4a3a-afb6-5e465bb23ba1___JR_FrgE.S 2906.JPG,Apple___Black_rot,Black Rot,.jpg,RGB,256,256,cff78a6a5f5696d670643aac3726e1ec,Apple_Frogeye Spot:::14
data\raw\apple\Apple___Black_rot\c18a2d5a-4160-48de-8e9e-7ccc047aeddc___JR_FrgE.S 8805.JPG,Apple___Black_rot,Black Rot,.jpg,RGB,256,256,cd53e870ec609d22f607a35f55c29a24,Apple_Frogeye Spot:::69
data\raw\apple\Apple___Black_rot\c225a3a5-4b7f-4226-aa70-73c9ce8d3de2___JR_FrgE.S 8722.JPG,Apple___Black_rot,Black Rot,.jpg,RGB,256,256,4729d414a9a6724f5069cc354b5df807,Apple_Frogeye Spot:::55
data\raw\apple\Apple___Black_rot\c3fc7435-5960-4b9a-b333-287ffeb05126___JR_FrgE.S 3002.JPG,Apple___Black_rot,Black Rot,.jpg,RGB,256,256,fff9d6a82f91d1032d1d4ec44112e9e5,Apple_Frogeye Spot:::23
data\raw\apple\Apple___Black_rot\c418f9e9-92e8-46ce-ba41-50b0f9b45d38___JR_FrgE.S 8585.JPG,Apple___Black_rot,Black Rot,.jpg,RGB,256,256,5fe50f4e34decb534c03c50bf91b7d3b,Apple_Frogeye Spot:::34
data\raw\apple\Apple___Black_rot\c46d0eff-8a56-4655-9940-93a323c7154a___JR_FrgE.S 3033.JPG,Apple___Black_rot,Black Rot,.jpg,RGB,256,256,6c4015dde56f0abdbda77bfb66706c84,Apple_Frogeye Spot:::26
data\raw\apple\Apple___Black_rot\c4746563-b461-420a-9963-9a9b467c97d6___JR_FrgE.S 2742.JPG,Apple___Black_rot,Black Rot,.jpg,RGB,256,256,dd3664c2813a93afcf2c065897d9ce03,Apple_Frogeye Spot:::2
data\raw\apple\Apple___Black_rot\c47676f2-2302-4efb-9598-6b51a45e28f7___JR_FrgE.S 8803.JPG,Apple___Black_rot,Black Rot,.jpg,RGB,256,256,440910844c2b1c1978c155da122d23d1,Apple_Frogeye Spot:::69
data\raw\apple\Apple___Black_rot\c4833395-fa04-4b3a-89f1-6fbc5c3d7d18___JR_FrgE.S 2866.JPG,Apple___Black_rot,Black Rot,.jpg,RGB,256,256,ab2cbab31bab226bef1be6d2550f9929,Apple_Frogeye Spot:::11
data\raw\apple\Apple___Black_rot\c498d495-5796-4d08-9eaf-c1f26ed1099a___JR_FrgE.S 2888.JPG,Apple___Black_rot,Black Rot,.jpg,RGB,256,256,2b0857ace0ccad2739fe74fcfc85ec6f,Apple_Frogeye Spot:::13
data\raw\apple\Apple___Black_rot\c575ad09-2607-4537-b199-4d2b022779fd___JR_FrgE.S 3086.JPG,Apple___Black_rot,Black Rot,.jpg,RGB,256,256,2245ec8e8f20b39e1fc827b9b3bd9e95,Apple_Frogeye Spot:::31
data\raw\apple\Apple___Black_rot\c5a5ffe1-6687-412b-9a06-31c9aee8066b___JR_FrgE.S 3037.JPG,Apple___Black_rot,Black Rot,.jpg,RGB,256,256,fca67c6583fd7e14cdc076b515885f2b,Apple_Frogeye Spot:::27
data\raw\apple\Apple___Black_rot\c60b9b66-c955-4c35-bf7b-0c9b429b3477___JR_FrgE.S 8693.JPG,Apple___Black_rot,Black Rot,.jpg,RGB,256,256,f2df3bd3e156d9b0bf3a63e169ac2210,Apple_Frogeye Spot:::50
data\raw\apple\Apple___Black_rot\c6cdf94f-8dec-428e-a0cd-997f9ce631d2___JR_FrgE.S 8749.JPG,Apple___Black_rot,Black Rot,.jpg,RGB,256,256,7ae349299309063c9b1ebb403174dfff,Apple_Frogeye Spot:::59
data\raw\apple\Apple___Black_rot\c7459ae0-0430-4e16-8741-fc71629f8357___JR_FrgE.S 3057.JPG,Apple___Black_rot,Black Rot,.jpg,RGB,256,256,330c2c230902c2d735f112da05dd0702,Apple_Frogeye Spot:::28
data\raw\apple\Apple___Black_rot\c762e867-0f8b-459e-b870-10090256d9bf___JR_FrgE.S 8723.JPG,Apple___Black_rot,Black Rot,.jpg,RGB,256,256,96c018d90d46acdee1efbf731eb1c01f,Apple_Frogeye Spot:::55
data\raw\apple\Apple___Black_rot\c7cdbb47-6660-44b5-8bb6-3cb796685d15___JR_FrgE.S 2834.JPG,Apple___Black_rot,Black Rot,.jpg,RGB,256,256,48780b5aa107e2bd67882517a15e25ab,Apple_Frogeye Spot:::9
data\raw\apple\Apple___Black_rot\c8269293-ae8c-4ac0-8eb3-6574683f1b2e___JR_FrgE.S 8699.JPG,Apple___Black_rot,Black Rot,.jpg,RGB,256,256,8a2271807c411e4ad93b654a5f78911f,Apple_Frogeye Spot:::51
data\raw\apple\Apple___Black_rot\c8ede452-70bd-45bf-b820-e06d19d541bd___JR_FrgE.S 8662.JPG,Apple___Black_rot,Black Rot,.jpg,RGB,256,256,1dc49088cc916a8e0a628f8cb80c9e98,Apple_Frogeye Spot:::45
data\raw\apple\Apple___Black_rot\ca07e05a-e6a2-4651-b4fd-e54f0d1c58b7___JR_FrgE.S 2840.JPG,Apple___Black_rot,Black Rot,.jpg,RGB,256,256,ad744e91a50e9e11d60b30cb698de560,Apple_Frogeye Spot:::9
data\raw\apple\Apple___Black_rot\cb323687-3c3a-41d0-b5f8-445f15d9aa76___JR_FrgE.S 8688.JPG,Apple___Black_rot,Black Rot,.jpg,RGB,256,256,a194e881e658e8785bb2367e81db736e,Apple_Frogeye Spot:::49
data\raw\apple\Apple___Black_rot\cc0d5a51-bb90-421f-9e0a-f74fc323dcf6___JR_FrgE.S 8717.JPG,Apple___Black_rot,Black Rot,.jpg,RGB,256,256,e57941ed62c25a92ed4c18c952d78829,Apple_Frogeye Spot:::54
data\raw\apple\Apple___Black_rot\cc0f71b0-af7d-49e2-b7df-a45e97caab2c___JR_FrgE.S 8796.JPG,Apple___Black_rot,Black Rot,.jpg,RGB,256,256,abfce324ddce35297eaee4baa8572e0d,Apple_Frogeye Spot:::68
data\raw\apple\Apple___Black_rot\cc73875e-54c2-49a1-91bb-f2bc85a93f8f___JR_FrgE.S 2747.JPG,Apple___Black_rot,Black Rot,.jpg,RGB,256,256,59b554aacf986c9dff79dad52cde691a,Apple_Frogeye Spot:::2
data\raw\apple\Apple___Black_rot\cc92897c-3975-4130-a067-6007945be8ab___JR_FrgE.S 2943.JPG,Apple___Black_rot,Black Rot,.jpg,RGB,256,256,ab531ffc802d2deff45976a8e8a5c29f,Apple_Frogeye Spot:::18
data\raw\apple\Apple___Black_rot\cd4907f8-168a-405b-ae16-599e6e621dca___JR_FrgE.S 8619.JPG,Apple___Black_rot,Black Rot,.jpg,RGB,256,256,528f8f2514bc41d9e4b1323af0044664,Apple_Frogeye Spot:::40
data\raw\apple\Apple___Black_rot\cda4e00f-b32f-4605-b2ca-4b5eba5ecc22___JR_FrgE.S 8799.JPG,Apple___Black_rot,Black Rot,.jpg,RGB,256,256,0c7d66f209cfd644e3d0345e5c5d429a,Apple_Frogeye Spot:::68
data\raw\apple\Apple___Black_rot\cda99dd8-c509-4825-a35d-d71cb35d3d4c___JR_FrgE.S 8695.JPG,Apple___Black_rot,Black Rot,.jpg,RGB,256,256,039979d824f6b91606479bbceebbc2a3,Apple_Frogeye Spot:::50
data\raw\apple\Apple___Black_rot\ce1df5bf-b9cd-491a-9b54-f4e20f3b71a2___JR_FrgE.S 2735.JPG,Apple___Black_rot,Black Rot,.jpg,RGB,256,256,ffb94bbb8d808c71c54e71d06addf7ad,Apple_Frogeye Spot:::1
data\raw\apple\Apple___Black_rot\ce675478-f624-4536-b4ba-b0c43d134ae8___JR_FrgE.S 8595.JPG,Apple___Black_rot,Black Rot,.jpg,RGB,256,256,88d99035573b8bdc0856898e39825dee,Apple_Frogeye Spot:::36
data\raw\apple\Apple___Black_rot\cf524171-a68a-4200-9159-133567b95f71___JR_FrgE.S 8658.JPG,Apple___Black_rot,Black Rot,.jpg,RGB,256,256,dca2b3bd39c3db014928d3284bb38868,Apple_Frogeye Spot:::44
data\raw\apple\Apple___Black_rot\cffe2528-d760-4e77-a117-a0253ba3af6f___JR_FrgE.S 8801.JPG,Apple___Black_rot,Black Rot,.jpg,RGB,256,256,3ee37fe74a1d85c38ca6251d10f32a52,Apple_Frogeye Spot:::68
data\raw\apple\Apple___Black_rot\d1516c58-c21b-4ba9-907b-cd89f245f4f2___JR_FrgE.S 3058.JPG,Apple___Black_rot,Black Rot,.jpg,RGB,256,256,1f80b8c0c190b07c7b2359cc453ee89a,Apple_Frogeye Spot:::28
data\raw\apple\Apple___Black_rot\d197373c-af39-4000-aa28-cab65fafa361___JR_FrgE.S 2959.JPG,Apple___Black_rot,Black Rot,.jpg,RGB,256,256,5c06702d82f0fb4f233c677303e66742,Apple_Frogeye Spot:::19
data\raw\apple\Apple___Black_rot\d22325cf-3a6a-4dc8-8ddb-a4e1a8817d8b___JR_FrgE.S 3090.JPG,Apple___Black_rot,Black Rot,.jpg,RGB,256,256,8d504633cb961107b0afe6da1b6e4927,Apple_Frogeye Spot:::31
data\raw\apple\Apple___Black_rot\d2313a95-61dd-45de-a8b8-3c2992e2b97f___JR_FrgE.S 8652.JPG,Apple___Black_rot,Black Rot,.jpg,RGB,256,256,2621056808fea2d4c7141009983030ee,Apple_Frogeye Spot:::43
data\raw\apple\Apple___Black_rot\d240fec5-9b1e-4b36-a7df-d0007d0ebfcb___JR_FrgE.S 2929.JPG,Apple___Black_rot,Black Rot,.jpg,RGB,256,256,b438338832929ebfbedc16584ffcec04,Apple_Frogeye Spot:::16
data\raw\apple\Apple___Black_rot\d270d610-6fb5-4ae1-9a00-ad72b3e98526___JR_FrgE.S 8635.JPG,Apple___Black_rot,Black Rot,.jpg,RGB,256,256,f05e1415baca7549af698127db6475c0,Apple_Frogeye Spot:::41
data\raw\apple\Apple___Black_rot\d2ca1cb3-50b5-4861-85d8-a7bdae78265d___JR_FrgE.S 2995.JPG,Apple___Black_rot,Black Rot,.jpg,RGB,256,256,1c42004a3e12a0495cce219dd4314216,Apple_Frogeye Spot:::22
data\raw\apple\Apple___Black_rot\d30f9b23-402d-4c3f-bdf7-406c9e35d038___JR_FrgE.S 8715.JPG,Apple___Black_rot,Black Rot,.jpg,RGB,256,256,19631c259cdf8fec9cb6c6832834b451,Apple_Frogeye Spot:::54
data\raw\apple\Apple___Black_rot\d32e96f1-8fde-4f6e-a558-7fdc1ab0807e___JR_FrgE.S 8676.JPG,Apple___Black_rot,Black Rot,.jpg,RGB,256,256,e328a28f3480fbfe97a697ea93100451,Apple_Frogeye Spot:::47
data\raw\apple\Apple___Black_rot\d3355b6d-0a25-42b5-afb7-60b3471f9be7___JR_FrgE.S 2878.JPG,Apple___Black_rot,Black Rot,.jpg,RGB,256,256,8fe8f491f474e1336a8a1de56aaa70dc,Apple_Frogeye Spot:::12
data\raw\apple\Apple___Black_rot\d34cb771-c15b-41c4-aa43-ecae33df010b___JR_FrgE.S 8631.JPG,Apple___Black_rot,Black Rot,.jpg,RGB,256,256,8ba9c4d8370eeaa89396cb7048f54eed,Apple_Frogeye Spot:::42
data\raw\apple\Apple___Black_rot\d361ab89-3f57-4bfc-b2af-a6c5b75055af___JR_FrgE.S 8608.JPG,Apple___Black_rot,Black Rot,.jpg,RGB,256,256,19ee047ebc4ca38455b66bc53e546c54,Apple_Frogeye Spot:::38
data\raw\apple\Apple___Black_rot\d3dab897-b9de-4ec4-a335-db2f36a64011___JR_FrgE.S 2918.JPG,Apple___Black_rot,Black Rot,.jpg,RGB,256,256,85c406fab6acc9129a57bd7f62897c74,Apple_Frogeye Spot:::15
data\raw\apple\Apple___Black_rot\d3deecaa-bd8c-4b10-a33f-4c6d188a3b95___JR_FrgE.S 8712.JPG,Apple___Black_rot,Black Rot,.jpg,RGB,256,256,05721d26e3d4bbe658e69ebcf27af598,Apple_Frogeye Spot:::53
data\raw\apple\Apple___Black_rot\d40e4a34-1c9a-4971-acce-bb6ce2e14208___JR_FrgE.S 8654.JPG,Apple___Black_rot,Black Rot,.jpg,RGB,256,256,2abb14db7dcb15894f9f96c29cc5cbff,Apple_Frogeye Spot:::44
data\raw\apple\Apple___Black_rot\d4c03762-b68f-4e8f-ae5c-10b15de04fb3___JR_FrgE.S 8776.JPG,Apple___Black_rot,Black Rot,.jpg,RGB,256,256,7e3c3da05fe698b1ecd5e39909ea2b18,Apple_Frogeye Spot:::64
data\raw\apple\Apple___Black_rot\d4ea8c73-7beb-4019-8a66-f60381c6fdc0___JR_FrgE.S 8601.JPG,Apple___Black_rot,Black Rot,.jpg,RGB,256,256,33e1964a12ccb298953ef94750f58675,Apple_Frogeye Spot:::37
data\raw\apple\Apple___Black_rot\d56311b8-ffb7-4f58-b521-c8be2a31f980___JR_FrgE.S 2799.JPG,Apple___Black_rot,Black Rot,.jpg,RGB,256,256,67050c0376ab3fd0c4298317c8849953,Apple_Frogeye Spot:::7
data\raw\apple\Apple___Black_rot\d65349b4-80ff-474e-a48e-bf8fa597d880___JR_FrgE.S 8775.JPG,Apple___Black_rot,Black Rot,.jpg,RGB,256,256,ea36ab95c1eb7d0860d95437901d9d7f,Apple_Frogeye Spot:::64
data\raw\apple\Apple___Black_rot\d6a4afb8-a539-4851-b29f-2469a48d8591___JR_FrgE.S 8772.JPG,Apple___Black_rot,Black Rot,.jpg,RGB,256,256,93f2a6b4ba32cc5a7f7b25554c04d10c,Apple_Frogeye Spot:::63
data\raw\apple\Apple___Black_rot\d734401a-6948-4be6-bfe7-1469d8c910f7___JR_FrgE.S 8732.JPG,Apple___Black_rot,Black Rot,.jpg,RGB,256,256,dd0d1dda1ba6e1b63d781d486b49b433,Apple_Frogeye Spot:::57
data\raw\apple\Apple___Black_rot\d751e4b1-101d-4f23-aa99-5cd93b617aab___JR_FrgE.S 3012.JPG,Apple___Black_rot,Black Rot,.jpg,RGB,256,256,76c5dd8391566988c57442fb12e099c3,Apple_Frogeye Spot:::24
data\raw\apple\Apple___Black_rot\d7927614-3b3e-4ba5-8564-2ae4a1f25132___JR_FrgE.S 2812.JPG,Apple___Black_rot,Black Rot,.jpg,RGB,256,256,1ea7f906c05fd0f57b53934e9650840d,Apple_Frogeye Spot:::7
data\raw\apple\Apple___Black_rot\d8735c39-eb57-460b-bff1-7946a6d3a543___JR_FrgE.S 2935.JPG,Apple___Black_rot,Black Rot,.jpg,RGB,256,256,872e3947dbcc8bd3969dd33fb7b5c740,Apple_Frogeye Spot:::17
data\raw\apple\Apple___Black_rot\d892ca1b-8b68-4087-9bb1-3ac7b861c283___JR_FrgE.S 8606.JPG,Apple___Black_rot,Black Rot,.jpg,RGB,256,256,f59346dcf511429d85c4dd1c6346b8d1,Apple_Frogeye Spot:::38
data\raw\apple\Apple___Black_rot\d8e21bad-015b-4b76-8ffa-373b191ed448___JR_FrgE.S 3021.JPG,Apple___Black_rot,Black Rot,.jpg,RGB,256,256,8539c91b1ab568115f3e4c81bfa0a832,Apple_Frogeye Spot:::25
data\raw\apple\Apple___Black_rot\d962745e-a8b7-414a-a9f8-f47e945e3be9___JR_FrgE.S 2881.JPG,Apple___Black_rot,Black Rot,.jpg,RGB,256,256,bf4f0b8c6b599768d43f7c7b1cd79437,Apple_Frogeye Spot:::12
data\raw\apple\Apple___Black_rot\db1600c7-f9dc-45a4-9e01-223b67ebef83___JR_FrgE.S 8703.JPG,Apple___Black_rot,Black Rot,.jpg,RGB,256,256,b62c0e7a8feac65757cd5a9633d2a298,Apple_Frogeye Spot:::52
data\raw\apple\Apple___Black_rot\db86273f-ea7e-4131-a1b7-75e9f990d596___JR_FrgE.S 2892.JPG,Apple___Black_rot,Black Rot,.jpg,RGB,256,256,22a98312670df84ed0f083bed5987586,Apple_Frogeye Spot:::13
data\raw\apple\Apple___Black_rot\dcea72e4-ea95-43b3-8676-3d46188fc8e0___JR_FrgE.S 8813.JPG,Apple___Black_rot,Black Rot,.jpg,RGB,256,256,e3094f2cc5d7ddaad5c47bc2495930b3,Apple_Frogeye Spot:::70
data\raw\apple\Apple___Black_rot\dd73bcb6-849f-4df3-9939-6893d07b2b45___JR_FrgE.S 8572.JPG,Apple___Black_rot,Black Rot,.jpg,RGB,256,256,d296c0faa907a013fe2af6d8b6fc80fb,Apple_Frogeye Spot:::32
data\raw\apple\Apple___Black_rot\dda90093-ad40-44cf-8c6d-b4572d1c19cd___JR_FrgE.S 3014.JPG,Apple___Black_rot,Black Rot,.jpg,RGB,256,256,b2999673552c6574e9fff50391e99a3c,Apple_Frogeye Spot:::24
data\raw\apple\Apple___Black_rot\ddbcb13e-0263-4881-9e1b-6f00d67f7217___JR_FrgE.S 8683.JPG,Apple___Black_rot,Black Rot,.jpg,RGB,256,256,e5849b6690606b837941a8f3ef2cb206,Apple_Frogeye Spot:::49
data\raw\apple\Apple___Black_rot\dddffcc1-874d-4a5a-a030-14a6e2a4bf0d___JR_FrgE.S 2958.JPG,Apple___Black_rot,Black Rot,.jpg,RGB,256,256,5675a29d8bcab527a8d3fe7936c3a2f9,Apple_Frogeye Spot:::19
data\raw\apple\Apple___Black_rot\deccf856-7d85-4b95-9d35-85f4ad1af7f7___JR_FrgE.S 8689.JPG,Apple___Black_rot,Black Rot,.jpg,RGB,256,256,01504f1ead6e2c719f9b77b75735d152,Apple_Frogeye Spot:::49
data\raw\apple\Apple___Black_rot\ded93fa6-0c14-47ea-aa92-806a64db7816___JR_FrgE.S 2795.JPG,Apple___Black_rot,Black Rot,.jpg,RGB,256,256,f99b2c5c4a7d40179e78efb1c8027c67,Apple_Frogeye Spot:::7
data\raw\apple\Apple___Black_rot\deffd3c8-a9c7-4082-ba2a-4a54aad8ab17___JR_FrgE.S 2789.JPG,Apple___Black_rot,Black Rot,.jpg,RGB,256,256,526d53bd7073d426fd6fc2aba3ed4ea3,Apple_Frogeye Spot:::6
data\raw\apple\Apple___Black_rot\df0e8bc3-8244-4843-8d54-0593a6f2ee05___JR_FrgE.S 2743.JPG,Apple___Black_rot,Black Rot,.jpg,RGB,256,256,585c2e6c94bf37caeb8e876546e78fba,Apple_Frogeye Spot:::2
data\raw\apple\Apple___Black_rot\e07b2429-8ae5-42dd-8ce8-1e94887ea6df___JR_FrgE.S 8812.JPG,Apple___Black_rot,Black Rot,.jpg,RGB,256,256,c05a1d9305ba930626484fa1b05e2715,Apple_Frogeye Spot:::70
data\raw\apple\Apple___Black_rot\e0cafae6-9957-4f28-8a9f-70fae53d289d___JR_FrgE.S 2813.JPG,Apple___Black_rot,Black Rot,.jpg,RGB,256,256,922664517d60f9a934f09b9a7c2c9a53,Apple_Frogeye Spot:::8
data\raw\apple\Apple___Black_rot\e0ee140b-d60c-4b08-ae6f-e44c5c31fbc8___JR_FrgE.S 2817.JPG,Apple___Black_rot,Black Rot,.jpg,RGB,256,256,3cf23f7642cecdacd8612854fd3b88d0,Apple_Frogeye Spot:::8
data\raw\apple\Apple___Black_rot\e11f6e9d-abff-4da2-864e-45f9aa2df34b___JR_FrgE.S 3072.JPG,Apple___Black_rot,Black Rot,.jpg,RGB,256,256,d7c052790c4cf6a334a390de80b3bcec,Apple_Frogeye Spot:::29
data\raw\apple\Apple___Black_rot\e1e8a707-d2b0-4cb6-ae56-c26a5e9ff016___JR_FrgE.S 8761.JPG,Apple___Black_rot,Black Rot,.jpg,RGB,256,256,a333c7d562b9722a777fe91a58ab3d2b,Apple_Frogeye Spot:::61
data\raw\apple\Apple___Black_rot\e2af1632-e9bb-4a05-8ead-faba02eac1e2___JR_FrgE.S 3070.JPG,Apple___Black_rot,Black Rot,.jpg,RGB,256,256,29b16c54409fdfcad311bd59660b2c80,Apple_Frogeye Spot:::29
data\raw\apple\Apple___Black_rot\e2da6207-2cfa-4620-8569-2f4c57a34f30___JR_FrgE.S 8682.JPG,Apple___Black_rot,Black Rot,.jpg,RGB,256,256,93b2a4840f05f7df7841d715019aa7d0,Apple_Frogeye Spot:::48
data\raw\apple\Apple___Black_rot\e3eead59-f821-41dd-9794-ba3ad35c71c7___JR_FrgE.S 2937.JPG,Apple___Black_rot,Black Rot,.jpg,RGB,256,256,2638f66ac7e8b3b2ac112863b3254024,Apple_Frogeye Spot:::17
data\raw\apple\Apple___Black_rot\e43cb49a-44ff-4ee5-9dae-aa2e89fb643b___JR_FrgE.S 2927.JPG,Apple___Black_rot,Black Rot,.jpg,RGB,256,256,d1e6eac2065b1fb4d2f0dce909621721,Apple_Frogeye Spot:::16
data\raw\apple\Apple___Black_rot\e4999654-a4e5-4038-bb7f-d69f824a0505___JR_FrgE.S 8728.JPG,Apple___Black_rot,Black Rot,.jpg,RGB,256,256,7767b452226792d044256b1777043346,Apple_Frogeye Spot:::56
data\raw\apple\Apple___Black_rot\e4d473a3-83ad-496d-a97f-5aee9d713d69___JR_FrgE.S 2782.JPG,Apple___Black_rot,Black Rot,.jpg,RGB,256,256,872de520dfb1ac7c797819366082802e,Apple_Frogeye Spot:::6
data\raw\apple\Apple___Black_rot\e528fe87-6133-4d89-88b0-2a37aaa07f16___JR_FrgE.S 8729.JPG,Apple___Black_rot,Black Rot,.jpg,RGB,256,256,f857325177784617db36e6f3d3f4074b,Apple_Frogeye Spot:::56
data\raw\apple\Apple___Black_rot\e54ced2f-6766-41f4-99d5-87ffc2a81cbc___JR_FrgE.S 8694.JPG,Apple___Black_rot,Black Rot,.jpg,RGB,256,256,9c8a421e96aa88989c098e97e0af2958,Apple_Frogeye Spot:::50
data\raw\apple\Apple___Black_rot\e66666f1-bad7-4ceb-8142-389b841be362___JR_FrgE.S 3008.JPG,Apple___Black_rot,Black Rot,.jpg,RGB,256,256,1713678641a6eff7ae764c3faff32d9a,Apple_Frogeye Spot:::23
data\raw\apple\Apple___Black_rot\e6c8b854-6b46-4137-8e08-81e63ff418ea___JR_FrgE.S 2971.JPG,Apple___Black_rot,Black Rot,.jpg,RGB,256,256,ec4f787ac89fd1dc0a41cddb38504ea4,Apple_Frogeye Spot:::20
data\raw\apple\Apple___Black_rot\e6ea57b6-04c9-4873-83d5-f6d859d54dbb___JR_FrgE.S 2848.JPG,Apple___Black_rot,Black Rot,.jpg,RGB,256,256,6158487a6de58a03ee3cbf109ee1e1cd,Apple_Frogeye Spot:::10
data\raw\apple\Apple___Black_rot\e741c2b4-3b28-4b2c-9664-cb43ba040592___JR_FrgE.S 8610.JPG,Apple___Black_rot,Black Rot,.jpg,RGB,256,256,a140e10496ec08822bf45ab47dc09fe5,Apple_Frogeye Spot:::38
data\raw\apple\Apple___Black_rot\e7a606e4-1e4d-4d37-924f-5a2f49217523___JR_FrgE.S 3052.JPG,Apple___Black_rot,Black Rot,.jpg,RGB,256,256,8d0376c52d4dfd47075d3fe53d3cff88,Apple_Frogeye Spot:::28
data\raw\apple\Apple___Black_rot\e7cca27e-405c-4b21-9e61-f0c3ca6ee1c4___JR_FrgE.S 2977.JPG,Apple___Black_rot,Black Rot,.jpg,RGB,256,256,0d086a6e396158e0c291d539de2af05f,Apple_Frogeye Spot:::21
data\raw\apple\Apple___Black_rot\e8a82871-4dc0-4186-b8f1-0a27f82b60e8___JR_FrgE.S 8626.JPG,Apple___Black_rot,Black Rot,.jpg,RGB,256,256,d9b643646c275af0d41247f6f5003a48,Apple_Frogeye Spot:::41
data\raw\apple\Apple___Black_rot\e90a2dde-185e-46e4-82ad-ce94bf0100b7___JR_FrgE.S 2746.JPG,Apple___Black_rot,Black Rot,.jpg,RGB,256,256,a6d4a24badcaab290fa0abb8c6e09a78,Apple_Frogeye Spot:::2
data\raw\apple\Apple___Black_rot\e91dc932-5dcb-45fb-bc01-bd452294e752___JR_FrgE.S 3050.JPG,Apple___Black_rot,Black Rot,.jpg,RGB,256,256,3121ed85aca8a84a5cd3ea1a98f96f6c,Apple_Frogeye Spot:::28
data\raw\apple\Apple___Black_rot\e956f107-ce57-4996-82a1-2336be5943c0___JR_FrgE.S 8704.JPG,Apple___Black_rot,Black Rot,.jpg,RGB,256,256,fe840a865876730d957c8de92f1cae3c,Apple_Frogeye Spot:::52
data\raw\apple\Apple___Black_rot\e9d9e0f2-331e-4bf5-90cf-a45c2a93dfea___JR_FrgE.S 2946.JPG,Apple___Black_rot,Black Rot,.jpg,RGB,256,256,e56a65aa8885726e615adb30b8438057,Apple_Frogeye Spot:::18
data\raw\apple\Apple___Black_rot\e9df76bc-d175-42c9-990e-6e6c5f5ac5ce___JR_FrgE.S 8663.JPG,Apple___Black_rot,Black Rot,.jpg,RGB,256,256,9080010218ee8a0a9dc12df704ea5241,Apple_Frogeye Spot:::45
data\raw\apple\Apple___Black_rot\eb042f74-2761-4e00-b8ae-759aa4029738___JR_FrgE.S 3078.JPG,Apple___Black_rot,Black Rot,.jpg,RGB,256,256,3001bcb7bc6af2ca97b92ba6210ede0a,Apple_Frogeye Spot:::30
data\raw\apple\Apple___Black_rot\eb36abb9-44c2-47e1-86fe-36c834ed7add___JR_FrgE.S 8644.JPG,Apple___Black_rot,Black Rot,.jpg,RGB,256,256,5e1d89d0c38dac5cbc3d7c3ba3744448,Apple_Frogeye Spot:::42
data\raw\apple\Apple___Black_rot\eb98c4ac-28e3-40ef-8cf4-38acddd5d774___JR_FrgE.S 3043.JPG,Apple___Black_rot,Black Rot,.jpg,RGB,256,256,c2d12ce27dc0af250f49debbec1b4244,Apple_Frogeye Spot:::27
data\raw\apple\Apple___Black_rot\ebe0af1e-91e2-4f41-bea2-179e720da94b___JR_FrgE.S 8750.JPG,Apple___Black_rot,Black Rot,.jpg,RGB,256,256,53b87c4649c5e66333e6bd30eafd0191,Apple_Frogeye Spot:::60
data\raw\apple\Apple___Black_rot\ec91d717-d4b1-41a1-9477-f646db7a39f9___JR_FrgE.S 8709.JPG,Apple___Black_rot,Black Rot,.jpg,RGB,256,256,7de0883a40d0bbc3e0858ef2a14d0dd3,Apple_Frogeye Spot:::53
data\raw\apple\Apple___Black_rot\ecd438b2-48c2-4e04-a1dc-7878625cbdab___JR_FrgE.S 2945.JPG,Apple___Black_rot,Black Rot,.jpg,RGB,256,256,5df5f3c894351b259dc1a5560d80a4a1,Apple_Frogeye Spot:::18
data\raw\apple\Apple___Black_rot\ecd4b7b6-2418-4fc0-ab1f-c63c7a61fac6___JR_FrgE.S 8672.JPG,Apple___Black_rot,Black Rot,.jpg,RGB,256,256,8894858844124fdb95d25befd4bdf658,Apple_Frogeye Spot:::47
data\raw\apple\Apple___Black_rot\ecfabcf4-106e-4357-8058-948dcb2f4798___JR_FrgE.S 8821.JPG,Apple___Black_rot,Black Rot,.jpg,RGB,256,256,8accb2ec0b33cf5a4e47dba5d4ee1775,Apple_Frogeye Spot:::71
data\raw\apple\Apple___Black_rot\ee5b8f3c-3afe-45d9-b0ad-8aefc9dc914b___JR_FrgE.S 2987.JPG,Apple___Black_rot,Black Rot,.jpg,RGB,256,256,2bd89fd7f333840f550cee75c2c55b78,Apple_Frogeye Spot:::22
data\raw\apple\Apple___Black_rot\ee734326-8122-445c-adb5-9f0cb8dca9b7___JR_FrgE.S 2964.JPG,Apple___Black_rot,Black Rot,.jpg,RGB,256,256,e2392e045d3644d7cc6a7486b50edd79,Apple_Frogeye Spot:::19
data\raw\apple\Apple___Black_rot\ee7a3b7f-0bda-47e7-b211-734166bb6973___JR_FrgE.S 3030.JPG,Apple___Black_rot,Black Rot,.jpg,RGB,256,256,8107c7d485f5727c8b392c68e1f564a5,Apple_Frogeye Spot:::26
data\raw\apple\Apple___Black_rot\ee978e42-d36d-4bba-b0ac-fcc0eefaacd3___JR_FrgE.S 8665.JPG,Apple___Black_rot,Black Rot,.jpg,RGB,256,256,5b463542e0473a2b2238e9db08e46d60,Apple_Frogeye Spot:::46
data\raw\apple\Apple___Black_rot\eff6da40-2404-4b50-a773-ac0d311559a9___JR_FrgE.S 8666.JPG,Apple___Black_rot,Black Rot,.jpg,RGB,256,256,38ac6e82056b1049ec1b8c72a7fb1dda,Apple_Frogeye Spot:::46
data\raw\apple\Apple___Black_rot\f079c46a-6614-45ac-8ab6-187d126609e5___JR_FrgE.S 2767.JPG,Apple___Black_rot,Black Rot,.jpg,RGB,256,256,d5f47d190610fd4ced3e81819b161953,Apple_Frogeye Spot:::4
data\raw\apple\Apple___Black_rot\f0919147-209f-4a73-be01-42a5f160d51b___JR_FrgE.S 3056.JPG,Apple___Black_rot,Black Rot,.jpg,RGB,256,256,940e2fbd150193468e5bffc7a8adf576,Apple_Frogeye Spot:::28
data\raw\apple\Apple___Black_rot\f14af5e9-087d-4040-9eb2-c2672d513e36___JR_FrgE.S 2972.JPG,Apple___Black_rot,Black Rot,.jpg,RGB,256,256,e246f58d90074f3601e4f8b75c59a787,Apple_Frogeye Spot:::20
data\raw\apple\Apple___Black_rot\f15c02d9-9aa6-45b5-84fc-97e22f7fabaa___JR_FrgE.S 2831.JPG,Apple___Black_rot,Black Rot,.jpg,RGB,256,256,9b3ac04423b66b1a3e29ece73d4132f3,Apple_Frogeye Spot:::8
data\raw\apple\Apple___Black_rot\f1844803-f6fb-4cfb-851e-b9095fb40c9e___JR_FrgE.S 2898.JPG,Apple___Black_rot,Black Rot,.jpg,RGB,256,256,039d223ff1b0a35757138fd02d2cb39e,Apple_Frogeye Spot:::14
data\raw\apple\Apple___Black_rot\f1931320-4177-4453-93fd-3decee538b51___JR_FrgE.S 8707.JPG,Apple___Black_rot,Black Rot,.jpg,RGB,256,256,24d0f2020ee3456dbaf3bf9869a3c572,Apple_Frogeye Spot:::52
data\raw\apple\Apple___Black_rot\f24c943a-6339-48a5-bfb0-b866c926dc16___JR_FrgE.S 2931.JPG,Apple___Black_rot,Black Rot,.jpg,RGB,256,256,00e30681fc0e586003bc97c1cc620936,Apple_Frogeye Spot:::16
data\raw\apple\Apple___Black_rot\f2b3cfad-a6a4-4d2c-b56a-3f323b497e87___JR_FrgE.S 2780.JPG,Apple___Black_rot,Black Rot,.jpg,RGB,256,256,81d1ddc4ab9332fee3ef5b337e5fb53b,Apple_Frogeye Spot:::5
data\raw\apple\Apple___Black_rot\f2b57a5b-f46d-453a-bb33-21d01d8a10de___JR_FrgE.S 3036.JPG,Apple___Black_rot,Black Rot,.jpg,RGB,256,256,df4db34c345b770d7d8149ac730529fa,Apple_Frogeye Spot:::27
data\raw\apple\Apple___Black_rot\f3297583-9150-42fd-a2f4-1a9e7109e240___JR_FrgE.S 2967.JPG,Apple___Black_rot,Black Rot,.jpg,RGB,256,256,7cf4c928df84735ea80149dd54454a12,Apple_Frogeye Spot:::19
data\raw\apple\Apple___Black_rot\f3524490-1e4a-4292-9628-fccb4f85ae4e___JR_FrgE.S 8671.JPG,Apple___Black_rot,Black Rot,.jpg,RGB,256,256,3496c506ccc4e6d0fee336a1a2acc642,Apple_Frogeye Spot:::47
data\raw\apple\Apple___Black_rot\f3918f57-f4c8-44a4-bd0b-403755fa9615___JR_FrgE.S 3092.JPG,Apple___Black_rot,Black Rot,.jpg,RGB,256,256,f0b4cf5d772100922eadd759283b1b02,Apple_Frogeye Spot:::31
data\raw\apple\Apple___Black_rot\f3bac530-dd9a-43b3-b3cf-9860315f3d18___JR_FrgE.S 8800.JPG,Apple___Black_rot,Black Rot,.jpg,RGB,256,256,e15c364e05c2ed650a07e6b0d9c48b09,Apple_Frogeye Spot:::68
data\raw\apple\Apple___Black_rot\f3bbe1b6-4a5c-45d4-9660-d24b8c43f2fc___JR_FrgE.S 2806.JPG,Apple___Black_rot,Black Rot,.jpg,RGB,256,256,1fdaca1af43d55fc775fc0567767eb3a,Apple_Frogeye Spot:::7
data\raw\apple\Apple___Black_rot\f3f1e50a-4e84-4147-b10c-09283a2feddd___JR_FrgE.S 8713.JPG,Apple___Black_rot,Black Rot,.jpg,RGB,256,256,40af14299f755baca89989c86d0750d0,Apple_Frogeye Spot:::53
data\raw\apple\Apple___Black_rot\f3ff804e-bca4-4a23-9af9-1f5b8c5c9980___JR_FrgE.S 3053.JPG,Apple___Black_rot,Black Rot,.jpg,RGB,256,256,ad542606fe0fec60f26c4daa49908e62,Apple_Frogeye Spot:::28
data\raw\apple\Apple___Black_rot\f415bc3e-3e71-4636-a3dd-78b65002384d___JR_FrgE.S 2917.JPG,Apple___Black_rot,Black Rot,.jpg,RGB,256,256,76f3fa049414cc7b8c3f74ee2225dd50,Apple_Frogeye Spot:::15
data\raw\apple\Apple___Black_rot\f45e8b2b-c220-42d2-9828-a39d46db0ca9___JR_FrgE.S 8751.JPG,Apple___Black_rot,Black Rot,.jpg,RGB,256,256,ef3da0c640ea49520db42a5536beb095,Apple_Frogeye Spot:::60
data\raw\apple\Apple___Black_rot\f4f0b458-01c4-48ad-a600-fe3e7fb47b36___JR_FrgE.S 8730.JPG,Apple___Black_rot,Black Rot,.jpg,RGB,256,256,87d5b4c6c9e7a926690778ee8866878f,Apple_Frogeye Spot:::56
data\raw\apple\Apple___Black_rot\f54d34aa-d0a9-40c4-8277-6c65ef9a3203___JR_FrgE.S 2827.JPG,Apple___Black_rot,Black Rot,.jpg,RGB,256,256,f42723507fbd6bfeea83c93698cfd4e7,Apple_Frogeye Spot:::8
data\raw\apple\Apple___Black_rot\f58de461-853f-46d7-b223-d48a81507a85___JR_FrgE.S 2996.JPG,Apple___Black_rot,Black Rot,.jpg,RGB,256,256,b5051f4e149a4e82d7f448b40db00c37,Apple_Frogeye Spot:::22
data\raw\apple\Apple___Black_rot\f637ba06-cf3c-423f-9d1e-c239de14393c___JR_FrgE.S 8605.JPG,Apple___Black_rot,Black Rot,.jpg,RGB,256,256,415787f68923631093ffc173a1e607a0,Apple_Frogeye Spot:::38
data\raw\apple\Apple___Black_rot\f63c8d11-234c-4ff4-bd81-5c3947503038___JR_FrgE.S 3085.JPG,Apple___Black_rot,Black Rot,.jpg,RGB,256,256,3639ae28911a3af3fe93fa01e42f9267,Apple_Frogeye Spot:::30
data\raw\apple\Apple___Black_rot\f6c9080a-95af-48f8-8178-0be757d92d20___JR_FrgE.S 2982.JPG,Apple___Black_rot,Black Rot,.jpg,RGB,256,256,b2253c567c91baca2079051a6c3c1970,Apple_Frogeye Spot:::21
data\raw\apple\Apple___Black_rot\f702f711-d90a-46be-8cd1-78521ecb6822___JR_FrgE.S 8724.JPG,Apple___Black_rot,Black Rot,.jpg,RGB,256,256,ecdd3d1c49b0cf72085ce72252f17b2a,Apple_Frogeye Spot:::55
data\raw\apple\Apple___Black_rot\f7565e18-4946-4049-a1cd-ded7d3c09cef___JR_FrgE.S 2755.JPG,Apple___Black_rot,Black Rot,.jpg,RGB,256,256,0da5c551b3a51fb762c8cf6915b58774,Apple_Frogeye Spot:::3
data\raw\apple\Apple___Black_rot\f770ff71-9ac5-46ef-8b66-65ba246bb952___JR_FrgE.S 8702.JPG,Apple___Black_rot,Black Rot,.jpg,RGB,256,256,2df0f5dbe04e3529b2f24677278da798,Apple_Frogeye Spot:::51
data\raw\apple\Apple___Black_rot\f77c7ac1-f55e-4adc-b049-35def4e87c17___JR_FrgE.S 3077.JPG,Apple___Black_rot,Black Rot,.jpg,RGB,256,256,3057859e4e6d20dce4372d965d9c866d,Apple_Frogeye Spot:::30
data\raw\apple\Apple___Black_rot\f83c1286-8bdb-48e6-ac8f-bd8a5209afc7___JR_FrgE.S 3001.JPG,Apple___Black_rot,Black Rot,.jpg,RGB,256,256,daa8095ce8de8daa5e1b3d9728e81881,Apple_Frogeye Spot:::23
data\raw\apple\Apple___Black_rot\f872ce63-a162-44bd-84ac-c7d89c485457___JR_FrgE.S 8701.JPG,Apple___Black_rot,Black Rot,.jpg,RGB,256,256,fe489a419df68e47e649b2dd58853659,Apple_Frogeye Spot:::51
data\raw\apple\Apple___Black_rot\f8a5bc70-61d0-42fa-b82d-9d480b0fbe2a___JR_FrgE.S 3093.JPG,Apple___Black_rot,Black Rot,.jpg,RGB,256,256,dbf053ad8632a35e2ac058e999da179c,Apple_Frogeye Spot:::31
data\raw\apple\Apple___Black_rot\f9747ff8-17a9-4052-a7f0-d7255d520faa___JR_FrgE.S 2904.JPG,Apple___Black_rot,Black Rot,.jpg,RGB,256,256,d1e532ce579f06e96a6404fbd213d845,Apple_Frogeye Spot:::14
data\raw\apple\Apple___Black_rot\f9b7fc98-caee-4bb1-ae7b-1e9981ba6d72___JR_FrgE.S 2990.JPG,Apple___Black_rot,Black Rot,.jpg,RGB,256,256,20f4d8bdcd2ef0a103c17dd80985f627,Apple_Frogeye Spot:::22
data\raw\apple\Apple___Black_rot\f9c0a3a9-a08e-4b1d-baab-93fdc7fb2690___JR_FrgE.S 2896.JPG,Apple___Black_rot,Black Rot,.jpg,RGB,256,256,0d929cf04211645fab8ea85f4be3ed1b,Apple_Frogeye Spot:::14
data\raw\apple\Apple___Black_rot\f9ec74fa-f27f-4185-a89c-0613319e382b___JR_FrgE.S 8640.JPG,Apple___Black_rot,Black Rot,.jpg,RGB,256,256,d1ac97fe9419dc04e7d2a42bfeda8d99,Apple_Frogeye Spot:::41
data\raw\apple\Apple___Black_rot\fa8eff59-b9f9-45d9-a8f4-eca6fa5a8896___JR_FrgE.S 8647.JPG,Apple___Black_rot,Black Rot,.jpg,RGB,256,256,bd3333d3b9dc1dba76fd7016220152a4,Apple_Frogeye Spot:::43
data\raw\apple\Apple___Black_rot\fb8255a6-e05d-44d3-a115-80c1e55009bd___JR_FrgE.S 3074.JPG,Apple___Black_rot,Black Rot,.jpg,RGB,256,256,728a1b23bc810da110a4e9afb324f662,Apple_Frogeye Spot:::29
data\raw\apple\Apple___Black_rot\fb9d8933-5a5b-4553-a75e-dc50efc35975___JR_FrgE.S 8686.JPG,Apple___Black_rot,Black Rot,.jpg,RGB,256,256,0e1c8b184b22540654f5b0ba2383ae41,Apple_Frogeye Spot:::49
data\raw\apple\Apple___Black_rot\fbbd1259-ea22-4f56-8298-8429d228a07c___JR_FrgE.S 2934.JPG,Apple___Black_rot,Black Rot,.jpg,RGB,256,256,b0b1af41d7a499b43a37ef4cfccfb6a7,Apple_Frogeye Spot:::17
data\raw\apple\Apple___Black_rot\fbd0bf3e-2260-4a97-be8a-af9cac60df7b___JR_FrgE.S 2807.JPG,Apple___Black_rot,Black Rot,.jpg,RGB,256,256,76cad21f789f60c3739efd13cbda7605,Apple_Frogeye Spot:::7
data\raw\apple\Apple___Black_rot\fbe5708e-d8c5-49f2-a01b-c918e04a4338___JR_FrgE.S 2858.JPG,Apple___Black_rot,Black Rot,.jpg,RGB,256,256,826aca852f5d1eb5014a56d4d46f166f,Apple_Frogeye Spot:::10
data\raw\apple\Apple___Black_rot\fc2bb6fc-6480-486c-8727-fbd2da59baa4___JR_FrgE.S 8634.JPG,Apple___Black_rot,Black Rot,.jpg,RGB,256,256,9e84233a36185c64255043c20abc422e,Apple_Frogeye Spot:::42
data\raw\apple\Apple___Black_rot\fc5f6bd3-bd4e-4a8c-94d1-d46ea92a3941___JR_FrgE.S 3017.JPG,Apple___Black_rot,Black Rot,.jpg,RGB,256,256,76dfe5a5a826015141eecc667ff6f33b,Apple_Frogeye Spot:::25
data\raw\apple\Apple___Black_rot\fc7d3fc0-1b3c-4865-adee-3670870ec4c3___JR_FrgE.S 2913.JPG,Apple___Black_rot,Black Rot,.jpg,RGB,256,256,6f9cc3057462163e5c6841e22e81127b,Apple_Frogeye Spot:::15
data\raw\apple\Apple___Black_rot\fcf3bce8-b685-4483-bac4-a2d0d14d6eeb___JR_FrgE.S 8810.JPG,Apple___Black_rot,Black Rot,.jpg,RGB,256,256,28d3af26740db2cf034416667c791231,Apple_Frogeye Spot:::70
data\raw\apple\Apple___Black_rot\fdcf5330-6e9d-4fde-9284-1ac4e7b0fa30___JR_FrgE.S 2981.JPG,Apple___Black_rot,Black Rot,.jpg,RGB,256,256,c5cfe26dba72cc90aeb894f7d2f4c907,Apple_Frogeye Spot:::21
data\raw\apple\Apple___Black_rot\fe588823-1009-4181-88e6-bdbf70fe33c3___JR_FrgE.S 8655.JPG,Apple___Black_rot,Black Rot,.jpg,RGB,256,256,3bc8850dd754d761985ac3a23aa2f536,Apple_Frogeye Spot:::44
data\raw\apple\Apple___Black_rot\fe6a81b9-9198-4db7-82df-0802913716e1___JR_FrgE.S 2976.JPG,Apple___Black_rot,Black Rot,.jpg,RGB,256,256,72849a279697b80846743ad14ce0c0fa,Apple_Frogeye Spot:::20
data\raw\apple\Apple___Black_rot\fef17b16-ce22-4cb6-ba6a-270f5e08a17d___JR_FrgE.S 2843.JPG,Apple___Black_rot,Black Rot,.jpg,RGB,256,256,b1145c4c6d65f78f66956cd123e115ff,Apple_Frogeye Spot:::9
data\raw\apple\Apple___Black_rot\ff0f9b3a-4ef4-4c38-9a23-516beff99192___JR_FrgE.S 3048.JPG,Apple___Black_rot,Black Rot,.jpg,RGB,256,256,20c834cda8fa55cec1b9f6065831b2e6,Apple_Frogeye Spot:::28
data\raw\apple\Apple___Black_rot\ff4e792b-14c5-41db-af9e-0676abf8d20a___JR_FrgE.S 3088.JPG,Apple___Black_rot,Black Rot,.jpg,RGB,256,256,39ee9db245123f9b6cd4aa7af14e4e70,Apple_Frogeye Spot:::31
data\raw\apple\Apple___Black_rot\ff7087a7-3388-45dc-a9e9-0aed99539223___JR_FrgE.S 2979.JPG,Apple___Black_rot,Black Rot,.jpg,RGB,256,256,1799100939084eb690d58be2ca7cf4cc,Apple_Frogeye Spot:::21
