image_path,clean_class
data\raw\tomato\Tomato___healthy\14d46dfe-5348-428c-af6b-82b6625ce6c3___GH_HL Leaf 483.1.JPG,Tomato
data\raw\tomato\Tomato___Early_blight\55761153-0f6a-4dad-981e-16fde2ac683f___RS_Erly.B 6387.JPG,Tomato
data\raw\tomato\Tomato___healthy\b5453c78-26b4-40ef-a460-c878eb82fcea___RS_HL 9968.JPG,Tomato
data\raw\tomato\Tomato___Early_blight\8d70db5b-7916-4397-836d-6a73a2faaead___RS_Erly.B 6330.JPG,Tomato
data\raw\tomato\Tomato___Early_blight\2a5367b1-6732-4213-b095-5953251324ee___RS_Erly.B 7585.JPG,Tomato
data\raw\tomato\Tomato___healthy\83a8e340-30f9-4e2f-b825-a1078d5c63cf___RS_HL 0033.JPG,Tomato
data\raw\tomato\Tomato___Late_blight\2aec9930-0331-4e04-8bc0-5c00f373fbf3___GHLB2 Leaf 8993.JPG,Tomato
data\raw\tomato\Tomato___Late_blight\2a295211-a73b-4460-95c5-81842743518f___RS_Late.B 5116.JPG,Tomato
data\raw\tomato\Tomato___Late_blight\9191536b-0dd5-4c85-935a-37fdab6e4fab___RS_Late.B 6042.JPG,Tomato
data\raw\tomato\Tomato___Late_blight\41f6fe04-5205-4a08-a2a1-961080b5edef___GHLB2 Leaf 8703.JPG,Tomato
data\raw\tomato\Tomato___Late_blight\8f268f79-0230-4dfb-a7e9-e68bb506798e___GHLB2 Leaf 8739.JPG,Tomato
data\raw\tomato\Tomato___Early_blight\70de9ac6-f90f-441f-a51f-217f55213234___RS_Erly.B 9568.JPG,Tomato
data\raw\tomato\Tomato___healthy\846276ae-4ccd-45ba-9a46-f913d04a9456___RS_HL 0012.JPG,Tomato
data\raw\tomato\Tomato___Early_blight\ee7a6de8-1aca-4a55-8c12-69be6277c1c1___RS_Erly.B 9591.JPG,Tomato
data\raw\tomato\Tomato___Early_blight\6b52f204-547d-47aa-926c-b9508a5e6cbc___RS_Erly.B 7434.JPG,Tomato
data\raw\tomato\Tomato___healthy\6c125a79-9b14-4a91-8f03-342910c7fe57___GH_HL Leaf 433.JPG,Tomato
data\raw\tomato\Tomato___Late_blight\c4e17a14-ebac-4e2b-b00f-8b6b5e267b42___RS_Late.B 5097.JPG,Tomato
data\raw\tomato\Tomato___Late_blight\117a7f38-eaa6-4f88-b892-33e2a66d77d5___RS_Late.B 5129.JPG,Tomato
data\raw\tomato\Tomato___healthy\5ac6005e-d9b6-4847-bd28-e43038e02450___RS_HL 0489.JPG,Tomato
data\raw\tomato\Tomato___healthy\6550c4ca-9494-4de5-8909-d0cdab8f0892___RS_HL 0401.JPG,Tomato
data\raw\tomato\Tomato___Late_blight\27ffa018-265a-4ae7-9c3d-66586f28f342___GHLB2 Leaf 9044.JPG,Tomato
data\raw\tomato\Tomato___healthy\c58defb7-5515-4b89-896f-13039c13051f___GH_HL Leaf 372.1.JPG,Tomato
data\raw\tomato\Tomato___Early_blight\f547a0f4-912a-45ec-81aa-371ad12ecacf___RS_Erly.B 7608.JPG,Tomato
data\raw\tomato\Tomato___Late_blight\e9ef618a-46ef-4e2d-a76e-a2423336b29b___GHLB_PS Leaf 43 Day 18.jpg,Tomato
data\raw\tomato\Tomato___Early_blight\a725f34d-c57c-4189-9ec8-6aeec7fb6a78___RS_Erly.B 6452.JPG,Tomato
data\raw\tomato\Tomato___Early_blight\150cfe75-133e-4e98-90cb-de96a8120c03___RS_Erly.B 9414.JPG,Tomato
data\raw\tomato\Tomato___healthy\89787310-40fb-4d46-9b4b-5f8426e26ccf___GH_HL Leaf 442.1.JPG,Tomato
data\raw\tomato\Tomato___Early_blight\e219e45e-3a8e-46dc-9621-9914f42bf3af___RS_Erly.B 7838.JPG,Tomato
data\raw\tomato\Tomato___Early_blight\9407ce87-44ce-4c7f-89ae-1e497b44ae30___RS_Erly.B 9381.JPG,Tomato
data\raw\tomato\Tomato___Early_blight\3726eff6-547d-411e-bc00-f8b533d067e3___RS_Erly.B 6494.JPG,Tomato
data\raw\tomato\Tomato___healthy\37203047-d8ba-43f7-b31e-d496c41c569c___GH_HL Leaf 389.JPG,Tomato
data\raw\tomato\Tomato___healthy\8140c767-937d-450c-8070-2936aeb73834___GH_HL Leaf 439.1.JPG,Tomato
data\raw\tomato\Tomato___Late_blight\f2c089b3-34a5-4300-848f-a0d6eebcb756___RS_Late.B 5174.JPG,Tomato
data\raw\tomato\Tomato___healthy\38670ac4-67ad-4b00-a37b-3fb82d58aa86___RS_HL 9762.JPG,Tomato
data\raw\tomato\Tomato___Late_blight\f14bdea6-8f1d-47c4-ab6f-dbf05c994901___GHLB2 Leaf 9046.JPG,Tomato
data\raw\tomato\Tomato___Late_blight\280cae12-7330-4202-b5cb-236fc869907c___GHLB2 Leaf 8821.JPG,Tomato
data\raw\tomato\Tomato___healthy\5876e77a-8598-418c-bae2-b7492c8e46bd___RS_HL 9859.JPG,Tomato
data\raw\tomato\Tomato___Late_blight\0545d961-8c4c-43ee-9574-e05d7682a99f___GHLB2 Leaf 8631.JPG,Tomato
data\raw\tomato\Tomato___healthy\02d94768-da6d-4c1a-b8b3-fa2e5a2fcd4d___RS_HL 0449.JPG,Tomato
data\raw\tomato\Tomato___healthy\d21a242e-a9a3-4c5e-8e65-6416f84bcaec___GH_HL Leaf 510.2.JPG,Tomato
data\raw\tomato\Tomato___Late_blight\a4008f85-d333-4ca8-87c2-e8c9c68ed19a___RS_Late.B 6461.JPG,Tomato
data\raw\tomato\Tomato___Early_blight\7b962f23-1e0e-4c28-b741-d21c51ab6d4b___RS_Erly.B 7835.JPG,Tomato
data\raw\tomato\Tomato___healthy\d19a7818-769b-4633-bd09-5c3c20d2b4d1___GH_HL Leaf 172.JPG,Tomato
data\raw\tomato\Tomato___Early_blight\b7ca5e36-608f-4441-9549-88b011e7088a___RS_Erly.B 7753.JPG,Tomato
data\raw\tomato\Tomato___healthy\45fc3f1c-6ccc-4ffd-a0a9-f53cbe4e71a1___GH_HL Leaf 206.1.JPG,Tomato
data\raw\tomato\Tomato___Late_blight\464d50a2-adf7-4a8d-b2e0-4fcb01b02fe6___RS_Late.B 5030.JPG,Tomato
data\raw\tomato\Tomato___healthy\e6f3e3b6-8d73-4564-9e0b-771302aaa6ef___RS_HL 0626.JPG,Tomato
data\raw\tomato\Tomato___Late_blight\c1d826c3-84d2-4f96-9eb5-4eaf983c43be___GHLB2 Leaf 8766.JPG,Tomato
data\raw\tomato\Tomato___healthy\d764f501-de57-47f4-a648-c5ece8ec59b2___RS_HL 0409.JPG,Tomato
data\raw\tomato\Tomato___healthy\e1860bf2-2656-4dba-b9de-f80932bca552___RS_HL 0398.JPG,Tomato
data\raw\tomato\Tomato___healthy\b3e76dfe-eeb0-4edf-a93c-bb7964ff57eb___GH_HL Leaf 210.4.JPG,Tomato
data\raw\tomato\Tomato___Late_blight\53dfd9b5-4486-48c6-96c7-08cf93e0aff2___GHLB2 Leaf 9022.JPG,Tomato
data\raw\tomato\Tomato___Late_blight\4648b0c8-1c09-4cb9-b0dc-67515432d802___GHLB2ES Leaf 69.3.JPG,Tomato
data\raw\tomato\Tomato___Late_blight\943a9a43-f61d-44f5-88c0-455d5d6c4746___GHLB Leaf 14 Day 7.JPG,Tomato
data\raw\tomato\Tomato___Early_blight\80c3b18f-a436-47f7-9153-2a24197f6b69___RS_Erly.B 9593.JPG,Tomato
data\raw\tomato\Tomato___Early_blight\38685009-d6e6-4b3a-9957-bf049a210cda___RS_Erly.B 7606.JPG,Tomato
data\raw\tomato\Tomato___Late_blight\df95ecc8-c074-4d29-8571-0fae8d2a620a___RS_Late.B 7191.JPG,Tomato
data\raw\tomato\Tomato___Early_blight\1de17623-e625-4a3a-91e8-64973e6d09fd___RS_Erly.B 9577.JPG,Tomato
data\raw\tomato\Tomato___Early_blight\70ef2f0f-3070-443d-b94f-983b87b41791___RS_Erly.B 9385.JPG,Tomato
data\raw\tomato\Tomato___healthy\8e4af6b9-0f8a-48ad-ade6-4e1fff6d4bbf___RS_HL 0606.JPG,Tomato
data\raw\tomato\Tomato___healthy\190a6af7-d7b1-4265-b05b-c126a7962c93___GH_HL Leaf 408.JPG,Tomato
data\raw\tomato\Tomato___healthy\d75ed8c7-610e-4abd-8a3a-a08993a92df3___GH_HL Leaf 323.2.JPG,Tomato
data\raw\tomato\Tomato___Late_blight\f972ee8f-5f07-49a0-974c-b919b0ad5b0b___RS_Late.B 4961.JPG,Tomato
data\raw\tomato\Tomato___Early_blight\dc4e5770-ed70-4ff3-b61d-a6296faae7e1___RS_Erly.B 7568.JPG,Tomato
data\raw\tomato\Tomato___healthy\125ff07a-87f1-4953-9ded-8f9e5adb7b1b___RS_HL 0470.JPG,Tomato
data\raw\tomato\Tomato___healthy\b89c8996-9a04-45fe-a517-97e23227881c___GH_HL Leaf 430.JPG,Tomato
data\raw\tomato\Tomato___healthy\d45c5eb7-c7b7-430b-9b2c-917a4a34315e___RS_HL 0151.JPG,Tomato
data\raw\tomato\Tomato___healthy\3be50742-0fe9-404a-809e-9597793748a8___GH_HL Leaf 191.JPG,Tomato
data\raw\tomato\Tomato___Late_blight\1905cdb8-1725-4386-9d49-59f47c3e4a1b___GHLB2ES Leaf 65.JPG,Tomato
data\raw\tomato\Tomato___healthy\579cec1c-8304-4b8c-84bb-be54a7e8c93f___GH_HL Leaf 367.JPG,Tomato
data\raw\tomato\Tomato___healthy\84c43d92-9e49-4ce6-b094-5df767b2b0df___RS_HL 0365.JPG,Tomato
data\raw\tomato\Tomato___Early_blight\4a352896-5a0f-4e42-aba1-f06045d5b531___RS_Erly.B 7765.JPG,Tomato
data\raw\tomato\Tomato___Late_blight\4e634785-ec5c-43b9-a352-9c9deb88b117___RS_Late.B 7095.JPG,Tomato
data\raw\tomato\Tomato___Early_blight\0114f7b3-7f56-4bef-aa47-7a82da142d4b___RS_Erly.B 7437.JPG,Tomato
data\raw\tomato\Tomato___Late_blight\08a94695-4566-49aa-84df-91980c3534a2___RS_Late.B 5396.JPG,Tomato
data\raw\tomato\Tomato___Late_blight\ea16e464-19b9-47aa-a1a6-3c33c0cfd609___GHLB2 Leaf 153.JPG,Tomato
data\raw\tomato\Tomato___healthy\679fc520-5ef8-499f-9d88-a963325bee3f___RS_HL 0571.JPG,Tomato
data\raw\tomato\Tomato___Late_blight\7d8cbbfc-89e2-4fe5-9624-89b353d78832___RS_Late.B 5176.JPG,Tomato
data\raw\tomato\Tomato___healthy\338994aa-89ca-4fa5-80ea-9efc94093280___RS_HL 0194.JPG,Tomato
data\raw\tomato\Tomato___Early_blight\6c124f22-619b-44fc-a3d1-231286d4bfda___RS_Erly.B 6403.JPG,Tomato
data\raw\tomato\Tomato___Early_blight\ba19f779-d0cf-4bc7-88df-96e6080fdc96___RS_Erly.B 7599.JPG,Tomato
data\raw\tomato\Tomato___Late_blight\116c7fc2-8443-40b7-a8c0-9619e3e46f08___GHLB2 Leaf 8797.JPG,Tomato
data\raw\tomato\Tomato___Late_blight\fcfe91fc-c578-4c6d-8fe4-b8ff4cfdb766___GHLB2 Leaf 75.1.JPG,Tomato
data\raw\tomato\Tomato___Early_blight\e330dc16-fdf9-4eee-8b09-88bfb5537180___RS_Erly.B 7601.JPG,Tomato
data\raw\tomato\Tomato___Late_blight\d491156d-bcb8-47b9-b6b9-3f1d2dc1777f___GHLB2 Leaf 8779.JPG,Tomato
data\raw\tomato\Tomato___Late_blight\6e594cdd-0b3f-41d2-b056-f03819790e8c___RS_Late.B 5348.JPG,Tomato
data\raw\tomato\Tomato___Late_blight\3d9cca85-96cf-4186-b863-933bbbbc8075___GHLB2 Leaf 117.4.JPG,Tomato
data\raw\tomato\Tomato___Early_blight\803ac166-670f-4cad-9f37-e36eea3118d9___RS_Erly.B 9457.JPG,Tomato
data\raw\tomato\Tomato___Late_blight\563dc24f-a75e-4bde-8667-135ba74541e6___RS_Late.B 5319.JPG,Tomato
data\raw\tomato\Tomato___Late_blight\1cb5d336-3649-49bf-aa9a-72950067b8b0___GHLB_PS Leaf 12 Day 9.jpg,Tomato
data\raw\tomato\Tomato___Early_blight\f79134d0-8c6a-43ad-ba78-9323f9a9f84f___RS_Erly.B 9427.JPG,Tomato
data\raw\tomato\Tomato___Late_blight\6edd59f3-d87c-4583-a931-0f32a2748a79___RS_Late.B 4922.JPG,Tomato
data\raw\tomato\Tomato___Late_blight\40076fd7-8c21-41a4-9bc9-3c1c53e1a865___RS_Late.B 5594.JPG,Tomato
data\raw\tomato\Tomato___Early_blight\eaf0d111-089a-4808-a34c-dd40e3bb4db4___RS_Erly.B 8393.JPG,Tomato
data\raw\tomato\Tomato___Early_blight\f882f8cc-49bc-49f6-a6c0-fbffe60d81a0___RS_Erly.B 7672.JPG,Tomato
data\raw\tomato\Tomato___healthy\285e95b9-fe77-43a7-85ab-5ef37ae162f8___RS_HL 0047.JPG,Tomato
data\raw\tomato\Tomato___Late_blight\dbedc9c1-d7f8-4eef-b4bf-d36689c57c60___GHLB Leaf 27 Day 12.JPG,Tomato
data\raw\tomato\Tomato___healthy\80ad21d3-4571-49bd-a96e-2f75e9a9b673___RS_HL 9729.JPG,Tomato
data\raw\tomato\Tomato___healthy\b1f50b66-747a-4394-ae03-1d5c201c1bb8___RS_HL 9664.JPG,Tomato
data\raw\tomato\Tomato___Early_blight\c2369b01-d04f-443c-b6ab-9e62e1480420___RS_Erly.B 8397.JPG,Tomato
data\raw\tomato\Tomato___healthy\ab203172-45d2-492f-94e0-6d15a1d34209___RS_HL 9831.JPG,Tomato
data\raw\tomato\Tomato___healthy\05598cc1-60b9-4436-a233-973c42eff2d6___GH_HL Leaf 503.1.JPG,Tomato
data\raw\tomato\Tomato___Early_blight\29f6e3c2-0bf9-42fe-9a39-aef42acd5191___RS_Erly.B 9480.JPG,Tomato
data\raw\tomato\Tomato___Late_blight\27dd7c54-809f-445e-97a5-ba0792d4592b___RS_Late.B 6371.JPG,Tomato
data\raw\tomato\Tomato___healthy\59a8b3a3-7e21-4322-befc-0d3da471bd67___GH_HL Leaf 403.1.JPG,Tomato
data\raw\tomato\Tomato___healthy\c25ca040-07f4-4882-b5c9-e8083ba994a2___GH_HL Leaf 417.1.JPG,Tomato
data\raw\tomato\Tomato___Late_blight\6a8491a0-12a0-490e-9947-487a3c0b13fe___RS_Late.B 5349.JPG,Tomato
data\raw\tomato\Tomato___healthy\4127b1a7-3442-4847-96cb-7ea68495039e___GH_HL Leaf 259.JPG,Tomato
data\raw\tomato\Tomato___Late_blight\f20d4b66-977f-4294-92d2-98322f9a4cb0___RS_Late.B 5137.JPG,Tomato
data\raw\tomato\Tomato___Late_blight\7616d956-c144-4105-9972-5f747c5159a6___RS_Late.B 5600.JPG,Tomato
data\raw\tomato\Tomato___healthy\8379a9cc-775f-4e91-b880-09d9afb361ac___RS_HL 0596.JPG,Tomato
data\raw\tomato\Tomato___healthy\29ff6f63-9b09-4833-8d76-00af9c7b6495___GH_HL Leaf 320.2.JPG,Tomato
data\raw\tomato\Tomato___Early_blight\422802e1-cee5-43b7-b735-7f90b5e5d4e2___RS_Erly.B 7349.JPG,Tomato
data\raw\tomato\Tomato___healthy\e5e65db7-de7e-4dc7-a480-9bd7092ccf69___RS_HL 0222.JPG,Tomato
data\raw\tomato\Tomato___healthy\d41e126d-fc0d-4224-96e0-2d5ae074e4ac___RS_HL 9933.JPG,Tomato
data\raw\tomato\Tomato___healthy\982903ac-ec41-4bc3-8faf-c38a45d9b193___RS_HL 9960.JPG,Tomato
data\raw\tomato\Tomato___healthy\83eb200d-ef9d-4b98-b4c1-58b7f0b169e4___RS_HL 0421.JPG,Tomato
data\raw\tomato\Tomato___healthy\c90b9b00-dbfe-4481-b643-861fcd59c536___RS_HL 0598.JPG,Tomato
data\raw\tomato\Tomato___healthy\c5f1eec0-35c2-43ce-8a14-575d86258f73___RS_HL 0337.JPG,Tomato
data\raw\tomato\Tomato___healthy\c7db2891-1bfa-4047-8864-66be6cc9e185___RS_HL 0162.JPG,Tomato
data\raw\tomato\Tomato___healthy\af83b40a-8cac-4467-a44b-1a129b25e4fc___GH_HL Leaf 362.1.JPG,Tomato
data\raw\tomato\Tomato___Late_blight\1f2dc4ae-5264-443a-a103-67fafb37bc70___GHLB_PS Leaf 26.1 Day 16.jpg,Tomato
data\raw\tomato\Tomato___Late_blight\e27901d0-1f93-4342-a8d1-6e19f234b296___GHLB2 Leaf 8916.JPG,Tomato
data\raw\tomato\Tomato___Late_blight\a93e7941-b915-4e05-a3b8-7dd4176e6eaa___GHLB2 Leaf 85.JPG,Tomato
data\raw\tomato\Tomato___Early_blight\4ce52d04-06f4-4b35-af47-804fdabed996___RS_Erly.B 8254.JPG,Tomato
data\raw\tomato\Tomato___healthy\621419a1-09f2-4a22-a569-6d8103895d1c___RS_HL 0023.JPG,Tomato
data\raw\tomato\Tomato___healthy\247e79d6-1874-4ce4-a777-a03a4f94edbf___GH_HL Leaf 211.1.JPG,Tomato
data\raw\tomato\Tomato___Early_blight\6043e8e3-0ab2-4b30-b125-e2a26123b487___RS_Erly.B 8307.JPG,Tomato
data\raw\tomato\Tomato___Late_blight\e82e3fd9-cc3c-4196-9bef-178576b882de___RS_Late.B 6316.JPG,Tomato
data\raw\tomato\Tomato___healthy\4b7deb4f-5bce-4915-ba64-7e75c66624c2___RS_HL 0153.JPG,Tomato
data\raw\tomato\Tomato___Late_blight\75c6ecf4-8a75-4bc6-bfcb-2331f5c56b38___GHLB_PS Leaf 24.1 Day 13.jpg,Tomato
data\raw\tomato\Tomato___healthy\e435f5af-a994-46b5-a5c8-d721dd1788f8___RS_HL 0100.JPG,Tomato
data\raw\tomato\Tomato___healthy\397c68cc-c2f8-4a52-8468-557c8181bc9e___GH_HL Leaf 247.JPG,Tomato
data\raw\tomato\Tomato___Early_blight\60b089ee-97ea-4df8-bb95-cd8c2094b24e___RS_Erly.B 9426.JPG,Tomato
data\raw\tomato\Tomato___Late_blight\d8674a0f-a63f-4d10-852a-4913ba977823___GHLB2 Leaf 8568.JPG,Tomato
data\raw\tomato\Tomato___Early_blight\bbd73cdc-a2e5-4740-9a66-7e59d0416f25___RS_Erly.B 7502.JPG,Tomato
data\raw\tomato\Tomato___Early_blight\240300f1-a601-4363-84e8-670af8a124a1___RS_Erly.B 7762.JPG,Tomato
data\raw\tomato\Tomato___Early_blight\0bed4d68-b82c-4e96-bbfe-e0fc10df01aa___RS_Erly.B 8301.JPG,Tomato
data\raw\tomato\Tomato___Late_blight\d5b8a6e0-d0f6-4271-9d20-2e2d98834b8e___RS_Late.B 4952.JPG,Tomato
data\raw\tomato\Tomato___healthy\fc22b565-e97b-454d-8792-fd945d1badc5___RS_HL 9880.JPG,Tomato
data\raw\tomato\Tomato___healthy\c52fd532-f7ee-43cc-a286-4ac512d4f5ca___GH_HL Leaf 282.JPG,Tomato
data\raw\tomato\Tomato___healthy\ce56d8ec-bfd5-4755-8010-c42658f8d597___RS_HL 0090.JPG,Tomato
data\raw\tomato\Tomato___Late_blight\f33028e4-68df-4312-ba25-94d65f03efcf___RS_Late.B 5530.JPG,Tomato
data\raw\tomato\Tomato___Late_blight\73b30d1f-aa0b-47b0-8a4b-ee856be55431___GHLB2 Leaf 8672.JPG,Tomato
data\raw\tomato\Tomato___Early_blight\3e9af11d-b43d-4bfd-9cdf-1b0d847d3bf6___RS_Erly.B 7739.JPG,Tomato
data\raw\tomato\Tomato___healthy\a37b6334-5748-413a-9c7d-85c3ac8edee8___GH_HL Leaf 260.1.JPG,Tomato
data\raw\tomato\Tomato___Late_blight\bd5a4716-1cf0-46d3-a905-320e4d84d34a___RS_Late.B 6199.JPG,Tomato
data\raw\tomato\Tomato___healthy\50a1376a-3a56-40b5-9f95-614689509505___GH_HL Leaf 413.JPG,Tomato
data\raw\tomato\Tomato___Early_blight\289972f1-4f80-432d-8f44-39c16ea787c3___RS_Erly.B 7542.JPG,Tomato
data\raw\tomato\Tomato___Early_blight\680b86dc-14e0-4668-95c8-776193015146___RS_Erly.B 7854.JPG,Tomato
data\raw\tomato\Tomato___healthy\8811ef44-071b-430a-a0a4-989bf7668582___GH_HL Leaf 193.JPG,Tomato
data\raw\tomato\Tomato___Late_blight\178eb3a0-a4c6-4c2b-8bad-e11d66a76f52___RS_Late.B 4886.JPG,Tomato
data\raw\tomato\Tomato___Late_blight\dfed006d-7f5e-4a06-a73b-dc6cc837b59a___GHLB2 Leaf 8793.JPG,Tomato
data\raw\tomato\Tomato___Late_blight\2dd36c99-7454-499f-8ff5-d25a01568d33___GHLB2 Leaf 99.JPG,Tomato
data\raw\tomato\Tomato___healthy\f4ef07ac-f42d-44b3-8433-368b03b422d2___RS_HL 9743.JPG,Tomato
data\raw\tomato\Tomato___Late_blight\50dd04a3-18a8-4a34-bbba-5e6f851742f5___RS_Late.B 6141.JPG,Tomato
data\raw\tomato\Tomato___healthy\347987eb-9aee-49c7-a8c9-346d18ee7227___GH_HL Leaf 229.1.JPG,Tomato
data\raw\tomato\Tomato___Early_blight\45a51377-1fd4-45f3-bfdb-02d9d0953ab2___RS_Erly.B 9471.JPG,Tomato
data\raw\tomato\Tomato___healthy\1e5e6f9d-6d14-4ea7-9c36-c6a559e567d7___RS_HL 9780.JPG,Tomato
data\raw\tomato\Tomato___Early_blight\669eda4d-aa2e-4d84-9146-c96b047eb70e___RS_Erly.B 6369.JPG,Tomato
data\raw\tomato\Tomato___Early_blight\3537d467-9926-49dc-8d11-74a76b196354___RS_Erly.B 7665.JPG,Tomato
data\raw\tomato\Tomato___Late_blight\98d99dcc-6922-4b11-9b64-7e75440da1a8___RS_Late.B 5095.JPG,Tomato
data\raw\tomato\Tomato___healthy\109f3e0e-e7f4-41b9-b450-f68750e144ae___RS_HL 0014.JPG,Tomato
data\raw\tomato\Tomato___Late_blight\4de5d2c4-bed5-436a-95e2-bcf43a1723fd___GHLB2 Leaf 8727.JPG,Tomato
data\raw\tomato\Tomato___Late_blight\93cfbf22-96aa-4d97-ae92-9117209d23c0___RS_Late.B 6192.JPG,Tomato
data\raw\tomato\Tomato___healthy\06639369-2e38-48cc-a27a-5b90388d227e___RS_HL 0389.JPG,Tomato
data\raw\tomato\Tomato___healthy\8c4cf935-765a-4689-a093-08e8c64fb124___GH_HL Leaf 369.JPG,Tomato
data\raw\tomato\Tomato___Late_blight\5b493f89-c29b-4c99-9ace-e9c3c0dafbf6___RS_Late.B 6062.JPG,Tomato
data\raw\tomato\Tomato___Early_blight\b6611980-ad87-4121-a6d0-b648b946b432___RS_Erly.B 8426.JPG,Tomato
data\raw\tomato\Tomato___healthy\beb8ecc5-3283-430e-b598-343f6754a752___GH_HL Leaf 328.JPG,Tomato
data\raw\tomato\Tomato___healthy\13a4fd9b-13eb-4fcd-af7d-b6c76fbbf456___GH_HL Leaf 272.JPG,Tomato
data\raw\tomato\Tomato___Early_blight\603c6233-8cc0-4bb7-97f3-0e5db1614c63___RS_Erly.B 9398.JPG,Tomato
data\raw\tomato\Tomato___Late_blight\7e5386fc-de1d-4507-acb6-e0d0da3a35da___RS_Late.B 4900.JPG,Tomato
data\raw\tomato\Tomato___Late_blight\989d984b-eaef-4ae1-a850-c2ae65961bdf___GHLB2 Leaf 9026.JPG,Tomato
data\raw\tomato\Tomato___healthy\c5708e70-747e-44d9-ab7f-356157bfe0ec___RS_HL 9813.JPG,Tomato
data\raw\tomato\Tomato___Early_blight\c66ca8bd-a004-4efb-a66c-3be5168aaaca___RS_Erly.B 7826.JPG,Tomato
data\raw\tomato\Tomato___Late_blight\8217ab61-6b5f-4874-8046-d801d40cff3d___RS_Late.B 6089.JPG,Tomato
data\raw\tomato\Tomato___Late_blight\48f00178-13a0-4565-b09d-57944fe67472___RS_Late.B 5081.JPG,Tomato
data\raw\tomato\Tomato___Late_blight\94cc1863-a527-4f26-9b08-2f3bc17ff93f___GHLB Leaf 23.3 Day 13.JPG,Tomato
data\raw\tomato\Tomato___Early_blight\b6bdfe3b-7cb9-48e1-86b2-4ccaf3770af1___RS_Erly.B 9477.JPG,Tomato
data\raw\tomato\Tomato___healthy\3211fc4b-c216-46c3-9db7-b340684066b2___RS_HL 0360.JPG,Tomato
data\raw\tomato\Tomato___healthy\f2acd891-c219-4c76-b2e7-a55c7c92e018___RS_HL 9898.JPG,Tomato
data\raw\tomato\Tomato___Late_blight\8243854c-24f1-49e5-b568-819ae3867a8c___RS_Late.B 7143.JPG,Tomato
data\raw\tomato\Tomato___Late_blight\5fc495d5-db9f-4099-8c2e-8fe2dd8f088e___RS_Late.B 6079.JPG,Tomato
data\raw\tomato\Tomato___Early_blight\3c5e2faa-3bca-4d88-8841-fa06cf7388f1___RS_Erly.B 9599.JPG,Tomato
data\raw\tomato\Tomato___Late_blight\91f4f56a-b0c8-469f-88a7-47908efa5842___RS_Late.B 5437.JPG,Tomato
data\raw\tomato\Tomato___Late_blight\bf014d78-5f3a-4748-a026-dc80d95cbc3f___GHLB2 Leaf 164.JPG,Tomato
data\raw\tomato\Tomato___Early_blight\6e673a0a-ad79-489d-bd0a-d96479fd81b5___RS_Erly.B 7441.JPG,Tomato
data\raw\tomato\Tomato___Late_blight\12c80d02-59c6-4db4-a96e-b28c3fdaf3c2___GHLB_PS Leaf 1.2 Day 9.jpg,Tomato
data\raw\tomato\Tomato___Late_blight\953f355a-fd2c-433e-8292-a8c1908e000e___GHLB2 Leaf 8853.JPG,Tomato
data\raw\tomato\Tomato___Late_blight\19bfccfd-5df8-41be-910e-2c5f3eae3573___GHLB2 Leaf 8597.JPG,Tomato
data\raw\tomato\Tomato___Late_blight\5c6dfda8-1d4e-4ad0-92b1-5c6ffc790ea1___RS_Late.B 6223.JPG,Tomato
data\raw\tomato\Tomato___healthy\49a59716-84d4-44bd-b1c7-4571def5be12___GH_HL Leaf 421.JPG,Tomato
data\raw\tomato\Tomato___healthy\3c8fb1de-5acf-4194-8a8c-5349067cbaf8___RS_HL 0351.JPG,Tomato
data\raw\tomato\Tomato___Late_blight\e85eea01-1188-4b85-8650-c64536c3a937___RS_Late.B 6754.JPG,Tomato
data\raw\tomato\Tomato___healthy\593c58eb-71d4-4626-89d4-de6f59964aa8___RS_HL 0106.JPG,Tomato
data\raw\tomato\Tomato___healthy\2a8f7c7a-fbd4-4669-90eb-61ee118db2a7___RS_HL 0126.JPG,Tomato
data\raw\tomato\Tomato___Late_blight\f9f5cfa8-79df-4ed7-ba61-e7610509b3a5___RS_Late.B 6496.JPG,Tomato
data\raw\tomato\Tomato___Early_blight\394ebb8a-49b8-4122-bd81-f3c862491db9___RS_Erly.B 7513.JPG,Tomato
data\raw\tomato\Tomato___healthy\4b8f6f0d-ed84-49ae-a92e-6cf049a42207___RS_HL 9652.JPG,Tomato
data\raw\tomato\Tomato___healthy\136a69f1-2cf0-4fc6-bf40-8ed63bd3db94___RS_HL 9624.JPG,Tomato
data\raw\tomato\Tomato___Early_blight\c43cc003-56f4-4d9d-b224-6948f499cf95___RS_Erly.B 7675.JPG,Tomato
data\raw\tomato\Tomato___Early_blight\10c1d7a4-bd14-4961-9b96-c7047589eccd___RS_Erly.B 7552.JPG,Tomato
data\raw\tomato\Tomato___Early_blight\5592a349-b19a-4fe8-a131-a89bbae8b655___RS_Erly.B 7474.JPG,Tomato
data\raw\tomato\Tomato___Early_blight\7d8a95e9-ea83-44f4-9f7c-ad4692b1ce1f___RS_Erly.B 7534.JPG,Tomato
data\raw\tomato\Tomato___Late_blight\1e2fe7d3-3d69-4cf6-aef7-e9975940bd40___GHLB2 Leaf 77.JPG,Tomato
data\raw\tomato\Tomato___healthy\6dca3464-9e71-4edf-9ca5-746b5eebe418___GH_HL Leaf 352.JPG,Tomato
data\raw\tomato\Tomato___Early_blight\121b3f84-70ed-4d1c-882c-d3204e2af046___RS_Erly.B 8421.JPG,Tomato
data\raw\tomato\Tomato___Late_blight\2e62a850-078e-44ce-ac30-6b940479e017___RS_Late.B 6080.JPG,Tomato
data\raw\tomato\Tomato___Early_blight\aeb5a5ed-0672-49e9-a805-74b9390d4972___RS_Erly.B 9529.JPG,Tomato
data\raw\tomato\Tomato___Late_blight\fd26b445-5839-4337-858c-a91dfdd812cc___GHLB2 Leaf 8743.JPG,Tomato
data\raw\tomato\Tomato___Early_blight\8eba4e89-f5bf-45d4-be9b-30dfde83f538___RS_Erly.B 7586.JPG,Tomato
data\raw\tomato\Tomato___Late_blight\c03b8994-6c6e-4997-83fd-803f3cc580ad___GHLB2 Leaf 8833.JPG,Tomato
data\raw\tomato\Tomato___healthy\9c3ad610-7677-4f3c-9646-88069e0c61cb___GH_HL Leaf 449.2.JPG,Tomato
data\raw\tomato\Tomato___Early_blight\4d8cce21-a64f-4953-8c56-218f1611ed29___RS_Erly.B 7372.JPG,Tomato
data\raw\tomato\Tomato___healthy\424c3315-6c08-4ab3-89da-d8456bc2050b___GH_HL Leaf 443.JPG,Tomato
data\raw\tomato\Tomato___healthy\9a97f632-a6a4-4a7e-9a82-90167fdf8fff___GH_HL Leaf 181.JPG,Tomato
data\raw\tomato\Tomato___Early_blight\0f065614-a53a-4c83-9d29-5d3e4ab5b41d___RS_Erly.B 7676.JPG,Tomato
data\raw\tomato\Tomato___Late_blight\40bca58c-a09e-429b-a0b3-03fce3ea88e5___GHLB2 Leaf 9113.JPG,Tomato
data\raw\tomato\Tomato___Early_blight\1f402ddb-f3e8-4907-a793-320c8e43446a___RS_Erly.B 9460.JPG,Tomato
data\raw\tomato\Tomato___Late_blight\46e4103f-f240-48cc-ae17-9466fcbec332___RS_Late.B 6650.JPG,Tomato
data\raw\tomato\Tomato___healthy\6d2b6ab9-dd43-446a-ae14-0fc3fb12b9ca___GH_HL Leaf 265.2.JPG,Tomato
data\raw\tomato\Tomato___Early_blight\c0caae76-1327-4d16-95dd-138603f7573b___RS_Erly.B 8362.JPG,Tomato
data\raw\tomato\Tomato___Early_blight\74c0d66d-a12d-4b9d-9f24-e283b8273a7e___RS_Erly.B 8302.JPG,Tomato
data\raw\tomato\Tomato___Late_blight\46aabd9e-80c5-440b-924a-229f146b571c___GHLB2 Leaf 8955.JPG,Tomato
data\raw\tomato\Tomato___Early_blight\676eb874-87e8-4f5d-bd38-013799c31996___RS_Erly.B 6458.JPG,Tomato
data\raw\tomato\Tomato___Late_blight\27a3a882-d241-4b46-9606-04e7fcaced25___GHLB2 Leaf 8599.JPG,Tomato
data\raw\tomato\Tomato___healthy\37081fee-4a04-4134-99d9-f9ac3801ad47___GH_HL Leaf 201.1.JPG,Tomato
data\raw\tomato\Tomato___Late_blight\89a3122f-8ff0-453f-8677-b713ea76dddd___RS_Late.B 5284.JPG,Tomato
data\raw\tomato\Tomato___Late_blight\48246fa8-29ce-4ae2-abc3-586440295cf0___RS_Late.B 5459.JPG,Tomato
data\raw\tomato\Tomato___healthy\18fa622c-8257-479a-9c81-7a6fe9a3a41b___GH_HL Leaf 428.JPG,Tomato
data\raw\tomato\Tomato___Late_blight\7048f52e-7b68-43d2-81d7-a146d5a73407___GHLB2 Leaf 8708.JPG,Tomato
data\raw\tomato\Tomato___Late_blight\ac205c4a-58c5-430f-8b4c-f853652df749___GHLB_PS Leaf 30 Day 13.jpg,Tomato
data\raw\tomato\Tomato___Early_blight\264bc13b-2bcd-40f8-ae25-23aef0ccdc64___RS_Erly.B 7589.JPG,Tomato
data\raw\tomato\Tomato___Late_blight\4ab57bec-a118-4686-a9dd-f6ee3cdd0c55___GHLB2 Leaf 8695.JPG,Tomato
data\raw\tomato\Tomato___healthy\caab6cf8-07a8-422a-84e9-3311f85d2427___RS_HL 0455.JPG,Tomato
data\raw\tomato\Tomato___Late_blight\736c244e-cbeb-406a-bd0e-9a86675b99fc___RS_Late.B 4972.JPG,Tomato
data\raw\tomato\Tomato___healthy\d835fbab-7301-4544-aba9-37cb5d25de9f___RS_HL 0506.JPG,Tomato
data\raw\tomato\Tomato___Early_blight\95f5cf16-3e2d-4b96-9f3d-732cf1c60d6e___RS_Erly.B 7564.JPG,Tomato
data\raw\tomato\Tomato___Early_blight\f834c581-d183-4a7a-98a5-77e8e2cbfa69___RS_Erly.B 7722.JPG,Tomato
data\raw\tomato\Tomato___healthy\52325034-c2a2-4f00-b49d-e67cafcd2828___GH_HL Leaf 399.1.JPG,Tomato
data\raw\tomato\Tomato___healthy\065cd824-d515-49f6-a68a-c1b6dd313472___RS_HL 0139.JPG,Tomato
data\raw\tomato\Tomato___Late_blight\7c163fda-ae67-4733-8fe3-f59d8ab20a5a___GHLB2 Leaf 8805.JPG,Tomato
data\raw\tomato\Tomato___healthy\f17dd662-f947-4892-9136-56dbe0feaca2___RS_HL 0503.JPG,Tomato
data\raw\tomato\Tomato___Late_blight\532b2c20-d17b-4b3e-a69e-54a6e5343014___GHLB2 Leaf 9004.JPG,Tomato
data\raw\tomato\Tomato___healthy\9dcb8870-47cb-4816-bb88-a435b5844cf6___GH_HL Leaf 207.JPG,Tomato
data\raw\tomato\Tomato___Early_blight\2840c2f1-b901-41c2-8d0c-7827bc7f8ab3___RS_Erly.B 9574.JPG,Tomato
data\raw\tomato\Tomato___Late_blight\d56280c8-1442-476c-bdc8-8bb99edad8dd___GHLB2 Leaf 8847.JPG,Tomato
data\raw\tomato\Tomato___healthy\ec57d9f8-7dcc-49e6-9ce7-af7d01eda4d1___RS_HL 9718.JPG,Tomato
data\raw\tomato\Tomato___Late_blight\4392c0b5-bd98-4419-a99a-68d0f41f00b9___GHLB2 Leaf 8680.JPG,Tomato
data\raw\tomato\Tomato___Late_blight\de8d81c6-d032-4d55-92c3-690da726fa0c___GHLB2ES Leaf 119.1.JPG,Tomato
data\raw\tomato\Tomato___Late_blight\5ee4e525-31bd-415c-9f64-30746c2434d7___RS_Late.B 4883.JPG,Tomato
data\raw\tomato\Tomato___Early_blight\2ffcdf9e-9cf5-492e-80f8-6f80cd0be7cb___RS_Erly.B 7421.JPG,Tomato
data\raw\tomato\Tomato___healthy\61db52ae-d868-4ba0-bac0-b2c9dc539cd8___RS_HL 0140.JPG,Tomato
data\raw\tomato\Tomato___Late_blight\d9459215-359a-48d1-babe-be3b7b11cd9d___GHLB Leaf 2 Day 12.JPG,Tomato
data\raw\tomato\Tomato___Early_blight\872ec950-8238-4f73-a366-f72f2f92d3fe___RS_Erly.B 7487.JPG,Tomato
data\raw\tomato\Tomato___Late_blight\7e10e4ed-19e9-4e89-a936-4b2bb30d4e90___GHLB_PS Leaf 1 Day 13.jpg,Tomato
data\raw\tomato\Tomato___Late_blight\8c36f3d7-3aee-4341-8319-449e3f5e6f79___RS_Late.B 5596.JPG,Tomato
data\raw\tomato\Tomato___healthy\918886d9-62bf-46a4-97f9-0afe76641b25___GH_HL Leaf 365.1.JPG,Tomato
data\raw\tomato\Tomato___Early_blight\b8b9300b-f085-49ce-a052-5c003e493f7e___RS_Erly.B 7507.JPG,Tomato
data\raw\tomato\Tomato___Late_blight\ea8996e6-05f4-4792-9704-e2c796b0fbf2___RS_Late.B 5075.JPG,Tomato
data\raw\tomato\Tomato___healthy\7ce1f8c1-1542-4d7b-be27-11e29d572283___GH_HL Leaf 508.2.JPG,Tomato
data\raw\tomato\Tomato___healthy\b840b04b-5909-4e35-beb8-7f53098975b1___RS_HL 0324.JPG,Tomato
data\raw\tomato\Tomato___healthy\abaaf21a-3c59-4a00-825e-2f05f045bbf9___RS_HL 0066.JPG,Tomato
data\raw\tomato\Tomato___Late_blight\c451aa60-ebde-4dfd-a008-ad6e4cfef3fe___RS_Late.B 6857.JPG,Tomato
data\raw\tomato\Tomato___Early_blight\e7d248e4-a5e5-431f-9061-6383c14d8526___RS_Erly.B 7426.JPG,Tomato
data\raw\tomato\Tomato___Late_blight\8c7b818d-de11-4989-8991-48e4234e2ab4___GHLB2 Leaf 116.2.JPG,Tomato
data\raw\tomato\Tomato___healthy\d01d616c-7259-461f-9f3e-98fa7a3f86e1___RS_HL 9922.JPG,Tomato
data\raw\tomato\Tomato___Late_blight\f5538cfb-7556-4f4d-a680-6a15cc6283ab___RS_Late.B 4962.JPG,Tomato
data\raw\tomato\Tomato___Early_blight\7b7780c0-f1b2-4095-924c-f3d7777b427e___RS_Erly.B 9613.JPG,Tomato
data\raw\tomato\Tomato___Late_blight\c2327b45-3e5f-4f36-8f5b-2146c89d446d___RS_Late.B 6343.JPG,Tomato
data\raw\tomato\Tomato___healthy\dd7a8ade-2bc7-4b28-9e27-f823e8466a76___GH_HL Leaf 236.JPG,Tomato
data\raw\tomato\Tomato___Late_blight\1e0c01b6-5d75-47ea-b455-c9508882424a___RS_Late.B 6886.JPG,Tomato
data\raw\tomato\Tomato___Late_blight\3db1dcda-3180-432a-9b8e-7ba8a0d6be55___GHLB_PS Leaf 28.3 Day 13.JPG,Tomato
data\raw\tomato\Tomato___healthy\ecf64cfc-d521-48af-bb48-06edc78074c5___GH_HL Leaf 323.JPG,Tomato
data\raw\tomato\Tomato___Early_blight\6fbefe16-4635-4a03-b245-65594ded39cf___RS_Erly.B 7654.JPG,Tomato
data\raw\tomato\Tomato___Late_blight\be2cc67b-7311-47a4-bcf7-bf62bf429533___GHLB2 Leaf 9008.JPG,Tomato
data\raw\tomato\Tomato___Early_blight\f7682a27-eeb7-4e22-89f0-df8531c5fb8f___RS_Erly.B 7728.JPG,Tomato
data\raw\tomato\Tomato___Late_blight\8662590c-1a1e-450e-97fa-07fb26faf0c1___GHLB2 Leaf 8919.JPG,Tomato
data\raw\tomato\Tomato___healthy\185440e0-ca0a-4cd6-aba7-d03fae21552f___RS_HL 0141.JPG,Tomato
data\raw\tomato\Tomato___Late_blight\1a895389-ec7f-4622-afaf-9afe6c16a26a___RS_Late.B 5172.JPG,Tomato
data\raw\tomato\Tomato___healthy\4255f30c-f233-4706-9334-bc3c0d09d63d___GH_HL Leaf 372.2.JPG,Tomato
data\raw\tomato\Tomato___healthy\a4dea30d-6551-4107-bba6-1390e74b6b0b___GH_HL Leaf 261.1.JPG,Tomato
data\raw\tomato\Tomato___Late_blight\215565cf-2897-40f6-97b3-3dd63045242f___GHLB2 Leaf 8800.JPG,Tomato
data\raw\tomato\Tomato___Late_blight\6cc5252d-0b5d-4f06-969d-8317150c355d___RS_Late.B 5012.JPG,Tomato
data\raw\tomato\Tomato___healthy\466832f0-bff9-4766-a597-dc89880a7b4a___RS_HL 0111.JPG,Tomato
data\raw\tomato\Tomato___Late_blight\6dbfb834-5654-4526-8014-2b33ef976892___RS_Late.B 6172.JPG,Tomato
data\raw\tomato\Tomato___healthy\13e0d497-f5fc-4fb9-9e9a-cb77bc330730___RS_HL 0397.JPG,Tomato
data\raw\tomato\Tomato___healthy\07cb5416-a029-467f-a306-252c2a64d2e6___RS_HL 0543.JPG,Tomato
data\raw\tomato\Tomato___Early_blight\de96e7a2-6de3-4699-9680-9eb4d4e215c8___RS_Erly.B 9445.JPG,Tomato
data\raw\tomato\Tomato___Late_blight\d0d54368-8903-496b-9b2c-705a3d4cf8d6___RS_Late.B 5377.JPG,Tomato
data\raw\tomato\Tomato___Late_blight\7525f169-671f-4ec6-95f2-5bb54b6fd14d___GHLB Leaf 2.4 Day 13.JPG,Tomato
data\raw\tomato\Tomato___healthy\7acc2f36-b465-4131-9110-265965ccdb87___RS_HL 0150.JPG,Tomato
data\raw\tomato\Tomato___Late_blight\b58ce413-a81c-488f-9207-bab53d34d1c4___GHLB2 Leaf 8744.JPG,Tomato
data\raw\tomato\Tomato___Late_blight\56dfc698-989d-4515-b7de-1c2ac6283bb3___GHLB2 Leaf 8923.JPG,Tomato
data\raw\tomato\Tomato___healthy\014b5e19-7917-4d76-b632-b5dd31d999ec___RS_HL 9640.JPG,Tomato
data\raw\tomato\Tomato___healthy\41dc5ea4-076f-4539-8cbb-6d4e53371c50___RS_HL 0472.JPG,Tomato
data\raw\tomato\Tomato___Late_blight\7aa199e5-4228-409c-84c2-8cd070af2b87___GHLB Leaf 2.1 Day 12.JPG,Tomato
data\raw\tomato\Tomato___healthy\ce303601-b655-483c-9778-3cbd317606be___RS_HL 0163.JPG,Tomato
data\raw\tomato\Tomato___healthy\c04a8a0a-2ab7-4494-9fa3-88aea29338d8___RS_HL 0015.JPG,Tomato
data\raw\tomato\Tomato___Late_blight\d2619e9f-172d-4c42-8513-0ab522c02824___GHLB Leaf 2.2 Day 16.JPG,Tomato
data\raw\tomato\Tomato___Early_blight\fcf8557f-890e-441b-9dc1-c8854f694f2e___RS_Erly.B 9505.JPG,Tomato
data\raw\tomato\Tomato___healthy\33232143-89a5-4226-b667-9f2a6b17ca5b___RS_HL 9918.JPG,Tomato
data\raw\tomato\Tomato___healthy\d38fc068-8503-4868-9c57-8fba55a7892d___RS_HL 0293.JPG,Tomato
data\raw\tomato\Tomato___Late_blight\250823af-1631-4050-928d-029101ddc744___RS_Late.B 6197.JPG,Tomato
data\raw\tomato\Tomato___Early_blight\7b4b71f7-ba45-45b8-80c4-a80ae73b9d0f___RS_Erly.B 7611.JPG,Tomato
data\raw\tomato\Tomato___healthy\5853fc45-5ce0-4b2c-a36e-18eda75a97c6___RS_HL 9632.JPG,Tomato
data\raw\tomato\Tomato___healthy\47d38fb3-c397-433f-a478-482a660b70f3___RS_HL 0113.JPG,Tomato
data\raw\tomato\Tomato___healthy\8cc9bd20-8bc9-49c2-bef6-5d43644e7216___GH_HL Leaf 459.JPG,Tomato
data\raw\tomato\Tomato___healthy\d442075f-73bb-47a0-9545-9b36bca9300b___GH_HL Leaf 210.JPG,Tomato
data\raw\tomato\Tomato___Late_blight\695709e4-d869-4003-97eb-b2de21d5d1a5___GHLB2ES Leaf 62.1.JPG,Tomato
data\raw\tomato\Tomato___Late_blight\0a6203b9-ced0-4934-ae23-4a7d2e2e2fdd___RS_Late.B 6424.JPG,Tomato
data\raw\tomato\Tomato___Late_blight\2f433332-c89a-482b-993b-37a3a10096e0___GHLB2 Leaf 8616.JPG,Tomato
data\raw\tomato\Tomato___healthy\d6e27864-a8c9-426f-9e46-283d0eb3a7d0___RS_HL 0452.JPG,Tomato
data\raw\tomato\Tomato___healthy\948816c8-6d72-47ad-bafc-e1448be3459f___RS_HL 9891.JPG,Tomato
data\raw\tomato\Tomato___Late_blight\bb2fca37-44c5-400e-b81e-b402549d45c1___GHLB_PS Leaf 43.3 Day 18.jpg,Tomato
data\raw\tomato\Tomato___healthy\6456344c-0dca-4ea8-8ad9-7f2809182e73___RS_HL 9832.JPG,Tomato
data\raw\tomato\Tomato___Early_blight\e3e8305e-a7f1-4ac2-9ed0-7a09660b2fa3___RS_Erly.B 9447.JPG,Tomato
data\raw\tomato\Tomato___Late_blight\7609a2a4-654e-4dad-b3e6-1cb4aab89420___RS_Late.B 5633.JPG,Tomato
data\raw\tomato\Tomato___Early_blight\22742bf8-7e7f-41cc-bf74-5fe80d6cf0cd___RS_Erly.B 6370.JPG,Tomato
data\raw\tomato\Tomato___Early_blight\53c47cc3-e958-4e9a-811a-e19e99ef0a8c___RS_Erly.B 6373.JPG,Tomato
data\raw\tomato\Tomato___Late_blight\ab542ed7-985c-4d7c-a2ad-a5ba19b9496e___RS_Late.B 6454.JPG,Tomato
data\raw\tomato\Tomato___Early_blight\e81dfd96-227c-41a7-8cf8-dbc14f2e4b33___RS_Erly.B 7407.JPG,Tomato
data\raw\tomato\Tomato___Late_blight\2054e9b6-19eb-4066-b384-83e6f6ef2690___GHLB2 Leaf 8565.JPG,Tomato
data\raw\tomato\Tomato___Early_blight\2bdecb58-7e31-4129-83ff-125b7a31c0f6___RS_Erly.B 9506.JPG,Tomato
data\raw\tomato\Tomato___Late_blight\2ec39ffa-c356-4d31-8153-f2e4bc9a1449___RS_Late.B 5164.JPG,Tomato
data\raw\tomato\Tomato___Late_blight\f2dba3c2-82b9-4a5a-9424-f24de8972266___GHLB2 Leaf 8901.JPG,Tomato
data\raw\tomato\Tomato___Late_blight\c6cfdcc7-c5e6-45bc-8b5a-709bf2753902___RS_Late.B 7081.JPG,Tomato
data\raw\tomato\Tomato___Late_blight\a922e2df-e521-466a-8ef9-7f88aa062ac6___GHLB2ES Leaf 119.JPG,Tomato
data\raw\tomato\Tomato___healthy\3f730857-e87b-4de0-bcbb-fdf0314e2250___GH_HL Leaf 245.1.JPG,Tomato
data\raw\tomato\Tomato___healthy\1e8c2c4d-e787-45ff-87ac-56484ac8d3d4___GH_HL Leaf 472.JPG,Tomato
data\raw\tomato\Tomato___healthy\1732045f-a451-4325-aa86-717a8cbdaf02___RS_HL 9698.JPG,Tomato
data\raw\tomato\Tomato___Late_blight\6f631d1f-06c4-4314-95fd-f79d5344cfba___RS_Late.B 5027.JPG,Tomato
data\raw\tomato\Tomato___Early_blight\08fe6531-bb66-4e0a-98b3-4b86a794f9f9___RS_Erly.B 7483.JPG,Tomato
data\raw\tomato\Tomato___Early_blight\e803b217-d9a9-4b0d-9ea1-679145625159___RS_Erly.B 9571.JPG,Tomato
data\raw\tomato\Tomato___healthy\3d59c273-6439-4c0d-b5ac-3738faca5d2a___RS_HL 0413.JPG,Tomato
data\raw\tomato\Tomato___Early_blight\e29ee209-e895-434f-9078-db727c5a98dd___RS_Erly.B 9383.JPG,Tomato
data\raw\tomato\Tomato___Early_blight\3754ec0a-13b7-40c5-9839-b7499b6c365b___RS_Erly.B 7449.JPG,Tomato
data\raw\tomato\Tomato___Late_blight\7a08fe4d-cb32-4a4e-861e-249e582fb8c8___GHLB2 Leaf 8820.JPG,Tomato
data\raw\tomato\Tomato___Late_blight\418ae33c-5f61-4531-82df-8608d82a7a90___RS_Late.B 5574.JPG,Tomato
data\raw\tomato\Tomato___healthy\085cbe78-1d5c-45eb-877f-f409526032d5___GH_HL Leaf 469.JPG,Tomato
data\raw\tomato\Tomato___healthy\377ffc94-d068-4ba0-80cc-dea49edf094d___RS_HL 0367.JPG,Tomato
data\raw\tomato\Tomato___Late_blight\45c8ee5d-1476-4306-a8c6-6a4cbd80f5cb___GHLB2 Leaf 8900.JPG,Tomato
data\raw\tomato\Tomato___Early_blight\0c221e01-a85e-4794-b45b-3a91e349a8d2___RS_Erly.B 6425.JPG,Tomato
data\raw\tomato\Tomato___Late_blight\fee09bd4-a9e3-4174-bd89-4f9b6f911902___GHLB2 Leaf 123.JPG,Tomato
data\raw\tomato\Tomato___healthy\aa0058b5-2857-40fd-8b40-24d728574aec___RS_HL 0415.JPG,Tomato
data\raw\tomato\Tomato___Early_blight\77bd1b85-eaed-41f8-97b0-d6e91b6f953d___RS_Erly.B 8212.JPG,Tomato
data\raw\tomato\Tomato___Late_blight\867d2544-e985-4d01-ae0c-9e8d053f6c61___GHLB2 Leaf 9071.JPG,Tomato
data\raw\tomato\Tomato___Early_blight\5e10503d-8b4e-4215-9128-b92b48fce53d___RS_Erly.B 7559.JPG,Tomato
data\raw\tomato\Tomato___Late_blight\09cdb8a4-0c20-4acd-b4c8-709fad7010fd___GHLB_PS Leaf 37 Day 16.jpg,Tomato
data\raw\tomato\Tomato___Early_blight\4e24576f-00c2-494f-b47b-b2b3885b4749___RS_Erly.B 8279.JPG,Tomato
data\raw\tomato\Tomato___healthy\3247a6d7-a473-414f-af51-2d8de917ee82___RS_HL 9622.JPG,Tomato
data\raw\tomato\Tomato___healthy\e6584f1d-9338-4807-a2f2-8c0a70220c22___GH_HL Leaf 239.JPG,Tomato
data\raw\tomato\Tomato___Early_blight\8ed69ac4-4692-4154-a484-8a693ff7de64___RS_Erly.B 7775.JPG,Tomato
data\raw\tomato\Tomato___Early_blight\28d03063-a772-4136-80fd-3bbff0fffa41___RS_Erly.B 7370.JPG,Tomato
data\raw\tomato\Tomato___Late_blight\8d58aa38-714a-45b6-b36d-fe52ab36aae8___GHLB Leaf 24.1 Day 12.JPG,Tomato
data\raw\tomato\Tomato___healthy\4959798b-5c9b-4f8e-b0a0-3778259614b1___CG1.JPG,Tomato
data\raw\tomato\Tomato___healthy\e53267d6-9a69-4e42-9ddc-8481a337b3e0___RS_HL 0073.JPG,Tomato
data\raw\tomato\Tomato___healthy\b7dd82f7-99d1-4abf-914e-9a0a88dda675___RS_HL 0046.JPG,Tomato
data\raw\tomato\Tomato___Late_blight\72644544-d9a0-442b-9992-e37ed7565d97___GHLB2 Leaf 8904.JPG,Tomato
data\raw\tomato\Tomato___Late_blight\c18f749d-9774-43f6-9c27-ff3d532f551a___RS_Late.B 7100.JPG,Tomato
data\raw\tomato\Tomato___healthy\f6884753-9a44-4f1c-a99b-ef40faa2df5a___RS_HL 0492.JPG,Tomato
data\raw\tomato\Tomato___healthy\48cd0ef9-4e84-4f83-ad6b-e8ddc3eb6b3b___GH_HL Leaf 317.1.JPG,Tomato
data\raw\tomato\Tomato___healthy\ed4e4d41-ed9d-4e62-9cc8-33fadd791847___RS_HL 0338.JPG,Tomato
data\raw\tomato\Tomato___Late_blight\3a0cd50f-708e-478a-9231-39db5f2fc7c3___GHLB_PS Leaf 32.1 Day 13.jpg,Tomato
data\raw\tomato\Tomato___Late_blight\18568211-18d7-453f-84a4-d22e2088ec33___RS_Late.B 5239.JPG,Tomato
data\raw\tomato\Tomato___healthy\d6e75b4e-377f-4d9a-b2a5-d0fcd5ec32b8___RS_HL 0177.JPG,Tomato
data\raw\tomato\Tomato___healthy\0172e56c-8bb8-4e75-8ac7-509df81393e8___RS_HL 0580.JPG,Tomato
data\raw\tomato\Tomato___Late_blight\d6dde2e1-097a-4d45-b646-0110aaa06107___GHLB2 Leaf 8816.JPG,Tomato
data\raw\tomato\Tomato___Early_blight\5ac54e63-40a4-4651-a900-fd3ab4d32bae___RS_Erly.B 7727.JPG,Tomato
data\raw\tomato\Tomato___Early_blight\1e671658-3463-4a38-8b6a-e2867aeeda10___RS_Erly.B 6359.JPG,Tomato
data\raw\tomato\Tomato___Late_blight\54eb17df-c42a-472f-91ec-92784e034115___GHLB2 Leaf 8910.JPG,Tomato
data\raw\tomato\Tomato___Late_blight\5c5a2e9e-e460-403e-9d8a-f961b1f10935___RS_Late.B 5133.JPG,Tomato
data\raw\tomato\Tomato___Late_blight\067fa506-1859-485a-9a17-53aaf0e8b1c3___RS_Late.B 6641.JPG,Tomato
data\raw\tomato\Tomato___Late_blight\edaeb655-f663-4be5-900a-17255d65c997___GHLB2 Leaf 8768.JPG,Tomato
data\raw\tomato\Tomato___healthy\784b04db-e95c-4afb-b451-1b6837d0d90e___RS_HL 0059.JPG,Tomato
data\raw\tomato\Tomato___Late_blight\3de17184-cbec-4397-813e-1bbc3bc5cb6a___RS_Late.B 7050.JPG,Tomato
data\raw\tomato\Tomato___Late_blight\81baeedf-b56b-49b4-a7ff-131083f12ba1___GHLB2 Leaf 8710.JPG,Tomato
data\raw\tomato\Tomato___healthy\d9a6af00-1c5a-4299-9bad-b922c8b5c33e___RS_HL 0546.JPG,Tomato
data\raw\tomato\Tomato___healthy\6da1cf1b-a236-4d45-a390-dac6b65c45f7___GH_HL Leaf 264.JPG,Tomato
data\raw\tomato\Tomato___healthy\4184da3b-ccbd-4880-9aa7-dbb868a7f571___GH_HL Leaf 355.JPG,Tomato
data\raw\tomato\Tomato___Early_blight\9f496d43-f56d-4afa-99d9-7ac5fc9d9966___RS_Erly.B 9419.JPG,Tomato
data\raw\tomato\Tomato___healthy\5dd2a498-7eff-4da7-9c0f-8c394103e52c___RS_HL 0611.JPG,Tomato
data\raw\tomato\Tomato___Late_blight\d26fdac6-4355-4875-8c27-ebb1eaa50a8d___RS_Late.B 5119.JPG,Tomato
data\raw\tomato\Tomato___Early_blight\8c757ec5-a977-412f-bf8e-208fefc79063___RS_Erly.B 9504.JPG,Tomato
data\raw\tomato\Tomato___Late_blight\25a83fb3-e27a-419c-a9db-652fae319fcd___RS_Late.B 6191.JPG,Tomato
data\raw\tomato\Tomato___healthy\acdbf632-8d26-472d-874f-6d7df5cd0432___RS_HL 9897.JPG,Tomato
data\raw\tomato\Tomato___Late_blight\1329e768-8331-4853-8d35-c03f5586c645___GHLB2 Leaf 8867.JPG,Tomato
data\raw\tomato\Tomato___healthy\afb36858-a9e4-45d0-8b7a-2e4a8e8bf72c___RS_HL 0286.JPG,Tomato
data\raw\tomato\Tomato___Late_blight\9bf7479a-5809-48ad-90f7-f4dd4cb9a82b___RS_Late.B 6902.JPG,Tomato
data\raw\tomato\Tomato___Late_blight\e377be2b-1780-4789-a082-3ec683942ca2___GHLB2 Leaf 60.JPG,Tomato
data\raw\tomato\Tomato___Late_blight\65773c21-d788-4c22-84b4-91257a603e74___GHLB_PS Leaf 13 Day 7.jpg,Tomato
data\raw\tomato\Tomato___healthy\b92d2f0f-ba99-44bd-be14-a5ad7763543f___RS_HL 9953.JPG,Tomato
data\raw\tomato\Tomato___Early_blight\605ce000-1122-45ae-8742-93a7de8c712c___RS_Erly.B 7627.JPG,Tomato
data\raw\tomato\Tomato___healthy\81024038-40ff-40c4-b8f4-4a48b08032e4___RS_HL 0301.JPG,Tomato
data\raw\tomato\Tomato___healthy\f0cc7028-bf33-4ed4-8df0-7f1e80f42d15___GH_HL Leaf 266.JPG,Tomato
data\raw\tomato\Tomato___Early_blight\9249614a-4e74-49af-81ab-f8d0689fdc50___RS_Erly.B 7610.JPG,Tomato
data\raw\tomato\Tomato___healthy\da5c938a-1baf-46cb-b1e6-c3bfef99b816___RS_HL 9981.JPG,Tomato
data\raw\tomato\Tomato___healthy\b089aa0a-1778-4c3d-ad5d-7997a9b97dbb___GH_HL Leaf 481.JPG,Tomato
data\raw\tomato\Tomato___Early_blight\375a4113-c296-4b3a-897b-da6f4ac660dc___RS_Erly.B 6408.JPG,Tomato
data\raw\tomato\Tomato___Late_blight\a01034d4-69a1-4a6f-b05a-9561acba2ff2___GHLB2 Leaf 9057.JPG,Tomato
data\raw\tomato\Tomato___Early_blight\a7a4d12c-61bf-401d-ab88-0572c4dec56d___RS_Erly.B 9464.JPG,Tomato
data\raw\tomato\Tomato___Late_blight\3ac52b85-d4a3-4958-9e68-399b919cf7b0___GHLB2 Leaf 8638.JPG,Tomato
data\raw\tomato\Tomato___Late_blight\354a2aba-3f4a-4fc4-9598-cdbe291ed167___RS_Late.B 7098.JPG,Tomato
data\raw\tomato\Tomato___Late_blight\c1af9374-2c73-4af4-a139-7b636467743f___RS_Late.B 5592.JPG,Tomato
data\raw\tomato\Tomato___Late_blight\75ab27f9-4a06-4ec8-a335-078802c71fe0___RS_Late.B 5384.JPG,Tomato
data\raw\tomato\Tomato___Late_blight\a65ce89e-dc42-4ef6-ae82-68017cec5884___GHLB2 Leaf 8653.JPG,Tomato
data\raw\tomato\Tomato___Early_blight\16dcb9cd-05ab-46d3-b76e-d19c16077a6a___RS_Erly.B 8345.JPG,Tomato
data\raw\tomato\Tomato___Early_blight\77ac0ab9-bc81-4de6-8f4d-72d15974d227___RS_Erly.B 7773.JPG,Tomato
data\raw\tomato\Tomato___Late_blight\5735bc4e-7a49-4a84-85f6-de312603c7f5___GHLB2 Leaf 8668.JPG,Tomato
data\raw\tomato\Tomato___healthy\409c349a-7738-41fc-8a3a-844cd33cfcae___RS_HL 9825.JPG,Tomato
data\raw\tomato\Tomato___Early_blight\3d7f5e7a-3149-4bce-8fc3-f0df073d5a73___RS_Erly.B 7518.JPG,Tomato
data\raw\tomato\Tomato___Late_blight\fbe8ab0c-7091-4bea-a2a5-94765096a7c9___RS_Late.B 6999.JPG,Tomato
data\raw\tomato\Tomato___Late_blight\8b08d651-0fcc-43da-8aec-34389f834d63___GHLB2 Leaf 8644.JPG,Tomato
data\raw\tomato\Tomato___Late_blight\fcc13483-8986-4424-87cf-c0afc86576a4___RS_Late.B 5565.JPG,Tomato
data\raw\tomato\Tomato___Late_blight\39d14e05-28cd-45c7-98b8-64ffb4552ed9___GHLB2 Leaf 9034.JPG,Tomato
data\raw\tomato\Tomato___Early_blight\f870ea24-aac9-41cd-92a3-72f87d395c33___RS_Erly.B 7598.JPG,Tomato
data\raw\tomato\Tomato___Late_blight\c9c8854f-00f2-4bec-b263-f03354f58114___RS_Late.B 6997.JPG,Tomato
data\raw\tomato\Tomato___Late_blight\65c6537e-336c-4b5c-b525-bb421800b971___RS_Late.B 5568.JPG,Tomato
data\raw\tomato\Tomato___Late_blight\418ae1d4-d0b0-4bfa-9fa2-2fe0f6841487___RS_Late.B 7105.JPG,Tomato
data\raw\tomato\Tomato___Late_blight\3a7b4305-431f-431b-809f-79ae28306b41___GHLB2 Leaf 8965.JPG,Tomato
data\raw\tomato\Tomato___Late_blight\c14302ad-0333-4038-8b4f-a4f75049fbaa___RS_Late.B 6939.JPG,Tomato
data\raw\tomato\Tomato___Early_blight\250f6c43-1800-4c21-9d73-cc51fe144bbc___RS_Erly.B 6356.JPG,Tomato
data\raw\tomato\Tomato___healthy\0cabff41-b00b-4692-98af-6b8b0aeba7aa___RS_HL 9774.JPG,Tomato
data\raw\tomato\Tomato___healthy\717a4bbc-52b1-42c1-a718-ca94744ff52d___RS_HL 9726.JPG,Tomato
data\raw\tomato\Tomato___Late_blight\a4a85f99-e178-4f06-83ba-230048d3446e___GHLB2 Leaf 162.2.JPG,Tomato
data\raw\tomato\Tomato___healthy\6a159b17-b233-4b65-ba45-9fbced7f1d39___RS_HL 0339.JPG,Tomato
data\raw\tomato\Tomato___healthy\e12936ac-7354-434c-b857-1e742e383dd5___RS_HL 9878.JPG,Tomato
data\raw\tomato\Tomato___Late_blight\47614fe0-26d7-4259-a78b-5b8db71f7eed___RS_Late.B 4976.JPG,Tomato
data\raw\tomato\Tomato___healthy\0fee8af3-ca03-418c-a71c-c4fb0a80dc7b___RS_HL 0199.JPG,Tomato
data\raw\tomato\Tomato___healthy\8295c1b4-7674-4b15-8a32-bb665a969e9b___RS_HL 9776.JPG,Tomato
data\raw\tomato\Tomato___healthy\883b7c13-7aef-4ae9-bd70-065a16226e9d___GH_HL Leaf 170.1.JPG,Tomato
data\raw\tomato\Tomato___healthy\80d49051-a7ab-4e01-9370-08ba47aee1d3___RS_HL 0566.JPG,Tomato
data\raw\tomato\Tomato___healthy\a8070204-763a-47f2-9b83-445c17975cdf___RS_HL 0024.JPG,Tomato
data\raw\tomato\Tomato___healthy\3e204d0d-cfdb-41a2-a68b-c3168305d099___GH_HL Leaf 441.1.JPG,Tomato
data\raw\tomato\Tomato___healthy\fb084c48-8c42-43a1-8193-191ba873bd2d___GH_HL Leaf 514.1.JPG,Tomato
data\raw\tomato\Tomato___healthy\65b9d788-d9e2-47d7-a5ca-2ca5a9f47cae___RS_HL 9710.JPG,Tomato
data\raw\tomato\Tomato___Late_blight\00ce4c63-9913-4b16-898c-29f99acf0dc3___RS_Late.B 4982.JPG,Tomato
data\raw\tomato\Tomato___Late_blight\ec8b22c9-a1b5-402c-9f9c-5bd24a209b94___RS_Late.B 6687.JPG,Tomato
data\raw\tomato\Tomato___Late_blight\3daa7759-9d45-4173-b73d-a7fca9800c45___GHLB2 Leaf 8573.JPG,Tomato
data\raw\tomato\Tomato___Late_blight\2077acd5-80d2-421f-8641-308048d44651___GHLB2 Leaf 8678.JPG,Tomato
data\raw\tomato\Tomato___healthy\d7c5d552-e2c6-4868-ac4a-4ffa33151632___RS_HL 0502.JPG,Tomato
data\raw\tomato\Tomato___healthy\77e04405-25a3-4be4-8fa8-60c73888eca6___RS_HL 0599.JPG,Tomato
data\raw\tomato\Tomato___healthy\9b8f108a-010b-4b8b-98ea-b30cbf62b805___GH_HL Leaf 349.1.JPG,Tomato
data\raw\tomato\Tomato___Late_blight\1c0bc46f-d72f-4826-9cb4-8879d80cac73___GHLB2 Leaf 9012.JPG,Tomato
data\raw\tomato\Tomato___Late_blight\09590524-981f-4dc5-b6e3-5225a0c48019___GHLB2ES Leaf 140.JPG,Tomato
data\raw\tomato\Tomato___Late_blight\a58b9916-46bd-49c2-b26e-de46080fdeee___GHLB2 Leaf 8879.JPG,Tomato
data\raw\tomato\Tomato___Late_blight\1d6d043a-9df9-49ec-9b0f-e40a8e7f409f___RS_Late.B 5287.JPG,Tomato
data\raw\tomato\Tomato___healthy\ca9e9564-bf57-4e2e-837f-a847db99a316___GH_HL Leaf 401.JPG,Tomato
data\raw\tomato\Tomato___Late_blight\3c2f237b-3e91-455f-8064-428b308bc575___RS_Late.B 5291.JPG,Tomato
data\raw\tomato\Tomato___Early_blight\f88be630-f853-48f8-b546-a2f7966368a2___RS_Erly.B 7418.JPG,Tomato
data\raw\tomato\Tomato___healthy\c586e5df-8410-4690-aee8-25e9ef9df9a5___GH_HL Leaf 178.1.JPG,Tomato
data\raw\tomato\Tomato___Early_blight\e221d1fa-e003-44eb-a0b0-57e8fcd73fd3___RS_Erly.B 7571.JPG,Tomato
data\raw\tomato\Tomato___Early_blight\6021f415-8463-41eb-ad4c-4033f7d16798___RS_Erly.B 7710.JPG,Tomato
data\raw\tomato\Tomato___Early_blight\7de91b8f-80f1-41bc-af89-2cf58a89276b___RS_Erly.B 7805.JPG,Tomato
data\raw\tomato\Tomato___Late_blight\82090f30-20fa-4c5e-9bcc-9cfe7d64b56a___RS_Late.B 5395.JPG,Tomato
data\raw\tomato\Tomato___healthy\8887e405-f98f-43c6-a85e-71aea03092b9___RS_HL 0238.JPG,Tomato
data\raw\tomato\Tomato___healthy\939be2cc-6c00-4205-85cd-5276c12969e0___RS_HL 9883.JPG,Tomato
data\raw\tomato\Tomato___healthy\7de93009-6180-4027-8779-76947cda3e2f___2700323949_95aa2eaa01_o.jpg,Tomato
data\raw\tomato\Tomato___Early_blight\c163bdbd-0c60-44da-be29-a1d0cad71b72___RS_Erly.B 8343.JPG,Tomato
data\raw\tomato\Tomato___healthy\7e3c7e5d-172c-4a25-ad05-2b32e49c7bd2___GH_HL Leaf 387.JPG,Tomato
data\raw\tomato\Tomato___Early_blight\4d007f46-814a-4cec-93d4-0be4b32a9ed6___RS_Erly.B 6495.JPG,Tomato
data\raw\tomato\Tomato___healthy\71867583-027b-4304-8854-7b88efaf280b___RS_HL 9920.JPG,Tomato
data\raw\tomato\Tomato___Early_blight\90b9c783-480b-4f9b-a97a-d632f60a8f24___RS_Erly.B 9566.JPG,Tomato
data\raw\tomato\Tomato___healthy\6949b108-03f0-4cee-b91a-bb5b23e93249___GH_HL Leaf 331.3.JPG,Tomato
data\raw\tomato\Tomato___healthy\5576cac9-71e4-4ec3-96bd-9b5cfa94fef4___GH_HL Leaf 267.JPG,Tomato
data\raw\tomato\Tomato___Late_blight\1b212ad6-e65a-4467-bfd1-9f9139070d33___GHLB2 Leaf 8609.JPG,Tomato
data\raw\tomato\Tomato___Late_blight\29e99d11-44d0-4c6c-8183-c3e7be56ce58___RS_Late.B 7093.JPG,Tomato
data\raw\tomato\Tomato___Late_blight\c1b4525c-bbef-4cef-ae46-ed82b0ba2f48___RS_Late.B 6996.JPG,Tomato
data\raw\tomato\Tomato___Late_blight\def832df-c202-4e72-ae0a-0687e62c70ce___RS_Late.B 5071.JPG,Tomato
data\raw\tomato\Tomato___Late_blight\83abc50b-0705-4165-a9f3-e67b7ad93bf0___RS_Late.B 6170.JPG,Tomato
data\raw\tomato\Tomato___Early_blight\54b09b2b-afe1-42ab-b889-7190495f1e16___RS_Erly.B 7684.JPG,Tomato
data\raw\tomato\Tomato___healthy\36d4756b-afff-40cb-ac7f-598eda5269b9___RS_HL 9711.JPG,Tomato
data\raw\tomato\Tomato___healthy\e62eacd4-0cba-4793-8c9d-7c97031642a7___RS_HL 9700.JPG,Tomato
data\raw\tomato\Tomato___healthy\0f9a114d-1df8-442c-90e7-d14d2f6efb23___RS_HL 9964.JPG,Tomato
data\raw\tomato\Tomato___Early_blight\484250ea-cc2c-4614-bee8-7f24007e00ac___RS_Erly.B 9463.JPG,Tomato
data\raw\tomato\Tomato___healthy\7bb3bc73-873b-454c-82cf-a12cb0eb37fc___RS_HL 0206.JPG,Tomato
data\raw\tomato\Tomato___Late_blight\537465e6-a88a-44d9-aa89-4e3877cee904___RS_Late.B 5433.JPG,Tomato
data\raw\tomato\Tomato___healthy\c458d9e4-15b1-41f4-a93b-020d915afd0c___RS_HL 9884.JPG,Tomato
data\raw\tomato\Tomato___Late_blight\33b5c25b-ab14-4b22-a7f0-764b2070b2d7___GHLB2 Leaf 8670.JPG,Tomato
data\raw\tomato\Tomato___Late_blight\ad58f6d7-db62-4701-a734-85c0d0fd0007___GHLB2 Leaf 8548.JPG,Tomato
data\raw\tomato\Tomato___healthy\cbdb596e-46a9-4d85-9adf-550b8d2bd7ae___RS_HL 0340.JPG,Tomato
data\raw\tomato\Tomato___Early_blight\f6ddeb19-8aa3-40f5-8b60-b2f404f13407___RS_Erly.B 7705.JPG,Tomato
data\raw\tomato\Tomato___healthy\68e18442-2f1d-458d-b1ef-865c7390622c___RS_HL 9919.JPG,Tomato
data\raw\tomato\Tomato___Late_blight\46b29233-cfd6-47d0-99b5-504a4df17bbf___RS_Late.B 5350.JPG,Tomato
data\raw\tomato\Tomato___healthy\6900666d-da67-433d-a8bd-5a131c7ea4a9___GH_HL Leaf 467.JPG,Tomato
data\raw\tomato\Tomato___Late_blight\e1fa1e4a-7259-496f-8066-79678f36f3e8___GHLB2 Leaf 8593.JPG,Tomato
data\raw\tomato\Tomato___healthy\5fdf7f4f-4847-4492-bda8-01995d192e75___GH_HL Leaf 405.JPG,Tomato
data\raw\tomato\Tomato___Late_blight\25de48a3-1b15-42cd-9e6c-795207f252c8___RS_Late.B 5237.JPG,Tomato
data\raw\tomato\Tomato___Early_blight\762585ed-e09c-43c8-8297-8b6ef503ecb0___RS_Erly.B 7420.JPG,Tomato
data\raw\tomato\Tomato___healthy\43f6d6f0-be8e-4120-8c86-fad3bcfd5c03___RS_HL 0180.JPG,Tomato
data\raw\tomato\Tomato___Late_blight\cd3a1b72-2538-4ed0-9b04-6485b4f0ab0c___RS_Late.B 7149.JPG,Tomato
data\raw\tomato\Tomato___Early_blight\92df4dc7-e952-4454-9fed-a7897d16903b___RS_Erly.B 6448.JPG,Tomato
data\raw\tomato\Tomato___Early_blight\4c524fa6-db92-41e1-8d32-84732f78343f___RS_Erly.B 7768.JPG,Tomato
data\raw\tomato\Tomato___Early_blight\352ced01-4645-44e5-bc3e-1b7172deb883___RS_Erly.B 7758.JPG,Tomato
data\raw\tomato\Tomato___Early_blight\0982d864-182e-4d36-959a-dcc67d85d9e6___RS_Erly.B 9481.JPG,Tomato
data\raw\tomato\Tomato___Late_blight\af7021ea-5138-4b6f-9ee5-c05daf993791___GHLB2 Leaf 77.1.JPG,Tomato
data\raw\tomato\Tomato___Late_blight\78b86a00-59ee-4e29-865c-c7cbf42dd9dd___GHLB2 Leaf 8715.JPG,Tomato
data\raw\tomato\Tomato___healthy\4e3e2f5a-04a7-4142-aad1-acfa13344e33___GH_HL Leaf 358.JPG,Tomato
data\raw\tomato\Tomato___Early_blight\29fb6588-a368-4143-9cdd-8a131f0d50f4___RS_Erly.B 7779.JPG,Tomato
data\raw\tomato\Tomato___Late_blight\24364b4f-3f9f-4166-860d-34a938d3d630___RS_Late.B 4986.JPG,Tomato
data\raw\tomato\Tomato___healthy\79e298b2-32c5-40c6-abb7-67bb7f174751___GH_HL Leaf 391.JPG,Tomato
data\raw\tomato\Tomato___Late_blight\0fd882fa-471d-4bcc-ab2b-efdfaf904bc3___GHLB2 Leaf 8915.JPG,Tomato
data\raw\tomato\Tomato___Late_blight\955e9314-b03b-4f51-afdf-9b5f44e2edce___GHLB2 Leaf 9043.JPG,Tomato
data\raw\tomato\Tomato___Late_blight\aa25e72b-b191-4fa8-99d6-6a8cbefbcaf4___RS_Late.B 6277.JPG,Tomato
data\raw\tomato\Tomato___Early_blight\5fc7639c-d04d-40bc-bbd3-68bf11183ed9___RS_Erly.B 7745.JPG,Tomato
data\raw\tomato\Tomato___Early_blight\815fb4d0-7902-45a2-a7c7-2ee400a2e25a___RS_Erly.B 7646.JPG,Tomato
data\raw\tomato\Tomato___Late_blight\10020ad2-c9bc-448b-a2de-7a8d34796f96___GHLB_PS Leaf 2.1 Day 13.jpg,Tomato
data\raw\tomato\Tomato___healthy\4ce6844e-2a92-47aa-9115-0eb1a9a0611c___GH_HL Leaf 464.1.JPG,Tomato
data\raw\tomato\Tomato___Early_blight\5bcb328c-9fa4-4abf-a3b6-8a015ada7d94___RS_Erly.B 7476.JPG,Tomato
data\raw\tomato\Tomato___Late_blight\cd11a26c-4833-4829-b6b7-29b03bc8df4d___RS_Late.B 5615.JPG,Tomato
data\raw\tomato\Tomato___healthy\0d91db63-181b-4c3a-939b-181cc812e466___RS_HL 0308.JPG,Tomato
data\raw\tomato\Tomato___healthy\b66ce067-f338-4ae5-8f62-578ce164456a___RS_HL 0610.JPG,Tomato
data\raw\tomato\Tomato___Late_blight\0c3153b2-0e64-41b6-902a-66eafbf7cae6___GHLB Leaf 4.1 Day 1.JPG,Tomato
data\raw\tomato\Tomato___healthy\ae0ad0c2-8693-4aff-8c4b-2f4d2d6f7f41___RS_HL 0454.JPG,Tomato
data\raw\tomato\Tomato___Late_blight\eed6f6bd-c665-4839-9c91-aa545bbbc202___RS_Late.B 5618.JPG,Tomato
data\raw\tomato\Tomato___Late_blight\cebd5337-bb61-4454-93da-bba4169f0802___GHLB2 Leaf 145.JPG,Tomato
data\raw\tomato\Tomato___healthy\45a1a63e-d00e-434d-b1b8-5b14dcde5b1e___GH_HL Leaf 250.JPG,Tomato
data\raw\tomato\Tomato___Early_blight\deed458f-ec5b-46c7-9658-c005cf90fc11___RS_Erly.B 7480.JPG,Tomato
data\raw\tomato\Tomato___Late_blight\3943d2dd-ffb8-43db-a59d-db7af654aecf___GHLB_PS Leaf 51.1 Day 18.jpg,Tomato
data\raw\tomato\Tomato___Early_blight\e084577f-bb13-4baf-8384-2b37eb430236___RS_Erly.B 7673.JPG,Tomato
data\raw\tomato\Tomato___healthy\9dfa9d89-0a19-4e22-81c1-07c54a21f982___RS_HL 9768.JPG,Tomato
data\raw\tomato\Tomato___Early_blight\e626a672-48b8-490d-8314-a70ff37153f4___RS_Erly.B 7467.JPG,Tomato
data\raw\tomato\Tomato___Early_blight\e5f8bd02-fa52-4ba0-9074-cb7618adacda___RS_Erly.B 9617.JPG,Tomato
data\raw\tomato\Tomato___Early_blight\62394305-3fca-4782-ad4a-b5670fcfac61___RS_Erly.B 7395.JPG,Tomato
data\raw\tomato\Tomato___Early_blight\cf3cffb2-f822-402d-90b9-d1df870c13f3___RS_Erly.B 7741.JPG,Tomato
data\raw\tomato\Tomato___healthy\b840daeb-319f-4cf3-b2a0-3010387fd5d3___GH_HL Leaf 493.JPG,Tomato
data\raw\tomato\Tomato___Late_blight\35bf2b79-f0c4-471c-95ee-2f32df6b8dc6___GHLB2 Leaf 8854.JPG,Tomato
data\raw\tomato\Tomato___Late_blight\a93a7ca0-3ed4-4d86-9441-49a6d605c26d___GHLB_PS Leaf 26 Day 9.jpg,Tomato
data\raw\tomato\Tomato___Late_blight\3fae9c64-18f0-4a67-9f97-554248bb1bed___GHLB_PS Leaf 24 Day 16.jpg,Tomato
data\raw\tomato\Tomato___Early_blight\73f4d791-745e-49b8-82d8-e29b24ddd0e5___RS_Erly.B 7593.JPG,Tomato
data\raw\tomato\Tomato___Late_blight\b68b50e0-52b1-4ba0-98df-8080ffaf3a70___GHLB_PS Leaf 26 Day 16.jpg,Tomato
data\raw\tomato\Tomato___healthy\35f9364b-1ec2-42ee-99f4-3cdeda433f92___RS_HL 9778.JPG,Tomato
data\raw\tomato\Tomato___Late_blight\997f68ef-5b78-40e8-a2d2-a91f304cd9c5___RS_Late.B 4944.JPG,Tomato
data\raw\tomato\Tomato___Late_blight\b5f3f7a5-26ab-4696-b94e-9f2d7c472254___RS_Late.B 6074.JPG,Tomato
data\raw\tomato\Tomato___healthy\e1571f83-5f00-4653-a176-2033f27405fa___GH_HL Leaf 353.JPG,Tomato
data\raw\tomato\Tomato___healthy\dbbde73f-e630-4799-9a08-37bd5602f1b2___GH_HL Leaf 208.JPG,Tomato
data\raw\tomato\Tomato___Late_blight\ff735d59-0023-4c97-853c-ff4083ba96d6___RS_Late.B 6263.JPG,Tomato
data\raw\tomato\Tomato___Late_blight\08a723e4-6b51-4395-8013-b1f3f03709b8___GHLB2 Leaf 8967.JPG,Tomato
data\raw\tomato\Tomato___Late_blight\7a48f790-80f5-4d75-bd49-3c42e8c92fb6___RS_Late.B 4844.JPG,Tomato
data\raw\tomato\Tomato___healthy\b2497a4d-6951-46d3-810b-7072e908eea9___RS_HL 9907.JPG,Tomato
data\raw\tomato\Tomato___healthy\003944fc-3b99-4a0f-9ed4-0e07352fd8b3___RS_HL 9844.JPG,Tomato
data\raw\tomato\Tomato___Early_blight\630ad26e-4c4e-4cfa-aa4c-75b54b5e6395___RS_Erly.B 7658.JPG,Tomato
data\raw\tomato\Tomato___healthy\0864ab65-d40d-4902-8213-09df86cf049e___GH_HL Leaf 400.JPG,Tomato
data\raw\tomato\Tomato___healthy\5c23afc6-7236-4f07-adcd-61b1f69e3fb2___RS_HL 9801.JPG,Tomato
data\raw\tomato\Tomato___Late_blight\2e8f61d8-0d5d-46e3-a597-ede96855a4fe___RS_Late.B 5352.JPG,Tomato
data\raw\tomato\Tomato___Late_blight\a9b6997c-b2bd-4938-aa5f-492ae0cc8431___RS_Late.B 5063.JPG,Tomato
data\raw\tomato\Tomato___Late_blight\7dbd4aab-b307-435c-90bb-7a358eba9814___RS_Late.B 6617.JPG,Tomato
data\raw\tomato\Tomato___Early_blight\d0efac0c-12e0-4481-bf88-a99d9407b31b___RS_Erly.B 6466.JPG,Tomato
data\raw\tomato\Tomato___Early_blight\10fedb70-9786-4623-a32b-97a622037511___RS_Erly.B 7796.JPG,Tomato
data\raw\tomato\Tomato___Late_blight\9e633823-3dde-450c-8172-733021e4dff0___RS_Late.B 6414.JPG,Tomato
data\raw\tomato\Tomato___Late_blight\049dbcab-de65-4f09-9b1b-e59886f56f2e___RS_Late.B 5141.JPG,Tomato
data\raw\tomato\Tomato___Early_blight\a8cade96-090a-4dcd-bc79-d13a4046370d___RS_Erly.B 7721.JPG,Tomato
data\raw\tomato\Tomato___Late_blight\4241f3aa-06c9-433a-91ef-97061a03dfae___RS_Late.B 4985.JPG,Tomato
data\raw\tomato\Tomato___healthy\b67b2bfe-af4a-45ce-8df0-ab679ac9c559___RS_HL 9797.JPG,Tomato
data\raw\tomato\Tomato___Late_blight\558681eb-ad2c-4c93-a347-c140f7e4517a___GHLB2 Leaf 116.1.JPG,Tomato
data\raw\tomato\Tomato___Early_blight\c73fd35a-bc55-46c3-baf3-a943a6e396c5___RS_Erly.B 9563.JPG,Tomato
data\raw\tomato\Tomato___Early_blight\51f589f7-d843-4d5d-8c5a-385951f58865___RS_Erly.B 9424.JPG,Tomato
data\raw\tomato\Tomato___healthy\32beeb9a-49d5-4ffe-bee0-216779e4306e___RS_HL 0327.JPG,Tomato
data\raw\tomato\Tomato___Late_blight\ab503aa2-fb87-44a5-97f9-f2dd80c1697d___GHLB2 Leaf 8647.JPG,Tomato
data\raw\tomato\Tomato___Late_blight\ada20abd-9779-4e32-b331-1ba7b490b36e___GHLB2 Leaf 92.JPG,Tomato
data\raw\tomato\Tomato___Late_blight\a20b95be-e0c6-4cd4-b8ec-fa955d9eb01d___GHLB2 Leaf 9045.JPG,Tomato
data\raw\tomato\Tomato___Late_blight\ad90bf43-648e-479e-8256-5e4d628cfa36___RS_Late.B 7134.JPG,Tomato
data\raw\tomato\Tomato___healthy\0caff918-5807-40f2-b9e4-7dd34a7bab5d___RS_HL 0345.JPG,Tomato
data\raw\tomato\Tomato___Late_blight\cf848353-3cc5-4d85-95ae-453c7da065f4___RS_Late.B 6756.JPG,Tomato
data\raw\tomato\Tomato___Late_blight\e0cf0b07-8ee9-406e-a7fb-5410ba7c84b7___GHLB2 Leaf 8630.JPG,Tomato
data\raw\tomato\Tomato___healthy\a3ebf7f9-543d-4df9-a09f-013ef8dd7760___RS_HL 9662.JPG,Tomato
data\raw\tomato\Tomato___Late_blight\b96d76c8-4ad5-4bfb-bb21-faed3215583e___GHLB2 Leaf 8723.JPG,Tomato
data\raw\tomato\Tomato___Late_blight\bf6cc0d5-0c8c-4a49-80d1-970c3e691073___RS_Late.B 4987.JPG,Tomato
data\raw\tomato\Tomato___Early_blight\e0f7927f-2310-4db1-92cf-cb89a3e14678___RS_Erly.B 7848.JPG,Tomato
data\raw\tomato\Tomato___healthy\cf4431f9-8b69-46dd-80fb-732f1a652027___RS_HL 0510.JPG,Tomato
data\raw\tomato\Tomato___healthy\303db099-b4e0-4c12-801d-cf501857075a___RS_HL 9942.JPG,Tomato
data\raw\tomato\Tomato___healthy\84b9dbb3-98bb-48b0-893f-74627840a2b9___GH_HL Leaf 225.JPG,Tomato
data\raw\tomato\Tomato___healthy\1d10291e-a1ce-4309-b6a4-d034319e3875___GH_HL Leaf 251.1.JPG,Tomato
data\raw\tomato\Tomato___Early_blight\b7b39e7d-16ca-4b55-9b3a-9bd68b746055___RS_Erly.B 7386.JPG,Tomato
data\raw\tomato\Tomato___Late_blight\c49f101c-9495-4a82-aabe-5f3adb220ef0___RS_Late.B 6597.JPG,Tomato
data\raw\tomato\Tomato___Late_blight\938a5ed3-127f-4e05-8e96-9d2225d094c7___GHLB2 Leaf 8784.JPG,Tomato
data\raw\tomato\Tomato___Early_blight\4eccde8f-4b47-4e5e-b0aa-9eaa67b20126___RS_Erly.B 8417.JPG,Tomato
data\raw\tomato\Tomato___healthy\a20a5c58-38e3-4fe3-8bdb-1ce02169a6a3___RS_HL 0512.JPG,Tomato
data\raw\tomato\Tomato___healthy\387dd4db-733b-4d6a-b87e-77ab2f2890a8___RS_HL 9866.JPG,Tomato
data\raw\tomato\Tomato___Early_blight\5d89c2ab-31d9-4f0a-bd00-2c2475b2a037___RS_Erly.B 9377.JPG,Tomato
data\raw\tomato\Tomato___Early_blight\496e8f67-eec4-47be-9c37-b7e8fd4cf230___RS_Erly.B 7743.JPG,Tomato
data\raw\tomato\Tomato___Late_blight\f8afeeda-7bed-422b-8535-67e221372eb7___RS_Late.B 5315.JPG,Tomato
data\raw\tomato\Tomato___healthy\77cd9b9e-9115-46ea-9c85-9744f1793b32___RS_HL 9699.JPG,Tomato
data\raw\tomato\Tomato___healthy\9a5d3900-8707-4088-8ec0-1fad45d8bd11___GH_HL Leaf 339.JPG,Tomato
data\raw\tomato\Tomato___Late_blight\58c55232-ea2b-4ca9-9893-5f2f610969db___RS_Late.B 5448.JPG,Tomato
data\raw\tomato\Tomato___Late_blight\addfb0ca-2f18-4ed6-94e9-192ea15bf9e8___RS_Late.B 5616.JPG,Tomato
data\raw\tomato\Tomato___Early_blight\20a276c8-90b5-475f-811b-1d63f34f1c10___RS_Erly.B 9551.JPG,Tomato
data\raw\tomato\Tomato___Early_blight\68f9f67d-e84a-4551-871c-7b56aab9defc___RS_Erly.B 7693.JPG,Tomato
data\raw\tomato\Tomato___Late_blight\4462526f-af54-4342-8f7d-56f5a6052e9b___GHLB2 Leaf 111.1.JPG,Tomato
data\raw\tomato\Tomato___Late_blight\16c1763a-8e49-436c-865e-be56d8dadf4f___GHLB2 Leaf 9107.JPG,Tomato
data\raw\tomato\Tomato___healthy\063d05a7-1a53-4631-818d-44b34126974e___GH_HL Leaf 453.JPG,Tomato
data\raw\tomato\Tomato___healthy\6c5ad7e4-a826-40af-abf9-0a9e6346e656___RS_HL 0196.JPG,Tomato
data\raw\tomato\Tomato___healthy\a0285527-98c1-40b7-992b-404644387ad8___GH_HL Leaf 509.4.JPG,Tomato
data\raw\tomato\Tomato___healthy\47b93075-4991-4f6a-8510-5fe75a73567f___RS_HL 9719.JPG,Tomato
data\raw\tomato\Tomato___Late_blight\d4f41a97-4705-48e0-9707-2deeb12e4ef6___GHLB Leaf 8 Day 6.JPG,Tomato
data\raw\tomato\Tomato___Late_blight\a647b254-deb0-427d-89e4-05eedfeeffea___RS_Late.B 5106.JPG,Tomato
data\raw\tomato\Tomato___healthy\c0b3ea2d-4889-4693-8590-cef2d32b81e3___RS_HL 0370.JPG,Tomato
data\raw\tomato\Tomato___Early_blight\dc474f67-5e4c-4c60-b1fd-aaafea2bc34c___RS_Erly.B 9519.JPG,Tomato
data\raw\tomato\Tomato___Late_blight\9ec534c9-70e3-43de-876e-3bfd87ef324c___RS_Late.B 5163.JPG,Tomato
data\raw\tomato\Tomato___Late_blight\93ac9f1d-6694-44db-ad77-b9b8470cab1b___GHLB2 Leaf 8796.JPG,Tomato
data\raw\tomato\Tomato___healthy\39b1d9c6-7a13-426f-9154-563e6a8d0438___RS_HL 0563.JPG,Tomato
data\raw\tomato\Tomato___Early_blight\d204ed67-ae0c-40fa-84a4-0e7ef9bca62d___RS_Erly.B 8432.JPG,Tomato
data\raw\tomato\Tomato___Late_blight\b9acddbe-1fc4-44a8-9802-91f0d9f57e22___RS_Late.B 5026.JPG,Tomato
data\raw\tomato\Tomato___Late_blight\ccbeb4a7-7a15-4246-9ffa-1807e58b3afc___RS_Late.B 4849.JPG,Tomato
data\raw\tomato\Tomato___healthy\8d39c92d-db17-4a32-a350-1fa670fe2268___GH_HL Leaf 224.JPG,Tomato
data\raw\tomato\Tomato___healthy\99736699-54e4-4c14-bcce-6c249444e156___RS_HL 0165.JPG,Tomato
data\raw\tomato\Tomato___Early_blight\b559ff8f-efd7-4897-8596-69447c2e6b89___RS_Erly.B 6409.JPG,Tomato
data\raw\tomato\Tomato___healthy\388c05b0-964f-40e1-9319-2466a4021311___GH_HL Leaf 479.4.JPG,Tomato
data\raw\tomato\Tomato___Late_blight\0003faa8-4b27-4c65-bf42-6d9e352ca1a5___RS_Late.B 4946.JPG,Tomato
data\raw\tomato\Tomato___Late_blight\31514f29-0b4c-4d5a-bd8b-cb0e1264bf48___RS_Late.B 6087.JPG,Tomato
data\raw\tomato\Tomato___Late_blight\913a9ecb-2dad-4a37-8e5e-e97a1aa2b8a1___RS_Late.B 5327.JPG,Tomato
data\raw\tomato\Tomato___Late_blight\728bec30-bf7b-40f0-abb5-cf6a78d018da___GHLB2 Leaf 8817.JPG,Tomato
data\raw\tomato\Tomato___healthy\414359b9-153b-4985-bfe0-eaf22f7ff6ab___RS_HL 0062.JPG,Tomato
data\raw\tomato\Tomato___healthy\0eb4ba9a-6626-4e46-b561-c226b495073d___RS_HL 9862.JPG,Tomato
data\raw\tomato\Tomato___healthy\7890f4dc-0c55-454b-ab23-3b25d3d973c4___GH_HL Leaf 366.1.JPG,Tomato
data\raw\tomato\Tomato___Early_blight\b0f9d534-0c29-4185-bdd1-43b83dc586f8___RS_Erly.B 6453.JPG,Tomato
data\raw\tomato\Tomato___Late_blight\226a2cf0-d065-492d-93bf-502dae8aca94___RS_Late.B 6417.JPG,Tomato
data\raw\tomato\Tomato___Early_blight\b06d301b-8cae-475a-9de3-80a42e908ae5___RS_Erly.B 9375.JPG,Tomato
data\raw\tomato\Tomato___Early_blight\d934ba74-0149-457f-b5e7-c11d595f285e___RS_Erly.B 7365.JPG,Tomato
data\raw\tomato\Tomato___healthy\3dd714a8-5c95-4d47-a9d0-0ac15a499c2c___RS_HL 0386.JPG,Tomato
data\raw\tomato\Tomato___healthy\13688c77-f2ad-4f7c-972c-99d70652fac6___RS_HL 0458.JPG,Tomato
data\raw\tomato\Tomato___healthy\10b36861-6a00-41d9-9858-e00adcfb17e7___RS_HL 0235.JPG,Tomato
data\raw\tomato\Tomato___healthy\930bcd42-1c53-414c-94e5-8b270920ed68___RS_HL 0156.JPG,Tomato
data\raw\tomato\Tomato___Late_blight\b96efa85-1d48-4a5e-9c80-4b1848182c93___RS_Late.B 6961.JPG,Tomato
data\raw\tomato\Tomato___healthy\92c06519-cec4-4091-9ae1-5ea8b56c89cd___GH_HL Leaf 525.JPG,Tomato
data\raw\tomato\Tomato___healthy\bc0e8e3d-0cd4-4650-ac73-c099a0b75d4e___GH_HL Leaf 426.1.JPG,Tomato
data\raw\tomato\Tomato___healthy\71c4512d-05ba-456f-ba4e-f2861b7e7837___RS_HL 0390.JPG,Tomato
data\raw\tomato\Tomato___Early_blight\f93578b3-4b98-4b13-95c3-495c656963f4___RS_Erly.B 8340.JPG,Tomato
data\raw\tomato\Tomato___Early_blight\3a8ed6b0-1566-4ab1-b0e2-6a670dfca65a___RS_Erly.B 7653.JPG,Tomato
data\raw\tomato\Tomato___Late_blight\8938dd69-1d88-4885-8a20-b0db3ab84817___RS_Late.B 5417.JPG,Tomato
data\raw\tomato\Tomato___healthy\062c4b5a-59d7-4bc8-a1d0-abdeb6fc9c0e___RS_HL 0295.JPG,Tomato
data\raw\tomato\Tomato___Early_blight\c29f66a1-5df9-4bd7-a6cd-89a0d4a4cba5___RS_Erly.B 9608.JPG,Tomato
data\raw\tomato\Tomato___Late_blight\9ed83599-49d6-479c-a69b-a133d9aee606___GHLB_PS Leaf 1.3 Day 13.jpg,Tomato
data\raw\tomato\Tomato___Early_blight\e56354a5-5e3f-4ed6-bfe5-3c783a32dc98___RS_Erly.B 9413.JPG,Tomato
data\raw\tomato\Tomato___Early_blight\30901e71-e656-4e7e-b3ec-0f813c307b88___RS_Erly.B 9396.JPG,Tomato
data\raw\tomato\Tomato___Early_blight\906f1ca6-2923-40c2-a924-5486fc3d7ba0___RS_Erly.B 9444.JPG,Tomato
data\raw\tomato\Tomato___Late_blight\e1d00dcb-f2cb-41ca-8a45-a46c43e7c90e___GHLB2 Leaf 8697.JPG,Tomato
data\raw\tomato\Tomato___Early_blight\30f2c918-bb60-4d4f-b171-7fecdfac7cac___RS_Erly.B 9543.JPG,Tomato
data\raw\tomato\Tomato___Early_blight\a8844870-0efc-494c-af8c-d5c94fd619f3___RS_Erly.B 7756.JPG,Tomato
data\raw\tomato\Tomato___healthy\460909e5-dd8c-48f9-9a06-6daa2b3d0529___RS_HL 0341.JPG,Tomato
data\raw\tomato\Tomato___healthy\5ecf00da-161c-4e2f-a525-b9223adce0b6___GH_HL Leaf 252.1.JPG,Tomato
data\raw\tomato\Tomato___Late_blight\65911337-0263-4cfa-a89d-9acf3f5eb39a___GHLB2 Leaf 8681.JPG,Tomato
data\raw\tomato\Tomato___Early_blight\a6abb0cb-af59-4136-a928-f08d5313ae36___RS_Erly.B 7561.JPG,Tomato
data\raw\tomato\Tomato___healthy\4f5dde42-a6ac-4886-8b9e-a944568ace95___RS_HL 0080.JPG,Tomato
data\raw\tomato\Tomato___Late_blight\18ab423e-c11a-4800-a84b-4598f08560d8___RS_Late.B 6571.JPG,Tomato
data\raw\tomato\Tomato___Late_blight\d42db004-b176-449f-9290-061fb92738d2___RS_Late.B 7139.JPG,Tomato
data\raw\tomato\Tomato___Late_blight\3e01dcb7-e660-4403-861a-59a44d572565___GHLB Leaf 2 Day 7.JPG,Tomato
data\raw\tomato\Tomato___healthy\e1400c81-62df-44b6-97fd-e210b66dae0b___RS_HL 9672.JPG,Tomato
data\raw\tomato\Tomato___healthy\e2869c8b-aedf-4074-bb99-28e6ed2b4223___RS_HL 9673.JPG,Tomato
data\raw\tomato\Tomato___healthy\b3ff240c-bcdd-4926-9e87-c515cd6c2971___GH_HL Leaf 409.JPG,Tomato
data\raw\tomato\Tomato___Early_blight\4b8821ef-8364-4a04-9549-58d58ffe0411___RS_Erly.B 7704.JPG,Tomato
data\raw\tomato\Tomato___Late_blight\517a9ea3-3465-4855-997e-dde30e566ab3___GHLB_PS Leaf 15 Day 7.jpg,Tomato
data\raw\tomato\Tomato___healthy\0c4b06d5-4053-44fc-99b6-504934fdd3a9___GH_HL Leaf 199.1.JPG,Tomato
data\raw\tomato\Tomato___healthy\4a077dcb-30be-4f8d-9dc9-00f3874b1676___GH_HL Leaf 465.JPG,Tomato
data\raw\tomato\Tomato___Early_blight\16c7ab4c-6940-41e9-854f-d1a9a99325ce___RS_Erly.B 8216.JPG,Tomato
data\raw\tomato\Tomato___Late_blight\c9e551e1-6732-49e5-898e-a8dfbcc7b0c3___RS_Late.B 4959.JPG,Tomato
data\raw\tomato\Tomato___Late_blight\4ceb4156-66d9-4405-9472-82a35f0fa245___GHLB2 Leaf 8662.JPG,Tomato
data\raw\tomato\Tomato___healthy\64b5d77e-2b06-461d-94f9-5f15250a7e77___GH_HL Leaf 505.1.JPG,Tomato
data\raw\tomato\Tomato___Late_blight\017a9839-6097-45aa-85b0-3051db151484___RS_Late.B 5125.JPG,Tomato
data\raw\tomato\Tomato___Early_blight\3dab5935-91ca-489d-b4f4-127300fc527e___RS_Erly.B 6342.JPG,Tomato
data\raw\tomato\Tomato___Late_blight\02fe963e-7c68-4fd3-9f8f-36bf9e153c20___GHLB2 Leaf 8581.JPG,Tomato
data\raw\tomato\Tomato___Late_blight\3956f2c5-b3a4-49a4-8612-c7003d62698b___RS_Late.B 6287.JPG,Tomato
data\raw\tomato\Tomato___healthy\42ae0091-fbfd-43e6-8a48-805051f770a0___RS_HL 0463.JPG,Tomato
data\raw\tomato\Tomato___Early_blight\c10623b4-33fe-458c-9d8e-d9a74fb74a6a___RS_Erly.B 7450.JPG,Tomato
data\raw\tomato\Tomato___Late_blight\979c7630-3f70-4b8e-80eb-cbcc479e8220___RS_Late.B 5019.JPG,Tomato
data\raw\tomato\Tomato___Late_blight\ee0c6d7f-7728-406b-b715-67ba31384954___RS_Late.B 5293.JPG,Tomato
data\raw\tomato\Tomato___Late_blight\a4dd9b8a-c4bc-40c2-87f2-686a36789b2c___RS_Late.B 5500.JPG,Tomato
data\raw\tomato\Tomato___Late_blight\a93d975c-6992-4f12-b454-5b3268961e20___RS_Late.B 4892.JPG,Tomato
data\raw\tomato\Tomato___healthy\ca4e96c1-9bf0-49fb-804f-c895905c0584___GH_HL Leaf 210.2.JPG,Tomato
data\raw\tomato\Tomato___healthy\0aacdad5-c9b9-4309-96e3-0797bbed1375___RS_HL 9836.JPG,Tomato
data\raw\tomato\Tomato___healthy\3e6c73ad-cfcb-4614-b927-150c2c642c9e___RS_HL 0074.JPG,Tomato
data\raw\tomato\Tomato___Late_blight\2d7fa670-2828-440e-aba2-1f7a843988ea___GHLB2 Leaf 8869.JPG,Tomato
data\raw\tomato\Tomato___healthy\06040967-7b02-43b5-a3fc-4490a9a7ded6___RS_HL 0508.JPG,Tomato
data\raw\tomato\Tomato___healthy\676eaef6-b16c-4f13-a39d-86c22f64da83___GH_HL Leaf 356.JPG,Tomato
data\raw\tomato\Tomato___Early_blight\a2ec9710-99ea-4dc5-a88c-69974e0557dc___RS_Erly.B 9412.JPG,Tomato
data\raw\tomato\Tomato___healthy\7f80c0af-c88f-40ec-be87-14d7595248d8___RS_HL 9721.JPG,Tomato
data\raw\tomato\Tomato___Late_blight\9768e99b-26dd-4295-bac6-a374dc1360be___RS_Late.B 6569.JPG,Tomato
data\raw\tomato\Tomato___Late_blight\a02557d9-976b-4b21-8318-aecef263f90c___GHLB2 Leaf 8649.JPG,Tomato
data\raw\tomato\Tomato___Late_blight\ceec7525-b67e-43fc-8967-77d57133afba___RS_Late.B 5586.JPG,Tomato
data\raw\tomato\Tomato___Early_blight\b5183a61-b8c0-489e-8d38-46fa5e240d34___RS_Erly.B 9461.JPG,Tomato
data\raw\tomato\Tomato___healthy\4935c405-26c7-4e53-b6cf-0f4dcc798504___RS_HL 9730.JPG,Tomato
data\raw\tomato\Tomato___Late_blight\434242f4-5988-41b8-9ab3-375b76b31766___RS_Late.B 6497.JPG,Tomato
data\raw\tomato\Tomato___Late_blight\52a111ed-9461-478b-91a1-2b5edcd26363___GHLB2 Leaf 8886.JPG,Tomato
data\raw\tomato\Tomato___Late_blight\fcaf83f1-ddaa-4faf-a4aa-f657f5342474___RS_Late.B 6278.JPG,Tomato
data\raw\tomato\Tomato___healthy\d3997d9d-f607-44f2-9473-b41db6b1116b___GH_HL Leaf 473.JPG,Tomato
data\raw\tomato\Tomato___healthy\5153c319-4ab2-4ad0-af02-37219b0766d3___GH_HL Leaf 500.3.JPG,Tomato
data\raw\tomato\Tomato___Late_blight\21a4f74f-08cb-44b8-9e40-3ff5a9c8a9da___GHLB Leaf 8.2 Day 7.JPG,Tomato
data\raw\tomato\Tomato___Late_blight\e3c902d2-2086-4025-9a8a-de26b1682cb2___RS_Late.B 5186.JPG,Tomato
data\raw\tomato\Tomato___Early_blight\a5c26ace-e91d-4afc-a958-eee6bbe7aed2___RS_Erly.B 6361.JPG,Tomato
data\raw\tomato\Tomato___healthy\8e6025ac-c6d3-412a-9fec-946247f6ca08___GH_HL Leaf 461.3.JPG,Tomato
data\raw\tomato\Tomato___healthy\9b0e031b-27c2-4c62-8923-ccc3ce5a4048___GH_HL Leaf 401.1.JPG,Tomato
data\raw\tomato\Tomato___healthy\0e1d7722-3df9-4a3a-a4e2-bc0ea3ce0da4___RS_HL 9979.JPG,Tomato
data\raw\tomato\Tomato___healthy\483659eb-d6da-4eb6-9106-cfe4240becbe___RS_HL 9895.JPG,Tomato
data\raw\tomato\Tomato___Early_blight\e5266d06-0ba7-49c6-9bc6-c8351b56fc88___RS_Erly.B 8294.JPG,Tomato
data\raw\tomato\Tomato___Late_blight\89996998-a74f-46f5-8e5f-790a66dbd652___GHLB2 Leaf 8826.JPG,Tomato
data\raw\tomato\Tomato___healthy\2c22b17b-e914-453a-a379-15b29fe294b0___RS_HL 9720.JPG,Tomato
data\raw\tomato\Tomato___Late_blight\ccc2f713-80ff-4e68-bb2d-14d6152dfa6d___GHLB2 Leaf 8898.JPG,Tomato
data\raw\tomato\Tomato___healthy\e8ccc10e-1991-4cd9-8419-fc3857f96867___RS_HL 0550.JPG,Tomato
data\raw\tomato\Tomato___healthy\b3eaae0f-95b4-4bb5-89b5-4460cf79e554___RS_HL 0583.JPG,Tomato
data\raw\tomato\Tomato___healthy\1a939012-5b9b-4dfa-aeda-ba97ec857903___GH_HL Leaf 278.JPG,Tomato
data\raw\tomato\Tomato___Late_blight\8fa3a59d-3e37-4b30-bdf7-35979c324626___RS_Late.B 4907.JPG,Tomato
data\raw\tomato\Tomato___healthy\b2deac55-9527-41dc-9b02-36097d4a8d21___RS_HL 0152.JPG,Tomato
data\raw\tomato\Tomato___healthy\4f09b157-f5d2-4f99-ac0a-1be52cc7a27d___RS_HL 0402.JPG,Tomato
data\raw\tomato\Tomato___healthy\92482fe8-95b5-48b9-b32e-eadc3ab6ac59___RS_HL 9901.JPG,Tomato
data\raw\tomato\Tomato___Early_blight\a5b33d5a-99bc-43b9-b408-aaf9535189e0___RS_Erly.B 8372.JPG,Tomato
data\raw\tomato\Tomato___Late_blight\92abb825-be04-4ddd-a5d6-68b5c3900ba6___RS_Late.B 7128.JPG,Tomato
data\raw\tomato\Tomato___healthy\c57d8785-87fa-4ac4-af26-048936a5dbf0___RS_HL 0325.JPG,Tomato
data\raw\tomato\Tomato___Late_blight\0605d1be-b99b-408d-bace-e5ba23e72b27___RS_Late.B 5282.JPG,Tomato
data\raw\tomato\Tomato___Late_blight\846005e7-d4ad-49e4-bfce-3aefe50b44e0___RS_Late.B 5158.JPG,Tomato
data\raw\tomato\Tomato___Late_blight\f5261645-e84e-433a-8edb-ff53e8586646___GHLB2 Leaf 143.1.JPG,Tomato
data\raw\tomato\Tomato___healthy\d3862da2-c8a4-4a40-98db-7148e5e7d2c9___RS_HL 9906.JPG,Tomato
data\raw\tomato\Tomato___Late_blight\c95eaeb8-7673-4411-bbbe-b2464526f303___RS_Late.B 6233.JPG,Tomato
data\raw\tomato\Tomato___Early_blight\cc822ace-0411-4ff9-b040-3670031c6467___RS_Erly.B 7553.JPG,Tomato
data\raw\tomato\Tomato___healthy\db9db9c3-42af-4609-a30e-48e4797174c7___GH_HL Leaf 182.JPG,Tomato
data\raw\tomato\Tomato___Late_blight\2d63d91d-5366-4f88-83e1-cc5ce4b16d2e___GHLB2 Leaf 156.1.JPG,Tomato
data\raw\tomato\Tomato___Late_blight\43eb2436-bdba-4f67-8f51-d92c8f040690___GHLB2ES Leaf 141.1.JPG,Tomato
data\raw\tomato\Tomato___Late_blight\25bb0739-cbd4-4e75-a6f4-67ca5cc7f986___GHLB2 Leaf 8789.JPG,Tomato
data\raw\tomato\Tomato___healthy\a05f8f2d-6ac6-45d8-b7ad-394bbda892fc___RS_HL 0613.JPG,Tomato
data\raw\tomato\Tomato___Late_blight\5114b264-0305-4447-b560-6ca1826d3420___GHLB_PS Leaf 24.1 Day 16.jpg,Tomato
data\raw\tomato\Tomato___Late_blight\0920260a-69be-47bb-bb71-8a2c2cab149b___GHLB2 Leaf 88.1.JPG,Tomato
data\raw\tomato\Tomato___healthy\fc5c5672-d1e5-4374-bd99-608d95609a7f___RS_HL 0474.JPG,Tomato
data\raw\tomato\Tomato___healthy\16ed4e23-5218-4e8b-85df-86a7069a675d___GH_HL Leaf 519.1.JPG,Tomato
data\raw\tomato\Tomato___Late_blight\a87b8e0c-2279-4cf7-85a4-0fba63130902___RS_Late.B 5323.JPG,Tomato
data\raw\tomato\Tomato___healthy\b7e6f4d6-faa0-49a7-a977-53ddcaaa721e___RS_HL 0186.JPG,Tomato
data\raw\tomato\Tomato___healthy\b212b78d-286a-4eec-b5b2-194ce2511695___GH_HL Leaf 345.1.JPG,Tomato
data\raw\tomato\Tomato___Late_blight\8f27364b-aafa-49a8-b288-e442cb8bde11___RS_Late.B 6285.JPG,Tomato
data\raw\tomato\Tomato___healthy\83917dc9-aad9-4362-840e-24daab278519___RS_HL 0354.JPG,Tomato
data\raw\tomato\Tomato___healthy\196e5fd8-8b4e-4a45-9db7-ae59c877e9a7___GH_HL Leaf 284.JPG,Tomato
data\raw\tomato\Tomato___Late_blight\2018ff03-69eb-437f-96e2-f51801042c32___RS_Late.B 6157.JPG,Tomato
data\raw\tomato\Tomato___Late_blight\6d8ee18d-8dcf-48b1-aec6-60752c839ee1___RS_Late.B 6887.JPG,Tomato
data\raw\tomato\Tomato___Late_blight\d8eb0541-a9f1-423b-8e71-24a031f19530___GHLB2 Leaf 134.1.JPG,Tomato
data\raw\tomato\Tomato___Early_blight\7e236dc3-40e2-4ff9-8356-4fb7a3fcc0ff___RS_Erly.B 6426.JPG,Tomato
data\raw\tomato\Tomato___healthy\24069ab0-7106-40d0-bdca-e462a49d34dd___RS_HL 0267.JPG,Tomato
data\raw\tomato\Tomato___Late_blight\bea930ce-b822-464c-9c2b-8e181d0ba3f8___RS_Late.B 7127.JPG,Tomato
data\raw\tomato\Tomato___Early_blight\c6e96373-484c-45da-b043-0a294a59ad2c___RS_Erly.B 7401.JPG,Tomato
data\raw\tomato\Tomato___healthy\6e48af01-e836-4cdd-9b99-867d421c2ff3___RS_HL 9760.JPG,Tomato
data\raw\tomato\Tomato___healthy\d7f9efa9-5684-42f4-b183-958a83d3ebcd___RS_HL 9923.JPG,Tomato
data\raw\tomato\Tomato___Late_blight\3ae2b5f3-a42f-49b1-8d27-dcfaaeda602f___GHLB2 Leaf 8840.JPG,Tomato
data\raw\tomato\Tomato___Late_blight\e980207c-6e67-4caf-8973-7128ca2a1c12___GHLB2 Leaf 8876.JPG,Tomato
data\raw\tomato\Tomato___Late_blight\8224fe93-c0bc-47e1-8ef4-3572667de662___GHLB2 Leaf 8694.JPG,Tomato
data\raw\tomato\Tomato___Late_blight\8ebbd6ea-f580-492d-a01d-7f00a3e788fb___RS_Late.B 6603.JPG,Tomato
data\raw\tomato\Tomato___Late_blight\c6dd1b5a-316b-468a-837a-707071a1ff98___GHLB2 Leaf 8790.JPG,Tomato
data\raw\tomato\Tomato___healthy\fc849a80-15fd-486d-bedc-0239e1278660___RS_HL 0494.JPG,Tomato
data\raw\tomato\Tomato___healthy\2aeb668a-251a-4f68-b52f-aadeb3376d55___RS_HL 9744.JPG,Tomato
data\raw\tomato\Tomato___healthy\989dc406-c1db-4a9c-9cda-ae66f1288b9b___RS_HL 0032.JPG,Tomato
data\raw\tomato\Tomato___Late_blight\d886ffed-a35b-4954-9066-b708c34fc998___GHLB2 Leaf 82.1.JPG,Tomato
data\raw\tomato\Tomato___Late_blight\28f782dd-1c8a-439d-9eb6-e55c52ef45bd___RS_Late.B 5447.JPG,Tomato
data\raw\tomato\Tomato___Early_blight\ab52bc97-6e53-4e96-b54c-c883999143ae___RS_Erly.B 7531.JPG,Tomato
data\raw\tomato\Tomato___Late_blight\e5d1a9ef-23a4-45ee-ae3d-62644b71d803___RS_Late.B 5412.JPG,Tomato
data\raw\tomato\Tomato___Early_blight\552787d3-3937-4ee5-9824-6b78e90e5cbb___RS_Erly.B 7510.JPG,Tomato
data\raw\tomato\Tomato___Late_blight\6d010698-482e-4445-afd2-dc8dca53ed19___RS_Late.B 5493.JPG,Tomato
data\raw\tomato\Tomato___Early_blight\4a063384-a4c0-4acc-a787-8236eb40a54e___RS_Erly.B 8281.JPG,Tomato
data\raw\tomato\Tomato___healthy\e0d4c623-8305-4ded-8164-d8fcd5bc2016___RS_HL 0448.JPG,Tomato
data\raw\tomato\Tomato___healthy\cbda1b76-250a-4bce-aa3d-1b04feeca6d7___RS_HL 9707.JPG,Tomato
data\raw\tomato\Tomato___Late_blight\0da23640-656e-4f03-be14-4b4b36811861___GHLB2 Leaf 9072.JPG,Tomato
data\raw\tomato\Tomato___healthy\6890c333-c7d2-4d50-8734-f70b61cef213___GH_HL Leaf 447.1.JPG,Tomato
data\raw\tomato\Tomato___Late_blight\317f01bd-bf08-43b2-b269-48a6fa2fd480___RS_Late.B 4854.JPG,Tomato
data\raw\tomato\Tomato___Early_blight\d8754b7f-53a4-4e69-8f54-1ec9f7581799___RS_Erly.B 6436.JPG,Tomato
data\raw\tomato\Tomato___Late_blight\cb56bd8e-f217-4537-9d35-a62d6b82f48f___GHLB2 Leaf 8769.JPG,Tomato
data\raw\tomato\Tomato___healthy\3df51cfe-b583-40ae-a2d5-d4928a8a763f___RS_HL 9765.JPG,Tomato
data\raw\tomato\Tomato___Late_blight\ed1a1e55-f2b9-46d3-ab88-8742f569e831___GHLB2 Leaf 8758.JPG,Tomato
data\raw\tomato\Tomato___healthy\45b3e6ad-f79c-4132-9bb5-9e9d26cbdfce___RS_HL 9908.JPG,Tomato
data\raw\tomato\Tomato___Late_blight\a41982b4-98ca-40de-a386-96e865a3dd21___RS_Late.B 6138.JPG,Tomato
data\raw\tomato\Tomato___Late_blight\10f6247e-c3d0-4f3f-92aa-f1da76db8086___RS_Late.B 5147.JPG,Tomato
data\raw\tomato\Tomato___healthy\dbd289fc-1399-44fe-968d-39a5a4f16679___RS_HL 0495.JPG,Tomato
data\raw\tomato\Tomato___healthy\2f9e1c60-06fc-41e9-af7d-a91c4a5e9f3d___GH_HL Leaf 504.1.JPG,Tomato
data\raw\tomato\Tomato___Late_blight\66f03c1a-6810-41b2-93cb-ccc1630a18d4___RS_Late.B 4882.JPG,Tomato
data\raw\tomato\Tomato___Late_blight\da45101e-9448-4e0c-a735-91c558e60c8f___RS_Late.B 5290.JPG,Tomato
data\raw\tomato\Tomato___Late_blight\61237cd7-ac87-4720-90ed-299e39f520e1___RS_Late.B 5005.JPG,Tomato
data\raw\tomato\Tomato___Early_blight\9b16a9a4-c99b-4027-a301-4a8969761746___RS_Erly.B 7428.JPG,Tomato
data\raw\tomato\Tomato___Early_blight\5daba301-b6f9-4fc4-8be7-a918d3a7554c___RS_Erly.B 8282.JPG,Tomato
data\raw\tomato\Tomato___healthy\337e35e3-7b0d-4760-a1f6-c26c7db90a0b___GH_HL Leaf 425.JPG,Tomato
data\raw\tomato\Tomato___Late_blight\62ba6c10-2e36-48ed-9f8b-f26cd5884666___GHLB2 Leaf 8828.JPG,Tomato
data\raw\tomato\Tomato___Early_blight\1dad664e-ec73-474e-aaf9-a832ca212e3f___RS_Erly.B 7533.JPG,Tomato
data\raw\tomato\Tomato___Early_blight\12c1c25b-6809-45d8-9a20-969de7860b5d___RS_Erly.B 6372.JPG,Tomato
data\raw\tomato\Tomato___Late_blight\62ca9559-f079-4bac-864e-9da06a4eb3a2___GHLB2 Leaf 148.1.JPG,Tomato
data\raw\tomato\Tomato___Late_blight\c933f19c-7b00-4dca-b2c4-94d3b9212f92___GHLB2 Leaf 8985.JPG,Tomato
data\raw\tomato\Tomato___healthy\eb0b95d9-4012-494c-85b6-48f7e250c958___GH_HL Leaf 404.JPG,Tomato
data\raw\tomato\Tomato___healthy\15ba0299-5f38-47ed-ab19-fe6a72737705___RS_HL 9732.JPG,Tomato
data\raw\tomato\Tomato___healthy\c14e3118-373b-4164-8f54-6c4239908d0f___GH_HL Leaf 488.JPG,Tomato
data\raw\tomato\Tomato___Early_blight\8fd0e481-6590-4314-8dd9-975e5da774c8___RS_Erly.B 9559.JPG,Tomato
data\raw\tomato\Tomato___Early_blight\da3ad71b-85ba-4e94-bd12-8eff52776138___RS_Erly.B 9469.JPG,Tomato
data\raw\tomato\Tomato___Late_blight\71a47848-146e-4cda-ae09-5ff0fe3a0540___GHLB2 Leaf 80.1.JPG,Tomato
data\raw\tomato\Tomato___healthy\92d84132-33f5-4d01-9b3d-797a5dcaeccd___RS_HL 0315.JPG,Tomato
data\raw\tomato\Tomato___Late_blight\ac1fbb8a-2a44-4d70-8c93-fc3cc13a876d___GHLB_PS Leaf 17 Day 8.jpg,Tomato
data\raw\tomato\Tomato___Late_blight\d69cda61-f13d-4d73-9a4b-ac0e7c386389___GHLB2 Leaf 98.JPG,Tomato
data\raw\tomato\Tomato___Early_blight\0c865fa4-b0bf-4e69-b39a-d97b068cef84___RS_Erly.B 7477.JPG,Tomato
data\raw\tomato\Tomato___Early_blight\3b86d42f-4b22-4bfe-bfa9-ec4567c886dc___RS_Erly.B 7823.JPG,Tomato
data\raw\tomato\Tomato___Early_blight\15fb19ad-8a5a-4e1b-8ed2-c8d48b006b1d___RS_Erly.B 7674.JPG,Tomato
data\raw\tomato\Tomato___Late_blight\59f2bb8e-e7a1-42b6-8613-f3d4bc11253a___RS_Late.B 6605.JPG,Tomato
data\raw\tomato\Tomato___healthy\fb0f6e2b-1f21-406f-83d3-2c6236d47ca0___RS_HL 0042.JPG,Tomato
data\raw\tomato\Tomato___healthy\d454ff7e-7a9d-45c1-b7f1-d098edcb1fa7___RS_HL 0418.JPG,Tomato
data\raw\tomato\Tomato___Late_blight\6815e363-5221-44e2-a5a4-c1b82eb5a4aa___GHLB2 Leaf 9103.JPG,Tomato
data\raw\tomato\Tomato___healthy\886c81aa-0494-4dd7-adc5-301af73df1f7___GH_HL Leaf 215.JPG,Tomato
data\raw\tomato\Tomato___healthy\d06e33fb-58bf-440f-9dbc-a1ceec9abaea___GH_HL Leaf 383.JPG,Tomato
data\raw\tomato\Tomato___Late_blight\24c41335-1ad7-4b68-9756-577ed8cf3525___GHLB2 Leaf 144.1.JPG,Tomato
data\raw\tomato\Tomato___Late_blight\7076ebe9-be52-4b6e-a667-a3ce940a0cbc___RS_Late.B 5392.JPG,Tomato
data\raw\tomato\Tomato___healthy\ad8359a4-48b9-4469-a012-ed9b220de38e___GH_HL Leaf 285.1.JPG,Tomato
data\raw\tomato\Tomato___healthy\fae1be6a-cac5-481b-96ab-4a4abae39af5___RS_HL 0227.JPG,Tomato
data\raw\potato\Potato___Early_blight\4eacc117-bab5-40ff-bde0-dbc6b2a35822___RS_Early.B 7999.JPG,Potato
data\raw\potato\Potato___Early_blight\e304fbf5-d145-433c-8f67-7b486581166a___RS_Early.B 7434.JPG,Potato
data\raw\potato\Potato___Late_blight\b2492a9e-c038-48a7-8524-8f0aca7dc870___RS_LB 4291.JPG,Potato
data\raw\potato\Potato___Early_blight\f48fc3b4-b7e7-4ad5-a651-0bf61a5173ff___RS_Early.B 8597.JPG,Potato
data\raw\potato\Potato___Early_blight\82927769-4d4a-4f19-a806-a02f435ad17d___RS_Early.B 7886.JPG,Potato
data\raw\potato\Potato___Early_blight\93c6b48d-cde9-4e8b-bbfb-1a9c06234419___RS_Early.B 7000.JPG,Potato
data\raw\potato\Potato___Late_blight\d7fdf2fa-8a55-4ff5-86a2-ca73c5883e93___RS_LB 4665.JPG,Potato
data\raw\potato\Potato___healthy\c85bacb0-e5e8-4127-a0b0-a7342f2cab5f___RS_HL 5406.JPG,Potato
data\raw\potato\Potato___Late_blight\8192a596-e2e9-4451-a33d-a92a26a739ee___RS_LB 2624.JPG,Potato
data\raw\potato\Potato___Early_blight\dd875158-7897-4f5d-ada1-46e7e382ea96___RS_Early.B 7912.JPG,Potato
data\raw\potato\Potato___Late_blight\52c6891d-e627-4ebf-a080-3e8051531f5a___RS_LB 4092.JPG,Potato
data\raw\potato\Potato___Late_blight\1f84da28-3025-4cc0-8815-5b6b60205956___RS_LB 3326.JPG,Potato
data\raw\potato\Potato___Early_blight\b3d44557-f696-4fc9-b144-dec4f4ba9452___RS_Early.B 9110.JPG,Potato
data\raw\potato\Potato___healthy\170f1f57-0fd4-421f-9c82-3b1804be63ad___RS_HL 1771.JPG,Potato
data\raw\potato\Potato___Early_blight\268bb1c3-a714-46af-b6a5-bea66496158c___RS_Early.B 8678.JPG,Potato
data\raw\potato\Potato___Early_blight\d9b34eaa-9d54-41fe-9ea2-335fe0b572ee___RS_Early.B 7735.JPG,Potato
data\raw\potato\Potato___Late_blight\5576794b-902c-4df2-ae8d-da30faa37d5d___RS_LB 4443.JPG,Potato
data\raw\potato\Potato___Early_blight\31d0ecc8-045d-4a4a-ac33-431556c83e4c___RS_Early.B 8692.JPG,Potato
data\raw\potato\Potato___Early_blight\f9461507-6875-43f7-800d-502ffdb8ec05___RS_Early.B 7604.JPG,Potato
data\raw\potato\Potato___Early_blight\bcf169b0-dea7-49eb-b976-4a2d1f36c574___RS_Early.B 7870.JPG,Potato
data\raw\potato\Potato___Late_blight\41e3b4c0-7aec-4d49-a84c-f37ed2637407___RS_LB 4377.JPG,Potato
data\raw\potato\Potato___Early_blight\89b2e456-737b-4020-b788-c3f6a4927e69___RS_Early.B 7371.JPG,Potato
data\raw\potato\Potato___Late_blight\3888aab7-b07f-439b-80cc-c7f49004a67c___RS_LB 4156.JPG,Potato
data\raw\potato\Potato___Early_blight\8b5e48c6-7fac-4c87-bae4-6dd4ca5d110d___RS_Early.B 8905.JPG,Potato
data\raw\potato\Potato___healthy\774875d3-438a-4305-afe2-7d59e2925dc4___RS_HL 1759.JPG,Potato
data\raw\potato\Potato___Late_blight\709bddcf-5c54-4fad-8a22-890c00e839a4___RS_LB 4732.JPG,Potato
data\raw\potato\Potato___Late_blight\de282779-9d54-4b8f-8292-e06c3e020e16___RS_LB 3971.JPG,Potato
data\raw\potato\Potato___Late_blight\456f2c6a-a8c8-4dac-9de1-73668e39cd01___RS_LB 3008.JPG,Potato
data\raw\potato\Potato___Late_blight\4a911e79-f9c0-4ba1-aa80-567d653df61c___RS_LB 4038.JPG,Potato
data\raw\potato\Potato___Late_blight\6af65e0d-c1a5-4a28-9ecb-19e7e6d91a70___RS_LB 4128.JPG,Potato
data\raw\potato\Potato___Early_blight\ba96aab6-adb5-4021-b6ad-3305f50aec12___RS_Early.B 7317.JPG,Potato
data\raw\potato\Potato___Late_blight\82e0f1d2-e996-427b-9216-6b46aedbc07f___RS_LB 4880.JPG,Potato
data\raw\potato\Potato___Late_blight\6c5ac624-844c-4d01-b030-38e1130e890a___RS_LB 3973.JPG,Potato
data\raw\potato\Potato___Early_blight\34d2260c-888c-419c-b32c-938efa379b97___RS_Early.B 8253.JPG,Potato
data\raw\potato\Potato___Late_blight\c7adbae8-04db-489d-b9e6-c12de387d25c___RS_LB 2697.JPG,Potato
data\raw\potato\Potato___Early_blight\691161ad-7897-4654-a7bc-14d8b5839621___RS_Early.B 6976.JPG,Potato
data\raw\potato\Potato___Early_blight\c42b5e69-2673-42ef-8e14-a785fea3aad6___RS_Early.B 9107.JPG,Potato
data\raw\potato\Potato___Early_blight\bc8a7fa5-1f77-4829-a1ee-0ccbeef289eb___RS_Early.B 7228.JPG,Potato
data\raw\potato\Potato___Early_blight\82a783e4-ba41-42af-96a8-ebc67abe905d___RS_Early.B 7439.JPG,Potato
data\raw\potato\Potato___healthy\6f4b9acd-f34d-4771-a6bc-2001de2dd1d3___RS_HL 1898.JPG,Potato
data\raw\potato\Potato___Early_blight\56a6692b-15ba-4097-aba1-ba428b6fefcd___RS_Early.B 7899.JPG,Potato
data\raw\potato\Potato___Early_blight\41eccd84-6a67-4b04-ae69-59c1bcf17728___RS_Early.B 7964.JPG,Potato
data\raw\potato\Potato___Late_blight\68decf28-de55-477f-9435-56cda245a7ca___RS_LB 3195.JPG,Potato
data\raw\potato\Potato___Late_blight\f973bbe0-ce70-4215-8d5b-9e7adc099261___RS_LB 2507.JPG,Potato
data\raw\potato\Potato___Late_blight\f9102bc2-7c64-4dd8-afe5-d31db2159899___RS_LB 4401.JPG,Potato
data\raw\potato\Potato___healthy\907f26b7-a14f-463f-a41e-f35d6e0f1417___RS_HL 1757.JPG,Potato
data\raw\potato\Potato___Early_blight\4eb1fee6-e288-4c32-841d-9fc1d1824508___RS_Early.B 8446.JPG,Potato
data\raw\potato\Potato___Late_blight\ce38cb15-70c8-4203-adbb-db648eb87554___RS_LB 4107.JPG,Potato
data\raw\potato\Potato___Early_blight\2cf993b6-98e7-4678-aea5-9177ea3b63bd___RS_Early.B 7692.JPG,Potato
data\raw\potato\Potato___Early_blight\dbe05365-9166-45f7-94cf-cefca787215a___RS_Early.B 9144.JPG,Potato
data\raw\potato\Potato___Early_blight\1de8ed75-0778-4364-9178-52c1bd0dffb4___RS_Early.B 6729.JPG,Potato
data\raw\potato\Potato___healthy\c9ad5c9a-c9b0-4e07-9e03-9e9edfd58a19___RS_HL 1755.JPG,Potato
data\raw\potato\Potato___Late_blight\62d41420-8e32-47d2-9a37-698c07f7dc16___RS_LB 2543.JPG,Potato
data\raw\potato\Potato___healthy\b536ea91-c5f8-413b-87f3-a22ac3d959d1___RS_HL 1825.JPG,Potato
data\raw\potato\Potato___Late_blight\df40ffa7-8efd-4720-8786-a30b9011dcfc___RS_LB 4150.JPG,Potato
data\raw\potato\Potato___Early_blight\f536e055-666e-41cc-8ee2-c1af2fbf754a___RS_Early.B 8104.JPG,Potato
data\raw\potato\Potato___Early_blight\0898bffc-57aa-4fdb-92d1-fd6a03d2a011___RS_Early.B 6946.JPG,Potato
data\raw\potato\Potato___Early_blight\edc5f476-dd30-4fab-a8a1-71faf6210420___RS_Early.B 7315.JPG,Potato
data\raw\potato\Potato___Early_blight\f188a6c1-fbed-4941-a5a7-e11a6b4ddcfb___RS_Early.B 6910.JPG,Potato
data\raw\potato\Potato___Early_blight\f15637d3-829d-46f9-b45e-1e1768d6b8c9___RS_Early.B 7635.JPG,Potato
data\raw\potato\Potato___Early_blight\769b00f1-f5cf-4dee-a2c6-6e97414450f6___RS_Early.B 9149.JPG,Potato
data\raw\potato\Potato___Early_blight\c777a0ce-5d2b-4e87-8cc4-d5f8847a4553___RS_Early.B 8239.JPG,Potato
data\raw\potato\Potato___Late_blight\e26ad557-11c8-44fd-aad1-dea51c613742___RS_LB 5115.JPG,Potato
data\raw\potato\Potato___Late_blight\a5a6ebeb-2535-441d-acf5-33bce305fa14___RS_LB 3304.JPG,Potato
data\raw\potato\Potato___Early_blight\5755142f-0cba-45b7-a563-beb1bf6db374___RS_Early.B 8321.JPG,Potato
data\raw\potato\Potato___Late_blight\84e85005-c647-4381-8762-c487074c9571___RS_LB 5186.JPG,Potato
data\raw\potato\Potato___Late_blight\d66ee513-26cc-4676-8aeb-9902e0969d2b___RS_LB 3999.JPG,Potato
data\raw\potato\Potato___Early_blight\49ecf1fe-0000-49e8-a042-fb6c9bac38c9___RS_Early.B 8940.JPG,Potato
data\raw\potato\Potato___Early_blight\dc2775b9-e62e-4fe5-921f-e1cf5c4e2fe4___RS_Early.B 6942.JPG,Potato
data\raw\potato\Potato___Early_blight\10a3920b-dd04-406d-8bbd-f92f221e4dee___RS_Early.B 7035.JPG,Potato
data\raw\potato\Potato___Early_blight\95a4df95-bec8-4c93-bb07-48b0118f99be___RS_Early.B 7740.JPG,Potato
data\raw\potato\Potato___Early_blight\0a47f32c-1724-4c8d-bfe4-986cedd3587b___RS_Early.B 8001.JPG,Potato
data\raw\potato\Potato___Early_blight\34f42d6e-6e09-46cb-800b-5da5fdb5e8b8___RS_Early.B 8110.JPG,Potato
data\raw\potato\Potato___Early_blight\62e81304-8d1b-46ed-a79a-52cf53a63919___RS_Early.B 7363.JPG,Potato
data\raw\potato\Potato___Early_blight\b17bf28e-c272-4a24-9f45-7d3a343de49f___RS_Early.B 7620.JPG,Potato
data\raw\potato\Potato___Early_blight\31d5d932-9eb3-45d1-bc85-40ef64d7a688___RS_Early.B 7255.JPG,Potato
data\raw\potato\Potato___Late_blight\a3389c1f-d888-430d-bcf7-a546247ad6d2___RS_LB 3092.JPG,Potato
data\raw\potato\Potato___Late_blight\f93b9fc8-469b-4a2f-8c0b-ca3d1a093185___RS_LB 3870.JPG,Potato
data\raw\potato\Potato___Early_blight\cb615e16-034f-465a-89a6-91e091698723___RS_Early.B 6796.JPG,Potato
data\raw\potato\Potato___Late_blight\dcfa79c3-b0d0-4dd0-9796-5d529948b88e___RS_LB 5437.JPG,Potato
data\raw\potato\Potato___Early_blight\c7067769-af82-46d6-8f42-d7a184e3f59a___RS_Early.B 7916.JPG,Potato
data\raw\potato\Potato___Late_blight\c1389cbc-d327-478b-92b3-550c3210ed5a___RS_LB 4025.JPG,Potato
data\raw\potato\Potato___healthy\f4be3632-42a1-415a-9f7e-1d5ecb9f49d7___RS_HL 1783.JPG,Potato
data\raw\potato\Potato___Late_blight\87c99be5-a930-410f-8529-e79e030cba0c___RS_LB 5294.JPG,Potato
data\raw\potato\Potato___healthy\57c2663b-5d1d-4476-b067-38b2149c3b2d___RS_HL 1796.JPG,Potato
data\raw\potato\Potato___Late_blight\31b2a640-4063-41f1-97c5-03ceca0ce131___RS_LB 5439.JPG,Potato
data\raw\potato\Potato___healthy\d227e4c8-e203-4aa4-b813-25b96baa2869___RS_HL 1831.JPG,Potato
data\raw\potato\Potato___Early_blight\096f6928-24dd-4efd-acc6-b8246318676c___RS_Early.B 8970.JPG,Potato
data\raw\potato\Potato___Late_blight\4afd8bf6-0e1e-4a85-a576-1e8995c88d5c___RS_LB 2505.JPG,Potato
data\raw\potato\Potato___Late_blight\ae20cc4e-fe37-48f0-9566-2d2efc5afd38___RS_LB 4290.JPG,Potato
data\raw\potato\Potato___Late_blight\bd70c718-5846-42a1-8b05-22792ec98738___RS_LB 4992.JPG,Potato
data\raw\potato\Potato___Late_blight\c206ebe3-c06e-4eb9-a537-a719cfa1e3c0___RS_LB 5140.JPG,Potato
data\raw\potato\Potato___healthy\762672f4-17e6-4fd6-84f1-3bcb091b3ca5___RS_HL 5417.JPG,Potato
data\raw\potato\Potato___Late_blight\84f666da-9e17-4e90-9813-0ed64da175d9___RS_LB 2536.JPG,Potato
data\raw\potato\Potato___Early_blight\fdc691b0-2b15-4cb6-8f5d-c4e5654389e0___RS_Early.B 7935.JPG,Potato
data\raw\potato\Potato___Early_blight\c30ce1e1-5f05-4cb7-a95a-f22d3621c54f___RS_Early.B 6964.JPG,Potato
data\raw\potato\Potato___Late_blight\dfa65276-0450-4a57-ba94-25384d378f22___RS_LB 4065.JPG,Potato
data\raw\potato\Potato___Early_blight\cdc5ed26-b023-41cb-9cd8-07e62df1e369___RS_Early.B 6864.JPG,Potato
data\raw\potato\Potato___healthy\5a3fc4bb-a78c-4276-8934-f0b037ffb860___RS_HL 5412.JPG,Potato
data\raw\potato\Potato___Late_blight\59dcc102-c55f-4a13-991e-8c53db4ce76d___RS_LB 5189.JPG,Potato
data\raw\potato\Potato___Early_blight\6cd8e267-d5ae-4baa-a872-4c0fc5a37d67___RS_Early.B 8184.JPG,Potato
data\raw\potato\Potato___Early_blight\8e8ec280-1469-4286-ac93-0d88f393d21c___RS_Early.B 7891.JPG,Potato
data\raw\potato\Potato___Early_blight\722bc78a-a1e0-481b-b5a3-cb3357f2f350___RS_Early.B 6803.JPG,Potato
data\raw\potato\Potato___healthy\61b05f0a-14bc-4c8f-a256-57c8b8898d8c___RS_HL 1769.JPG,Potato
data\raw\potato\Potato___Early_blight\bcedd1ec-17b4-495b-b47f-5877ef836f88___RS_Early.B 7248.JPG,Potato
data\raw\potato\Potato___Late_blight\01ad74ce-eb28-42c7-9204-778d17cfd45c___RS_LB 2669.JPG,Potato
data\raw\potato\Potato___Early_blight\848336c4-eaad-47e7-8458-5e80d5520d05___RS_Early.B 7729.JPG,Potato
data\raw\potato\Potato___Early_blight\bcc2199e-a6c6-4e0d-a7a7-f7c4b25f2c04___RS_Early.B 7007.JPG,Potato
data\raw\potato\Potato___Late_blight\265e32dc-44f3-40f8-8c5d-8bc223dd0f52___RS_LB 4859.JPG,Potato
data\raw\potato\Potato___Late_blight\c77d14df-faac-47e9-97e1-fc84a7aa6e74___RS_LB 4322.JPG,Potato
data\raw\potato\Potato___Early_blight\8081f3a1-d992-43bf-afa4-402ed06a83b1___RS_Early.B 6860.JPG,Potato
data\raw\potato\Potato___Early_blight\1d301622-e359-49d5-b4ca-6837f254fd1b___RS_Early.B 6719.JPG,Potato
data\raw\potato\Potato___Early_blight\fba7a41d-25df-4a1c-93d1-98d62e3376e0___RS_Early.B 8207.JPG,Potato
data\raw\potato\Potato___Early_blight\606e216d-f0b8-4ef3-9bf1-2bee85a13361___RS_Early.B 7094.JPG,Potato
data\raw\potato\Potato___Early_blight\deb1d849-ecf2-4451-8ff7-ca6b0bbbf434___RS_Early.B 7677.JPG,Potato
data\raw\potato\Potato___Late_blight\2addf5f2-acc5-448c-88a1-fe357d9aa9ac___RS_LB 4736.JPG,Potato
data\raw\potato\Potato___Late_blight\790eb0ba-6878-4b5a-85fb-481aa37783a3___RS_LB 3872.JPG,Potato
data\raw\potato\Potato___Late_blight\04b964fd-7033-4cdf-88ef-b1acbcd8183a___RS_LB 2783.JPG,Potato
data\raw\potato\Potato___healthy\1ae826e2-5148-47bd-a44c-711ec9cc9c75___RS_HL 1954.JPG,Potato
data\raw\potato\Potato___Late_blight\ae9e4c46-171c-460c-a37f-ddf13c260411___RS_LB 4961.JPG,Potato
data\raw\potato\Potato___Late_blight\1ed357f9-f036-4bf2-b180-1588976eb116___RS_LB 3005.JPG,Potato
data\raw\potato\Potato___Early_blight\d1625c19-c90f-4a5f-bfc8-cb406ad20753___RS_Early.B 8649.JPG,Potato
data\raw\potato\Potato___Late_blight\fb13e4c8-17e4-48a9-899b-dfc7f302196c___RS_LB 4374.JPG,Potato
data\raw\potato\Potato___healthy\b28c43f9-5844-4e9b-86bf-36bc114cae07___RS_HL 1736.JPG,Potato
data\raw\potato\Potato___healthy\e693354a-053c-4093-8642-cc8f5f9eb2cc___RS_HL 1746.JPG,Potato
data\raw\potato\Potato___Early_blight\983cf28c-872f-423a-a774-41ed2939f249___RS_Early.B 7660.JPG,Potato
data\raw\potato\Potato___Early_blight\349730da-a627-4da6-90d5-707c4a3dba88___RS_Early.B 7553.JPG,Potato
data\raw\potato\Potato___Early_blight\0d987d4a-26bc-4f74-8a16-12f8969dfed8___RS_Early.B 7013.JPG,Potato
data\raw\potato\Potato___Early_blight\7ace85c1-a488-4df2-8162-b73c17032099___RS_Early.B 7541.JPG,Potato
data\raw\potato\Potato___Early_blight\87c0254c-c987-4c54-adda-45c5e7346170___RS_Early.B 8848.JPG,Potato
data\raw\potato\Potato___Early_blight\667c593c-acbf-468a-91a3-6fd8006c46c2___RS_Early.B 7830.JPG,Potato
data\raw\potato\Potato___Late_blight\2a3e5c22-1e37-4ba0-8686-cf7482e4e8d3___RS_LB 4126.JPG,Potato
data\raw\potato\Potato___Late_blight\977cefff-6bb2-41d4-9496-d30e03c71112___RS_LB 3287.JPG,Potato
data\raw\potato\Potato___Early_blight\4b484f0f-82dc-45d1-a5b6-72c8a6a96323___RS_Early.B 7262.JPG,Potato
data\raw\potato\Potato___Late_blight\3a0033d6-2efc-4926-a9eb-3969d815d630___RS_LB 5144.JPG,Potato
data\raw\potato\Potato___Early_blight\3bf3bb26-3cbd-46f2-a9ba-c86700edafcb___RS_Early.B 7599.JPG,Potato
data\raw\potato\Potato___Late_blight\44722935-fb60-4ecf-8503-f8258aa4e3e7___RS_LB 3225.JPG,Potato
data\raw\potato\Potato___Early_blight\fd59ab68-681f-4aca-ae95-6f73bf8caad7___RS_Early.B 7118.JPG,Potato
data\raw\potato\Potato___Early_blight\e6693b54-623a-4323-aa79-3e0fc3c07288___RS_Early.B 9198.JPG,Potato
data\raw\potato\Potato___Early_blight\f0cdbf74-8401-48d1-b1cc-94862e1a4452___RS_Early.B 7447.JPG,Potato
data\raw\potato\Potato___Late_blight\58475c1a-a4c2-43bd-b361-60523b5c62d2___RS_LB 3912.JPG,Potato
data\raw\potato\Potato___Early_blight\e12f2cbd-6ced-45c5-8d83-96e19b92bfdd___RS_Early.B 8367.JPG,Potato
data\raw\potato\Potato___Early_blight\1132bee0-fe6b-41a9-9583-7b959c2ca25f___RS_Early.B 7482.JPG,Potato
data\raw\potato\Potato___Late_blight\b4adb8c4-2cea-4027-b0fd-528406b14c86___RS_LB 4066.JPG,Potato
data\raw\potato\Potato___Late_blight\bf6ce80d-ca31-4d72-b56a-dbd6e6f2847a___RS_LB 4022.JPG,Potato
data\raw\potato\Potato___Early_blight\0a6983a5-895e-4e68-9edb-88adf79211e9___RS_Early.B 9072.JPG,Potato
data\raw\potato\Potato___Late_blight\19393f68-e96c-4c93-b4d1-39e1c54e53b1___RS_LB 4051.JPG,Potato
data\raw\potato\Potato___Early_blight\bb4e9c01-6166-424d-a379-9ef405fdd555___RS_Early.B 6843.JPG,Potato
data\raw\potato\Potato___Early_blight\d8a55ed1-7b3a-4b25-84b2-6046c0d9e3ab___RS_Early.B 7443.JPG,Potato
data\raw\potato\Potato___Late_blight\ea350085-28c1-4fc0-9fb9-386536cb971e___RS_LB 4890.JPG,Potato
data\raw\potato\Potato___Late_blight\0acdc2b2-0dde-4073-8542-6fca275ab974___RS_LB 4857.JPG,Potato
data\raw\potato\Potato___Late_blight\9d0f96e2-93c7-4202-b1d1-6f878c066be7___RS_LB 3106.JPG,Potato
data\raw\potato\Potato___Early_blight\ee584747-fea1-4d16-9c03-40bfc9bcf1c7___RS_Early.B 8600.JPG,Potato
data\raw\potato\Potato___Early_blight\0c4f6f72-c7a2-42e1-9671-41ab3bf37fe7___RS_Early.B 6752.JPG,Potato
data\raw\potato\Potato___Late_blight\2377f6d5-3660-4b5a-b5b3-eea448e7a143___RS_LB 2729.JPG,Potato
data\raw\potato\Potato___Late_blight\bb3049f8-7377-4610-b13f-8daf6753bda7___RS_LB 4031.JPG,Potato
data\raw\potato\Potato___healthy\57e262fc-e0ba-44db-a967-5ba6f1826e49___RS_HL 1897.JPG,Potato
data\raw\potato\Potato___Early_blight\e7b48816-19f7-4dc2-bf52-dfbb85e1f59a___RS_Early.B 7240.JPG,Potato
data\raw\potato\Potato___Early_blight\acff9d5e-4b38-4817-a239-93c115a0b3ff___RS_Early.B 8993.JPG,Potato
data\raw\potato\Potato___Early_blight\fc1ab935-21b3-42e7-a870-02fd71c5d845___RS_Early.B 6894.JPG,Potato
data\raw\potato\Potato___Early_blight\9bef32f0-dc02-4223-a378-6a41c6bfc7a9___RS_Early.B 8444.JPG,Potato
data\raw\potato\Potato___Late_blight\b65fddcf-cc40-4632-a0c4-70fff2f68009___RS_LB 4481.JPG,Potato
data\raw\potato\Potato___Late_blight\8ecb7cf3-9be5-4c3e-9714-2d5987987ad0___RS_LB 5205.JPG,Potato
data\raw\potato\Potato___Late_blight\f9d861a9-0217-4de2-844f-fd23ccaa9def___RS_LB 3067.JPG,Potato
data\raw\potato\Potato___Late_blight\10f41035-20e2-4037-96b6-474ce343d6c2___RS_LB 2725.JPG,Potato
data\raw\potato\Potato___Early_blight\a29ed5b2-153c-4f0e-a633-f698c9ff51d2___RS_Early.B 8840.JPG,Potato
data\raw\potato\Potato___Early_blight\0f9c098f-a6df-4a73-8c14-8e7d4dbb1b0b___RS_Early.B 7991.JPG,Potato
data\raw\potato\Potato___Early_blight\51bc94fe-ba23-4776-a9ec-727e55015acb___RS_Early.B 8267.JPG,Potato
data\raw\potato\Potato___Late_blight\8542cb42-d817-4850-b42f-1fa7083e37d9___RS_LB 4780.JPG,Potato
data\raw\potato\Potato___Early_blight\fc87399a-b45c-4b0f-a6c9-54f0e4f9d3c5___RS_Early.B 7277.JPG,Potato
data\raw\potato\Potato___healthy\38faf81d-c83b-42ca-b4c3-e3bbfa070589___RS_HL 1805.JPG,Potato
data\raw\potato\Potato___Late_blight\c01daf14-9595-4b10-974d-3452fe133060___RS_LB 4463.JPG,Potato
data\raw\potato\Potato___Late_blight\9570095c-02e9-497b-bec1-4e526f3462e5___RS_LB 2815.JPG,Potato
data\raw\potato\Potato___Early_blight\ae5a9be8-5bd6-4542-8766-6c7bb8c61ded___RS_Early.B 8182.JPG,Potato
data\raw\potato\Potato___Early_blight\caef0735-6517-4194-b124-5916815e4a71___RS_Early.B 7956.JPG,Potato
data\raw\potato\Potato___Early_blight\83f244c6-e33e-4fbb-a9ef-3996cd25a547___RS_Early.B 8700.JPG,Potato
data\raw\potato\Potato___Early_blight\e5c94100-3e1c-4fb1-8b6b-f281b491adff___RS_Early.B 8604.JPG,Potato
data\raw\potato\Potato___Late_blight\ef49abc4-4b8e-4438-88a9-b3acfdb52014___RS_LB 2623.JPG,Potato
data\raw\potato\Potato___Late_blight\22bd2a18-a4ba-4c9a-a4d3-2dabc295ccbc___RS_LB 4759.JPG,Potato
data\raw\potato\Potato___Early_blight\aa342b8f-88f5-4d9d-9740-4b1b4147c590___RS_Early.B 7939.JPG,Potato
data\raw\potato\Potato___Late_blight\b3123a68-bf01-4d71-a561-e1e7363a6419___RS_LB 2586.JPG,Potato
data\raw\potato\Potato___Early_blight\cf3169aa-b842-46ed-bb1a-3e02b6858c86___RS_Early.B 7566.JPG,Potato
data\raw\potato\Potato___Late_blight\2f8e6ae7-f6ac-4bab-992b-82e3c51cf476___RS_LB 2743.JPG,Potato
data\raw\potato\Potato___Early_blight\f3b29f09-c337-4233-8968-0fcc66c9fa2a___RS_Early.B 8115.JPG,Potato
data\raw\potato\Potato___Late_blight\9f5acd9c-13b2-4246-a938-77774ba89318___RS_LB 3153.JPG,Potato
data\raw\potato\Potato___Late_blight\ec88be1e-7e05-4fa4-b456-529d7f1bf81c___RS_LB 3922.JPG,Potato
data\raw\potato\Potato___Late_blight\17a07992-ebb9-4368-8cb7-4af40d8ded08___RS_LB 3064.JPG,Potato
data\raw\potato\Potato___Late_blight\c6c8843f-6b36-472a-9a87-bf1a235e08b6___RS_LB 5136.JPG,Potato
data\raw\potato\Potato___Late_blight\51eb7a7a-99b4-47c4-be2f-2de9f4e5e985___RS_LB 5182.JPG,Potato
data\raw\potato\Potato___Early_blight\3613b972-6af8-4a9a-be7f-bf68e4eb4cd0___RS_Early.B 6813.JPG,Potato
data\raw\potato\Potato___Early_blight\d0fc4557-34a0-4324-8b2c-865853e0face___RS_Early.B 6912.JPG,Potato
data\raw\potato\Potato___Late_blight\f37f6160-4f5b-447f-b497-cc6eb7662e3b___RS_LB 4951.JPG,Potato
data\raw\potato\Potato___Early_blight\ef825fcb-d776-4dfd-a6ed-3bd49912806e___RS_Early.B 7985.JPG,Potato
data\raw\potato\Potato___Late_blight\08ddae0c-5328-4183-b16e-c980f197e471___RS_LB 2845.JPG,Potato
data\raw\potato\Potato___Late_blight\80bdc2a3-66b8-4d95-abe7-65c7806f7cbf___RS_LB 3073.JPG,Potato
data\raw\potato\Potato___Late_blight\7f2933ec-8a70-453c-8e5f-4eb9d25eac6c___RS_LB 3917.JPG,Potato
data\raw\potato\Potato___Late_blight\c4c1c25f-0594-4c81-a1e0-a609ee1f0808___RS_LB 2653.JPG,Potato
data\raw\potato\Potato___healthy\799b10e8-ba67-4e08-9abe-748789572ad1___RS_HL 1881.JPG,Potato
data\raw\potato\Potato___Late_blight\0e068694-63b7-4edf-a93d-f2e9f28efaa6___RS_LB 3923.JPG,Potato
data\raw\potato\Potato___Late_blight\e25a378e-0aa3-4ac6-b0b1-281a500b9502___RS_LB 4835.JPG,Potato
data\raw\potato\Potato___Early_blight\f686133a-e89a-4242-a52d-02f32ffd5275___RS_Early.B 8295.JPG,Potato
data\raw\potato\Potato___Early_blight\c14e2b11-510b-4967-ac96-ae965972ad50___RS_Early.B 7327.JPG,Potato
data\raw\potato\Potato___Late_blight\530d9a52-266a-49ca-b0d0-a430acac0011___RS_LB 5054.JPG,Potato
data\raw\potato\Potato___Early_blight\21ca5caf-147b-4a1a-a2da-edfc1c81b62e___RS_Early.B 8926.JPG,Potato
data\raw\potato\Potato___Early_blight\66642302-1334-4c23-8613-f98387352360___RS_Early.B 8766.JPG,Potato
data\raw\potato\Potato___Early_blight\4c246dbf-ad6c-4563-ad59-d5ea84453817___RS_Early.B 7662.JPG,Potato
data\raw\potato\Potato___Early_blight\5f209b64-4a3c-4fd4-9151-83db4125e7fc___RS_Early.B 7284.JPG,Potato
data\raw\potato\Potato___Early_blight\14efc692-8ac6-4bd8-a71a-943192d6831a___RS_Early.B 6841.JPG,Potato
data\raw\potato\Potato___Late_blight\a5aabda7-209a-4e1e-966c-de2a1ccc7869___RS_LB 5046.JPG,Potato
data\raw\potato\Potato___Early_blight\d0be9a48-d0f6-4d34-9c80-3eb7631e2d8d___RS_Early.B 8143.JPG,Potato
data\raw\potato\Potato___Early_blight\25642761-2905-48af-b8da-1064a0f6b876___RS_Early.B 6831.JPG,Potato
data\raw\potato\Potato___Early_blight\2c0e712a-fb21-44b6-bbe1-7c67cec7b965___RS_Early.B 7084.JPG,Potato
data\raw\potato\Potato___Early_blight\3e7543bc-4792-4b65-afd9-f9ccd52b7319___RS_Early.B 8571.JPG,Potato
data\raw\potato\Potato___healthy\ef7005dc-1d44-412e-b858-145a2d7a6fa9___RS_HL 1951.JPG,Potato
data\raw\potato\Potato___Early_blight\5ada96db-43de-4510-8c10-eaaebb106c0c___RS_Early.B 7216.JPG,Potato
data\raw\potato\Potato___Early_blight\b21bc878-7b63-481e-a6d1-7e972627210e___RS_Early.B 7656.JPG,Potato
data\raw\potato\Potato___Early_blight\49f13f57-6881-4caa-839b-d93215ce1b77___RS_Early.B 7009.JPG,Potato
data\raw\potato\Potato___Late_blight\a33c54fb-6b78-4235-b34e-42f85f6bc5b8___RS_LB 5060.JPG,Potato
data\raw\potato\Potato___Early_blight\b7883606-5157-4dc1-b965-fc10f8fe1796___RS_Early.B 7598.JPG,Potato
data\raw\potato\Potato___Early_blight\db60c4cf-30f1-460c-a345-3045f192f725___RS_Early.B 6722.JPG,Potato
data\raw\potato\Potato___healthy\f4b5ec24-d318-4309-8294-9126450d5d7f___RS_HL 1824.JPG,Potato
data\raw\potato\Potato___Late_blight\547d3544-5e37-484b-a853-254376c49081___RS_LB 2556.JPG,Potato
data\raw\potato\Potato___Late_blight\0e7f0484-16eb-4183-b702-0a5b4f94d015___RS_LB 4000.JPG,Potato
data\raw\potato\Potato___Late_blight\a8db407c-12cb-460c-991a-8f60d20c06bc___RS_LB 5117.JPG,Potato
data\raw\potato\Potato___Late_blight\d7ef98cc-2d20-42ef-983a-5e45805a8ee6___RS_LB 3841.JPG,Potato
data\raw\potato\Potato___Early_blight\042135e2-e126-4900-9212-d42d900b8125___RS_Early.B 8791.JPG,Potato
data\raw\potato\Potato___Late_blight\c58de13c-b59d-4497-ae5a-08b425919b64___RS_LB 3116.JPG,Potato
data\raw\potato\Potato___Late_blight\958a4438-2ced-4d8c-af73-871376cf6ed5___RS_LB 4483.JPG,Potato
data\raw\potato\Potato___Late_blight\dae7db93-d197-4616-a16b-5dcc59058bc2___RS_LB 3178.JPG,Potato
data\raw\potato\Potato___healthy\1dcfeaa9-006d-470c-b3e5-d67609d07d4e___RS_HL 1808.JPG,Potato
data\raw\potato\Potato___healthy\5cb360dd-5c17-4c57-b31d-97cd8dd8d0bd___RS_HL 1797.JPG,Potato
data\raw\potato\Potato___Late_blight\0201bf8e-27e3-4c92-ae97-2fb4f665b5d3___RS_LB 4320.JPG,Potato
data\raw\potato\Potato___Early_blight\c43a5fd7-c60c-4a04-9835-bd35b551ec44___RS_Early.B 6701.JPG,Potato
data\raw\potato\Potato___Early_blight\d998c614-017c-4f90-8e39-f8c500d21218___RS_Early.B 8292.JPG,Potato
data\raw\potato\Potato___Late_blight\4fbe268d-dabb-4a25-8283-7968fd91fcdb___RS_LB 4819.JPG,Potato
data\raw\potato\Potato___Early_blight\85531704-18a5-4f98-8c1d-25709ecf77f8___RS_Early.B 8214.JPG,Potato
data\raw\potato\Potato___Early_blight\63f59fdf-973f-4d9e-a1ac-4a21cdfb9393___RS_Early.B 8794.JPG,Potato
data\raw\potato\Potato___Early_blight\60096f66-1bf2-4d8d-8137-ac2358ab71d0___RS_Early.B 6978.JPG,Potato
data\raw\potato\Potato___Early_blight\61a602c4-02e3-49e5-9858-5b1d4d4795f7___RS_Early.B 7875.JPG,Potato
data\raw\potato\Potato___Late_blight\e25e57fb-41d5-4f46-92f7-ce841bd97374___RS_LB 5448.JPG,Potato
data\raw\potato\Potato___Early_blight\009c8c31-f22d-4ffd-8f16-189c6f06c577___RS_Early.B 7885.JPG,Potato
data\raw\potato\Potato___Late_blight\5609c5d1-b66b-4dba-863a-5b3aab384151___RS_LB 3303.JPG,Potato
data\raw\potato\Potato___Late_blight\974344ba-438f-4190-b71c-875924190fdc___RS_LB 3866.JPG,Potato
data\raw\potato\Potato___Late_blight\108aa677-2b51-4d8b-8533-40fba50a275d___RS_LB 3046.JPG,Potato
data\raw\potato\Potato___Early_blight\94eb2aa6-7f9e-4a5a-b519-2106984e9a7d___RS_Early.B 8770.JPG,Potato
data\raw\potato\Potato___Late_blight\2d736aa6-79a6-42b0-9e92-d859bcd72824___RS_LB 5244.JPG,Potato
data\raw\potato\Potato___Late_blight\296e6201-4b46-4449-9edb-c7659d36cf92___RS_LB 4052.JPG,Potato
data\raw\potato\Potato___Late_blight\b294595b-8950-4e5b-8dfc-2ad9ca2c5e0a___RS_LB 4475.JPG,Potato
data\raw\potato\Potato___Early_blight\467991cb-4b55-4b00-9b18-7ff5efdd7adf___RS_Early.B 7290.JPG,Potato
data\raw\potato\Potato___Late_blight\57462a7c-a8f4-4b99-b312-a8b6e6a0e6f0___RS_LB 5330.JPG,Potato
data\raw\potato\Potato___Late_blight\6f2f2f80-80f5-4f0b-86f6-a0d9b0fa4cbc___RS_LB 4034.JPG,Potato
data\raw\potato\Potato___Late_blight\c8bfd67e-892e-4502-982a-adba5505be5d___RS_LB 4444.JPG,Potato
data\raw\potato\Potato___Early_blight\593de3cd-1e2e-4943-b5f3-ef9d5d857894___RS_Early.B 8336.JPG,Potato
data\raw\potato\Potato___Early_blight\caf7512b-4e4e-44fc-ae7d-8544168cf903___RS_Early.B 7120.JPG,Potato
data\raw\potato\Potato___Late_blight\d2d8eb78-d267-4c37-a18c-b39a0bb11d82___RS_LB 3147.JPG,Potato
data\raw\potato\Potato___Late_blight\dbbd22b5-a565-470a-9e72-2c7d7c26dbe5___RS_LB 4932.JPG,Potato
data\raw\potato\Potato___Late_blight\9ccb00a6-1542-4b0e-bd90-e7f1ff10e7f7___RS_LB 3058.JPG,Potato
data\raw\potato\Potato___Late_blight\9cd7c33b-e29a-4300-ba19-183fb6c82aca___RS_LB 4124.JPG,Potato
data\raw\potato\Potato___Late_blight\3e81c41f-5b6b-4458-8aa8-6a544a8e678c___RS_LB 4963.JPG,Potato
data\raw\potato\Potato___Late_blight\29dafc9e-eb0f-4f3b-99ab-a617b8163e50___RS_LB 3052.JPG,Potato
data\raw\potato\Potato___Late_blight\dbad8fb5-90a0-4bcc-902e-7b7b632d0233___RS_LB 4036.JPG,Potato
data\raw\potato\Potato___Late_blight\e231f522-dd72-4fbd-94b4-5b4d7b935269___RS_LB 4131.JPG,Potato
data\raw\potato\Potato___Early_blight\1daae61a-7014-4efe-b855-018999a5be9b___RS_Early.B 6852.JPG,Potato
data\raw\potato\Potato___Early_blight\c7f27f40-6634-4118-9990-6897e0c68579___RS_Early.B 7197.JPG,Potato
data\raw\potato\Potato___Early_blight\0182e991-97f0-4805-a1f7-6e1b4306d518___RS_Early.B 7015.JPG,Potato
data\raw\potato\Potato___Early_blight\37d5791e-19e8-4095-a1cd-36aede6d0802___RS_Early.B 7172.JPG,Potato
data\raw\potato\Potato___Early_blight\58a381f9-5315-4865-9b35-43df8fd9bf42___RS_Early.B 9027.JPG,Potato
data\raw\potato\Potato___Early_blight\d8a8d6e5-d82d-4f7c-aac5-183e85549d9b___RS_Early.B 7799.JPG,Potato
data\raw\potato\Potato___Late_blight\a7097c51-bb53-4149-8140-4b9c3d94dbd4___RS_LB 4108.JPG,Potato
data\raw\potato\Potato___Late_blight\a24f3bec-3fbb-461a-81ef-ab791ceb66e2___RS_LB 4818.JPG,Potato
data\raw\potato\Potato___Early_blight\2771e005-3cb4-4e12-8868-80adca5ce02a___RS_Early.B 8640.JPG,Potato
data\raw\potato\Potato___Early_blight\306c45ac-6f97-4b7e-9fad-1c8c39870138___RS_Early.B 7673.JPG,Potato
data\raw\potato\Potato___Early_blight\d472b6e3-a00c-4b4e-b13a-cdababff9d24___RS_Early.B 7699.JPG,Potato
data\raw\potato\Potato___Early_blight\6edb7358-f41f-4fd2-8371-12700bdbc94c___RS_Early.B 6801.JPG,Potato
data\raw\potato\Potato___Late_blight\4a5c555b-3f00-4553-b6a4-3be268969d7f___RS_LB 4323.JPG,Potato
data\raw\potato\Potato___Late_blight\b598f9a7-b582-4fef-9c3d-cc985f2f9c03___RS_LB 3294.JPG,Potato
data\raw\potato\Potato___Early_blight\93701beb-c734-41ea-a5ef-9e5ca4728dfc___RS_Early.B 6885.JPG,Potato
data\raw\potato\Potato___Late_blight\aaf6fed2-0c7d-47b5-99df-bb6950092fe5___RS_LB 2723.JPG,Potato
data\raw\potato\Potato___Late_blight\e7e39ba3-b9af-4d5f-afb1-aea45e13446a___RS_LB 2876.JPG,Potato
data\raw\potato\Potato___healthy\bde33d08-678c-4f84-b80e-fcb986a9a446___RS_HL 5415.JPG,Potato
data\raw\potato\Potato___Early_blight\c3ce9bae-e62a-4dd9-afa0-f020c48b87cc___RS_Early.B 6704.JPG,Potato
data\raw\potato\Potato___Late_blight\9e1dc573-9cc5-4bc1-9c95-63c7bfba54f1___RS_LB 2976.JPG,Potato
data\raw\potato\Potato___Late_blight\54ed9ec4-c9db-46ff-9a9b-1ebdea084b18___RS_LB 2984.JPG,Potato
data\raw\potato\Potato___Early_blight\583fa343-d5be-414b-bd95-f674313bd882___RS_Early.B 7681.JPG,Potato
data\raw\potato\Potato___Early_blight\192c9d29-4a86-457b-a779-1dd36f225a5b___RS_Early.B 8012.JPG,Potato
data\raw\potato\Potato___Late_blight\07fea080-7f6b-48e9-b6b5-10d7daf57610___RS_LB 3210.JPG,Potato
data\raw\potato\Potato___Late_blight\a3bf27ee-b4ec-4f72-a25b-9d47b4cd100d___RS_LB 2889.JPG,Potato
data\raw\potato\Potato___Early_blight\4857420e-b28e-4bb5-aa03-5e333cf27af0___RS_Early.B 6847.JPG,Potato
data\raw\potato\Potato___healthy\415ac4a2-8f16-4052-880e-1e1f208965f0___RS_HL 1884.JPG,Potato
data\raw\potato\Potato___Late_blight\059c9129-51b7-4d6b-9b57-f22e87568a0a___RS_LB 5118.JPG,Potato
data\raw\potato\Potato___healthy\163ada72-4288-4f85-a3c1-feed23c8d1de___RS_HL 1940.JPG,Potato
data\raw\potato\Potato___Early_blight\1a77c047-7ed8-4f02-bfaf-a19e7a67c3dd___RS_Early.B 7076.JPG,Potato
data\raw\potato\Potato___Early_blight\65f6e2f1-300b-42f0-bcc8-467753411947___RS_Early.B 7591.JPG,Potato
data\raw\potato\Potato___Late_blight\d385010f-53c1-4e7d-9fd3-50f0c98dc245___RS_LB 3865.JPG,Potato
data\raw\potato\Potato___Late_blight\02282fee-ba3f-460e-91e0-630204ab96c2___RS_LB 5031.JPG,Potato
data\raw\potato\Potato___Late_blight\def9c9e1-fd12-44d9-92ae-18c5ff0f52da___RS_LB 2605.JPG,Potato
data\raw\potato\Potato___Early_blight\4ab9d59b-57ee-4e22-a6bb-d8152710fd28___RS_Early.B 6857.JPG,Potato
data\raw\potato\Potato___Late_blight\2ef5c4f6-a798-40fd-8380-f444f3290987___RS_LB 4428.JPG,Potato
data\raw\potato\Potato___healthy\875d6ded-5f01-495c-a945-ad2e17f87f91___RS_HL 1848.JPG,Potato
data\raw\potato\Potato___Late_blight\939a9a98-cbc9-4b83-bb47-395f26d7fddd___RS_LB 4293.JPG,Potato
data\raw\potato\Potato___Early_blight\c5dc57d8-9a0d-4046-9eb4-b9db2f720a47___RS_Early.B 7047.JPG,Potato
data\raw\potato\Potato___Late_blight\5318452f-222d-4abc-b39c-55fa6c26a82a___RS_LB 3063.JPG,Potato
data\raw\potato\Potato___Early_blight\60418916-8278-448a-af45-21ee8ef60a95___RS_Early.B 7957.JPG,Potato
data\raw\potato\Potato___Late_blight\d36e9212-7594-4e4d-9062-0a98bc689729___RS_LB 5055.JPG,Potato
data\raw\potato\Potato___Early_blight\4a4847c4-c393-4772-8035-e39b472e179b___RS_Early.B 7167.JPG,Potato
data\raw\potato\Potato___healthy\0f4ebc5a-d646-436a-919d-961342997cde___RS_HL 4183.JPG,Potato
data\raw\potato\Potato___Late_blight\6148bead-5236-461d-90ca-bc552dc95abc___RS_LB 2983.JPG,Potato
data\raw\potato\Potato___Early_blight\109730cd-03f3-4139-a464-5f9151483e8c___RS_Early.B 6738.JPG,Potato
data\raw\potato\Potato___Late_blight\38fa4c3b-0541-4d14-80e7-84a1153b9e5f___RS_LB 4713.JPG,Potato
data\raw\potato\Potato___Early_blight\b35e4c48-e54e-4e42-a399-b236209314f4___RS_Early.B 8231.JPG,Potato
data\raw\potato\Potato___Late_blight\dac53cd2-477e-4f7b-a59d-bb9018eec686___RS_LB 2879.JPG,Potato
data\raw\potato\Potato___Early_blight\b2b7758e-f201-4d9c-bc27-d53bb09b2dac___RS_Early.B 7025.JPG,Potato
data\raw\potato\Potato___Late_blight\2425fba0-8d06-4f05-9d0c-258c39777a37___RS_LB 4915.JPG,Potato
data\raw\potato\Potato___Early_blight\a601dd4d-4e81-4327-9e4e-fd19262a1306___RS_Early.B 8265.JPG,Potato
data\raw\potato\Potato___Late_blight\93905331-a3b3-43dd-8596-d8f7e6b3e88f___RS_LB 3306.JPG,Potato
data\raw\potato\Potato___Late_blight\a838f0ba-745a-4c0b-9895-f3349a6cee4a___RS_LB 4959.JPG,Potato
data\raw\potato\Potato___Early_blight\b39bbf50-eae1-49ca-bd12-e776e3680d8b___RS_Early.B 6775.JPG,Potato
data\raw\potato\Potato___Late_blight\e47b3a9a-24ea-460a-8a8f-4fc9814a072e___RS_LB 3314.JPG,Potato
data\raw\potato\Potato___Early_blight\37c72e1c-7981-4d84-9587-f5014b609230___RS_Early.B 7457.JPG,Potato
data\raw\potato\Potato___Late_blight\a30baff1-96fb-4df5-9511-e131359b5fd8___RS_LB 4464.JPG,Potato
data\raw\potato\Potato___Early_blight\20978e65-f4d0-419a-bab9-f6042ab2d318___RS_Early.B 6868.JPG,Potato
data\raw\potato\Potato___Late_blight\6d51bd53-2556-410c-b151-547c83a06287___RS_LB 3276.JPG,Potato
data\raw\potato\Potato___Early_blight\6f75cbf6-25c5-4b56-911d-c8a6ffa242d4___RS_Early.B 7914.JPG,Potato
data\raw\potato\Potato___Late_blight\1a146bf4-5696-4e19-842e-9e0e1ac7ac6d___RS_LB 5023.JPG,Potato
data\raw\potato\Potato___Early_blight\77725a5a-c0b8-4b7c-bc42-ac99f51428c1___RS_Early.B 7401.JPG,Potato
data\raw\potato\Potato___Early_blight\d031102c-679d-4323-a5ee-4c52ed2d5740___RS_Early.B 6947.JPG,Potato
data\raw\potato\Potato___Late_blight\889b0741-2110-47a9-a2d2-90194e5d7676___RS_LB 4787.JPG,Potato
data\raw\potato\Potato___healthy\0b3e5032-8ae8-49ac-8157-a1cac3df01dd___RS_HL 1817.JPG,Potato
data\raw\potato\Potato___Late_blight\09a215a1-a539-4635-a27f-232229ff11f4___RS_LB 4529.JPG,Potato
data\raw\potato\Potato___Late_blight\9934bde8-1c89-4ba6-95e6-015a69540873___RS_LB 4146.JPG,Potato
data\raw\potato\Potato___Late_blight\7673ac2a-707f-4575-a11d-afe44817bfd4___RS_LB 4342.JPG,Potato
data\raw\potato\Potato___Early_blight\c71ad6f9-6258-4602-84dc-ecf75296672c___RS_Early.B 7525.JPG,Potato
data\raw\potato\Potato___Late_blight\c7c82b7c-078f-4ba9-90e3-db36a73bda22___RS_LB 5430.JPG,Potato
data\raw\potato\Potato___Early_blight\f194debe-e829-4bfb-af09-681e50358f50___RS_Early.B 7739.JPG,Potato
data\raw\potato\Potato___healthy\a8d687be-3777-403f-bae7-5c8c19340b3f___RS_HL 1738.JPG,Potato
data\raw\potato\Potato___Late_blight\815516f8-6fb1-4f92-bdff-63349e5ee83f___RS_LB 3237.JPG,Potato
data\raw\potato\Potato___Late_blight\7050bb1d-af0d-47c4-8f35-23b9561b8024___RS_LB 3313.JPG,Potato
data\raw\potato\Potato___Late_blight\60463ced-752c-4af3-9082-1de380c572e4___RS_LB 2580.JPG,Potato
data\raw\potato\Potato___Late_blight\f18c34fd-e43a-4338-b3f3-6537f2f84f98___RS_LB 4111.JPG,Potato
data\raw\potato\Potato___Early_blight\b2e6d502-8a02-4493-ae91-34bad50b6040___RS_Early.B 7537.JPG,Potato
data\raw\potato\Potato___Late_blight\a904edc1-4c4d-4171-a46e-ae914010884b___RS_LB 4373.JPG,Potato
data\raw\potato\Potato___Late_blight\d7e7afff-cb91-4209-bf42-ce579f273cce___RS_LB 4468.JPG,Potato
data\raw\potato\Potato___healthy\750584fd-72e0-45c8-b37c-97208bd559cc___RS_HL 1885.JPG,Potato
data\raw\potato\Potato___Late_blight\cf979c44-abfa-4ed3-865e-ee0c204ba9f0___RS_LB 4662.JPG,Potato
data\raw\potato\Potato___Late_blight\b469e38c-ef99-4ed1-b294-1e65727138fb___RS_LB 4056.JPG,Potato
data\raw\potato\Potato___Late_blight\9bdce182-987e-4996-8cc8-34694b4e24e9___RS_LB 2837.JPG,Potato
data\raw\potato\Potato___Early_blight\cb5241ed-1a40-488a-9236-64ed07e6ebbf___RS_Early.B 6712.JPG,Potato
data\raw\potato\Potato___Late_blight\df6898c4-f3a1-4ff2-8f44-3bc45a8d4ec5___RS_LB 3316.JPG,Potato
data\raw\potato\Potato___Early_blight\e6aec621-1699-433a-8cf5-7310ec895810___RS_Early.B 8764.JPG,Potato
data\raw\potato\Potato___Late_blight\625cf166-4cb5-4e6f-ac94-1193698388f2___RS_LB 5427.JPG,Potato
data\raw\potato\Potato___Early_blight\d9ebe6a0-d46e-47fe-950e-938f7ce83afb___RS_Early.B 7419.JPG,Potato
data\raw\potato\Potato___Early_blight\c5a12e34-99ea-443e-a67e-3f2651508773___RS_Early.B 7647.JPG,Potato
data\raw\potato\Potato___Early_blight\41cc6e70-9745-413d-b13d-c4775bcdfa7c___RS_Early.B 7610.JPG,Potato
data\raw\potato\Potato___healthy\bf2bffbb-cd8f-4d36-bd58-847808397c75___RS_HL 1786.JPG,Potato
data\raw\potato\Potato___Late_blight\c84a1cfc-5e19-46df-a315-c7fb6a61e60f___RS_LB 4103.JPG,Potato
data\raw\potato\Potato___Early_blight\ae38f458-d36e-43ce-95a5-45b775692d8d___RS_Early.B 8644.JPG,Potato
data\raw\potato\Potato___Late_blight\feefc118-4434-4ffb-afbb-02fb292f72b6___RS_LB 2874.JPG,Potato
data\raw\potato\Potato___Early_blight\22b28f50-4141-4ca7-be3f-ccb1c521c2df___RS_Early.B 8285.JPG,Potato
data\raw\potato\Potato___Early_blight\779e2b0a-0922-41bc-9393-da3750494671___RS_Early.B 8382.JPG,Potato
data\raw\potato\Potato___Late_blight\1f440bb7-e35d-4bc9-a807-81dac78c54b8___RS_LB 2727.JPG,Potato
data\raw\potato\Potato___Early_blight\64cab763-3fa2-483c-abc6-1d203f26f88e___RS_Early.B 6671.JPG,Potato
data\raw\potato\Potato___healthy\7948ada9-eabc-4cb7-a579-b73e938eb716___RS_HL 4185.JPG,Potato
data\raw\potato\Potato___Early_blight\b6b4aa28-edc4-4e9f-bc0d-bd4b0ec085a2___RS_Early.B 7559.JPG,Potato
data\raw\potato\Potato___Early_blight\3d3c01e1-8cde-4c0f-9468-67dd287a2dc0___RS_Early.B 7761.JPG,Potato
data\raw\potato\Potato___healthy\d50a580b-46bd-47f5-a0bf-8535da774104___RS_HL 5408.JPG,Potato
data\raw\potato\Potato___Late_blight\3c5e5bd4-e805-44b4-a030-51ee6bb1cef6___RS_LB 4139.JPG,Potato
data\raw\potato\Potato___Late_blight\ecfc161f-11f6-449f-80c1-1b0254f5179a___RS_LB 4279.JPG,Potato
data\raw\potato\Potato___Early_blight\16133ed7-f960-44a5-bd03-8e665e777363___RS_Early.B 7504.JPG,Potato
data\raw\potato\Potato___Late_blight\7514a101-a131-449a-9dcd-80ba8733f124___RS_LB 4879.JPG,Potato
data\raw\potato\Potato___Early_blight\90d47c2a-c84e-498c-b30d-f368e75611a7___RS_Early.B 7778.JPG,Potato
data\raw\potato\Potato___Early_blight\d5c51ec6-506e-4b85-b774-66f6a5493c90___RS_Early.B 7071.JPG,Potato
data\raw\potato\Potato___Early_blight\4f12ef84-6c6e-43d6-b6f1-3a8b0278b3a6___RS_Early.B 8101.JPG,Potato
data\raw\potato\Potato___Early_blight\2d149f7a-4b0a-40a6-8d0b-1d1f14e5e696___RS_Early.B 9143.JPG,Potato
data\raw\potato\Potato___Early_blight\99fedd87-d173-4b2f-8bb1-26465641af4d___RS_Early.B 7372.JPG,Potato
data\raw\potato\Potato___Early_blight\d5673be4-4d62-4287-b9a4-3653b88d1604___RS_Early.B 8304.JPG,Potato
data\raw\potato\Potato___Late_blight\96a70433-9204-4a41-acad-d39932559068___RS_LB 3200.JPG,Potato
data\raw\potato\Potato___Late_blight\c0e1bf8b-8b3d-4e00-bbd7-dc134dd9ca42___RS_LB 3234.JPG,Potato
data\raw\potato\Potato___Early_blight\8f0e6484-7d27-4ee1-849a-316c6195b139___RS_Early.B 6840.JPG,Potato
data\raw\potato\Potato___Late_blight\1cd053f6-0016-4680-a924-af15aecd7fb2___RS_LB 4414.JPG,Potato
data\raw\potato\Potato___Early_blight\6cec2d2b-7b6a-4044-9899-92d4f9332cd6___RS_Early.B 9131.JPG,Potato
data\raw\potato\Potato___Early_blight\17848019-6609-4cc9-b27b-c70b296ceb09___RS_Early.B 7049.JPG,Potato
data\raw\potato\Potato___Early_blight\4af8e9e9-077d-4c7b-859d-626f74d3b1ff___RS_Early.B 7738.JPG,Potato
data\raw\potato\Potato___Late_blight\7efcdebc-93be-4168-9965-2b2be46823d8___RS_LB 3249.JPG,Potato
data\raw\potato\Potato___Late_blight\ebd47dca-590b-43c4-812d-32f95b776690___RS_LB 3834.JPG,Potato
data\raw\potato\Potato___Late_blight\4358aa91-bce4-4788-a39f-1e1e4810bd51___RS_LB 3047.JPG,Potato
data\raw\potato\Potato___Late_blight\b74d0fd1-9af7-4053-8538-ee937236a64d___RS_LB 4918.JPG,Potato
data\raw\potato\Potato___Early_blight\0caf6a39-3f5f-4201-a4d7-3ea35fdf1303___RS_Early.B 6762.JPG,Potato
data\raw\potato\Potato___Late_blight\990428a4-bfa8-450d-a755-fade1df0a214___RS_LB 4082.JPG,Potato
data\raw\potato\Potato___Early_blight\d3240683-1636-4373-84aa-01ce594c19a0___RS_Early.B 8340.JPG,Potato
data\raw\potato\Potato___Late_blight\dac19eb9-e4e3-4ca1-8183-268b839901c4___RS_LB 5208.JPG,Potato
data\raw\potato\Potato___Late_blight\8137ed93-0e40-4bcd-9da7-f69ad5a08cd5___RS_LB 3059.JPG,Potato
data\raw\potato\Potato___Early_blight\992a06a6-1aeb-4876-b33e-4267aa1a0c43___RS_Early.B 7618.JPG,Potato
data\raw\potato\Potato___Late_blight\55987838-6174-4182-be76-78ddd50890fb___RS_LB 4714.JPG,Potato
data\raw\potato\Potato___Late_blight\cbb653f7-72fd-4499-9d90-efdcd8c30077___RS_LB 2764.JPG,Potato
data\raw\potato\Potato___healthy\07dfb451-4378-49d1-b699-33a5fc49ff07___RS_HL 5399.JPG,Potato
data\raw\potato\Potato___Early_blight\2c48971d-9f73-401d-a62a-f3729d08b6c2___RS_Early.B 7463.JPG,Potato
data\raw\potato\Potato___Late_blight\8f12dae8-d44b-4d16-8815-4da5f9a9ff55___RS_LB 4283.JPG,Potato
data\raw\potato\Potato___Late_blight\749a1b32-7152-4dce-87b4-92af094f6b9b___RS_LB 3310.JPG,Potato
data\raw\potato\Potato___healthy\923d4cc3-021a-4bcd-9f5f-1d6f69e4ad33___RS_HL 1888.JPG,Potato
data\raw\potato\Potato___Late_blight\1c6412c9-45ce-4814-af8d-274f4e3c9c4e___RS_LB 2746.JPG,Potato
data\raw\potato\Potato___Late_blight\f7936082-7315-477d-9710-529a7024b32d___RS_LB 2546.JPG,Potato
data\raw\potato\Potato___Late_blight\9475f5bf-607b-4091-8a6d-8f09921478a7___RS_LB 5191.JPG,Potato
data\raw\potato\Potato___Late_blight\ea620852-7590-4d82-8349-1470cb1fe3a8___RS_LB 2719.JPG,Potato
data\raw\potato\Potato___healthy\b8b7b98a-eb1a-4213-9b0b-aeef4df427e8___RS_HL 1858.JPG,Potato
data\raw\potato\Potato___Late_blight\7c0ff85c-0a94-4ba3-9abf-010ba81a4780___RS_LB 4003.JPG,Potato
data\raw\potato\Potato___Late_blight\bf07f2b7-6ab3-4192-a418-ecabc32a11fe___RS_LB 2576.JPG,Potato
data\raw\potato\Potato___Late_blight\42451eb3-fb45-4b9a-8dd3-c9b9aa3a29c8___RS_LB 4340.JPG,Potato
data\raw\potato\Potato___Late_blight\e08c2b56-3a54-4fcc-b814-85c55020278b___RS_LB 3991.JPG,Potato
data\raw\potato\Potato___Early_blight\95cd8c85-b3b1-4d90-828d-1c93ea98977a___RS_Early.B 9109.JPG,Potato
data\raw\potato\Potato___Late_blight\3f24e6f6-ff9f-4416-9fce-b8153a030de2___RS_LB 2730.JPG,Potato
data\raw\potato\Potato___Early_blight\a2fe15c2-1900-4fbd-9e69-771b1693cc68___RS_Early.B 7398.JPG,Potato
data\raw\potato\Potato___Late_blight\50abdfe1-411f-4afe-8f78-1ffb7816792f___RS_LB 2694.JPG,Potato
data\raw\potato\Potato___Late_blight\ae966e38-73b3-47c1-9421-20ac2f570f46___RS_LB 3240.JPG,Potato
data\raw\potato\Potato___Late_blight\78f43f26-36e5-43c2-9b87-a08d8a0b8a11___RS_LB 2843.JPG,Potato
data\raw\potato\Potato___healthy\31a09d39-6791-4ecb-8f44-af2ed85dbd33___RS_HL 1970.JPG,Potato
data\raw\potato\Potato___Late_blight\6a687e1b-15c3-4752-b428-e14cbe85feab___RS_LB 2803.JPG,Potato
data\raw\potato\Potato___Late_blight\908546cd-34b8-4502-ab09-0c5bb7c1d87b___RS_LB 4912.JPG,Potato
data\raw\potato\Potato___Late_blight\36c25644-54cb-405d-abef-700d24652958___RS_LB 2606.JPG,Potato
data\raw\potato\Potato___Late_blight\b41284a3-27e9-4f0c-8946-4deb0b8fc238___RS_LB 2839.JPG,Potato
data\raw\potato\Potato___Late_blight\0b092cda-db8c-489d-8c46-23ac3835310d___RS_LB 4480.JPG,Potato
data\raw\potato\Potato___Late_blight\51a85617-5433-4a07-b822-fa1975cf76b1___RS_LB 4778.JPG,Potato
data\raw\potato\Potato___Late_blight\1a68ab56-2000-4d7a-ad4a-88d300104b7d___RS_LB 2594.JPG,Potato
data\raw\potato\Potato___healthy\d287be3d-cac6-4485-8c31-674fb8b459be___RS_HL 1973.JPG,Potato
data\raw\potato\Potato___Late_blight\891ddb02-a289-4d8e-8380-7568686b7a08___RS_LB 3193.JPG,Potato
data\raw\potato\Potato___Early_blight\f5ec7cce-c3cc-4b4a-b716-d70175b1dcd2___RS_Early.B 7520.JPG,Potato
data\raw\potato\Potato___Early_blight\adc573cd-bbf3-4742-9bd5-1e3e6f27319a___RS_Early.B 8685.JPG,Potato
data\raw\potato\Potato___Late_blight\5239c829-457f-4e6c-b0af-ef5f58abddd0___RS_LB 5329.JPG,Potato
data\raw\potato\Potato___Early_blight\993bc916-4517-45cf-a5bd-90ee95dd35fd___RS_Early.B 8452.JPG,Potato
data\raw\potato\Potato___Late_blight\29d49eb8-84d0-402d-9f00-c1149b8b3e16___RS_LB 3031.JPG,Potato
data\raw\potato\Potato___Late_blight\29d84246-f2a5-4c18-8ddc-2f2d38046ae2___RS_LB 2625.JPG,Potato
data\raw\potato\Potato___Late_blight\e9cc84b7-fc38-4e65-a129-c7a63df76780___RS_LB 2705.JPG,Potato
data\raw\potato\Potato___Early_blight\4d943ff8-e048-43c6-8861-4cdc6adab6a0___RS_Early.B 8726.JPG,Potato
data\raw\potato\Potato___Late_blight\af13137c-1561-4c1c-b85b-5ec8930f2b38___RS_LB 5425.JPG,Potato
data\raw\potato\Potato___Early_blight\43af6366-6c6a-408c-a10d-a4bad9428a19___RS_Early.B 7595.JPG,Potato
data\raw\potato\Potato___Early_blight\425e5f26-56b0-404d-b537-dc3353ecee09___RS_Early.B 7058.JPG,Potato
data\raw\potato\Potato___Early_blight\59676e33-8884-4359-83d9-e07df07f31a1___RS_Early.B 7041.JPG,Potato
data\raw\potato\Potato___Early_blight\b6c68639-ad01-41f9-a10c-4233423ea2b0___RS_Early.B 8573.JPG,Potato
data\raw\potato\Potato___Early_blight\065fc68f-88c9-4fc3-b0a6-a6f5e1072eaa___RS_Early.B 7174.JPG,Potato
data\raw\potato\Potato___Early_blight\d59c5aa9-8d45-45db-be3e-0276e24641f5___RS_Early.B 7897.JPG,Potato
data\raw\potato\Potato___Late_blight\1dc41475-aa79-43f1-8648-0c8733d246ca___RS_LB 3319.JPG,Potato
data\raw\potato\Potato___Early_blight\8e05b766-d0a9-4621-9bb4-d16bef411dda___RS_Early.B 7238.JPG,Potato
data\raw\potato\Potato___Late_blight\fb9dc049-ec76-4502-9a11-13fb62a26ed4___RS_LB 3916.JPG,Potato
data\raw\potato\Potato___Early_blight\4699d1d8-f931-4b1c-8fd4-03a58350a86d___RS_Early.B 8972.JPG,Potato
data\raw\potato\Potato___Early_blight\a4ac4e39-1342-4b1d-806a-98789876a701___RS_Early.B 8953.JPG,Potato
data\raw\potato\Potato___Early_blight\1c4e0445-375a-4c5d-b6fd-6123d22f009f___RS_Early.B 7972.JPG,Potato
data\raw\potato\Potato___Late_blight\465165a0-33c0-4593-8324-03513e71079d___RS_LB 4445.JPG,Potato
data\raw\potato\Potato___Early_blight\541b768f-ec74-4f60-8e5a-778a5eb359da___RS_Early.B 8647.JPG,Potato
data\raw\potato\Potato___healthy\bb04f738-1848-4dda-8834-384a48b335cd___RS_HL 1765.JPG,Potato
data\raw\potato\Potato___Late_blight\d30021ba-fbbd-451b-b257-1fc5c6ac54d4___RS_LB 4466.JPG,Potato
data\raw\potato\Potato___Early_blight\17756ec1-9c95-43b3-bedc-933b6e0887f3___RS_Early.B 8251.JPG,Potato
data\raw\potato\Potato___Late_blight\0fe7786d-0e2f-4705-839d-898f1d9214b0___RS_LB 2836.JPG,Potato
data\raw\potato\Potato___Late_blight\bb1949c9-c779-4490-b1cc-d82302bc1df9___RS_LB 2901.JPG,Potato
data\raw\potato\Potato___Early_blight\ae25f262-234e-4ee1-96ad-3e47ddfbea9d___RS_Early.B 6670.JPG,Potato
data\raw\potato\Potato___Early_blight\53e30623-2023-4bbf-b904-ba39426f8628___RS_Early.B 7613.JPG,Potato
data\raw\potato\Potato___Early_blight\c91060f7-f9dd-4930-ad0a-8a4a6bd803d2___RS_Early.B 7869.JPG,Potato
data\raw\potato\Potato___Early_blight\432f1b02-9493-4cf1-8ef7-a40f817e43ff___RS_Early.B 8497.JPG,Potato
data\raw\potato\Potato___Early_blight\43ddad18-d70a-49d3-97d6-9a5f82ddeecd___RS_Early.B 9069.JPG,Potato
data\raw\potato\Potato___Late_blight\e766a563-c87a-4d14-ae00-898ce62e15d4___RS_LB 5123.JPG,Potato
data\raw\potato\Potato___Early_blight\28f275f9-4dd9-479a-a005-ed442362840a___RS_Early.B 6790.JPG,Potato
data\raw\potato\Potato___Early_blight\99d75573-472e-4f57-ab82-b49b78853d03___RS_Early.B 7847.JPG,Potato
data\raw\potato\Potato___Early_blight\69ee53e1-a9b6-4e97-bc5f-f91617bc87ab___RS_Early.B 7987.JPG,Potato
data\raw\potato\Potato___Late_blight\541591d3-3560-4540-ac2c-9749936e80ae___RS_LB 2553.JPG,Potato
data\raw\potato\Potato___healthy\b9ea902d-e557-4fa5-893b-39a7a57c0121___RS_HL 1893.JPG,Potato
data\raw\potato\Potato___Early_blight\7248171d-98a5-4bf0-9a8d-5c5a8820eba9___RS_Early.B 6680.JPG,Potato
data\raw\potato\Potato___Late_blight\eb34280e-0cfb-4166-a9b8-a15892c9ff5c___RS_LB 4450.JPG,Potato
data\raw\potato\Potato___Early_blight\e40b6718-52b6-46a7-970c-5f1b6bae23af___RS_Early.B 8287.JPG,Potato
data\raw\potato\Potato___Early_blight\585062b6-d5a4-4677-8b7f-773257399423___RS_Early.B 8558.JPG,Potato
data\raw\potato\Potato___Late_blight\9e5a95bd-b8d0-455f-bc85-b51a2086c88b___RS_LB 5326.JPG,Potato
data\raw\potato\Potato___Early_blight\9d0c69df-f5dc-4118-a654-ab40d100b9b6___RS_Early.B 8870.JPG,Potato
data\raw\potato\Potato___Late_blight\d30d25f1-74ca-42d3-804d-c31b06720c46___RS_LB 2817.JPG,Potato
data\raw\potato\Potato___Early_blight\54eebf69-9501-4f9e-b923-1ef61f31d93c___RS_Early.B 7098.JPG,Potato
data\raw\potato\Potato___Early_blight\07953ca1-8935-449f-b338-4357ed683b2d___RS_Early.B 6815.JPG,Potato
data\raw\potato\Potato___Early_blight\fbc7567e-ce08-4ad0-b8fe-ffd98296ce02___RS_Early.B 8607.JPG,Potato
data\raw\potato\Potato___Late_blight\f68e448a-c2f5-4638-a7cb-45e73083ae4a___RS_LB 3892.JPG,Potato
data\raw\potato\Potato___Late_blight\84559c6d-0589-4d8d-8fc3-a818b067f85c___RS_LB 4608.JPG,Potato
data\raw\potato\Potato___Late_blight\76be1a95-8bf1-468e-bc6c-f7d8fa5b7e5b___RS_LB 4758.JPG,Potato
data\raw\potato\Potato___Early_blight\6a90d533-28ad-4e1b-935b-8d2dfa804c87___RS_Early.B 8213.JPG,Potato
data\raw\potato\Potato___Early_blight\f7740cb1-3295-4022-ae6c-7ffeee775f6f___RS_Early.B 8991.JPG,Potato
data\raw\potato\Potato___Early_blight\e50e7166-a67d-4207-a49c-0240b0218d48___RS_Early.B 8907.JPG,Potato
data\raw\potato\Potato___healthy\46b2555a-c0a6-48c2-af13-0816e147e4de___RS_HL 1943.JPG,Potato
data\raw\potato\Potato___Early_blight\9141a8b4-6144-446d-b71d-925bcd432840___RS_Early.B 8648.JPG,Potato
data\raw\potato\Potato___Late_blight\e4735c8f-e6da-46a1-b0fe-b1d2355a1bd4___RS_LB 2796.JPG,Potato
data\raw\potato\Potato___Late_blight\7d885e39-d832-473f-bf81-c22855e481c3___RS_LB 3946.JPG,Potato
data\raw\potato\Potato___Late_blight\0f6eac3b-d674-4c4d-ab3a-88689feec07f___RS_LB 5232.JPG,Potato
data\raw\potato\Potato___Early_blight\c7fb1eeb-741c-4583-ad3f-ed46d5c2c920___RS_Early.B 8865.JPG,Potato
data\raw\potato\Potato___Early_blight\f32a2d3d-9ac5-426c-81d1-bc279def9ba4___RS_Early.B 7636.JPG,Potato
data\raw\potato\Potato___Early_blight\f20b88af-30e2-4270-a035-2cf217469cf8___RS_Early.B 8266.JPG,Potato
data\raw\potato\Potato___Late_blight\856b9ab9-c5af-43f1-a320-097b7380d314___RS_LB 2789.JPG,Potato
data\raw\potato\Potato___healthy\de9a8669-d437-40f0-aa56-fe2d8276a1e0___RS_HL 1910.JPG,Potato
data\raw\potato\Potato___Late_blight\70b8c0ad-be72-4f3f-84ba-7439f83b089b___RS_LB 4446.JPG,Potato
data\raw\potato\Potato___Late_blight\fdb7d904-91df-4f00-85bd-0fb038723329___RS_LB 2628.JPG,Potato
data\raw\potato\Potato___Late_blight\465669d7-b75c-4aab-8ccc-af3566baf2e3___RS_LB 4985.JPG,Potato
data\raw\potato\Potato___Late_blight\da16cb94-4f1d-4390-b446-19eac2110115___RS_LB 2912.JPG,Potato
data\raw\potato\Potato___Early_blight\c42e79e4-76c0-406e-9779-6168330f4ca5___RS_Early.B 9008.JPG,Potato
data\raw\potato\Potato___Late_blight\546fcdf5-862b-42fb-931d-a51a85dc843c___RS_LB 4403.JPG,Potato
data\raw\potato\Potato___Late_blight\4f249e3b-92a0-43e5-a70d-fe3045630437___RS_LB 3913.JPG,Potato
data\raw\potato\Potato___Late_blight\7e486917-7f31-4a26-b0ca-6175ebc2beee___RS_LB 4113.JPG,Potato
data\raw\potato\Potato___Late_blight\12d72127-7880-4481-b3c6-caff04116a86___RS_LB 2632.JPG,Potato
data\raw\potato\Potato___Late_blight\bb4aa884-a811-4229-bfc0-1df1e7330877___RS_LB 5049.JPG,Potato
data\raw\potato\Potato___Late_blight\f795a3d7-2915-447c-9e6f-df1d895f98bc___RS_LB 2792.JPG,Potato
data\raw\potato\Potato___Early_blight\15ab8118-01fb-4e9c-83a9-94ab224d6854___RS_Early.B 7962.JPG,Potato
data\raw\potato\Potato___Late_blight\ab72ec63-290e-4e95-ab0a-b551ed44ab3b___RS_LB 3286.JPG,Potato
data\raw\potato\Potato___Early_blight\737c2343-228f-4155-b984-13ae0da44745___RS_Early.B 6828.JPG,Potato
data\raw\potato\Potato___Early_blight\2b982641-10ea-4426-874f-509e6377ff59___RS_Early.B 7663.JPG,Potato
data\raw\potato\Potato___Early_blight\1f56ef5b-9a3b-4731-bf82-b08aeb84fcb5___RS_Early.B 9032.JPG,Potato
data\raw\potato\Potato___healthy\bb328d40-e4e6-4b84-a92a-e7cb3922c19d___RS_HL 1829.JPG,Potato
data\raw\potato\Potato___healthy\51a03694-82cd-43a5-9877-ddce42c1a5ad___RS_HL 1779.JPG,Potato
data\raw\potato\Potato___Early_blight\70a2aa43-f50f-448b-bd98-9315f27cf456___RS_Early.B 7927.JPG,Potato
data\raw\potato\Potato___Early_blight\b1b55149-b5bc-460e-87af-a745fb01855d___RS_Early.B 7477.JPG,Potato
data\raw\potato\Potato___Late_blight\4664efe7-50ae-4a32-b818-2ec7f3881471___RS_LB 4478.JPG,Potato
data\raw\potato\Potato___healthy\8b2ce6b6-f00a-4f25-ac6d-4249dd7dc5f6___RS_HL 1890.JPG,Potato
data\raw\potato\Potato___Early_blight\ab0878eb-0310-4788-b2d7-14102cdd241e___RS_Early.B 7026.JPG,Potato
data\raw\potato\Potato___Late_blight\23ad201a-469e-4687-9321-7329bf747992___RS_LB 4990.JPG,Potato
data\raw\potato\Potato___Early_blight\d24073c7-875b-4e86-b8cd-58853f13c191___RS_Early.B 6761.JPG,Potato
data\raw\potato\Potato___Late_blight\b14b93eb-5c1b-4df8-a30f-17afd953e7fc___RS_LB 4101.JPG,Potato
data\raw\potato\Potato___Early_blight\3ef2279b-2fda-463a-b007-e2a93ff977f0___RS_Early.B 7235.JPG,Potato
data\raw\potato\Potato___Early_blight\8784362f-5fc6-4ad9-b11d-d06b272cefb5___RS_Early.B 6907.JPG,Potato
data\raw\potato\Potato___Late_blight\d2f57448-1770-46dc-97e3-40247d37094b___RS_LB 4455.JPG,Potato
data\raw\potato\Potato___Early_blight\cfa37804-6d71-45fe-bd88-c899b9534992___RS_Early.B 6673.JPG,Potato
data\raw\potato\Potato___Late_blight\74277267-6a9f-44d0-95fe-7f52f89630a0___RS_LB 5074.JPG,Potato
data\raw\potato\Potato___Late_blight\e986907b-6948-4c72-93d3-29cb795cc9a1___RS_LB 3837.JPG,Potato
data\raw\potato\Potato___Early_blight\838c8a0a-d112-4940-9a5d-221b4e9cc4c8___RS_Early.B 6967.JPG,Potato
data\raw\potato\Potato___healthy\52dd2fdd-6966-450c-a42b-ee14428d4271___RS_HL 1955.JPG,Potato
data\raw\potato\Potato___Early_blight\99821810-926a-4ac4-9bc7-cbae991f7e68___RS_Early.B 7626.JPG,Potato
data\raw\potato\Potato___Early_blight\89d4dba2-3d9c-46fe-bac3-6be833b01351___RS_Early.B 6749.JPG,Potato
data\raw\potato\Potato___Late_blight\4c846678-1c22-4734-b2bf-fb774bf3bb13___RS_LB 4090.JPG,Potato
data\raw\potato\Potato___Early_blight\089fb289-4bea-48b6-a29a-3a1d268d9dd3___RS_Early.B 8081.JPG,Potato
data\raw\potato\Potato___Late_blight\53367bb0-3f38-4c90-a71d-05592341e4aa___RS_LB 4149.JPG,Potato
data\raw\potato\Potato___Late_blight\fcc8393e-18f5-48c2-bd87-a0dabc151810___RS_LB 4029.JPG,Potato
data\raw\potato\Potato___Late_blight\8f80caee-38ed-4b49-9596-6f66c3cb9c1b___RS_LB 2535.JPG,Potato
data\raw\potato\Potato___Late_blight\4d56ef9d-bc69-489c-92de-d2fad01d762d___RS_LB 3890.JPG,Potato
data\raw\potato\Potato___Late_blight\77164347-18bd-4466-aca9-0f61e6a36468___RS_LB 4155.JPG,Potato
data\raw\potato\Potato___Early_blight\c5464947-d6f8-4d5e-9cad-009db19adf67___RS_Early.B 7181.JPG,Potato
data\raw\potato\Potato___Late_blight\22b19227-ae7e-495e-9fe0-d286fbcf9412___RS_LB 3996.JPG,Potato
data\raw\potato\Potato___healthy\4ae82355-6885-40e7-9807-dabe46ed3441___RS_HL 5410.JPG,Potato
data\raw\potato\Potato___Late_blight\28cbad12-8d41-4d36-a6df-db0d35ee1ce0___RS_LB 2922.JPG,Potato
data\raw\potato\Potato___Early_blight\c74c801d-a6e5-44dc-a7e8-f3a5f39a300e___RS_Early.B 7864.JPG,Potato
data\raw\potato\Potato___Late_blight\1fa9afe6-69ab-4206-a8b5-487531391a37___RS_LB 3006.JPG,Potato
data\raw\potato\Potato___Early_blight\aaa394b2-f7d5-41a5-97eb-acc4068ef72d___RS_Early.B 9155.JPG,Potato
data\raw\potato\Potato___Late_blight\b9939f3e-c71c-4653-acff-109a8266dddf___RS_LB 2787.JPG,Potato
data\raw\potato\Potato___Early_blight\f7db505f-aabe-4b96-b719-8c930b5ff471___RS_Early.B 9224.JPG,Potato
data\raw\potato\Potato___healthy\4a08efaa-28cc-4356-8769-4002f4b299ef___RS_HL 1850.JPG,Potato
data\raw\potato\Potato___Late_blight\2f76c068-ebba-499d-8819-2d12bde41695___RS_LB 3232.JPG,Potato
data\raw\potato\Potato___Late_blight\a1523281-33d2-4cc4-910a-3d614a4cd085___RS_LB 2816.JPG,Potato
data\raw\potato\Potato___Early_blight\a6995958-6344-4d37-9b99-d3bc3d40ab67___RS_Early.B 7210.JPG,Potato
data\raw\potato\Potato___Early_blight\ea87f5c8-69f9-44e0-997b-bb896350765e___RS_Early.B 7798.JPG,Potato
data\raw\potato\Potato___Late_blight\19d8aac3-db88-4a07-84f2-40f7597c2a25___RS_LB 3867.JPG,Potato
data\raw\potato\Potato___Early_blight\d9293730-8ba7-4f41-936a-eb129bde096b___RS_Early.B 8102.JPG,Potato
data\raw\potato\Potato___Late_blight\0525ac6e-1d1f-4866-89bd-af4b8ba9c46b___RS_LB 4814.JPG,Potato
data\raw\potato\Potato___Early_blight\8c3d0f9e-3a77-4ec2-a9ad-d996caa2c562___RS_Early.B 6887.JPG,Potato
data\raw\potato\Potato___Early_blight\8c01f338-2648-4bcf-99cb-853978b39014___RS_Early.B 6742.JPG,Potato
data\raw\potato\Potato___Late_blight\b64e4518-147a-4a75-9f9b-33db8902aa12___RS_LB 3202.JPG,Potato
data\raw\potato\Potato___Early_blight\dea6a6e4-cfb0-4c00-a0f7-bdd1e52f82e0___RS_Early.B 7246.JPG,Potato
data\raw\potato\Potato___Late_blight\bc91cb1b-aece-4108-92db-839a106351a5___RS_LB 3087.JPG,Potato
data\raw\potato\Potato___healthy\0be9d721-82f5-42c3-b535-7494afe01dbe___RS_HL 1814.JPG,Potato
data\raw\potato\Potato___Early_blight\625f9c30-b56a-4e4e-9b34-aab8d2385d02___RS_Early.B 7226.JPG,Potato
data\raw\potato\Potato___Early_blight\37957a08-5b06-49f7-9973-29f167dd95b8___RS_Early.B 8758.JPG,Potato
data\raw\potato\Potato___healthy\683b04ad-7941-4819-9965-ba32c725eb22___RS_HL 1861.JPG,Potato
data\raw\potato\Potato___Late_blight\5ad9dba9-ed81-437e-8d5d-1d6660514462___RS_LB 4439.JPG,Potato
data\raw\potato\Potato___Late_blight\c6ecc36c-1886-4d2d-89aa-0e9e9dc7ba32___RS_LB 4997.JPG,Potato
data\raw\potato\Potato___Early_blight\3a8429cf-f8a7-4f64-a435-ec4f1ad692c7___RS_Early.B 8990.JPG,Potato
data\raw\potato\Potato___Early_blight\55daa016-a408-4de3-a79e-53d0ec53ea16___RS_Early.B 7686.JPG,Potato
data\raw\potato\Potato___Early_blight\1367d3e9-74fe-4d61-ab24-dd389dcb5d54___RS_Early.B 8011.JPG,Potato
data\raw\potato\Potato___healthy\a3ec91aa-8503-4711-a912-0d1427e25686___RS_HL 5409.JPG,Potato
data\raw\potato\Potato___Early_blight\232c8d25-3bfe-41ea-b24f-2b3629a0253a___RS_Early.B 9200.JPG,Potato
data\raw\potato\Potato___Early_blight\f12d7916-b4f0-46f7-91bd-8dc097743149___RS_Early.B 8963.JPG,Potato
data\raw\potato\Potato___Late_blight\04ce7b2d-5e41-43c6-9e11-e1bc4f5e4cca___RS_LB 3224.JPG,Potato
data\raw\potato\Potato___Early_blight\9ca7d203-7b7c-4f5c-911f-fc225f3c5b77___RS_Early.B 7557.JPG,Potato
data\raw\potato\Potato___Early_blight\fe24f700-d37f-4e51-b07c-931e8c3ded81___RS_Early.B 8792.JPG,Potato
data\raw\potato\Potato___Early_blight\dc0536f7-e777-4751-8733-f643eb18329a___RS_Early.B 7492.JPG,Potato
data\raw\potato\Potato___Late_blight\cd38f533-9b7d-4afd-bbd9-9ee5ab2aa3e8___RS_LB 2680.JPG,Potato
data\raw\potato\Potato___Late_blight\9009c86e-1205-4694-b0bb-ef7cf78dd104___RS_LB 3995.JPG,Potato
data\raw\potato\Potato___Early_blight\996c0f04-a33a-4620-8971-469e009abae7___RS_Early.B 8869.JPG,Potato
data\raw\potato\Potato___Late_blight\4324e62b-d7e0-4caa-a417-5eb3dd8712ee___RS_LB 5452.JPG,Potato
data\raw\potato\Potato___Early_blight\26d0fa09-d463-461b-830c-3e970244cabb___RS_Early.B 7406.JPG,Potato
data\raw\potato\Potato___Early_blight\7a7ff9ee-1d6f-4ca8-a393-9c56ca74d7bb___RS_Early.B 8158.JPG,Potato
data\raw\potato\Potato___Late_blight\e9429874-1098-43af-bc38-0acc0b93f4f9___RS_LB 2682.JPG,Potato
data\raw\potato\Potato___Early_blight\67f2bf79-1d71-4748-bcd6-a65006f12981___RS_Early.B 7289.JPG,Potato
data\raw\potato\Potato___Late_blight\d1ae329b-19bc-40c3-afb1-404ecf3c98ee___RS_LB 2613.JPG,Potato
data\raw\potato\Potato___Late_blight\20e59080-5a86-4aa8-b5b1-d886a4b273b7___RS_LB 3165.JPG,Potato
data\raw\potato\Potato___Late_blight\ced49a2c-c7b3-4c10-9475-2b004afebff1___RS_LB 4436.JPG,Potato
data\raw\potato\Potato___healthy\3c0d6888-c7e1-4cf8-9c25-9a0b8c62ba72___RS_HL 1780.JPG,Potato
data\raw\potato\Potato___Early_blight\8e99bd85-9c90-4d29-ba2c-2110f46cef07___RS_Early.B 8570.JPG,Potato
data\raw\potato\Potato___Late_blight\e10ce839-9da1-4f23-9b5e-c5483f6eabbd___RS_LB 5328.JPG,Potato
data\raw\potato\Potato___Early_blight\08bbd7f1-169d-4e38-946f-8d91589b263e___RS_Early.B 7106.JPG,Potato
data\raw\potato\Potato___Late_blight\33fa45a7-e6ff-4e75-9c6e-28570fdfedb6___RS_LB 3054.JPG,Potato
data\raw\potato\Potato___Early_blight\c8a008b3-a81d-410c-97aa-94e92118e572___RS_Early.B 7616.JPG,Potato
data\raw\potato\Potato___Late_blight\85d29f87-cb27-4ffa-9ad8-9c47f9a53b33___RS_LB 4437.JPG,Potato
data\raw\potato\Potato___Late_blight\d43fa915-e947-4316-b0f5-0f925c5d9625___RS_LB 3969.JPG,Potato
data\raw\potato\Potato___Early_blight\88c63d75-4423-4233-9097-728af8a52033___RS_Early.B 6862.JPG,Potato
data\raw\potato\Potato___Late_blight\81e4675f-5f16-4c8a-be12-acb79f46575e___RS_LB 3111.JPG,Potato
data\raw\potato\Potato___Late_blight\eb2bd15b-a92b-4302-98a1-bbc13a0f95bb___RS_LB 2671.JPG,Potato
data\raw\potato\Potato___Early_blight\c5b121ff-fc3c-406a-8127-2a7e413a0903___RS_Early.B 9006.JPG,Potato
data\raw\potato\Potato___Late_blight\e0c879c8-ebf3-43d0-9693-7a747fb5ba75___RS_LB 3956.JPG,Potato
data\raw\potato\Potato___Late_blight\afcad9ca-9bd2-4c7b-b034-2b3d0360ac30___RS_LB 2741.JPG,Potato
data\raw\potato\Potato___Early_blight\f5fca019-b28f-4000-9d5e-b0b5fd061304___RS_Early.B 7503.JPG,Potato
data\raw\potato\Potato___Early_blight\3a314933-9e92-4c90-acc2-656a04c591e7___RS_Early.B 8906.JPG,Potato
data\raw\potato\Potato___Late_blight\5c1c57f6-6aff-4bba-892e-43ff02311c3f___RS_LB 4046.JPG,Potato
data\raw\potato\Potato___Early_blight\49b24f9e-12d4-4f32-8bc8-482d66514a17___RS_Early.B 8037.JPG,Potato
data\raw\potato\Potato___Early_blight\c0d9fcd4-79cb-43e4-82bc-1e48e9e2a572___RS_Early.B 7279.JPG,Potato
data\raw\potato\Potato___Late_blight\ee09546f-d7cd-4af9-9445-41745638c9c3___RS_LB 4471.JPG,Potato
data\raw\potato\Potato___Early_blight\b5127f55-debe-459a-98e5-4629750f9c38___RS_Early.B 7496.JPG,Potato
data\raw\potato\Potato___Late_blight\d3811753-f672-405c-afa3-8fbaa2715bf4___RS_LB 2720.JPG,Potato
data\raw\potato\Potato___Late_blight\b9474ec5-5a67-4207-98ec-5671c19f8f59___RS_LB 2545.JPG,Potato
data\raw\potato\Potato___Late_blight\37075adc-dd51-4a5b-8a6c-0649cb98516b___RS_LB 2678.JPG,Potato
data\raw\potato\Potato___Late_blight\b86274d3-554a-495d-8304-76484e3c4d15___RS_LB 4442.JPG,Potato
data\raw\potato\Potato___Early_blight\08029ccc-387e-4be6-9389-04f7b82fdb2a___RS_Early.B 9130.JPG,Potato
data\raw\potato\Potato___healthy\5fcbde8f-52af-4963-b324-ff7f4dd6bd4c___RS_HL 1762.JPG,Potato
data\raw\potato\Potato___Early_blight\392c5f68-3ee5-4b61-90e9-afa16375beb8___RS_Early.B 8047.JPG,Potato
data\raw\potato\Potato___healthy\3a00204c-5e53-4e5d-95a6-f8819031744e___RS_HL 5420.JPG,Potato
data\raw\potato\Potato___Early_blight\e4bd2479-dd2f-41ce-9544-4f1804c4ab8b___RS_Early.B 8601.JPG,Potato
data\raw\potato\Potato___Late_blight\24482fe2-5139-4f73-909e-9ea4a3d8bf5d___RS_LB 4733.JPG,Potato
data\raw\potato\Potato___Late_blight\351386f8-c501-45f6-ab0d-e9c1d1584204___RS_LB 5195.JPG,Potato
data\raw\potato\Potato___Early_blight\85a38441-6df7-4401-9905-fba74ebfa717___RS_Early.B 8230.JPG,Potato
data\raw\potato\Potato___Early_blight\00d8f10f-5038-4e0f-bb58-0b885ddc0cc5___RS_Early.B 8722.JPG,Potato
data\raw\potato\Potato___Late_blight\e575421c-a9d4-4c0e-8027-b12fca1e3ac9___RS_LB 2806.JPG,Potato
data\raw\potato\Potato___Late_blight\793aaf75-3085-4bbb-bace-33a9593c3c94___RS_LB 4847.JPG,Potato
data\raw\potato\Potato___Early_blight\9d2f37ae-aa02-4b04-b0cb-9fe125cfdbe2___RS_Early.B 7691.JPG,Potato
data\raw\potato\Potato___Late_blight\ed2d2803-3b9b-4c3c-ab8a-9aea2bf76ffd___RS_LB 5190.JPG,Potato
data\raw\potato\Potato___healthy\f30983c0-6e20-43cc-8672-4622ca34c830___RS_HL 1949.JPG,Potato
data\raw\potato\Potato___Late_blight\f62c0408-af09-4883-a780-7bd335e60443___RS_LB 5258.JPG,Potato
data\raw\potato\Potato___healthy\58a98860-86d8-41e7-9f8c-cc2ca5e90012___RS_HL 1758.JPG,Potato
data\raw\potato\Potato___healthy\23f4d3b1-23f4-43fb-96c2-dae37224ec74___RS_HL 1803.JPG,Potato
data\raw\potato\Potato___Late_blight\86944800-4984-44f9-9c72-53fcb7324a3b___RS_LB 4015.JPG,Potato
data\raw\potato\Potato___Early_blight\cf761f3d-755a-42b2-83cb-729443246c6a___RS_Early.B 7319.JPG,Potato
data\raw\potato\Potato___Late_blight\31d61797-f3dd-4452-8db9-cdfd8be9ebf2___RS_LB 4823.JPG,Potato
data\raw\potato\Potato___Late_blight\1cd0b065-e637-4307-9e0a-9c20dc44cc59___RS_LB 4784.JPG,Potato
data\raw\potato\Potato___Early_blight\5c43b799-a722-4209-b571-2a7ca23de273___RS_Early.B 7321.JPG,Potato
data\raw\potato\Potato___Early_blight\72013507-bfce-4b7a-b56e-f66a94cb4558___RS_Early.B 7930.JPG,Potato
data\raw\potato\Potato___Late_blight\d752ca70-320b-4d33-970f-8f3eead9141e___RS_LB 3166.JPG,Potato
data\raw\potato\Potato___Early_blight\b512ab1a-0ea5-47d6-b998-7c9f32ed3329___RS_Early.B 7250.JPG,Potato
data\raw\potato\Potato___Early_blight\05c35093-11b8-4cd0-b67a-148859754440___RS_Early.B 8939.JPG,Potato
data\raw\potato\Potato___Early_blight\dd1e0739-c899-4c1e-99c8-fd83a6d55694___RS_Early.B 7862.JPG,Potato
data\raw\potato\Potato___Late_blight\d99f0d05-6ee3-440c-9dc6-48f7ba2bfc24___RS_LB 2654.JPG,Potato
data\raw\potato\Potato___Late_blight\ea2bb076-a483-4570-88ac-8ab236d4bb92___RS_LB 2503.JPG,Potato
data\raw\potato\Potato___Early_blight\af0ee942-50f5-43a7-a9fe-486ba1f5f989___RS_Early.B 7700.JPG,Potato
data\raw\potato\Potato___Early_blight\f2540cea-220b-4ba2-bf16-7c1c7f32c38c___RS_Early.B 7997.JPG,Potato
data\raw\potato\Potato___Late_blight\76bea797-306c-4fc5-a868-69394fed05d4___RS_LB 2900.JPG,Potato
data\raw\potato\Potato___Early_blight\c5cb3e89-f00f-4032-80ca-eb39bead0796___RS_Early.B 8645.JPG,Potato
data\raw\potato\Potato___Early_blight\6bd7d398-9cce-4282-a853-9625a641ebd6___RS_Early.B 8416.JPG,Potato
data\raw\potato\Potato___Late_blight\9fa413c2-d724-4bc6-8aed-954a472cf228___RS_LB 4754.JPG,Potato
data\raw\potato\Potato___Early_blight\1d466431-007d-4b3b-bd45-b09f1a6f7bad___RS_Early.B 8932.JPG,Potato
data\raw\potato\Potato___Early_blight\c53d85d7-bddb-422b-955c-6842cce9a927___RS_Early.B 7253.JPG,Potato
data\raw\potato\Potato___Early_blight\7d92aa59-82fc-4c93-9d0e-728c0a944055___RS_Early.B 6965.JPG,Potato
data\raw\potato\Potato___Late_blight\87681326-2843-4e63-9042-602b08a98a66___RS_LB 4145.JPG,Potato
data\raw\potato\Potato___Late_blight\ccdf64d2-81fe-429e-8041-05b5a9ce50c9___RS_LB 5052.JPG,Potato
data\raw\potato\Potato___Late_blight\00695906-210d-4a9d-822e-986a17384115___RS_LB 4026.JPG,Potato
data\raw\potato\Potato___Early_blight\d06681cc-3ed1-4af2-ae40-2597eaea3dd4___RS_Early.B 8691.JPG,Potato
data\raw\potato\Potato___Early_blight\f0b444a4-ddd7-4286-8a80-423f7e71c526___RS_Early.B 8753.JPG,Potato
data\raw\potato\Potato___Late_blight\e36ccebd-29c6-466d-b46f-41fa38f6e9c0___RS_LB 5047.JPG,Potato
data\raw\potato\Potato___Late_blight\bc5b403e-ecc2-4fde-bafa-9b8698e4545c___RS_LB 4448.JPG,Potato
data\raw\potato\Potato___Late_blight\1e0326a5-b208-447f-9d60-f788ec4b6e3f___RS_LB 4526.JPG,Potato
data\raw\potato\Potato___Late_blight\e71a27b3-20d5-40e8-ad01-4c1942d46654___RS_LB 4085.JPG,Potato
data\raw\potato\Potato___Late_blight\00b1f292-23dd-44d4-aad3-c1ffb6a6ad5a___RS_LB 4479.JPG,Potato
data\raw\potato\Potato___Late_blight\6fc1834e-7909-4177-9480-6cd9f23109b4___RS_LB 4023.JPG,Potato
data\raw\potato\Potato___Late_blight\84182903-22be-4563-8276-d72413958ada___RS_LB 4027.JPG,Potato
data\raw\potato\Potato___Late_blight\d38d9e28-89a0-4650-8a2d-dc5e6744b3b9___RS_LB 5204.JPG,Potato
data\raw\potato\Potato___Early_blight\34d62dee-797e-4f31-9063-f6a285935b4d___RS_Early.B 6733.JPG,Potato
data\raw\potato\Potato___Late_blight\d42061d8-9da0-4190-8dd0-d3629f0cfa53___RS_LB 3954.JPG,Potato
data\raw\potato\Potato___Late_blight\9fa8f0a5-50ba-41d9-8132-077a807fcf86___RS_LB 4045.JPG,Potato
data\raw\potato\Potato___Early_blight\c653b79e-4f42-4a9e-8c5c-7a85483a3c29___RS_Early.B 9108.JPG,Potato
data\raw\potato\Potato___Late_blight\33938ff2-ee2c-4571-96dd-6229a0cb4e0c___RS_LB 5184.JPG,Potato
data\raw\potato\Potato___Late_blight\5551d3fa-ed55-46df-8a35-b3c53ffdcd31___RS_LB 4138.JPG,Potato
data\raw\potato\Potato___Late_blight\2482a11a-46b1-4e06-9b5c-4af0089b3259___RS_LB 4087.JPG,Potato
data\raw\potato\Potato___Early_blight\ef722b35-2ab8-409d-a971-b3a853a72cb3___RS_Early.B 7184.JPG,Potato
data\raw\potato\Potato___Early_blight\5585ecfc-6e6e-4544-8e6d-180d958b7211___RS_Early.B 7619.JPG,Potato
data\raw\potato\Potato___Late_blight\dd9b9122-fd29-4986-9dc3-330d4a48ccc3___RS_LB 5290.JPG,Potato
data\raw\potato\Potato___Late_blight\5c43ce7b-f04a-4d0d-9305-47f0d83125c5___RS_LB 5033.JPG,Potato
data\raw\potato\Potato___Early_blight\b8578828-0e34-4511-9739-9ef0170774b2___RS_Early.B 7416.JPG,Potato
data\raw\potato\Potato___Early_blight\ce9d9a96-23cc-4d24-ab68-3932cba59ae2___RS_Early.B 7080.JPG,Potato
data\raw\potato\Potato___Early_blight\336e5156-8947-46a7-a6fb-e993255d9091___RS_Early.B 8085.JPG,Potato
data\raw\potato\Potato___Early_blight\7855ccc3-28ac-4269-a8ce-618df8a27573___RS_Early.B 7834.JPG,Potato
data\raw\potato\Potato___Late_blight\ff03a125-445b-40e1-a7ed-0bb9b155dfd8___RS_LB 5039.JPG,Potato
data\raw\potato\Potato___Early_blight\41f4502c-34aa-45a5-b593-7191f7a62f96___RS_Early.B 8774.JPG,Potato
data\raw\potato\Potato___Early_blight\dcc9e3a4-04dc-46fd-9bc9-739334aa23d9___RS_Early.B 6799.JPG,Potato
data\raw\potato\Potato___Early_blight\4f20f0e5-b870-414c-99a0-136575a61ce5___RS_Early.B 6724.JPG,Potato
data\raw\potato\Potato___Late_blight\80a20af8-9759-4c07-8d0c-d48edc9925c6___RS_LB 5289.JPG,Potato
data\raw\potato\Potato___Late_blight\4215b9d5-c554-4249-80e1-aeaf2106e966___RS_LB 2977.JPG,Potato
data\raw\potato\Potato___Late_blight\73fb0463-c023-4749-8c37-dd11304de9b1___RS_LB 3112.JPG,Potato
data\raw\potato\Potato___Late_blight\e2d4d58b-8754-4c63-b888-8355ddbcb989___RS_LB 4863.JPG,Potato
data\raw\potato\Potato___Early_blight\f2e7be26-b7d3-4e99-8630-8b1650192b02___RS_Early.B 7275.JPG,Potato
data\raw\potato\Potato___Late_blight\85d60a7c-4a4c-4fcf-8743-21b4c03ff12c___RS_LB 3868.JPG,Potato
data\raw\potato\Potato___Late_blight\c3cd2ad3-174e-48b4-a7a5-ce63be745fd5___RS_LB 3243.JPG,Potato
data\raw\potato\Potato___Late_blight\73d0be73-8a51-417a-ac46-67a37462efa3___RS_LB 4457.JPG,Potato
data\raw\potato\Potato___Early_blight\419611a4-5597-43d6-ae92-c3c09bc549d7___RS_Early.B 7182.JPG,Potato
data\raw\potato\Potato___Late_blight\1757f48b-435b-4c4a-9de6-47b959ed1e67___RS_LB 5295.JPG,Potato
data\raw\potato\Potato___healthy\b42621c3-f751-46e1-a8d2-83ed85b90554___RS_HL 1740.JPG,Potato
data\raw\potato\Potato___Late_blight\1a674846-9d13-4a7f-ba03-8931c5dd3d2c___RS_LB 2768.JPG,Potato
data\raw\potato\Potato___healthy\2ccb9ee9-faac-4d32-9af5-29497fa2e028___RS_HL 1837.JPG,Potato
data\raw\potato\Potato___Late_blight\2ea232e4-2e94-426f-b86f-8bc5861f334f___RS_LB 4757.JPG,Potato
data\raw\potato\Potato___Late_blight\ac42817b-71f9-4336-ad8b-bdfb4b27a64a___RS_LB 4782.JPG,Potato
data\raw\potato\Potato___Late_blight\6750f885-4754-4e76-91d0-a5e77c86e9fd___RS_LB 4865.JPG,Potato
data\raw\potato\Potato___Early_blight\2ebb14eb-0e87-468c-a1cb-80579a77a37a___RS_Early.B 7044.JPG,Potato
data\raw\potato\Potato___Late_blight\90302aa5-644e-4857-b60f-92f6aed488fa___RS_LB 3246.JPG,Potato
data\raw\potato\Potato___Early_blight\83b7d891-0fe8-47b8-b6e1-693493a2988a___RS_Early.B 8707.JPG,Potato
data\raw\potato\Potato___healthy\2dee1571-ef6b-40ef-8c46-334e89aad3f1___RS_HL 1950.JPG,Potato
data\raw\potato\Potato___Early_blight\c419a9f0-5fb9-4db6-a229-5c08c36896fe___RS_Early.B 8585.JPG,Potato
data\raw\potato\Potato___Early_blight\faac446b-34ac-414a-9f0e-148d6ee87bfa___RS_Early.B 8934.JPG,Potato
data\raw\potato\Potato___Early_blight\758b39d7-12bc-401f-b280-2c8435a02f43___RS_Early.B 6839.JPG,Potato
data\raw\potato\Potato___Late_blight\2f419afc-a232-42c7-b0ff-92d928647a0f___RS_LB 4917.JPG,Potato
data\raw\potato\Potato___Early_blight\cf38c261-5bae-4b5d-92b4-16c634557d2a___RS_Early.B 7169.JPG,Potato
data\raw\potato\Potato___Early_blight\2ec0f91e-b8a4-4aeb-9e08-8bd32b492487___RS_Early.B 7502.JPG,Potato
data\raw\potato\Potato___Late_blight\1d389389-0585-433a-83c7-30b42db2ca3f___RS_LB 3322.JPG,Potato
data\raw\potato\Potato___Early_blight\af79e762-c2f7-4e37-926b-ce27dbc52fc4___RS_Early.B 6858.JPG,Potato
data\raw\potato\Potato___Early_blight\c7212fa9-df1e-485e-a471-1011dd797865___RS_Early.B 8680.JPG,Potato
data\raw\potato\Potato___Early_blight\0ad3ba53-f01b-403b-a99d-5991eed85045___RS_Early.B 7600.JPG,Potato
data\raw\potato\Potato___Early_blight\12826416-efc5-49d3-b615-731629c95435___RS_Early.B 7215.JPG,Potato
data\raw\potato\Potato___Early_blight\b7712e86-f508-4485-8a42-5dd447f3b510___RS_Early.B 7103.JPG,Potato
data\raw\potato\Potato___Early_blight\34b0f33c-be8b-4338-9334-5418a5f84f28___RS_Early.B 7532.JPG,Potato
data\raw\potato\Potato___Late_blight\cf83a586-2f2a-423b-8e1c-f7c284a20ec1___RS_LB 2785.JPG,Potato
data\raw\potato\Potato___Late_blight\ea5fc080-37a7-4954-ba8c-a5d67b6a0962___RS_LB 2888.JPG,Potato
data\raw\potato\Potato___Early_blight\4be99b40-e269-4c69-8c90-ac75514650af___RS_Early.B 6830.JPG,Potato
data\raw\potato\Potato___Early_blight\07baabd8-e118-47dd-9d8d-132d4347836a___RS_Early.B 8555.JPG,Potato
data\raw\potato\Potato___Late_blight\fdf53f6c-db92-48b9-9e06-0358e4114be6___RS_LB 2656.JPG,Potato
data\raw\potato\Potato___Early_blight\655010d0-0bf7-4cba-8ebe-591a8bc5f552___RS_Early.B 7668.JPG,Potato
data\raw\potato\Potato___Late_blight\ff7160f9-f8d7-4576-82b8-009bf1b63b3b___RS_LB 4974.JPG,Potato
data\raw\potato\Potato___Early_blight\4ddd0823-ecf4-4a0b-81d5-9844705e5694___RS_Early.B 8936.JPG,Potato
data\raw\potato\Potato___Late_blight\0f824e18-3821-486c-81a1-f1f64cf6e767___RS_LB 4894.JPG,Potato
data\raw\potato\Potato___Early_blight\cac99520-3403-4602-961d-3a668bb980fb___RS_Early.B 7388.JPG,Potato
data\raw\potato\Potato___Late_blight\12ce2ab1-14c4-4960-81d4-e6ae776510e9___RS_LB 2880.JPG,Potato
data\raw\potato\Potato___Late_blight\8a2f2feb-3738-4675-9cb6-b1911a056dd1___RS_LB 2601.JPG,Potato
data\raw\potato\Potato___Late_blight\e6d7f5aa-d176-4e43-9e0c-afc2901442f6___RS_LB 3066.JPG,Potato
data\raw\potato\Potato___Early_blight\a38df468-bb4a-4bb3-9ee9-a2dffae718e9___RS_Early.B 8690.JPG,Potato
data\raw\potato\Potato___Early_blight\0a8a68ee-f587-4dea-beec-79d02e7d3fa4___RS_Early.B 8461.JPG,Potato
data\raw\potato\Potato___Early_blight\52fb5725-33cf-4076-9abc-93311d027da2___RS_Early.B 8415.JPG,Potato
data\raw\potato\Potato___Late_blight\0f1fb568-1b12-45ef-ad99-c59fa9075693___RS_LB 3242.JPG,Potato
data\raw\potato\Potato___Early_blight\6bb48ab5-6f0d-4bd8-a3c0-bf2b6d5ed936___RS_Early.B 7281.JPG,Potato
data\raw\potato\Potato___Early_blight\1994cd3e-4000-4c56-bede-d35a1eecc287___RS_Early.B 6867.JPG,Potato
data\raw\potato\Potato___Early_blight\46819687-0705-4628-8748-9cb356587f30___RS_Early.B 8421.JPG,Potato
data\raw\potato\Potato___Early_blight\f9580dc3-d5d9-4990-a64d-3974a9d1c687___RS_Early.B 8755.JPG,Potato
data\raw\potato\Potato___Early_blight\a1dd3cdf-0ff5-49f6-b66e-9b3632a07019___RS_Early.B 7833.JPG,Potato
data\raw\potato\Potato___Early_blight\e11d63b8-93fa-41ba-b826-99811ee4c232___RS_Early.B 7387.JPG,Potato
data\raw\potato\Potato___Late_blight\55c87fde-32cc-474c-a25a-1846d39aa6f4___RS_LB 2683.JPG,Potato
data\raw\potato\Potato___Late_blight\e95f2954-1b68-490d-9684-90b3080676b1___RS_LB 3997.JPG,Potato
data\raw\potato\Potato___Early_blight\13cfb9dc-8951-44c0-8c16-e96fd6ccc659___RS_Early.B 7070.JPG,Potato
data\raw\potato\Potato___Early_blight\544b5324-f697-4af8-90d4-47b7b86691c6___RS_Early.B 7028.JPG,Potato
data\raw\potato\Potato___Early_blight\ac40d7e9-e650-40f1-b894-22f495febefd___RS_Early.B 7276.JPG,Potato
data\raw\potato\Potato___Late_blight\5bbebfcc-4e51-47ba-948c-46be12f1c170___RS_LB 2716.JPG,Potato
data\raw\potato\Potato___Late_blight\95816fab-df6d-4730-8f52-4b64aac47e3d___RS_LB 3056.JPG,Potato
data\raw\potato\Potato___Early_blight\221c911f-e483-407c-b672-21150d09d57e___RS_Early.B 7678.JPG,Potato
data\raw\potato\Potato___Late_blight\6ce76067-e78f-42e3-a1d6-c04f92414038___RS_LB 5267.JPG,Potato
data\raw\potato\Potato___Late_blight\4cd2f7ef-e3aa-4b2a-b382-6fea00bfd070___RS_LB 5006.JPG,Potato
data\raw\potato\Potato___Late_blight\d78c58b2-c9d1-43f2-8b18-4455855c0f1f___RS_LB 3288.JPG,Potato
data\raw\potato\Potato___Late_blight\6616bc3c-e3be-440d-ac55-ae3bb665e8b4___RS_LB 5071.JPG,Potato
data\raw\potato\Potato___Late_blight\841a4e5a-7aa6-4b32-a2b2-436874a48fdb___RS_LB 4469.JPG,Potato
data\raw\potato\Potato___healthy\1f9870b3-899e-46fb-98c9-cfc2ce92895b___RS_HL 1816.JPG,Potato
data\raw\potato\Potato___Late_blight\66473aff-3438-4a8c-8c05-5fed8a4255ae___RS_LB 4473.JPG,Potato
data\raw\potato\Potato___Late_blight\3b241fa8-12f2-4c80-afe2-0a4cdc8f34a1___RS_LB 5138.JPG,Potato
data\raw\potato\Potato___Early_blight\5a7ca2a3-5bfc-47b7-9657-85a6c95a0956___RS_Early.B 7061.JPG,Potato
data\raw\potato\Potato___Late_blight\3f6db123-4a6e-4b8a-9b26-954ccf29cc3c___RS_LB 4695.JPG,Potato
data\raw\potato\Potato___Late_blight\3456a2d1-59d1-4111-9cc8-16a6b12e973e___RS_LB 5249.JPG,Potato
data\raw\potato\Potato___Late_blight\929dd251-5fbb-406f-9313-a71e5f96b31c___RS_LB 4781.JPG,Potato
data\raw\potato\Potato___Early_blight\d036af36-99a4-4b25-aa40-2477883e73cf___RS_Early.B 8269.JPG,Potato
data\raw\potato\Potato___healthy\e1b49d1b-165b-4f4e-8a30-735e62bc39c5___RS_HL 1839.JPG,Potato
data\raw\potato\Potato___Late_blight\3e379b4f-29dd-4f14-86e6-11fa37cf3ae9___RS_LB 4789.JPG,Potato
data\raw\potato\Potato___Late_blight\2f7b6898-a342-42a5-a0e5-a9f2bad7eaf1___RS_LB 2831.JPG,Potato
data\raw\potato\Potato___Late_blight\699bd8b5-3c57-48c8-be2b-c8a5e12b0764___RS_LB 4083.JPG,Potato
data\raw\potato\Potato___Late_blight\d4d37fcb-95c0-4e20-809c-6b92e6a565f3___RS_LB 5110.JPG,Potato
data\raw\potato\Potato___Early_blight\b95c05a8-2d70-4af5-a384-5b5b4450b7c6___RS_Early.B 7724.JPG,Potato
data\raw\potato\Potato___Late_blight\d50d5ba8-c809-431c-8cc1-e297bc2706f7___RS_LB 4467.JPG,Potato
data\raw\potato\Potato___Early_blight\73845010-b5b2-4604-8055-388c4222592a___RS_Early.B 6767.JPG,Potato
data\raw\potato\Potato___Early_blight\17667077-cf29-4976-9282-359c6da25cf6___RS_Early.B 6971.JPG,Potato
data\raw\potato\Potato___Early_blight\f6d8c094-970c-41c5-9f5d-3ded7c8f7b15___RS_Early.B 6846.JPG,Potato
data\raw\potato\Potato___Late_blight\3f30c40f-105b-4ce7-a376-d2e6f4681e3b___RS_LB 4921.JPG,Potato
data\raw\potato\Potato___Early_blight\f6d020f8-8578-4c96-afc2-a1e97adb1ea9___RS_Early.B 7521.JPG,Potato
data\raw\potato\Potato___Late_blight\7a4371b2-72c6-414e-b73e-6e4b4adab72f___RS_LB 3289.JPG,Potato
data\raw\potato\Potato___Early_blight\610fd102-fd1b-45c3-978b-68c65d432382___RS_Early.B 7819.JPG,Potato
data\raw\potato\Potato___Early_blight\887347a3-ee1c-4141-a423-ffe050dd246e___RS_Early.B 7851.JPG,Potato
data\raw\potato\Potato___Early_blight\b83aea19-9485-412f-808d-c0a590d75388___RS_Early.B 6951.JPG,Potato
data\raw\potato\Potato___Late_blight\6ecc23ac-9aed-47bb-8ee5-76574de85872___RS_LB 5010.JPG,Potato
data\raw\potato\Potato___Early_blight\a29559c6-1d80-4486-a3c9-26986d6e28e0___RS_Early.B 6890.JPG,Potato
data\raw\potato\Potato___healthy\9b5be0c5-7d7e-493d-88ba-c721c85f73ca___RS_HL 5405.JPG,Potato
data\raw\potato\Potato___Early_blight\fdc1f5ed-66b5-4564-8957-055905b8a569___RS_Early.B 8244.JPG,Potato
data\raw\potato\Potato___Early_blight\7a84da2c-6c10-483f-9994-69aeedc21a57___RS_Early.B 7534.JPG,Potato
data\raw\potato\Potato___Early_blight\9125d133-5b86-4363-8fbe-79c813ac8795___RS_Early.B 6748.JPG,Potato
data\raw\potato\Potato___Late_blight\d994fd7e-a338-42c5-ac37-ede01c18999e___RS_LB 5134.JPG,Potato
data\raw\potato\Potato___Late_blight\fc748621-bd56-4012-a617-9e30df58ecfc___RS_LB 4402.JPG,Potato
data\raw\potato\Potato___Late_blight\2f6382f7-12fc-4309-b7db-b034b8165c67___RS_LB 4955.JPG,Potato
data\raw\potato\Potato___Late_blight\29bfc55a-8cb2-4938-b0b5-5e2748fd1a22___RS_LB 5070.JPG,Potato
data\raw\potato\Potato___Late_blight\e8040f51-18ed-43ec-9fa3-b5eb972f4fec___RS_LB 2527.JPG,Potato
data\raw\potato\Potato___Early_blight\5fa695b2-89f6-4c5e-b62f-2be61e2ad23a___RS_Early.B 7232.JPG,Potato
data\raw\potato\Potato___Early_blight\b09e0cba-0564-4dde-a90d-3c0d90d6336e___RS_Early.B 7776.JPG,Potato
data\raw\potato\Potato___healthy\aa04db6d-645f-4e8a-88dc-c9f9396f0800___RS_HL 1975.JPG,Potato
data\raw\potato\Potato___Early_blight\2767ef91-3383-4872-9804-e0bcd2bc43fc___RS_Early.B 7783.JPG,Potato
data\raw\potato\Potato___Early_blight\0ddd62cd-a999-4d58-a8f1-506e1004a595___RS_Early.B 8041.JPG,Potato
data\raw\potato\Potato___Early_blight\477c3ef0-ab1e-44fb-852d-6b3ce74c93a2___RS_Early.B 7257.JPG,Potato
data\raw\potato\Potato___Late_blight\7b32b8b9-6b65-44e6-a3e5-edd7a5d62ec4___RS_LB 4142.JPG,Potato
data\raw\potato\Potato___Late_blight\304b3fa0-f0cb-41b5-b835-9bd13773150a___RS_LB 4696.JPG,Potato
data\raw\potato\Potato___Early_blight\8df7a062-73d6-468e-8354-baa641dd69b3___RS_Early.B 7072.JPG,Potato
data\raw\potato\Potato___Early_blight\d87f93fa-f6f8-49f1-b9e1-8f196f377df8___RS_Early.B 7244.JPG,Potato
data\raw\potato\Potato___healthy\dca8ac5c-b925-435a-a5e9-da09fa8938a1___RS_HL 4182.JPG,Potato
data\raw\potato\Potato___Early_blight\4a7c680d-9c18-4065-a6e0-70cd2d0a3207___RS_Early.B 8107.JPG,Potato
data\raw\potato\Potato___Late_blight\3171caea-9708-45dc-a60b-e347b3e74fb8___RS_LB 5256.JPG,Potato
data\raw\potato\Potato___Late_blight\7f90c344-54de-4053-a406-3a67f9fb1108___RS_LB 3283.JPG,Potato
data\raw\potato\Potato___healthy\03da9931-e514-4cc7-b04a-8f474a133ce5___RS_HL 1830.JPG,Potato
data\raw\potato\Potato___Late_blight\de0ae213-3479-4f07-b7f8-d59607a2caa8___RS_LB 2528.JPG,Potato
data\raw\potato\Potato___Late_blight\01270f5c-a44b-4da7-9398-289088c197ab___RS_LB 2517.JPG,Potato
data\raw\potato\Potato___Late_blight\764311f2-6fd3-424d-aabc-9ad013a41997___RS_LB 3136.JPG,Potato
data\raw\potato\Potato___Late_blight\dd730e05-5196-46f4-9e7b-0c01a9fdaa1b___RS_LB 3321.JPG,Potato
data\raw\potato\Potato___Late_blight\23e2a413-2191-4a94-a305-c12b4ed24aa3___RS_LB 2555.JPG,Potato
data\raw\apple\Apple___healthy\74d4928f-5a36-4f9b-acbe-be50736d397d___RS_HL 8169.JPG,Apple
data\raw\apple\Apple___healthy\d137e403-df20-4a3e-8b30-ab3357870c6f___RS_HL 8048.JPG,Apple
data\raw\apple\Apple___healthy\56c8fb12-185b-4225-bdee-abdbdcc6101b___RS_HL 7574.JPG,Apple
data\raw\apple\Apple___healthy\1598eb2e-21c6-4fda-9080-945551c7f2ee___RS_HL 7501.JPG,Apple
data\raw\apple\Apple___Apple_scab\d1a9a2ab-6d10-4c1a-87e1-349117b2700f___FREC_Scab 3389.JPG,Apple
data\raw\apple\Apple___healthy\f0194580-8ee6-4149-a63d-7935bc29c09e___RS_HL 7761.JPG,Apple
data\raw\apple\Apple___healthy\2fbd9205-be67-4f43-be2a-93a8def382a6___RS_HL 7680.JPG,Apple
data\raw\apple\Apple___healthy\f87dbe7e-189e-4dc9-ac5c-9b7737c34551___RS_HL 7665.JPG,Apple
data\raw\apple\Apple___Black_rot\8440ba8d-c3be-4824-ad91-b19e45a14487___JR_FrgE.S 2772.JPG,Apple
data\raw\apple\Apple___Apple_scab\4495850d-4478-4680-a657-c082a8ea69ed___FREC_Scab 3534.JPG,Apple
data\raw\apple\Apple___healthy\2408e9ef-1a03-44f4-9432-e24113c409e3___RS_HL 7556.JPG,Apple
data\raw\apple\Apple___Black_rot\52d8da3b-5d74-43ba-b527-bc8fc6b5387b___JR_FrgE.S 2797.JPG,Apple
data\raw\apple\Apple___Apple_scab\f2d6beb9-e8b1-49f6-b7b7-903b51565435___FREC_Scab 3393.JPG,Apple
data\raw\apple\Apple___healthy\90f3d34a-1bed-4681-aed9-fcd39c74d573___RS_HL 5732.JPG,Apple
data\raw\apple\Apple___Black_rot\0cc47b2d-4a92-4bbd-af46-945165dd1960___JR_FrgE.S 8586.JPG,Apple
data\raw\apple\Apple___Black_rot\5a41cc86-178f-488e-9d96-e63291247737___JR_FrgE.S 2984.JPG,Apple
data\raw\apple\Apple___healthy\e00d340c-2088-458e-b41d-b628959397c1___RS_HL 5940.JPG,Apple
data\raw\apple\Apple___healthy\f549a038-8cff-43b5-814c-70ecbfc2476a___RS_HL 6044.JPG,Apple
data\raw\apple\Apple___Black_rot\cffe2528-d760-4e77-a117-a0253ba3af6f___JR_FrgE.S 8801.JPG,Apple
data\raw\apple\Apple___healthy\8b9db905-ed0e-4f6b-b5f0-451f8b27ecbd___RS_HL 7640.JPG,Apple
data\raw\apple\Apple___Black_rot\b4607568-7941-42d9-98e6-fdaae7bd6530___JR_FrgE.S 2756.JPG,Apple
data\raw\apple\Apple___Apple_scab\352a5659-3552-4e94-8333-c3715d38cc27___FREC_Scab 3049.JPG,Apple
data\raw\apple\Apple___Apple_scab\03eccb1a-0368-4ac7-9f48-7546037b775a___FREC_Scab 3334.JPG,Apple
data\raw\apple\Apple___Black_rot\b94f7192-3ed3-4dfa-83a6-570142a8b795___JR_FrgE.S 8687.JPG,Apple
data\raw\apple\Apple___Apple_scab\aff87313-e090-401b-aa23-92fba4c55fae___FREC_Scab 3305.JPG,Apple
data\raw\apple\Apple___Apple_scab\ad6539ea-7bc6-4f4a-810f-63ee95db8bfe___FREC_Scab 3184.JPG,Apple
data\raw\apple\Apple___healthy\8673df90-01fb-4dde-9510-6743bfefb367___RS_HL 6069.JPG,Apple
data\raw\apple\Apple___healthy\a8d012ca-b1ac-45b6-b8fa-44257fd4605f___RS_HL 5824.JPG,Apple
data\raw\apple\Apple___healthy\90fd9659-9d97-4428-bc35-c84def0ba3ba___RS_HL 7981.JPG,Apple
data\raw\apple\Apple___healthy\5b264ecb-2c4c-47f3-93ec-c9f79a3e8e09___RS_HL 7401.JPG,Apple
data\raw\apple\Apple___healthy\33acc3da-5f90-49e4-b70d-b3d60921e08e___RS_HL 7263.JPG,Apple
data\raw\apple\Apple___Black_rot\8f3ed2e0-268d-485c-bfd0-0911db9ab888___JR_FrgE.S 8820.JPG,Apple
data\raw\apple\Apple___healthy\2b48ce1f-c273-4c10-a7b9-2528944097b4___RS_HL 7787.JPG,Apple
data\raw\apple\Apple___healthy\606de063-baa7-4f80-b474-6e5cf4ea010a___RS_HL 7979.JPG,Apple
data\raw\apple\Apple___Black_rot\24420d48-c47b-4e67-959a-bf28131abbdc___JR_FrgE.S 2811.JPG,Apple
data\raw\apple\Apple___healthy\962f2c1c-b6e2-4428-9ed1-077a92250128___RS_HL 5806.JPG,Apple
data\raw\apple\Apple___healthy\57ef10ab-f1fe-4b14-ad46-91b4255f2e49___RS_HL 5796.JPG,Apple
data\raw\apple\Apple___healthy\da4815d7-03f0-44f0-bc35-8d28c578cbc2___RS_HL 5990.JPG,Apple
data\raw\apple\Apple___healthy\a6cfd8cf-37d2-42ea-9946-daf4fc794e3e___RS_HL 7853.JPG,Apple
data\raw\apple\Apple___Apple_scab\0b4a52e3-e15e-4117-b2e8-7cdb5dca3ce9___FREC_Scab 3137.JPG,Apple
data\raw\apple\Apple___Apple_scab\058d5e64-2c57-45ba-94cb-ac83fd1885a0___FREC_Scab 3181.JPG,Apple
data\raw\apple\Apple___healthy\605bebdc-6d3e-4cfe-8498-3ccd1028e76d___RS_HL 7877.JPG,Apple
data\raw\apple\Apple___healthy\feaf718b-59f2-4aa4-b36a-2b2786ee8b46___RS_HL 6141.JPG,Apple
data\raw\apple\Apple___healthy\42f558a0-c252-4949-ba12-232731aa9a6b___RS_HL 7543.JPG,Apple
data\raw\apple\Apple___healthy\041482f6-6dd6-4ac9-9e59-e973c9bcaf6d___RS_HL 8155.JPG,Apple
data\raw\apple\Apple___Apple_scab\b006c4b8-5f33-4794-91bd-7aaa430e6ceb___FREC_Scab 3498.JPG,Apple
data\raw\apple\Apple___Black_rot\661a0919-e47a-4fcb-a815-d6ba84c17d93___JR_FrgE.S 2864.JPG,Apple
data\raw\apple\Apple___Apple_scab\f79134e9-f8b2-4855-96bd-6b3ce814b32a___FREC_Scab 3116.JPG,Apple
data\raw\apple\Apple___healthy\e77cdcd7-1279-4cd1-87db-9d80721311b4___RS_HL 6283.JPG,Apple
data\raw\apple\Apple___healthy\4179bae8-d3f3-43ea-8e36-b3b4c752c261___RS_HL 6138.JPG,Apple
data\raw\apple\Apple___healthy\889a58f6-911e-4f6f-86fa-7058d2a5d964___RS_HL 7632.JPG,Apple
data\raw\apple\Apple___healthy\c95a27db-a513-4f92-b74f-cc4db60999a3___RS_HL 7599.JPG,Apple
data\raw\apple\Apple___Black_rot\4b934731-815b-461f-a252-a02f198f91ab___JR_FrgE.S 3032.JPG,Apple
data\raw\apple\Apple___healthy\37b9da4a-2823-48fb-ba35-4138a44acf53___RS_HL 5954.JPG,Apple
data\raw\apple\Apple___Apple_scab\0e90fe4a-e8b6-4186-9429-a9fea180af9a___FREC_Scab 3391.JPG,Apple
data\raw\apple\Apple___Black_rot\05421496-3901-424d-b44a-1be1f2734cf1___JR_FrgE.S 3005.JPG,Apple
data\raw\apple\Apple___healthy\2da4c099-fc85-4895-bedc-8a0241ed23b5___RS_HL 5754.JPG,Apple
data\raw\apple\Apple___Apple_scab\34c2823b-d1c5-4bd8-a5a7-74bdef959e10___FREC_Scab 3484.JPG,Apple
data\raw\apple\Apple___healthy\4e481e14-a671-4794-a1f0-9fca67ad7d0d___RS_HL 8124.JPG,Apple
data\raw\apple\Apple___Apple_scab\5a178d63-372d-48c4-adb8-d616130ba3f0___FREC_Scab 3104.JPG,Apple
data\raw\apple\Apple___healthy\fe89ea86-5245-49a9-9f61-fae47ecc51e9___RS_HL 8116.JPG,Apple
data\raw\apple\Apple___healthy\0c30f1f2-9eed-4861-bf66-eceae1b0b625___RS_HL 7430.JPG,Apple
data\raw\apple\Apple___Apple_scab\15bfa086-7d4a-43c0-800d-2fe8255ba50c___FREC_Scab 3150.JPG,Apple
data\raw\apple\Apple___healthy\8c850584-ade3-4067-bbf3-5c8602dba3c3___RS_HL 8175.JPG,Apple
data\raw\apple\Apple___Apple_scab\d9a98a38-faa1-47dc-9710-28a86f024a29___FREC_Scab 3490.JPG,Apple
data\raw\apple\Apple___healthy\5ceb4c0b-09ea-48e5-87b8-454adc630534___RS_HL 7573.JPG,Apple
data\raw\apple\Apple___healthy\1a1937a5-c204-4bde-8f70-58b619125c88___RS_HL 7722.JPG,Apple
data\raw\apple\Apple___healthy\aa701c91-01d7-44bf-a1df-b4d8ca4fbce0___RS_HL 5715.JPG,Apple
data\raw\apple\Apple___Black_rot\7389e6f0-9d77-41fd-b58c-e7d80c659ab6___JR_FrgE.S 8773.JPG,Apple
data\raw\apple\Apple___healthy\50477370-452c-4dd9-bdad-f270011e9094___RS_HL 6183.JPG,Apple
data\raw\apple\Apple___Apple_scab\20f4f8d1-7527-420b-a90d-e17b9e45549a___FREC_Scab 2997.JPG,Apple
data\raw\apple\Apple___Apple_scab\fcd4d0fd-30c9-4b05-b0ea-ca74fd3cad72___FREC_Scab 3510.JPG,Apple
data\raw\apple\Apple___healthy\4da8c9ec-92d1-4e33-87b2-de2906f88a46___RS_HL 8201.JPG,Apple
data\raw\apple\Apple___Black_rot\df0e8bc3-8244-4843-8d54-0593a6f2ee05___JR_FrgE.S 2743.JPG,Apple
data\raw\apple\Apple___Apple_scab\50dca3b7-fe83-426b-9fa7-a4e80df022aa___FREC_Scab 3488.JPG,Apple
data\raw\apple\Apple___Apple_scab\b4dd08e1-926f-41e0-b266-c2f37cea3203___FREC_Scab 3030.JPG,Apple
data\raw\apple\Apple___Black_rot\ce675478-f624-4536-b4ba-b0c43d134ae8___JR_FrgE.S 8595.JPG,Apple
data\raw\apple\Apple___healthy\1aa82164-61f2-4baf-b99d-41f18f6e98cc___RS_HL 8087.JPG,Apple
data\raw\apple\Apple___healthy\afc70f71-aaa3-4de5-9fe4-1e951fda71cc___RS_HL 6211.JPG,Apple
data\raw\apple\Apple___Apple_scab\35fde58e-46ea-4d1b-9580-ead7a2d0cb3b___FREC_Scab 2952.JPG,Apple
data\raw\apple\Apple___healthy\768f1904-8365-4d72-aa84-87d9f09ef2d5___RS_HL 7937.JPG,Apple
data\raw\apple\Apple___Apple_scab\80894f41-f887-4d0c-8b09-0a7cd24fbe18___FREC_Scab 3526.JPG,Apple
data\raw\apple\Apple___healthy\0ec3bd54-80a1-4dcd-9411-bcfafd147272___RS_HL 7534.JPG,Apple
data\raw\apple\Apple___healthy\7e721779-b328-4c32-ad15-889743f9846a___RS_HL 7832.JPG,Apple
data\raw\apple\Apple___Apple_scab\b0613c0d-0e9d-4e47-9743-57f5da39a092___FREC_Scab 3311.JPG,Apple
data\raw\apple\Apple___healthy\1d7c71d2-fac0-4ee6-8def-765282cb744c___RS_HL 5758.JPG,Apple
data\raw\apple\Apple___healthy\a3d2fcfa-645e-419e-91a5-ab626f5fab6c___RS_HL 5930.JPG,Apple
data\raw\apple\Apple___Apple_scab\1547f817-6a4d-4cbc-8ce0-7dff293562ee___FREC_Scab 3194.JPG,Apple
data\raw\apple\Apple___healthy\3645e3b0-e9c5-4b10-aea6-ce0ba996c059___RS_HL 7267.JPG,Apple
data\raw\apple\Apple___Apple_scab\afab688d-242c-4e62-abef-ba277df5a76d___FREC_Scab 3188.JPG,Apple
data\raw\apple\Apple___healthy\32b6be5f-6482-4bd2-876d-c2a518afed09___RS_HL 6163.JPG,Apple
data\raw\apple\Apple___healthy\11bc4ba3-5d5e-4b1e-a5e3-27122256864a___RS_HL 7371.JPG,Apple
data\raw\apple\Apple___healthy\7873b55d-17cc-4d91-8914-e2473d18b766___RS_HL 8067.JPG,Apple
data\raw\apple\Apple___Black_rot\5f569320-f84c-4a08-b414-1fd93f7e382b___JR_FrgE.S 8661.JPG,Apple
data\raw\apple\Apple___healthy\c023b0a2-5c8b-448f-9735-2e11a7a389ec___RS_HL 6198.JPG,Apple
data\raw\apple\Apple___healthy\4b2958d2-b93d-4ed1-b899-01a6c3a5b8b6___RS_HL 7768.JPG,Apple
data\raw\apple\Apple___healthy\b13ada28-ecc1-43e6-bfa2-e8847cd7ec02___RS_HL 7835.JPG,Apple
data\raw\apple\Apple___Apple_scab\43712608-0fa2-4be2-91a0-242aca469cb4___FREC_Scab 2985.JPG,Apple
data\raw\apple\Apple___healthy\2e7471ae-fd24-4038-9caf-98f4cf2a6946___RS_HL 7437.JPG,Apple
data\raw\apple\Apple___healthy\11749aa9-4b07-4cd8-8605-356de6d4cc68___RS_HL 7684.JPG,Apple
data\raw\apple\Apple___Black_rot\26a6609d-7993-4fda-b56d-5c5194f0de03___JR_FrgE.S 8797.JPG,Apple
data\raw\apple\Apple___Black_rot\bd2af58a-c9fc-4c2f-bdcb-b53d979947d7___JR_FrgE.S 3029.JPG,Apple
data\raw\apple\Apple___Black_rot\e11f6e9d-abff-4da2-864e-45f9aa2df34b___JR_FrgE.S 3072.JPG,Apple
data\raw\apple\Apple___Black_rot\0139bc6d-391c-4fd1-bcae-cc74dabfddd7___JR_FrgE.S 2734.JPG,Apple
data\raw\apple\Apple___healthy\985b2838-96ab-414f-9a53-89bb4567e682___RS_HL 5910.JPG,Apple
data\raw\apple\Apple___Black_rot\56356abd-6e83-4bca-90ef-89cb6e68ea85___JR_FrgE.S 2786.JPG,Apple
data\raw\apple\Apple___healthy\201de0e4-a74d-4dff-9b5b-e997d36e63d7___RS_HL 7569.JPG,Apple
data\raw\apple\Apple___Black_rot\5b5a11ac-da33-4eb4-b0a3-2ef746f744f4___JR_FrgE.S 8576.JPG,Apple
data\raw\apple\Apple___Apple_scab\f141c7f9-66b7-4052-b5c7-db3df1a894f2___FREC_Scab 3261.JPG,Apple
data\raw\apple\Apple___healthy\228c3cfc-c511-4f1d-80ef-eb6a9e89cc0b___RS_HL 7383.JPG,Apple
data\raw\apple\Apple___healthy\8536327d-1f21-4599-a587-c75b3ae576e4___RS_HL 5746.JPG,Apple
data\raw\apple\Apple___Apple_scab\8edca1d5-7ab9-47b6-bdd0-b61e4a11621e___FREC_Scab 3512.JPG,Apple
data\raw\apple\Apple___healthy\9fe1ea92-d106-4bc5-a0da-072a67c3260b___RS_HL 7828.JPG,Apple
data\raw\apple\Apple___Apple_scab\0631708e-5bac-4611-8ff9-6d5ee87ce3b3___FREC_Scab 3252.JPG,Apple
data\raw\apple\Apple___Apple_scab\029424b0-0ef5-491b-9ef5-069190d24d8f___FREC_Scab 3504.JPG,Apple
data\raw\apple\Apple___Apple_scab\b011c870-c5a5-4990-9ddd-e00e02613780___FREC_Scab 3493.JPG,Apple
data\raw\apple\Apple___healthy\d529f5df-f802-4cfe-9a4c-4739ba5dfbdf___RS_HL 7875.JPG,Apple
data\raw\apple\Apple___healthy\b7e9a2ff-31e8-4ddc-b739-17a8889715e7___RS_HL 6285.JPG,Apple
data\raw\apple\Apple___healthy\3829531e-aa99-481f-ab73-23690ea06417___RS_HL 8144.JPG,Apple
data\raw\apple\Apple___Apple_scab\f8ef99d9-9d01-4aeb-9248-e8c312c9a981___FREC_Scab 3129.JPG,Apple
data\raw\apple\Apple___healthy\08aaa4e8-ed92-49d3-9ac3-1f6c59740017___RS_HL 7701.JPG,Apple
data\raw\apple\Apple___healthy\abff9f5a-3cc5-4753-96e7-1271110346cc___RS_HL 5914.JPG,Apple
data\raw\apple\Apple___healthy\1630633a-63cb-433f-96bc-bc47a933506c___RS_HL 5718.JPG,Apple
data\raw\apple\Apple___healthy\6760f8fc-05d5-4cdb-ba7c-4d87d508bb79___RS_HL 8185.JPG,Apple
data\raw\apple\Apple___healthy\74bda678-63b6-44fb-8e8f-259788239618___RS_HL 5830.JPG,Apple
data\raw\apple\Apple___healthy\777d6fd1-feb3-4dac-afa7-79b507d48ffa___RS_HL 5859.JPG,Apple
data\raw\apple\Apple___Black_rot\7add2e39-6555-4d52-ad02-b1bb061db8e7___JR_FrgE.S 3039.JPG,Apple
data\raw\apple\Apple___Black_rot\9b5bb550-6b75-47a3-a702-08ef34def9ff___JR_FrgE.S 8743.JPG,Apple
data\raw\apple\Apple___Black_rot\fb8255a6-e05d-44d3-a115-80c1e55009bd___JR_FrgE.S 3074.JPG,Apple
data\raw\apple\Apple___Black_rot\977c9b03-47f2-412d-a73d-7e647e973336___JR_FrgE.S 2887.JPG,Apple
data\raw\apple\Apple___Black_rot\076d95c0-1ca7-4ee8-9558-0f18e617813d___JR_FrgE.S 2737.JPG,Apple
data\raw\apple\Apple___Black_rot\eff6da40-2404-4b50-a773-ac0d311559a9___JR_FrgE.S 8666.JPG,Apple
data\raw\apple\Apple___Black_rot\a38a8891-5883-4cfd-9718-2566dccfa114___JR_FrgE.S 8670.JPG,Apple
data\raw\apple\Apple___Black_rot\4f9a2639-beb2-4e4c-a62d-805792a50f4e___JR_FrgE.S 2944.JPG,Apple
data\raw\apple\Apple___Black_rot\4eeb04f2-38b3-49be-a5d0-1c35450d8953___JR_FrgE.S 8714.JPG,Apple
data\raw\apple\Apple___Apple_scab\d1745979-75a6-4b00-a544-cf5ba043e7e0___FREC_Scab 3330.JPG,Apple
data\raw\apple\Apple___healthy\f7ac955e-05a2-455a-88aa-2771234e9be0___RS_HL 7530.JPG,Apple
data\raw\apple\Apple___healthy\5b0eb6d3-92f9-4332-8228-6c587810f9c6___RS_HL 7949.JPG,Apple
data\raw\apple\Apple___healthy\d6318793-dacc-4b58-bb19-043324042180___RS_HL 7246.JPG,Apple
data\raw\apple\Apple___healthy\946b311a-cb67-46d4-8c8b-0d91ebd456f3___RS_HL 5809.JPG,Apple
data\raw\apple\Apple___healthy\c2a0c51e-b57c-459f-8ce0-34f0816323db___RS_HL 7754.JPG,Apple
data\raw\apple\Apple___healthy\70b3a226-962d-4d2c-a6c0-31cb3d1eab4e___RS_HL 6189.JPG,Apple
data\raw\apple\Apple___Black_rot\5c395ddb-11d6-40eb-8049-98c98cc4ec96___JR_FrgE.S 2928.JPG,Apple
data\raw\apple\Apple___Black_rot\7f11ba2d-0894-4240-9d41-b0e131d8e711___JR_FrgE.S 2731.JPG,Apple
data\raw\apple\Apple___healthy\7a4ee5b1-1dff-4719-a2be-e5b1674ac63d___RS_HL 6162.JPG,Apple
data\raw\apple\Apple___Black_rot\60dec11d-0e49-4bb4-b7ce-ecf90f8ac028___JR_FrgE.S 3042.JPG,Apple
data\raw\apple\Apple___Black_rot\3bfaa3d6-96ab-4131-a569-ac6650045079___JR_FrgE.S 2890.JPG,Apple
data\raw\apple\Apple___healthy\a6ff09a1-af72-4357-a122-4549efdb90b3___RS_HL 7646.JPG,Apple
data\raw\apple\Apple___healthy\966a6112-9699-4511-a71b-02a1dd62cb65___RS_HL 5850.JPG,Apple
data\raw\apple\Apple___healthy\d80a4d8f-c6a6-41e9-92d0-ba21894f8c64___RS_HL 5794.JPG,Apple
data\raw\apple\Apple___Black_rot\9d79342d-4445-42d1-878c-7f0c91e285fe___JR_FrgE.S 3011.JPG,Apple
data\raw\apple\Apple___Apple_scab\65c52553-6152-46d4-a576-3ef4984a6ad4___FREC_Scab 3524.JPG,Apple
data\raw\apple\Apple___healthy\0eacfbb6-3d68-4a89-b8f8-6b2d328102af___RS_HL 7961.JPG,Apple
data\raw\apple\Apple___Black_rot\af952e46-4478-4672-a9dc-b0ed14cc1f8c___JR_FrgE.S 8598.JPG,Apple
data\raw\apple\Apple___healthy\00fca0da-2db3-481b-b98a-9b67bb7b105c___RS_HL 7708.JPG,Apple
data\raw\apple\Apple___healthy\a3bae732-a9e8-494a-93dd-7fd04dc558b7___RS_HL 6045.JPG,Apple
data\raw\apple\Apple___Apple_scab\808207df-2000-4050-a720-bd23997710b8___FREC_Scab 3270.JPG,Apple
data\raw\apple\Apple___healthy\234fbf88-be8a-4b45-a93d-493b6e83215c___RS_HL 8182.JPG,Apple
data\raw\apple\Apple___Apple_scab\8e04135b-2279-43a7-af41-147d96395478___FREC_Scab 3143.JPG,Apple
data\raw\apple\Apple___Black_rot\ab1b3baa-483a-4b41-b5d7-32e043f52594___JR_FrgE.S 3073.JPG,Apple
data\raw\apple\Apple___healthy\d2ccc66e-eedd-4a68-8b8b-d4b8018f6a56___RS_HL 5792.JPG,Apple
data\raw\apple\Apple___healthy\74fa2964-1307-4b24-8361-0145f7f7f371___RS_HL 5919.JPG,Apple
data\raw\apple\Apple___healthy\b17878ef-2476-4eba-9bdf-0a7950edae2a___RS_HL 7957.JPG,Apple
data\raw\apple\Apple___healthy\fd4a1e5a-cba8-4f4d-a11a-8e131e907728___RS_HL 6154.JPG,Apple
data\raw\apple\Apple___healthy\400723a1-65ae-4d62-b7c7-d8c0b7a02480___RS_HL 7479.JPG,Apple
data\raw\apple\Apple___healthy\1e59b25e-551a-4343-a551-cd03abdb5cac___RS_HL 7376.JPG,Apple
data\raw\apple\Apple___healthy\c35175e9-8421-4af6-a6dd-fc8163d7ba73___RS_HL 7876.JPG,Apple
data\raw\apple\Apple___healthy\b09360ae-9c60-49b8-abb8-edc4c37d79c3___RS_HL 7643.JPG,Apple
data\raw\apple\Apple___Black_rot\ded93fa6-0c14-47ea-aa92-806a64db7816___JR_FrgE.S 2795.JPG,Apple
data\raw\apple\Apple___Black_rot\14896f6f-ae86-4879-958b-7422b957e104___JR_FrgE.S 8768.JPG,Apple
data\raw\apple\Apple___Apple_scab\ab7d0d06-b45c-4472-a708-c2a1d65ee748___FREC_Scab 3152.JPG,Apple
data\raw\apple\Apple___Apple_scab\8c5418d9-37db-450f-a20e-7fccfe69f57a___FREC_Scab 3404.JPG,Apple
data\raw\apple\Apple___Apple_scab\623fb084-dbac-42fb-b636-7cfcb89ba9f6___FREC_Scab 3437.JPG,Apple
data\raw\apple\Apple___healthy\707ef394-bd7d-463c-86b8-4a13464bc6e0___RS_HL 7555.JPG,Apple
data\raw\apple\Apple___Apple_scab\106aaa5f-c98d-482d-88ef-8e5170e9072d___FREC_Scab 3489.JPG,Apple
data\raw\apple\Apple___healthy\7f447118-8a9c-4e77-8333-d411d1124c7f___RS_HL 5849.JPG,Apple
data\raw\apple\Apple___healthy\c2bb2f86-2dc0-46cb-b6af-6fcfde123bec___RS_HL 7762.JPG,Apple
data\raw\apple\Apple___Black_rot\dddffcc1-874d-4a5a-a030-14a6e2a4bf0d___JR_FrgE.S 2958.JPG,Apple
data\raw\apple\Apple___healthy\f2cda910-55c7-46d7-b1a2-9a3bb9792148___RS_HL 6274.JPG,Apple
data\raw\apple\Apple___healthy\e99a7776-9700-4845-bec6-b3db896f5562___RS_HL 7732.JPG,Apple
data\raw\apple\Apple___healthy\3f9788c1-8456-453f-b1c2-5cc66ba714a6___RS_HL 7635.JPG,Apple
data\raw\apple\Apple___Apple_scab\61643f40-eb9a-4c6b-8de5-c12319fc7680___FREC_Scab 3114.JPG,Apple
data\raw\apple\Apple___healthy\34121ffc-269b-481e-bbf5-96356da9f137___RS_HL 6185.JPG,Apple
data\raw\apple\Apple___healthy\13866bf5-0193-41b4-8e26-cb09d35e8697___RS_HL 5945.JPG,Apple
data\raw\apple\Apple___Apple_scab\495816a8-4d85-47a5-9aca-a09f3f30a068___FREC_Scab 3443.JPG,Apple
data\raw\apple\Apple___healthy\81666301-0038-450d-bd14-36d069f4f30a___RS_HL 7696.JPG,Apple
data\raw\apple\Apple___healthy\61697828-b645-4f07-844a-dc9902713d3e___RS_HL 7363.JPG,Apple
data\raw\apple\Apple___Apple_scab\12bc3d5c-2409-426e-b6cb-a08cbf488153___FREC_Scab 3154.JPG,Apple
data\raw\apple\Apple___healthy\d3524c88-0d60-43e0-a181-3ecc0facd54a___RS_HL 8181.JPG,Apple
data\raw\apple\Apple___Apple_scab\2f1e68c0-c059-46fd-bbf3-f160817abdc3___FREC_Scab 3535.JPG,Apple
data\raw\apple\Apple___Black_rot\952ab9a0-bfcc-408c-a7d7-c8ae485acb7c___JR_FrgE.S 2993.JPG,Apple
data\raw\apple\Apple___Black_rot\033b1492-d5cf-4de7-a195-941f7780e092___JR_FrgE.S 8710.JPG,Apple
data\raw\apple\Apple___healthy\d88aa4e9-2d7d-4bd6-9a1d-e2f5a77507ff___RS_HL 7673.JPG,Apple
data\raw\apple\Apple___healthy\4c501b09-39fc-4c6c-9c50-2200f0ba8b27___RS_HL 8187.JPG,Apple
data\raw\apple\Apple___Black_rot\d197373c-af39-4000-aa28-cab65fafa361___JR_FrgE.S 2959.JPG,Apple
data\raw\apple\Apple___healthy\13bbfa7e-e864-414e-a16b-cb08688604ae___RS_HL 6190.JPG,Apple
data\raw\apple\Apple___healthy\d3db83a2-69b7-4de2-b868-fc3f04a0bf85___RS_HL 7481.JPG,Apple
data\raw\apple\Apple___Apple_scab\84e61e7e-f106-442c-a954-63dc3a57d5d5___FREC_Scab 3057.JPG,Apple
data\raw\apple\Apple___Apple_scab\1a4047d7-23d6-4bba-ba10-b6e7005ea01b___FREC_Scab 3193.JPG,Apple
data\raw\apple\Apple___healthy\36ab2af7-aff6-4578-99ef-4cf5b6527a9c___RS_HL 7689.JPG,Apple
data\raw\apple\Apple___healthy\ac83e870-8aec-4b1a-8156-b9a60fa09259___RS_HL 5735.JPG,Apple
data\raw\apple\Apple___healthy\c1fb257d-b00b-4a71-baad-92a73af09f52___RS_HL 5745.JPG,Apple
data\raw\apple\Apple___healthy\85ebf3f6-11f4-45df-ac16-bd04b355cb31___RS_HL 5991.JPG,Apple
data\raw\apple\Apple___Black_rot\899768af-a460-4c1d-9889-afd2536e7238___JR_FrgE.S 2957.JPG,Apple
data\raw\apple\Apple___Apple_scab\4be9d1d9-2170-4856-a81e-e53e7aa5dbf7___FREC_Scab 3082.JPG,Apple
data\raw\apple\Apple___Apple_scab\76eca386-c7c1-4807-ae27-13c793d06e02___FREC_Scab 3272.JPG,Apple
data\raw\apple\Apple___Apple_scab\cc62ab3a-f945-4aa3-add4-03887b49007a___FREC_Scab 2960.JPG,Apple
data\raw\apple\Apple___healthy\c5bcd10f-39aa-47ce-a4e2-1f225bc60912___RS_HL 8037.JPG,Apple
data\raw\apple\Apple___healthy\f2904228-2cc6-4c6c-a2b5-6951a6f3535e___RS_HL 6254.JPG,Apple
data\raw\apple\Apple___Black_rot\1d59f109-9793-403b-88d7-73bc3b17d601___JR_FrgE.S 8592.JPG,Apple
data\raw\apple\Apple___healthy\d454a4da-a867-45f8-962e-465946df58c9___RS_HL 5876.JPG,Apple
data\raw\apple\Apple___Black_rot\26c9d50e-7169-4241-951a-2334e2a513b3___JR_FrgE.S 8784.JPG,Apple
data\raw\apple\Apple___healthy\cb6dbf98-5036-45b9-ab80-45b22ddbac00___RS_HL 6296.JPG,Apple
data\raw\apple\Apple___Apple_scab\bb495423-1617-447c-95cd-52ebabee1a59___FREC_Scab 3199.JPG,Apple
data\raw\apple\Apple___healthy\432debb0-7063-4747-bf11-e6b335f58947___RS_HL 7548.JPG,Apple
data\raw\apple\Apple___Black_rot\59cb2470-1e5e-4828-90f2-a22dacbb0fd6___JR_FrgE.S 8594.JPG,Apple
data\raw\apple\Apple___healthy\3d300955-5956-4ed8-9348-d2d02388d4d3___RS_HL 7772.JPG,Apple
data\raw\apple\Apple___healthy\0f5cb632-9b97-48ce-88d6-45bf321175ce___RS_HL 6088.JPG,Apple
data\raw\apple\Apple___healthy\5b8c01e5-748f-4b5b-b64b-26bb129a5db6___RS_HL 7996.JPG,Apple
data\raw\apple\Apple___Black_rot\0d17b92b-8ec2-4a00-a8ff-9daea3fed2e8___JR_FrgE.S 2915.JPG,Apple
data\raw\apple\Apple___healthy\d39e5813-55e2-40e1-a305-5d549efa46f4___RS_HL 8112.JPG,Apple
data\raw\apple\Apple___Black_rot\d30f9b23-402d-4c3f-bdf7-406c9e35d038___JR_FrgE.S 8715.JPG,Apple
data\raw\apple\Apple___healthy\919e61a6-e6fa-4d4c-bad1-62eea9b19c79___RS_HL 8106.JPG,Apple
data\raw\apple\Apple___healthy\21c42956-0894-43bf-a1b8-787ef33594c2___RS_HL 7686.JPG,Apple
data\raw\apple\Apple___Apple_scab\162d8ca4-7cd3-46f1-904f-09721df3e498___FREC_Scab 3336.JPG,Apple
data\raw\apple\Apple___healthy\023810b0-18e6-4352-9dfa-c2f4c034cda5___RS_HL 7538.JPG,Apple
data\raw\apple\Apple___Apple_scab\f18c0441-917e-4f34-b26e-a1a71d0adec2___FREC_Scab 3429.JPG,Apple
data\raw\apple\Apple___healthy\dcaa9b5c-3581-421e-b3ee-b52097931cd6___RS_HL 7404.JPG,Apple
data\raw\apple\Apple___Black_rot\f3bbe1b6-4a5c-45d4-9660-d24b8c43f2fc___JR_FrgE.S 2806.JPG,Apple
data\raw\apple\Apple___healthy\2e403d36-e4f2-4323-a78c-5a7330f1083c___RS_HL 7857.JPG,Apple
data\raw\apple\Apple___healthy\87a26817-6916-47fc-8cdb-adc5c57ad21b___RS_HL 5684.JPG,Apple
data\raw\apple\Apple___healthy\61cac07b-9d6e-4fac-b60f-410280d94ed1___RS_HL 7455.JPG,Apple
data\raw\apple\Apple___Apple_scab\7b7c32e3-68f8-4280-acda-4c6e67f4725f___FREC_Scab 3340.JPG,Apple
data\raw\apple\Apple___Black_rot\37dc5845-507c-46f7-bfd9-f41407e6c813___JR_FrgE.S 8591.JPG,Apple
data\raw\apple\Apple___healthy\b9ff58a5-fdd5-429a-a6ef-e20d0be450e2___RS_HL 6059.JPG,Apple
data\raw\apple\Apple___healthy\09ad370f-ca6e-48fc-9b4b-990b0d9f6cd3___RS_HL 8135.JPG,Apple
data\raw\apple\Apple___Apple_scab\1962d1ec-fb66-4583-b631-81cd23ecf063___FREC_Scab 3238.JPG,Apple
data\raw\apple\Apple___healthy\d1dd75fa-e0f8-4942-b530-5f6371ac9bc8___RS_HL 7427.JPG,Apple
data\raw\apple\Apple___Apple_scab\7c66bda4-301c-4987-85b8-fd8230c5a2f2___FREC_Scab 3324.JPG,Apple
data\raw\apple\Apple___healthy\303603ae-edae-45ba-914d-ab522db7089b___RS_HL 7400.JPG,Apple
data\raw\apple\Apple___Black_rot\f637ba06-cf3c-423f-9d1e-c239de14393c___JR_FrgE.S 8605.JPG,Apple
data\raw\apple\Apple___healthy\32a59e5f-9167-42d4-8040-40563e416572___RS_HL 6156.JPG,Apple
data\raw\apple\Apple___Apple_scab\fbd09d7f-e816-408a-946e-e4009ec8cae1___FREC_Scab 3289.JPG,Apple
data\raw\apple\Apple___Apple_scab\cd5654a1-a27a-49f1-8d97-22101a905278___FREC_Scab 3179.JPG,Apple
data\raw\apple\Apple___healthy\1230a95a-5f08-4fd6-b6e9-44c0c7b1fe8c___RS_HL 8092.JPG,Apple
data\raw\apple\Apple___Apple_scab\3d34bd1c-fae9-446a-a629-147b5e8d5d6b___FREC_Scab 3103.JPG,Apple
data\raw\apple\Apple___healthy\46c590f0-7e60-4ccd-af4e-45f911abf66a___RS_HL 6152.JPG,Apple
data\raw\apple\Apple___Black_rot\fc7d3fc0-1b3c-4865-adee-3670870ec4c3___JR_FrgE.S 2913.JPG,Apple
data\raw\apple\Apple___Black_rot\1fe7faa9-61a7-4152-9a85-a57d9486af0a___JR_FrgE.S 8599.JPG,Apple
data\raw\apple\Apple___Black_rot\4ca16e52-bdfb-40c3-8407-77087fdfc786___JR_FrgE.S 2852.JPG,Apple
data\raw\apple\Apple___Apple_scab\36d99a07-4a43-4416-b204-6886f71d5039___FREC_Scab 3294.JPG,Apple
data\raw\apple\Apple___Black_rot\7530c184-6aa8-40fa-9f8d-7e5f0b3e5a7e___JR_FrgE.S 3045.JPG,Apple
data\raw\apple\Apple___healthy\53b0c397-52b3-40c1-9ef5-c52b6ae7f4bb___RS_HL 6329.JPG,Apple
data\raw\apple\Apple___Black_rot\d3deecaa-bd8c-4b10-a33f-4c6d188a3b95___JR_FrgE.S 8712.JPG,Apple
data\raw\apple\Apple___healthy\81dd861f-5c83-41f3-8aa2-2abbb94ed9f5___RS_HL 7325.JPG,Apple
data\raw\apple\Apple___healthy\4839a9b1-c89f-475c-849f-c40c44e9cfff___RS_HL 6040.JPG,Apple
data\raw\apple\Apple___healthy\fc7a6626-26f1-4edd-9fa3-f4017354ef44___RS_HL 5903.JPG,Apple
data\raw\apple\Apple___Apple_scab\9431682d-6de3-4b1f-bdde-11b706fe2e85___FREC_Scab 3029.JPG,Apple
data\raw\apple\Apple___healthy\51cafddc-e99e-43bd-866f-21564d062cb2___RS_HL 6328.JPG,Apple
data\raw\apple\Apple___Apple_scab\08c42d78-aa7b-4106-b0c1-b260f898dcba___FREC_Scab 3151.JPG,Apple
data\raw\apple\Apple___Apple_scab\7f4d7ebc-7d2b-454f-8f61-b5dc469a16b7___FREC_Scab 3010.JPG,Apple
data\raw\apple\Apple___healthy\d57f5f33-d8e9-4c40-80ad-c2875743f781___RS_HL 5726.JPG,Apple
data\raw\apple\Apple___Apple_scab\7e4bbd7a-b494-426f-9f08-755ce4a399e7___FREC_Scab 3331.JPG,Apple
data\raw\apple\Apple___Apple_scab\9474d631-06bc-45e0-bdcc-2aff28b34856___FREC_Scab 3358.JPG,Apple
data\raw\apple\Apple___healthy\a1630d3e-2f30-455e-b259-d92b7b332588___RS_HL 5768.JPG,Apple
data\raw\apple\Apple___healthy\cc804c2c-87af-4c9f-b347-344701081271___RS_HL 7275.JPG,Apple
data\raw\apple\Apple___healthy\936c7bd1-5902-499b-b03b-bcf1f9434a06___RS_HL 7785.JPG,Apple
data\raw\apple\Apple___healthy\8e1d492d-1f6e-48a1-aa14-db5bc515d580___RS_HL 7822.JPG,Apple
data\raw\apple\Apple___Apple_scab\1f97d75c-db85-4344-8687-82ca56454d17___FREC_Scab 3408.JPG,Apple
data\raw\apple\Apple___healthy\872f54d3-61de-4b41-aaa4-57caad5ad9d3___RS_HL 7865.JPG,Apple
data\raw\apple\Apple___healthy\c86f1476-4e5c-4dbd-923d-a575bd03cd18___RS_HL 6210.JPG,Apple
data\raw\apple\Apple___healthy\70e5bc17-eaff-43e3-b198-2658561b63b1___RS_HL 5866.JPG,Apple
data\raw\apple\Apple___Black_rot\07f6b5a7-47cd-4012-8fcd-969d1d7245b9___JR_FrgE.S 2961.JPG,Apple
data\raw\apple\Apple___Apple_scab\62f548e4-13e0-4e62-bcbc-2bc2c68251f3___FREC_Scab 3273.JPG,Apple
data\raw\apple\Apple___healthy\bf73cd4a-c19c-457c-827b-144d15f88b37___RS_HL 7830.JPG,Apple
data\raw\apple\Apple___Black_rot\132a74c4-3bdc-410b-931d-887bac16b074___JR_FrgE.S 8705.JPG,Apple
data\raw\apple\Apple___Apple_scab\0208f4eb-45a4-4399-904e-989ac2c6257c___FREC_Scab 3037.JPG,Apple
data\raw\apple\Apple___healthy\f3c88876-d854-4f94-999c-7fcddb87ced7___RS_HL 8202.JPG,Apple
data\raw\apple\Apple___Black_rot\cc73875e-54c2-49a1-91bb-f2bc85a93f8f___JR_FrgE.S 2747.JPG,Apple
data\raw\apple\Apple___Black_rot\acb4845c-bee1-478c-b11c-ade0ae397c51___JR_FrgE.S 8818.JPG,Apple
data\raw\apple\Apple___healthy\8b60fc20-52fa-40a2-8d91-367307968f8e___RS_HL 7264.JPG,Apple
data\raw\apple\Apple___healthy\f31086c2-e23e-4ae1-85a4-89eb742271bc___RS_HL 7611.JPG,Apple
data\raw\apple\Apple___healthy\3e694355-bfdc-4dfe-978e-16c08b70bdba___RS_HL 8028.JPG,Apple
data\raw\apple\Apple___Black_rot\d892ca1b-8b68-4087-9bb1-3ac7b861c283___JR_FrgE.S 8606.JPG,Apple
data\raw\apple\Apple___healthy\8cf44f32-5736-4681-be02-f86e4454e00a___RS_HL 5904.JPG,Apple
data\raw\apple\Apple___Black_rot\1452dba2-3694-4657-ac64-fed65ebea056___JR_FrgE.S 3081.JPG,Apple
data\raw\apple\Apple___Apple_scab\6d9f5940-0ec4-4ccf-8003-719410b7f47c___FREC_Scab 3373.JPG,Apple
data\raw\apple\Apple___healthy\5ded9dac-20e0-4e68-a202-43c6723c335d___RS_HL 6186.JPG,Apple
data\raw\apple\Apple___Black_rot\57cbfc0a-6720-4672-bda8-e9ad59c0fefc___JR_FrgE.S 8651.JPG,Apple
data\raw\apple\Apple___healthy\9a7d0452-4015-4cef-ab3c-f8f9633b6e9b___RS_HL 8117.JPG,Apple
data\raw\apple\Apple___healthy\7703726c-19ce-4e3a-a921-1a84161b12d0___RS_HL 8174.JPG,Apple
data\raw\apple\Apple___Apple_scab\663ad178-6346-4b89-8074-6655f1be1578___FREC_Scab 3500.JPG,Apple
data\raw\apple\Apple___healthy\72910301-856e-491d-b929-efdc81bb3eb5___RS_HL 5765.JPG,Apple
data\raw\apple\Apple___healthy\6b1696f3-a455-4ac4-b5e4-2839681937fe___RS_HL 5867.JPG,Apple
data\raw\apple\Apple___Black_rot\32ef0219-fbb0-417c-abad-56021a2c1619___JR_FrgE.S 2893.JPG,Apple
data\raw\apple\Apple___Black_rot\7eee2c9b-285a-411a-950b-7cd5547a9440___JR_FrgE.S 3028.JPG,Apple
data\raw\apple\Apple___healthy\c81e4d98-e76b-48cf-b03a-2ad382d19842___RS_HL 7807.JPG,Apple
data\raw\apple\Apple___healthy\3a5916ba-0db8-4aff-a282-26f33b056832___RS_HL 8125.JPG,Apple
data\raw\apple\Apple___healthy\614e548e-9a13-428c-89bf-353a1880cf73___RS_HL 8190.JPG,Apple
data\raw\apple\Apple___Black_rot\4fcfd5b0-e312-41f4-a8cf-16976b5882fd___JR_FrgE.S 8589.JPG,Apple
data\raw\apple\Apple___healthy\5e552830-5ccd-4f85-9f77-ed63db285890___RS_HL 5994.JPG,Apple
data\raw\apple\Apple___healthy\ce9a3738-55ea-4974-8539-922ed4f864b8___RS_HL 6175.JPG,Apple
data\raw\apple\Apple___healthy\5decc9b0-698c-49d0-906b-1a679b0001f9___RS_HL 6245.JPG,Apple
data\raw\apple\Apple___Apple_scab\6b6b2140-bb67-4342-adad-8cba97a5ecbe___FREC_Scab 3388.JPG,Apple
data\raw\apple\Apple___Apple_scab\d8aeb323-17d2-4123-9988-3c2346558bc6___FREC_Scab 2996.JPG,Apple
data\raw\apple\Apple___healthy\8558ed98-6e99-4d7e-98e1-9437bd4d2382___RS_HL 5766.JPG,Apple
data\raw\apple\Apple___Apple_scab\fb911d9c-0445-4d0f-886e-50458b82d6c2___FREC_Scab 2972.JPG,Apple
data\raw\apple\Apple___healthy\02847045-4405-467c-9ccb-7ba2ab1d574c___RS_HL 5943.JPG,Apple
data\raw\apple\Apple___Black_rot\cda4e00f-b32f-4605-b2ca-4b5eba5ecc22___JR_FrgE.S 8799.JPG,Apple
data\raw\apple\Apple___healthy\bda31474-87d3-4256-ace8-00d20ef05139___RS_HL 7443.JPG,Apple
data\raw\apple\Apple___healthy\291f66c2-6044-4485-861a-8fa3aa625ddd___RS_HL 7520.JPG,Apple
data\raw\apple\Apple___healthy\8c43ceb4-000b-441b-887f-ef495da381e2___RS_HL 7864.JPG,Apple
data\raw\apple\Apple___healthy\638ea400-bbc7-4642-b7f3-f57e2f3409cb___RS_HL 7718.JPG,Apple
data\raw\apple\Apple___healthy\3af9dc00-a64b-4b45-a034-1d190e5277ea___RS_HL 7788.JPG,Apple
data\raw\apple\Apple___healthy\53d09cc6-89ef-4180-a823-31c5f6566656___RS_HL 6070.JPG,Apple
data\raw\apple\Apple___healthy\18571abd-0d3c-42de-a257-f46c1a6d1517___RS_HL 6126.JPG,Apple
data\raw\apple\Apple___Black_rot\e43cb49a-44ff-4ee5-9dae-aa2e89fb643b___JR_FrgE.S 2927.JPG,Apple
data\raw\apple\Apple___healthy\be861072-a40c-4318-80a7-659f9f9a11ae___RS_HL 6241.JPG,Apple
data\raw\apple\Apple___healthy\d91d546a-0d07-4c6c-b1b6-1686371c0062___RS_HL 8121.JPG,Apple
data\raw\apple\Apple___healthy\97a6eaed-70d4-4b78-9871-1aba3d7a9abe___RS_HL 7908.JPG,Apple
data\raw\apple\Apple___Apple_scab\8406c2d8-abac-4992-bf23-6728a84d5437___FREC_Scab 3371.JPG,Apple
data\raw\apple\Apple___Black_rot\c4833395-fa04-4b3a-89f1-6fbc5c3d7d18___JR_FrgE.S 2866.JPG,Apple
data\raw\apple\Apple___Black_rot\db1600c7-f9dc-45a4-9e01-223b67ebef83___JR_FrgE.S 8703.JPG,Apple
data\raw\apple\Apple___healthy\530f24d7-aefb-419d-b814-2cb3a81cfe2c___RS_HL 6071.JPG,Apple
data\raw\apple\Apple___Black_rot\9922fc5b-28d9-4ad7-90f2-7ad252f716dc___JR_FrgE.S 2741.JPG,Apple
data\raw\apple\Apple___healthy\445d268a-415e-41d4-80de-0116fdaca73d___RS_HL 5982.JPG,Apple
data\raw\apple\Apple___healthy\24cddc8a-d7e6-4ebf-9771-b3844913f02e___RS_HL 5966.JPG,Apple
data\raw\apple\Apple___healthy\9b958d1b-ef54-4290-9636-4aa08eb55dda___RS_HL 5843.JPG,Apple
data\raw\apple\Apple___Black_rot\255dd1a9-d4cf-4b38-9872-8f8bc6746703___JR_FrgE.S 3040.JPG,Apple
data\raw\apple\Apple___healthy\c6086c14-d6e9-4c87-8bfe-1275b959bcf7___RS_HL 7369.JPG,Apple
data\raw\apple\Apple___Apple_scab\baa34f65-7a7a-4308-ad86-4fe8f0da288d___FREC_Scab 3115.JPG,Apple
data\raw\apple\Apple___healthy\1dbfc9d3-f568-4e19-a83c-8fa408cfea3a___RS_HL 5909.JPG,Apple
data\raw\apple\Apple___Black_rot\d3dab897-b9de-4ec4-a335-db2f36a64011___JR_FrgE.S 2918.JPG,Apple
data\raw\apple\Apple___healthy\1497c20f-448a-48e2-9cf0-b4fc8cfa848a___RS_HL 6292.JPG,Apple
data\raw\apple\Apple___Apple_scab\d7ac8a6f-7c88-47ac-9387-eefb672e9776___FREC_Scab 3392.JPG,Apple
data\raw\apple\Apple___healthy\99eee6bd-5bca-412a-beaa-afc6009bb868___RS_HL 7434.JPG,Apple
data\raw\apple\Apple___Apple_scab\40d60cf0-1311-40c7-9e7e-579e74c92027___FREC_Scab 3136.JPG,Apple
data\raw\apple\Apple___Black_rot\8503d510-a7c2-409d-bbbe-5a7b03611a8a___JR_FrgE.S 2740.JPG,Apple
data\raw\apple\Apple___healthy\0d072074-0253-4a6b-a4cb-02f520c46942___RS_HL 5805.JPG,Apple
data\raw\apple\Apple___Black_rot\00e909aa-e3ae-4558-9961-336bb0f35db3___JR_FrgE.S 8593.JPG,Apple
data\raw\apple\Apple___Apple_scab\affb666c-6915-48e6-ba8a-92385af75826___FREC_Scab 3395.JPG,Apple
data\raw\apple\Apple___Apple_scab\98e6e72f-092d-41dc-93e1-22bfc1ea2abd___FREC_Scab 2953.JPG,Apple
data\raw\apple\Apple___healthy\4b22a1e7-745b-4c78-a49e-14ca8cfba26a___RS_HL 8111.JPG,Apple
data\raw\apple\Apple___healthy\e29afa6a-10d2-4d5c-a31c-b06fdf1bbadd___RS_HL 7691.JPG,Apple
data\raw\apple\Apple___healthy\14009d84-bca8-4054-b09d-7fd4241c74a6___RS_HL 7907.JPG,Apple
data\raw\apple\Apple___Black_rot\02168189-aa75-4284-a7f0-8ca5901ea783___JR_FrgE.S 2948.JPG,Apple
data\raw\apple\Apple___Apple_scab\ef0593e6-f8bc-4501-9c2a-8ee8a6ff33fc___FREC_Scab 3495.JPG,Apple
data\raw\apple\Apple___Black_rot\51c1787e-4570-43dc-91c3-6ae72c98128a___JR_FrgE.S 8706.JPG,Apple
data\raw\apple\Apple___Apple_scab\2e264ee0-7679-4ad2-a19a-1ac4d2e84079___FREC_Scab 2984.JPG,Apple
data\raw\apple\Apple___Apple_scab\b0744c40-7396-4efb-9d0e-d7b1f22a9dd4___FREC_Scab 3407.JPG,Apple
data\raw\apple\Apple___healthy\07942abf-8326-4742-bcba-52ddba093974___RS_HL 5731.JPG,Apple
data\raw\apple\Apple___healthy\07778a5c-8037-425f-aa83-d10b1e1d5db4___RS_HL 7269.JPG,Apple
data\raw\apple\Apple___healthy\9f6f67e7-5369-4642-9594-a29fba331a5c___RS_HL 5907.JPG,Apple
data\raw\apple\Apple___Black_rot\8d935efd-8dba-4847-954f-a914d93d8d07___JR_FrgE.S 2857.JPG,Apple
data\raw\apple\Apple___healthy\c93d7101-89bf-48d9-bcb2-3957da7131ff___RS_HL 8035.JPG,Apple
data\raw\apple\Apple___healthy\e9d92a83-92dd-442f-8138-627ead72fcaf___RS_HL 5839.JPG,Apple
data\raw\apple\Apple___healthy\71b2b307-ddd7-48bf-b904-4d1101c9fc4b___RS_HL 7755.JPG,Apple
data\raw\apple\Apple___Apple_scab\7be1e0a3-01d0-40c3-9628-f69952550267___FREC_Scab 3263.JPG,Apple
data\raw\apple\Apple___healthy\c2aa2c88-d07b-4df4-80c7-1ba703254844___RS_HL 5727.JPG,Apple
data\raw\apple\Apple___healthy\da91e28c-3e10-406c-be5c-d10afd8e183d___RS_HL 6041.JPG,Apple
data\raw\apple\Apple___healthy\37b1cd89-582a-40ce-b2ec-6a635e1fea17___RS_HL 6151.JPG,Apple
data\raw\apple\Apple___healthy\d182b332-f33a-4ea1-aa3c-51ef7f01efd5___RS_HL 6137.JPG,Apple
data\raw\apple\Apple___healthy\b776b468-ee06-4871-98da-3998ead30369___RS_HL 7438.JPG,Apple
data\raw\apple\Apple___Black_rot\36836204-c6de-472e-90e4-6787ff74965e___JR_FrgE.S 8757.JPG,Apple
data\raw\apple\Apple___Black_rot\988c58b8-9323-4b0f-86de-c4fe396f09b8___JR_FrgE.S 8648.JPG,Apple
data\raw\apple\Apple___Apple_scab\73204011-6f70-4300-a908-adf4334104fd___FREC_Scab 3319.JPG,Apple
data\raw\apple\Apple___healthy\4023916c-9823-4410-bd89-b8bfe1b0b456___RS_HL 6009.JPG,Apple
data\raw\apple\Apple___healthy\3ee00792-0430-445e-8c25-970607d2759d___RS_HL 7810.JPG,Apple
data\raw\apple\Apple___healthy\6806c56d-b5d6-45fc-8e96-0d8def5932b9___RS_HL 5692.JPG,Apple
data\raw\apple\Apple___Apple_scab\1bc60205-27cc-4d10-bc87-7e968573e5d5___FREC_Scab 3531.JPG,Apple
data\raw\apple\Apple___Black_rot\3d33710d-c091-4dae-a491-ef813ea2d34b___JR_FrgE.S 2885.JPG,Apple
data\raw\apple\Apple___Apple_scab\9eab7829-c658-4544-b6ba-f7fb10035aab___FREC_Scab 3382.JPG,Apple
data\raw\apple\Apple___healthy\b9a7faa2-e43b-4d8d-8df0-2256c8ee3607___RS_HL 7483.JPG,Apple
data\raw\apple\Apple___Black_rot\5984db18-75d7-4c3a-be4b-74c3c0351887___JR_FrgE.S 8685.JPG,Apple
data\raw\apple\Apple___healthy\3eef4051-9e25-4e17-8540-c35e5df18648___RS_HL 6054.JPG,Apple
data\raw\apple\Apple___healthy\7236c207-e185-4e16-ad82-77b1dde69e23___RS_HL 6173.JPG,Apple
data\raw\apple\Apple___healthy\e7f0bd90-56b8-4d09-a406-9c4786eaca3a___RS_HL 7738.JPG,Apple
data\raw\apple\Apple___healthy\12253089-92a5-4a3d-b742-f554cc2a0fe0___RS_HL 5756.JPG,Apple
data\raw\apple\Apple___healthy\a1644fa1-0871-47e1-a316-bc435c6a275b___RS_HL 6225.JPG,Apple
data\raw\apple\Apple___healthy\58bebbd8-1cfa-486b-86b3-64cf33697320___RS_HL 7651.JPG,Apple
data\raw\apple\Apple___Black_rot\9db24caa-7d1e-4b4d-a5fd-ddc794e48ec4___JR_FrgE.S 2980.JPG,Apple
data\raw\apple\Apple___healthy\153ee5ec-b8c2-4dd1-9387-cb0e796f301b___RS_HL 7563.JPG,Apple
data\raw\apple\Apple___healthy\ed921a4f-b7a5-4086-bcab-cbfe7a97d053___RS_HL 7449.JPG,Apple
data\raw\apple\Apple___Black_rot\d40e4a34-1c9a-4971-acce-bb6ce2e14208___JR_FrgE.S 8654.JPG,Apple
data\raw\apple\Apple___healthy\367d7a43-f910-4714-918f-f4b9ffde5a91___RS_HL 7692.JPG,Apple
data\raw\apple\Apple___Apple_scab\1d9d67e2-5603-4710-ae2b-6cb0b922ae61___FREC_Scab 3122.JPG,Apple
data\raw\apple\Apple___Black_rot\fe588823-1009-4181-88e6-bdbf70fe33c3___JR_FrgE.S 8655.JPG,Apple
data\raw\apple\Apple___healthy\a19f8aa8-6d6e-4bcd-b0ac-5046336817bc___RS_HL 7660.JPG,Apple
data\raw\apple\Apple___Apple_scab\0812e1e4-6d1b-4264-8f23-6519354fc5a6___FREC_Scab 3293.JPG,Apple
data\raw\apple\Apple___healthy\06dad629-8898-4e90-bd0d-f1b34350b7a1___RS_HL 7387.JPG,Apple
data\raw\apple\Apple___healthy\eb1fe703-b96e-4440-9f6c-d75efcda5be0___RS_HL 7454.JPG,Apple
data\raw\apple\Apple___healthy\01efa999-757d-487e-8250-27c7854c0ca8___RS_HL 7515.JPG,Apple
data\raw\apple\Apple___healthy\514b3065-844b-40c8-8a86-043200a1779e___RS_HL 7721.JPG,Apple
data\raw\apple\Apple___healthy\a2024303-1e78-4f1b-80b4-3f02f9f5dceb___RS_HL 7707.JPG,Apple
data\raw\apple\Apple___Apple_scab\fcee4ece-01ce-45aa-a0f1-f20aa2ec8efb___FREC_Scab 3325.JPG,Apple
data\raw\apple\Apple___healthy\c1d50cb3-894c-4cfa-b414-b0a81b8cfbe6___RS_HL 7405.JPG,Apple
data\raw\apple\Apple___healthy\386af887-8be7-4b99-9ef1-ee0eb5ba7d87___RS_HL 6030.JPG,Apple
data\raw\apple\Apple___healthy\4221a70d-e5ef-44c7-843f-098a1fe0bfe3___RS_HL 8085.JPG,Apple
data\raw\apple\Apple___Black_rot\3b364e42-9120-4ece-b0ea-2c39ce883cbb___JR_FrgE.S 2774.JPG,Apple
data\raw\apple\Apple___healthy\8a6cad28-0c10-47aa-af0e-fd82de61ba70___RS_HL 6246.JPG,Apple
data\raw\apple\Apple___Apple_scab\4abca5eb-2376-4551-be42-25bbb5400fc7___FREC_Scab 3268.JPG,Apple
data\raw\apple\Apple___healthy\50d5a081-d2b9-4297-ad6b-6c572018d941___RS_HL 7388.JPG,Apple
data\raw\apple\Apple___Apple_scab\f96cb3b3-172a-44d8-9720-d6a3ed87ced9___FREC_Scab 3036.JPG,Apple
data\raw\apple\Apple___Apple_scab\94ef05b0-aee5-4956-8a07-67808c0ca84c___FREC_Scab 3376.JPG,Apple
data\raw\apple\Apple___healthy\c936479f-544d-482a-a3d2-19b8bf69bf8d___RS_HL 7898.JPG,Apple
data\raw\apple\Apple___Black_rot\fbe5708e-d8c5-49f2-a01b-c918e04a4338___JR_FrgE.S 2858.JPG,Apple
data\raw\apple\Apple___healthy\84bfff51-9aa5-4e6f-8798-5c5b14baa7a6___RS_HL 7549.JPG,Apple
data\raw\apple\Apple___Apple_scab\f33a08e5-03bb-4b97-991c-a1332866043d___FREC_Scab 2923.JPG,Apple
data\raw\apple\Apple___Apple_scab\99e03a3c-c68f-4648-af09-877c57d6b115___FREC_Scab 3054.JPG,Apple
data\raw\apple\Apple___healthy\4f84889d-5057-4b56-9643-86b7ec5fcfdd___RS_HL 8063.JPG,Apple
data\raw\apple\Apple___healthy\c3dfce5d-2232-4b97-8821-6f5c32553fb7___RS_HL 8149.JPG,Apple
data\raw\apple\Apple___Apple_scab\a93dc267-cd94-49fd-9766-8afe67ba747a___FREC_Scab 3125.JPG,Apple
data\raw\apple\Apple___healthy\2d6efa59-1d5a-4f92-8879-2fdfa163d404___RS_HL 6157.JPG,Apple
data\raw\apple\Apple___Black_rot\83ec5e47-c1db-4889-9725-9c2daab2d112___JR_FrgE.S 8583.JPG,Apple
data\raw\apple\Apple___healthy\dc3fca98-91d0-4c97-aaa1-cdd1ad618b38___RS_HL 6290.JPG,Apple
data\raw\apple\Apple___healthy\44f96d95-150b-499d-8fb7-a95ed4df85c6___RS_HL 8152.JPG,Apple
data\raw\apple\Apple___healthy\176a0917-16d8-43c6-8698-1ae095282e66___RS_HL 7903.JPG,Apple
data\raw\apple\Apple___Black_rot\8d911287-49a5-4b0b-b9e5-8d270baf40f0___JR_FrgE.S 8792.JPG,Apple
data\raw\apple\Apple___healthy\d215e01d-93aa-41cc-9212-614c93151cca___RS_HL 8068.JPG,Apple
data\raw\apple\Apple___healthy\3adc3359-b27d-4eea-bffc-7422a9a15536___RS_HL 5755.JPG,Apple
data\raw\apple\Apple___healthy\2260f331-0610-4dd8-9d8e-270115aba39b___RS_HL 6033.JPG,Apple
data\raw\apple\Apple___Apple_scab\7e2bacbd-f92b-417e-879f-002f3862718c___FREC_Scab 3374.JPG,Apple
data\raw\apple\Apple___healthy\953743b5-d396-4f6f-926c-4e216df44f0b___RS_HL 5993.JPG,Apple
data\raw\apple\Apple___healthy\bdf80993-e555-4609-8a83-7f1676bce18b___RS_HL 5682.JPG,Apple
data\raw\apple\Apple___healthy\b9d6f390-c210-486f-802b-e204e27990ea___RS_HL 7756.JPG,Apple
data\raw\apple\Apple___Apple_scab\fd5a96b7-6623-41cc-b34c-3b940ea27286___FREC_Scab 3013.JPG,Apple
data\raw\apple\Apple___healthy\46ef8441-3792-4ca8-919b-eb6cedd0ed3f___RS_HL 5998.JPG,Apple
data\raw\apple\Apple___healthy\139cb003-2cc1-43ce-bbdf-29767f9e2ce0___RS_HL 7386.JPG,Apple
data\raw\apple\Apple___healthy\26e85922-aaf1-4cc6-8bdb-2fb0222a4b8c___RS_HL 7624.JPG,Apple
data\raw\apple\Apple___healthy\ca145350-137b-48ed-bbb4-0716f0f00448___RS_HL 7597.JPG,Apple
data\raw\apple\Apple___healthy\bf8697bb-a12a-4488-9178-22180bde51e5___RS_HL 5889.JPG,Apple
data\raw\apple\Apple___Black_rot\05fb01a0-fd64-4b3d-a512-c0bda181811e___JR_FrgE.S 2889.JPG,Apple
data\raw\apple\Apple___Apple_scab\db71d62d-b06f-4aa2-a512-d3e5956fcffe___FREC_Scab 3444.JPG,Apple
data\raw\apple\Apple___healthy\18a10d55-e00c-4bb7-9ea6-d11bf0de070e___RS_HL 7252.JPG,Apple
data\raw\apple\Apple___healthy\16f4ae2e-0592-4a9b-ba7d-df9db0cc04fc___RS_HL 7688.JPG,Apple
data\raw\apple\Apple___healthy\468c07f3-8ac1-4b0f-8e10-f97a7b41f4f9___RS_HL 7661.JPG,Apple
data\raw\apple\Apple___healthy\c8f83443-9ab6-483b-99e2-d90760e32ea3___RS_HL 7535.JPG,Apple
data\raw\apple\Apple___Apple_scab\b24daaef-81e1-47fc-a858-b8c8b346d956___FREC_Scab 2927.JPG,Apple
data\raw\apple\Apple___healthy\bd802f98-838a-4703-b38d-5db77ddac1b8___RS_HL 8154.JPG,Apple
data\raw\apple\Apple___Black_rot\1cf5102a-468b-4410-80bf-af6aeadc780c___JR_FrgE.S 2924.JPG,Apple
data\raw\apple\Apple___healthy\1331fd38-acdf-488f-a5db-8dfcecfa5690___RS_HL 7381.JPG,Apple
data\raw\apple\Apple___healthy\8e4b14b2-2601-4ffc-805c-a68b200e80ec___RS_HL 8069.JPG,Apple
data\raw\apple\Apple___healthy\3ee70760-b734-43e2-b29b-aee4daafe6cd___RS_HL 7317.JPG,Apple
data\raw\apple\Apple___Black_rot\3afb0100-58b4-4825-bfb4-037258cd5925___JR_FrgE.S 8755.JPG,Apple
data\raw\apple\Apple___healthy\817ae6f2-7f72-457f-889a-6cddeaf0945e___RS_HL 7674.JPG,Apple
data\raw\apple\Apple___healthy\022b515d-41fd-448e-abac-e8722c32d864___RS_HL 8131.JPG,Apple
data\raw\apple\Apple___healthy\1c34397e-9b33-436e-83fc-bd42014fdfa6___RS_HL 5687.JPG,Apple
data\raw\apple\Apple___Apple_scab\b0586996-77d5-4d02-8112-14eb67895bcf___FREC_Scab 3000.JPG,Apple
data\raw\apple\Apple___healthy\dab1c693-aed0-4a33-ab47-66948821a615___RS_HL 7706.JPG,Apple
data\raw\apple\Apple___Black_rot\abdb807d-552f-433d-bb3e-b73494bbff15___JR_FrgE.S 8780.JPG,Apple
data\raw\apple\Apple___Apple_scab\52d5723a-b498-4759-89a1-a7d815689716___FREC_Scab 3034.JPG,Apple
data\raw\apple\Apple___Black_rot\934ee916-4db9-4c1a-903e-3ebdd8201178___JR_FrgE.S 8740.JPG,Apple
data\raw\apple\Apple___healthy\c475ca60-0635-4bd9-8d2f-d3e7003304c0___RS_HL 5814.JPG,Apple
data\raw\apple\Apple___Black_rot\c46d0eff-8a56-4655-9940-93a323c7154a___JR_FrgE.S 3033.JPG,Apple
data\raw\apple\Apple___Apple_scab\09e40e4f-f8bc-4537-b20d-0b244760dbf4___FREC_Scab 3216.JPG,Apple
data\raw\apple\Apple___healthy\f7b08c73-ec97-42c3-a013-5c4aec725f6f___RS_HL 5923.JPG,Apple
data\raw\apple\Apple___Apple_scab\a2d74032-fd6c-469b-897a-054705e03dec___FREC_Scab 3028.JPG,Apple
data\raw\apple\Apple___healthy\19331cca-70bd-47e9-8e0e-2b3ea81f2d1c___RS_HL 5655.JPG,Apple
data\raw\apple\Apple___Black_rot\30aebb07-bde6-44c8-bee2-a06ff42a948d___JR_FrgE.S 3071.JPG,Apple
data\raw\apple\Apple___Apple_scab\1bcc3b5d-7e00-43fb-983e-95ae271a715b___FREC_Scab 3061.JPG,Apple
data\raw\apple\Apple___healthy\88ffb541-e088-4505-baef-c292c25925dc___RS_HL 6164.JPG,Apple
data\raw\apple\Apple___healthy\d61c652b-5e6d-4994-aa4c-bbde26ca0de8___RS_HL 6002.JPG,Apple
data\raw\apple\Apple___Black_rot\5d1c501f-ce9a-4538-ac05-bda251444cba___JR_FrgE.S 3035.JPG,Apple
data\raw\apple\Apple___healthy\223dbe3b-9f96-473b-a6a6-ea354777ae1f___RS_HL 8040.JPG,Apple
data\raw\apple\Apple___Apple_scab\ba325c11-e91c-4f5e-9ae0-76f8f0bb24df___FREC_Scab 3523.JPG,Apple
data\raw\apple\Apple___healthy\1617e81b-190b-41e8-b258-cf432f65b7ab___RS_HL 6058.JPG,Apple
data\raw\apple\Apple___healthy\4342c40d-5a1b-4a93-97b4-2e3579802605___RS_HL 7744.JPG,Apple
data\raw\apple\Apple___healthy\0eeeccc7-f3fb-4b7a-90ec-750fbf10f7e6___RS_HL 6249.JPG,Apple
data\raw\apple\Apple___healthy\647ab085-3f32-4ff1-9972-bef63cb4085e___RS_HL 7595.JPG,Apple
data\raw\apple\Apple___healthy\20a6a1df-7c88-4c01-bfe0-2110c1eb0324___RS_HL 8133.JPG,Apple
data\raw\apple\Apple___healthy\dc456961-360a-419b-abb7-b3de3963742a___RS_HL 6055.JPG,Apple
data\raw\apple\Apple___healthy\3abb0d3f-f131-4025-af6d-68bd6f4d253e___RS_HL 8110.JPG,Apple
data\raw\apple\Apple___healthy\a36d3771-3cbd-48ef-9e31-a1de629e56a6___RS_HL 8082.JPG,Apple
data\raw\apple\Apple___Apple_scab\63a29431-0e93-4e5d-b28d-3956edd10d01___FREC_Scab 3197.JPG,Apple
data\raw\apple\Apple___healthy\5150163c-ce61-4b06-bcab-d806f8c78dba___RS_HL 7682.JPG,Apple
data\raw\apple\Apple___Apple_scab\ae035eb1-0214-4964-b018-14fca52713fc___FREC_Scab 3166.JPG,Apple
data\raw\apple\Apple___healthy\bd9222f6-b97a-4e5b-ac0f-ff320f5f7180___RS_HL 7630.JPG,Apple
data\raw\apple\Apple___healthy\60af8fc1-7f44-496c-9999-507d06e92142___RS_HL 7278.JPG,Apple
data\raw\apple\Apple___Apple_scab\1ceeeee0-40bd-4ac9-8a57-59385bf5df8a___FREC_Scab 3001.JPG,Apple
data\raw\apple\Apple___Black_rot\6dfd829f-aca0-459d-aa67-ed4636a66033___JR_FrgE.S 8653.JPG,Apple
data\raw\apple\Apple___healthy\ae2bb9d6-502a-4ae2-b4e4-4c2fffd06ebc___RS_HL 7951.JPG,Apple
data\raw\apple\Apple___healthy\8d45fcf9-d1c1-47b6-be37-6e3d2fde46e0___RS_HL 7261.JPG,Apple
data\raw\apple\Apple___Apple_scab\a2d623ff-8e4d-40e3-a6c5-3d61e7355f92___FREC_Scab 2949.JPG,Apple
data\raw\apple\Apple___healthy\e3aa227f-1e49-4a2a-8e10-6a1c5c985214___RS_HL 6057.JPG,Apple
data\raw\apple\Apple___healthy\c72f2192-e438-4ae6-9b0a-0e9dafbf9a3e___RS_HL 7324.JPG,Apple
data\raw\apple\Apple___Apple_scab\eeae3585-0e6e-456c-bbdf-b099b6b4e11c___FREC_Scab 3297.JPG,Apple
data\raw\apple\Apple___Black_rot\d7927614-3b3e-4ba5-8564-2ae4a1f25132___JR_FrgE.S 2812.JPG,Apple
data\raw\apple\Apple___healthy\4fa27e50-47f1-4ce8-964d-06e0d62c086d___RS_HL 7881.JPG,Apple
data\raw\apple\Apple___Apple_scab\6cee3edf-8909-418f-a27f-5e175e7ccd77___FREC_Scab 2951.JPG,Apple
data\raw\apple\Apple___healthy\f8b4d48b-a454-4991-9f79-bba2f921ef9a___RS_HL 7705.JPG,Apple
data\raw\apple\Apple___healthy\d91b6c09-9022-4860-98fb-643c0ec85fe3___RS_HL 7965.JPG,Apple
data\raw\apple\Apple___healthy\5ade6606-f111-4074-a533-30f215297f08___RS_HL 6282.JPG,Apple
data\raw\apple\Apple___Black_rot\eb98c4ac-28e3-40ef-8cf4-38acddd5d774___JR_FrgE.S 3043.JPG,Apple
data\raw\apple\Apple___healthy\9ac93ab7-5e33-46f3-9db7-008edcf15f30___RS_HL 5787.JPG,Apple
data\raw\apple\Apple___healthy\f9438410-18a8-4352-9aca-0d81c4574c2b___RS_HL 7742.JPG,Apple
data\raw\apple\Apple___Apple_scab\8c916434-af92-4360-9833-0422aa510f7e___FREC_Scab 3245.JPG,Apple
data\raw\apple\Apple___healthy\2ae4c8d8-309c-4dfa-8bde-b985b2a81272___RS_HL 7659.JPG,Apple
data\raw\apple\Apple___healthy\0cfa2ddf-56d9-4f62-89a4-f74e220f1859___RS_HL 6196.JPG,Apple
data\raw\apple\Apple___Apple_scab\7e64fdef-9cb7-40ed-9f40-f3c97d6e0e8a___FREC_Scab 3536.JPG,Apple
data\raw\apple\Apple___Black_rot\34eb19d8-32a9-4c9b-829f-d0ed705c5f03___JR_FrgE.S 3064.JPG,Apple
data\raw\apple\Apple___healthy\3561a457-ec26-442a-925a-cdbe7f37a430___RS_HL 5786.JPG,Apple
data\raw\apple\Apple___Black_rot\464511a6-77d9-493f-bb3c-f151fb390f1b___JR_FrgE.S 8790.JPG,Apple
data\raw\apple\Apple___Apple_scab\b0b2a38c-396d-4d25-b346-5947e2c787d9___FREC_Scab 3077.JPG,Apple
data\raw\apple\Apple___healthy\e25a6ff6-6872-4e79-ac62-14221935dd6b___RS_HL 5736.JPG,Apple
data\raw\apple\Apple___healthy\bede2484-dd97-4291-9132-bf015313a6bd___RS_HL 8196.JPG,Apple
data\raw\apple\Apple___healthy\3ab37181-78d5-4bf2-8d20-a233d3c685aa___RS_HL 7407.JPG,Apple
data\raw\apple\Apple___healthy\594c429c-488e-4d8e-9b44-c3929cecafc9___RS_HL 5878.JPG,Apple
data\raw\apple\Apple___healthy\44714cae-d7c8-4b0a-9058-0fe9ba703064___RS_HL 8081.JPG,Apple
data\raw\apple\Apple___healthy\38c039b6-23f0-4fc2-a0df-e5ec3f523a09___RS_HL 5887.JPG,Apple
data\raw\apple\Apple___Apple_scab\44d28651-473c-4e9b-81ec-212893669fba___FREC_Scab 3477.JPG,Apple
data\raw\apple\Apple___Apple_scab\18ab74ed-8e95-4787-b2e1-1283594bd00b___FREC_Scab 3012.JPG,Apple
data\raw\apple\Apple___healthy\03f6a4b2-d08b-4f7f-8a8e-d132ff3eca8b___RS_HL 6226.JPG,Apple
data\raw\apple\Apple___healthy\2735c32b-b407-4714-b190-2b35d8e9a61f___RS_HL 8104.JPG,Apple
data\raw\apple\Apple___healthy\b681e485-e0a6-489f-b9c9-c67d67e70801___RS_HL 5874.JPG,Apple
data\raw\apple\Apple___healthy\3bd24003-1163-40f4-8b1f-21aad7fc4b4b___RS_HL 5912.JPG,Apple
data\raw\apple\Apple___healthy\1dabd7f0-68f4-4d1b-b026-e314457de638___RS_HL 8153.JPG,Apple
data\raw\apple\Apple___healthy\3a544ee5-490e-4a41-b03b-cf1700362448___RS_HL 6200.JPG,Apple
data\raw\apple\Apple___healthy\13cdbdbe-be7f-463c-9085-9ae160412772___RS_HL 6286.JPG,Apple
data\raw\apple\Apple___Apple_scab\e9155e73-7f58-441b-a36b-d513bd051742___FREC_Scab 3509.JPG,Apple
data\raw\apple\Apple___healthy\ddca8aa6-4338-40ea-bf8b-004a53547144___RS_HL 6052.JPG,Apple
data\raw\apple\Apple___Black_rot\b2d126c0-49f9-4013-a6bf-2c08ffe87f94___JR_FrgE.S 2865.JPG,Apple
data\raw\apple\Apple___Black_rot\64d43490-e345-4690-8232-071bf0174895___JR_FrgE.S 3031.JPG,Apple
data\raw\apple\Apple___Black_rot\445448e9-b429-45df-942d-fb46932540d7___JR_FrgE.S 2804.JPG,Apple
data\raw\apple\Apple___healthy\595381e5-c16b-4348-aaea-00763903646d___RS_HL 6153.JPG,Apple
data\raw\apple\Apple___healthy\4d7bd871-a301-44ce-a229-a8136e0a43e4___RS_HL 7891.JPG,Apple
data\raw\apple\Apple___Apple_scab\7b3e4313-9abb-4105-8be9-2020f1101e58___FREC_Scab 3441.JPG,Apple
data\raw\apple\Apple___healthy\25de086c-ea7e-42b0-83fd-bc7d1e584d0a___RS_HL 5852.JPG,Apple
data\raw\apple\Apple___healthy\2fae96ef-fe0f-4004-bbb7-259c62cde5c3___RS_HL 7953.JPG,Apple
data\raw\apple\Apple___healthy\6272b53a-1ade-46fc-85e8-cf9517c6e0ed___RS_HL 7858.JPG,Apple
data\raw\apple\Apple___healthy\5eea6ca0-2fb5-4382-bd60-2893d4367bc3___RS_HL 6007.JPG,Apple
data\raw\apple\Apple___Apple_scab\258ce9eb-2b67-475b-b09c-0bc83b0987f1___FREC_Scab 3033.JPG,Apple
data\raw\apple\Apple___healthy\e686d3b8-b691-4cc0-a371-8d812c168911___RS_HL 7539.JPG,Apple
data\raw\apple\Apple___healthy\51ad3661-ed25-4c8f-9f90-44f8f0f042e0___RS_HL 7645.JPG,Apple
data\raw\apple\Apple___Black_rot\9a74119d-ce66-49a9-bec1-52df73abf8d0___JR_FrgE.S 2910.JPG,Apple
data\raw\apple\Apple___Black_rot\17a083f1-5ba6-4f0c-917a-738b568f22ef___JR_FrgE.S 8612.JPG,Apple
data\raw\apple\Apple___Black_rot\a0953d6d-067c-4b49-86fb-162d14d2fed0___JR_FrgE.S 2796.JPG,Apple
data\raw\apple\Apple___healthy\0793dfa6-3728-409b-a5dc-7f3c07528dde___RS_HL 7379.JPG,Apple
data\raw\apple\Apple___Black_rot\ee7a3b7f-0bda-47e7-b211-734166bb6973___JR_FrgE.S 3030.JPG,Apple
data\raw\apple\Apple___healthy\8c678916-c5d8-445d-9283-88c90c529edc___RS_HL 5740.JPG,Apple
data\raw\apple\Apple___Black_rot\bc64857e-c087-44c9-83b5-514d9b8dea37___JR_FrgE.S 2912.JPG,Apple
data\raw\apple\Apple___healthy\f0033a40-7a27-46e8-bf31-5af5cd0a9691___RS_HL 7941.JPG,Apple
data\raw\apple\Apple___healthy\b2daabdc-93aa-462f-8789-6e491d95a027___RS_HL 7641.JPG,Apple
data\raw\apple\Apple___healthy\e35729f0-09b8-4cd4-a04c-30c9b49095c5___RS_HL 6068.JPG,Apple
data\raw\apple\Apple___healthy\ca1cb6e7-c72f-4c06-b7c8-b370b48a74c6___RS_HL 5691.JPG,Apple
data\raw\apple\Apple___Black_rot\77843368-1495-4113-b865-83e381f0641e___JR_FrgE.S 8791.JPG,Apple
data\raw\apple\Apple___healthy\725e9b8f-f55c-44ce-a0d8-7b6829f86630___RS_HL 7532.JPG,Apple
data\raw\apple\Apple___healthy\b5bd9505-7491-4ff6-a703-d87b4f5db18b___RS_HL 6223.JPG,Apple
data\raw\apple\Apple___Black_rot\ce1df5bf-b9cd-491a-9b54-f4e20f3b71a2___JR_FrgE.S 2735.JPG,Apple
data\raw\apple\Apple___healthy\e9f437d0-a209-461c-b071-5c8c13a2ed6a___RS_HL 6291.JPG,Apple
data\raw\apple\Apple___healthy\db172d76-ff08-4bd5-bd0b-6231f432434a___RS_HL 5725.JPG,Apple
data\raw\apple\Apple___Black_rot\e9df76bc-d175-42c9-990e-6e6c5f5ac5ce___JR_FrgE.S 8663.JPG,Apple
data\raw\apple\Apple___healthy\0181db4e-718e-41bc-b6ed-92863471fa85___RS_HL 5941.JPG,Apple
data\raw\apple\Apple___healthy\6422d3df-4b2d-4e73-b1c9-3da9f763cb75___RS_HL 7259.JPG,Apple
data\raw\apple\Apple___healthy\d163d7d1-4557-443d-8584-dab6934f858f___RS_HL 7545.JPG,Apple
data\raw\apple\Apple___healthy\189c5270-4ba6-4c14-bfb2-3a7dd4d3e7aa___RS_HL 5984.JPG,Apple
data\raw\apple\Apple___Apple_scab\023123cb-7b69-4c9f-a521-766d7c8543bb___FREC_Scab 3487.JPG,Apple
data\raw\apple\Apple___healthy\c2498e7d-1a61-467a-9de9-800bab0e69bb___RS_HL 7395.JPG,Apple
data\raw\apple\Apple___Apple_scab\222a9802-f14c-433e-9d18-d0668ed3c279___FREC_Scab 3239.JPG,Apple
data\raw\apple\Apple___healthy\3ecfd9ce-30c4-4453-9d90-75854c7f82b7___RS_HL 5950.JPG,Apple
data\raw\apple\Apple___healthy\8e2d41f1-9cae-4f1a-b7b4-9ec0c6fbd6fe___RS_HL 7329.JPG,Apple
data\raw\apple\Apple___healthy\c36cccf8-e56e-49ea-ba5e-b44cb9e04ebd___RS_HL 6062.JPG,Apple
data\raw\apple\Apple___Black_rot\05fd8037-fd27-4d26-9e5d-9a47856ab134___JR_FrgE.S 8770.JPG,Apple
data\raw\apple\Apple___healthy\686f612d-bb49-409a-8afa-0707481774fe___RS_HL 8184.JPG,Apple
data\raw\apple\Apple___healthy\4eab95ce-76ec-4bd2-9cc6-f39747569750___RS_HL 5958.JPG,Apple
data\raw\apple\Apple___healthy\278e3aec-395c-457a-8fd0-ddf0ad8f3056___RS_HL 7377.JPG,Apple
data\raw\apple\Apple___healthy\35f0c52c-8a43-4bf2-8d55-2a827dbc5c4d___RS_HL 7251.JPG,Apple
data\raw\apple\Apple___healthy\ec9e541f-ebe0-4985-8a34-26f9daf88b5d___RS_HL 5948.JPG,Apple
data\raw\apple\Apple___Apple_scab\c51ed52b-7c1a-47fa-83c2-097502ee09b9___FREC_Scab 3146.JPG,Apple
data\raw\apple\Apple___healthy\d3647b4c-45d8-4366-8e93-baf1310072ba___RS_HL 6248.JPG,Apple
data\raw\apple\Apple___healthy\55c7113c-3c1e-452c-a7bd-bb6fe007a20d___RS_HL 5724.JPG,Apple
data\raw\apple\Apple___healthy\ee4eddac-1368-4d79-950f-e9b09e7cbd24___RS_HL 7704.JPG,Apple
data\raw\apple\Apple___Apple_scab\ab0ab3b2-0893-46c6-8f66-9469e8340b64___FREC_Scab 3368.JPG,Apple
data\raw\apple\Apple___healthy\66b2ddc7-46d8-487c-a93b-43d4332b7a31___RS_HL 5764.JPG,Apple
data\raw\apple\Apple___healthy\b9d6a99b-7ffb-47a2-a9f5-e3fedf6c0ec8___RS_HL 8204.JPG,Apple
data\raw\apple\Apple___Black_rot\954d8d3f-c11e-4202-b5e5-501d5e41752b___JR_FrgE.S 2942.JPG,Apple
data\raw\apple\Apple___healthy\d74bd0ad-5a61-48ed-a5b6-9e0bf5f3911d___RS_HL 7906.JPG,Apple
data\raw\apple\Apple___healthy\af109f85-cfe8-4547-a642-10fd10a2b79b___RS_HL 7393.JPG,Apple
data\raw\apple\Apple___healthy\29745ef7-133c-4f61-a5bd-592790f81a32___RS_HL 6326.JPG,Apple
data\raw\apple\Apple___healthy\27b057d7-929a-436f-905d-fd8339bf1bca___RS_HL 7366.JPG,Apple
data\raw\apple\Apple___healthy\fd7d6a50-e28f-4014-8e15-6028b5f349d0___RS_HL 5953.JPG,Apple
data\raw\apple\Apple___Black_rot\93f9f8ea-31c2-412f-b3c4-49ee75312d76___JR_FrgE.S 2978.JPG,Apple
data\raw\apple\Apple___Apple_scab\cbc265da-87e2-449e-8585-b744f9371772___FREC_Scab 3431.JPG,Apple
data\raw\apple\Apple___healthy\2514a94f-5f1b-4792-92e7-63b6a552225a___RS_HL 8186.JPG,Apple
data\raw\apple\Apple___healthy\836734c2-f568-4b02-896e-9a6bca89404f___RS_HL 7900.JPG,Apple
data\raw\apple\Apple___healthy\2768d40f-209f-4f71-a90a-a5f748fe299a___RS_HL 5938.JPG,Apple
data\raw\apple\Apple___Apple_scab\5dbcba87-93fa-4c21-8abd-bc20c93b359f___FREC_Scab 3258.JPG,Apple
data\raw\apple\Apple___Black_rot\f2b57a5b-f46d-453a-bb33-21d01d8a10de___JR_FrgE.S 3036.JPG,Apple
data\raw\apple\Apple___healthy\525ecf21-2ca1-4939-b258-6002432703aa___RS_HL 7712.JPG,Apple
data\raw\apple\Apple___Apple_scab\45512c84-e453-459c-b12f-1d08ce44001b___FREC_Scab 3072.JPG,Apple
data\raw\apple\Apple___healthy\8fba2297-e4e5-4fab-b41d-d5cb537dc840___RS_HL 6220.JPG,Apple
data\raw\apple\Apple___healthy\c854044d-2c8f-4c16-9601-7183b71e25cc___RS_HL 8047.JPG,Apple
data\raw\apple\Apple___Black_rot\c5a5ffe1-6687-412b-9a06-31c9aee8066b___JR_FrgE.S 3037.JPG,Apple
data\raw\apple\Apple___healthy\e30a5d07-5f6a-459a-a92d-52f86824bd2a___RS_HL 7896.JPG,Apple
data\raw\apple\Apple___Black_rot\a59e57c9-a916-447d-95a0-959f1fb51447___JR_FrgE.S 8819.JPG,Apple
data\raw\apple\Apple___Apple_scab\dd46079c-b12c-4687-9db9-5d45b7f0e510___FREC_Scab 3327.JPG,Apple
data\raw\apple\Apple___Apple_scab\462f0ef8-5460-4f5c-8935-62a204d3fc08___FREC_Scab 2924.JPG,Apple
data\raw\apple\Apple___healthy\1495b096-6249-4f8c-b9e5-37e09fc21d1a___RS_HL 7716.JPG,Apple
data\raw\apple\Apple___healthy\1b7e4b68-0062-410d-a57f-48177145dfb6___RS_HL 7734.JPG,Apple
data\raw\apple\Apple___Black_rot\bf3eaad3-aa22-4425-88f0-339be0f39059___JR_FrgE.S 2933.JPG,Apple
data\raw\apple\Apple___healthy\6bf1bcc0-0e98-4f3c-901d-ab8552f04fdd___RS_HL 7899.JPG,Apple
data\raw\apple\Apple___healthy\77273304-be77-4b74-a4ed-cd42826f4635___RS_HL 8178.JPG,Apple
data\raw\apple\Apple___healthy\edf2aa3e-8736-4931-99dc-4a05252526b6___RS_HL 7710.JPG,Apple
data\raw\apple\Apple___Black_rot\6bda7e61-7fff-42d8-b7f4-e304adde45b8___JR_FrgE.S 2954.JPG,Apple
data\raw\apple\Apple___Apple_scab\b3b884bb-55ff-42dd-81d6-d8260acd4ad5___FREC_Scab 3281.JPG,Apple
data\raw\apple\Apple___healthy\beaa2ead-91d2-46f1-b2a0-f3a3662ee1f0___RS_HL 7676.JPG,Apple
data\raw\apple\Apple___Apple_scab\bf9a1cb3-baa2-42f6-881b-c77864b3019c___FREC_Scab 3189.JPG,Apple
data\raw\apple\Apple___Apple_scab\89888e39-a951-4507-a9c4-193aead90f64___FREC_Scab 3160.JPG,Apple
data\raw\apple\Apple___healthy\735b41f2-e433-4ca1-98eb-85b9af69a7bc___RS_HL 5879.JPG,Apple
data\raw\apple\Apple___Apple_scab\6a61688a-c972-4f8f-b3b7-46fd00264240___FREC_Scab 3271.JPG,Apple
data\raw\apple\Apple___healthy\139ff5a7-102b-4434-b540-eb6930e6d968___RS_HL 7910.JPG,Apple
data\raw\apple\Apple___healthy\3bfeaca2-de0b-4a2c-adc0-06adc87a1386___RS_HL 7425.JPG,Apple
data\raw\apple\Apple___Black_rot\4186abb2-d07c-495c-9596-db575c3f7051___JR_FrgE.S 2891.JPG,Apple
data\raw\apple\Apple___Apple_scab\e3891103-ded4-418f-bae1-91c282a30dcb___FREC_Scab 3159.JPG,Apple
data\raw\apple\Apple___healthy\4c7d424b-d418-4b72-84a9-2a639eabb5ec___RS_HL 5734.JPG,Apple
data\raw\apple\Apple___healthy\6b106a6f-b47f-40a3-8825-f7bfea6163d7___RS_HL 7905.JPG,Apple
data\raw\apple\Apple___healthy\82fa759f-dfdd-40ee-98df-ed232a081ab1___RS_HL 7629.JPG,Apple
data\raw\apple\Apple___Apple_scab\f777466d-15ee-4269-b90c-0d64bd099c0f___FREC_Scab 3409.JPG,Apple
data\raw\apple\Apple___Black_rot\cc0f71b0-af7d-49e2-b7df-a45e97caab2c___JR_FrgE.S 8796.JPG,Apple
data\raw\apple\Apple___healthy\0a02e8cb-b715-497f-a16a-c28b3409f927___RS_HL 7432.JPG,Apple
data\raw\apple\Apple___healthy\65a6866e-a6ea-46d5-a8ca-413f98cd8b7a___RS_HL 5817.JPG,Apple
data\raw\apple\Apple___Apple_scab\88079400-60e9-4317-b917-0bee6c8c16f5___FREC_Scab 3411.JPG,Apple
data\raw\apple\Apple___healthy\c58cad9c-4529-4be6-8c40-d0f10701fe14___RS_HL 5744.JPG,Apple
data\raw\apple\Apple___healthy\d7308460-64d2-4e9e-aa0d-5b4f62d378ef___RS_HL 5802.JPG,Apple
data\raw\apple\Apple___healthy\30995ef5-ad2d-4949-b0e0-f98b074b4a96___RS_HL 7378.JPG,Apple
data\raw\apple\Apple___Black_rot\f24c943a-6339-48a5-bfb0-b866c926dc16___JR_FrgE.S 2931.JPG,Apple
data\raw\apple\Apple___Black_rot\39ab4ac8-5f68-448a-8b1f-dcba2e07d129___JR_FrgE.S 8798.JPG,Apple
data\raw\apple\Apple___Apple_scab\0b1e31fa-cbc0-41ed-9139-c794e6855e82___FREC_Scab 3089.JPG,Apple
data\raw\apple\Apple___Black_rot\b303fd07-e783-4013-90a5-dc989eec371f___JR_FrgE.S 2916.JPG,Apple
data\raw\apple\Apple___Black_rot\559b0b4a-085d-46e6-b924-fce94fb8c375___JR_FrgE.S 2781.JPG,Apple
data\raw\apple\Apple___healthy\d96d3f24-2fb9-4650-8cd4-c58e1a42f18f___RS_HL 8176.JPG,Apple
data\raw\apple\Apple___healthy\e706b363-0bc0-4846-9b56-b7ff2f60e112___RS_HL 5952.JPG,Apple
data\raw\apple\Apple___healthy\c5a85d3c-72bf-4768-9e3c-d6ba6da6e82e___RS_HL 6295.JPG,Apple
data\raw\apple\Apple___healthy\1490daeb-9cfb-4456-bb27-dd836f9e07a6___RS_HL 5959.JPG,Apple
data\raw\apple\Apple___healthy\950e5c9d-49ec-4c5c-af23-69efff18f8a6___RS_HL 5749.JPG,Apple
data\raw\apple\Apple___Apple_scab\5345e6fb-1829-457f-ac86-6683d762c9ea___FREC_Scab 3482.JPG,Apple
data\raw\apple\Apple___healthy\879e60c7-fa8a-421d-ad5d-06a43fa2ae89___RS_HL 7634.JPG,Apple
data\raw\apple\Apple___healthy\d6aa67d8-1597-4c78-ae39-a6dcad5de6b2___RS_HL 6188.JPG,Apple
data\raw\apple\Apple___healthy\314b2ac4-0d06-4940-8517-0d4c1072acbf___RS_HL 5929.JPG,Apple
data\raw\apple\Apple___healthy\36cc892a-a8de-4547-939d-6dcaf2a8f179___RS_HL 7553.JPG,Apple
data\raw\apple\Apple___Apple_scab\a8037811-6ce4-4611-ace1-1b6492374135___FREC_Scab 3126.JPG,Apple
data\raw\apple\Apple___Apple_scab\13f31401-f65a-4025-823a-4f2738e8bff9___FREC_Scab 3062.JPG,Apple
data\raw\apple\Apple___Apple_scab\9a544639-1fc6-4c45-88e4-3049c2bc0814___FREC_Scab 3439.JPG,Apple
data\raw\apple\Apple___Black_rot\6b078700-56e6-4d25-a18a-b7b90741a2d3___JR_FrgE.S 2963.JPG,Apple
data\raw\apple\Apple___Black_rot\a3fddb87-e0d3-4ebb-8a5e-2b7bc9c33ee8___JR_FrgE.S 3084.JPG,Apple
data\raw\apple\Apple___Apple_scab\6d6f5a72-4c92-4163-b3dc-9a8f74f9edb7___FREC_Scab 3480.JPG,Apple
data\raw\apple\Apple___healthy\238ba7d8-807f-4af5-8524-5259b80cff9e___RS_HL 8119.JPG,Apple
data\raw\apple\Apple___healthy\f33146e2-5f03-4bb7-ace6-0ebdf535d6e7___RS_HL 6214.JPG,Apple
data\raw\apple\Apple___healthy\f09b090f-bff1-4fc9-87ad-1b9e05373698___RS_HL 6035.JPG,Apple
data\raw\apple\Apple___Apple_scab\44dbb7a4-4c41-4d4c-9e34-9e665a35926c___FREC_Scab 3438.JPG,Apple
data\raw\apple\Apple___Black_rot\2d30e157-5cd6-4827-85ee-4c3c5f05725e___JR_FrgE.S 3080.JPG,Apple
data\raw\apple\Apple___Apple_scab\550b0aab-e777-4942-a186-fc910e0fa89b___FREC_Scab 3253.JPG,Apple
data\raw\apple\Apple___healthy\faf64a07-ea03-429d-b41d-2a87d2dd066a___RS_HL 5957.JPG,Apple
data\raw\apple\Apple___Black_rot\953017bf-0b57-4fd9-a696-3fb00aa84c24___JR_FrgE.S 8590.JPG,Apple
data\raw\apple\Apple___healthy\3c469e15-452e-4332-9f4b-93104f32d5e9___RS_HL 7954.JPG,Apple
data\raw\apple\Apple___healthy\43619607-151e-41c1-b428-89f24c177515___RS_HL 5723.JPG,Apple
data\raw\apple\Apple___Apple_scab\61373045-a7a5-4213-94fb-7d81638d5561___FREC_Scab 3430.JPG,Apple
data\raw\apple\Apple___Black_rot\73b7ad12-02d0-4775-8f51-c7d404177132___JR_FrgE.S 2969.JPG,Apple
data\raw\apple\Apple___healthy\7b0dc46f-4bfd-4329-85a3-06db12434d3a___RS_HL 7603.JPG,Apple
data\raw\apple\Apple___Black_rot\a2eb846a-da47-4d4d-97db-d954a20bb22a___JR_FrgE.S 2868.JPG,Apple
data\raw\apple\Apple___healthy\6d276438-7f26-4b65-b425-a18ce241ab04___RS_HL 6050.JPG,Apple
data\raw\apple\Apple___healthy\2abb295b-31c5-4e5f-b5c7-94ca57e94305___RS_HL 6277.JPG,Apple
data\raw\apple\Apple___healthy\4c368acb-0a47-4c7f-84bd-29dc74660db9___RS_HL 5800.JPG,Apple
data\raw\apple\Apple___healthy\75ab3bb8-40ec-4292-9c61-deaa6fcf71f0___RS_HL 8054.JPG,Apple
data\raw\apple\Apple___healthy\130a93b4-92ca-4883-b003-37954a929dbf___RS_HL 7855.JPG,Apple
data\raw\apple\Apple___healthy\ddbedf65-df68-476a-b6d5-c2b72d5e9b0b___RS_HL 5753.JPG,Apple
data\raw\apple\Apple___Apple_scab\c0f4f71a-8f53-4a0a-816f-d400a445680a___FREC_Scab 3459.JPG,Apple
data\raw\apple\Apple___Apple_scab\63e1d796-f00e-4c24-9871-2eae6f9c9ced___FREC_Scab 3078.JPG,Apple
data\raw\apple\Apple___healthy\ac41e650-367c-4a74-b26e-0a983bc1223b___RS_HL 7743.JPG,Apple
data\raw\apple\Apple___Apple_scab\ba94f188-df0b-41fd-94e3-f0ed4924e23e___FREC_Scab 3102.JPG,Apple
data\raw\apple\Apple___healthy\3d075f90-7002-4c45-abc0-4f35ee49aa79___RS_HL 6272.JPG,Apple
data\raw\apple\Apple___Apple_scab\133c27cd-57f6-4790-b446-972327e13194___FREC_Scab 3362.JPG,Apple
data\raw\apple\Apple___healthy\603b96cc-3237-4ddf-97b9-11ddbf4840f0___RS_HL 7598.JPG,Apple
data\raw\apple\Apple___healthy\2a986e85-7e83-443a-871e-c590d5a25845___RS_HL 6000.JPG,Apple
data\raw\apple\Apple___healthy\49c357ef-7887-43d3-a478-85486e70e2d3___RS_HL 5656.JPG,Apple
data\raw\apple\Apple___healthy\7f7a6126-8b21-49fd-8880-25ffd0234302___RS_HL 6027.JPG,Apple
data\raw\apple\Apple___healthy\cfde002c-0d87-4ccd-ab55-f14b47941e34___RS_HL 7424.JPG,Apple
data\raw\apple\Apple___healthy\04d4f065-5cb8-4122-b479-d1362d007276___RS_HL 7719.JPG,Apple
data\raw\apple\Apple___Apple_scab\2d5265d2-be99-4e9f-a085-d309cc01b751___FREC_Scab 3023.JPG,Apple
data\raw\apple\Apple___healthy\036e9351-118e-4795-9f80-74c369b98c88___RS_HL 7513.JPG,Apple
data\raw\apple\Apple___healthy\82aeb30f-575f-46d5-b653-408c3cf5e553___RS_HL 7566.JPG,Apple
data\raw\apple\Apple___healthy\4b186022-c0ab-4a26-9930-c7944a3c431e___RS_HL 7389.JPG,Apple
data\raw\apple\Apple___Apple_scab\f27fd3ff-a3b7-486a-883c-f91488883555___FREC_Scab 3158.JPG,Apple
data\raw\apple\Apple___healthy\c8fe407d-1806-41a1-9fee-0c7d2c538fba___RS_HL 6166.JPG,Apple
data\raw\apple\Apple___healthy\a4c37f29-8f5a-4a06-b6c4-367d523d452a___RS_HL 7374.JPG,Apple
data\raw\apple\Apple___Black_rot\b0fce660-5598-4007-b8d0-7cbd643edb9e___JR_FrgE.S 2851.JPG,Apple
data\raw\apple\Apple___healthy\19b3dc29-de7d-46e8-af14-7451d779f424___RS_HL 7373.JPG,Apple
data\raw\apple\Apple___Black_rot\47c17d6e-07d4-4523-978e-495edff13b00___JR_FrgE.S 3068.JPG,Apple
data\raw\apple\Apple___healthy\87c49c13-8b4f-40c8-b624-57c19e6e51e9___RS_HL 5811.JPG,Apple
data\raw\apple\Apple___Black_rot\ecfabcf4-106e-4357-8058-948dcb2f4798___JR_FrgE.S 8821.JPG,Apple
data\raw\apple\Apple___healthy\ab4fd2f9-da8a-4fe7-9634-50be1efa0730___RS_HL 7714.JPG,Apple
data\raw\apple\Apple___Apple_scab\9efcd800-e927-4595-8eb8-26d36524242a___FREC_Scab 3026.JPG,Apple
data\raw\apple\Apple___Apple_scab\fd3ae59f-e06e-403b-b317-83ee68aa9ea7___FREC_Scab 3492.JPG,Apple
data\raw\apple\Apple___healthy\efcddd81-0718-4555-ac8f-f417cc6e6280___RS_HL 7912.JPG,Apple
data\raw\apple\Apple___healthy\6b11324f-6b70-40d7-9cd2-f7d36b0c69cd___RS_HL 7431.JPG,Apple
data\raw\apple\Apple___healthy\1f2ffb52-a697-43fc-a0d0-609d30e33bfe___RS_HL 6010.JPG,Apple
data\raw\apple\Apple___healthy\9ece0a35-9af4-4974-acad-2aa973badf17___RS_HL 8129.JPG,Apple
data\raw\apple\Apple___healthy\a64b16af-0fb8-4c07-a4d3-b3f87e33d6ca___RS_HL 5795.JPG,Apple
data\raw\apple\Apple___Apple_scab\b67039ac-fa02-4db5-9aad-a429c329263f___FREC_Scab 3435.JPG,Apple
data\raw\apple\Apple___healthy\62c6270f-9667-492e-be5b-ee599927718a___RS_HL 7671.JPG,Apple
data\raw\apple\Apple___healthy\be0f61c7-6307-4492-8a2c-50987ca6890e___RS_HL 7403.JPG,Apple
data\raw\apple\Apple___healthy\f9368405-e343-4423-8288-9b7112352b16___RS_HL 5833.JPG,Apple
data\raw\apple\Apple___healthy\5c554f84-2f25-4a08-8cd9-561a0c56fc12___RS_HL 5820.JPG,Apple
data\raw\apple\Apple___healthy\0ebf06b5-7471-42d7-b8d6-5a53127f90f3___RS_HL 8163.JPG,Apple
data\raw\apple\Apple___Apple_scab\7dbdcba3-395b-413e-bc22-cd0d0e11a1c9___FREC_Scab 3363.JPG,Apple
data\raw\apple\Apple___Black_rot\70336f72-8835-40a2-8635-22b60104c19a___JR_FrgE.S 8656.JPG,Apple
data\raw\apple\Apple___healthy\1b9f5fe1-6d06-4ff6-a35d-3155f623e4fb___RS_HL 6228.JPG,Apple
data\raw\apple\Apple___healthy\cd320898-881e-4546-86fe-dd8676a88db8___RS_HL 7516.JPG,Apple
data\raw\apple\Apple___healthy\bf5065ab-8a95-42b7-a914-60c43973ac47___RS_HL 5827.JPG,Apple
data\raw\apple\Apple___healthy\d06d7e4c-e0d4-4f03-8f9d-004405a19f2b___RS_HL 5986.JPG,Apple
data\raw\apple\Apple___healthy\3969a6d5-f626-4a6a-bc72-3d38d1cff967___RS_HL 6092.JPG,Apple
data\raw\apple\Apple___healthy\8fd3cfbd-fbca-4c33-a2a7-1e7ecc71ec9e___RS_HL 6091.JPG,Apple
data\raw\apple\Apple___Black_rot\337ea111-17e2-470d-8fae-1fe8c61c13dc___JR_FrgE.S 2985.JPG,Apple
data\raw\apple\Apple___healthy\44acd453-48a7-48db-997a-34b00a4d437a___RS_HL 7892.JPG,Apple
data\raw\apple\Apple___healthy\1a219a0d-defa-4ed1-8878-e3f6aeac847b___RS_HL 6046.JPG,Apple
data\raw\apple\Apple___Apple_scab\64863bd8-baca-47b6-b07b-516df2659919___FREC_Scab 3149.JPG,Apple
data\raw\apple\Apple___Apple_scab\276ed34e-9987-4b38-b83b-8626504fc204___FREC_Scab 3050.JPG,Apple
data\raw\apple\Apple___Black_rot\e6ea57b6-04c9-4873-83d5-f6d859d54dbb___JR_FrgE.S 2848.JPG,Apple
data\raw\apple\Apple___healthy\d6daf7ae-43ab-4a27-a881-8b716d6c55a1___RS_HL 5845.JPG,Apple
data\raw\apple\Apple___healthy\8293f7a8-cfde-4dea-be03-8d750b133e30___RS_HL 7440.JPG,Apple
data\raw\apple\Apple___healthy\188d8d1c-a33a-4513-b97f-466135939339___RS_HL 8151.JPG,Apple
data\raw\apple\Apple___healthy\de9e2aa0-cc3c-4771-bf19-15ac01a4cd25___RS_HL 5819.JPG,Apple
data\raw\apple\Apple___Black_rot\64577b36-9701-43be-a559-10f787f2d185___JR_FrgE.S 8611.JPG,Apple
data\raw\apple\Apple___healthy\1b36926c-faee-4b6c-9f66-26d1377b9a78___RS_HL 7662.JPG,Apple
data\raw\apple\Apple___healthy\fdc0d1ae-70a8-40a6-aab8-2be6c10391a6___RS_HL 8145.JPG,Apple
data\raw\apple\Apple___Apple_scab\d66bf6da-1199-4f2b-9776-8cbc4529b268___FREC_Scab 3157.JPG,Apple
data\raw\apple\Apple___Black_rot\eb042f74-2761-4e00-b8ae-759aa4029738___JR_FrgE.S 3078.JPG,Apple
data\raw\apple\Apple___healthy\ae67e27b-7937-4094-9263-580fcff3718d___RS_HL 7663.JPG,Apple
data\raw\apple\Apple___healthy\41628932-5547-443e-8659-ed8ad6be820e___RS_HL 5711.JPG,Apple
data\raw\apple\Apple___Black_rot\07dbfcca-71aa-4c14-b895-60dfb63f701d___JR_FrgE.S 3063.JPG,Apple
data\raw\apple\Apple___Black_rot\f872ce63-a162-44bd-84ac-c7d89c485457___JR_FrgE.S 8701.JPG,Apple
data\raw\apple\Apple___healthy\8ef4c6f0-d4fd-4d4c-bc4d-525b6b74b19a___RS_HL 7786.JPG,Apple
data\raw\apple\Apple___Apple_scab\35694cb9-efe9-441a-a810-13e065de7925___FREC_Scab 3320.JPG,Apple
data\raw\apple\Apple___healthy\8a5ead41-d268-4bc8-867e-036f90f3d99c___RS_HL 7771.JPG,Apple
data\raw\apple\Apple___Apple_scab\cc729eed-8d8e-4a23-9b27-db78e418543d___FREC_Scab 3092.JPG,Apple
data\raw\apple\Apple___Black_rot\f3297583-9150-42fd-a2f4-1a9e7109e240___JR_FrgE.S 2967.JPG,Apple
data\raw\apple\Apple___healthy\7ac83dd1-c411-4348-82d9-f59abcf75924___RS_HL 7245.JPG,Apple
data\raw\apple\Apple___Apple_scab\7308b9c4-3408-48ff-bd4a-b07350421e60___FREC_Scab 3508.JPG,Apple
data\raw\apple\Apple___healthy\0f78db5b-0775-4132-b7d6-6a5eb5f4682a___RS_HL 6006.JPG,Apple
data\raw\apple\Apple___Apple_scab\2f668a95-80ab-40ac-98ef-657bd85b668b___FREC_Scab 3247.JPG,Apple
data\raw\apple\Apple___healthy\3a80eee6-d03a-4ac9-8f73-5f251f568840___RS_HL 5935.JPG,Apple
data\raw\apple\Apple___Apple_scab\5b74fa7a-008d-42b2-b8c0-07bd4642153a___FREC_Scab 3162.JPG,Apple
data\raw\apple\Apple___healthy\f0cc8fe8-a9ec-42bb-83b7-274f8f5f00f0___RS_HL 7940.JPG,Apple
data\raw\apple\Apple___healthy\0756094c-e815-4897-8b74-5ec4e4cc59b6___RS_HL 7956.JPG,Apple
data\raw\apple\Apple___healthy\063d4c39-48ee-4c1a-903a-fe1d8da621e1___RS_HL 7694.JPG,Apple
data\raw\apple\Apple___healthy\ba0769ee-18a8-4250-b5c3-d7cfbb1ea0ac___RS_HL 6205.JPG,Apple
data\raw\apple\Apple___Black_rot\a2d0df69-e2ee-4b7b-8b48-051027a83258___JR_FrgE.S 2936.JPG,Apple
data\raw\apple\Apple___healthy\02d0257a-d21a-43a4-9348-472043df801e___RS_HL 6065.JPG,Apple
data\raw\apple\Apple___healthy\f43cffa7-756c-40c1-ad67-8924692019a1___RS_HL 6187.JPG,Apple
data\raw\apple\Apple___healthy\fea00538-32c3-4876-8833-40652becc30c___RS_HL 5761.JPG,Apple
data\raw\apple\Apple___healthy\80392195-3a5e-4331-b824-5cd0e2dcc69d___RS_HL 5987.JPG,Apple
data\raw\apple\Apple___healthy\13227870-bd81-48a1-97a0-8c5bcecef8f7___RS_HL 7452.JPG,Apple
data\raw\apple\Apple___healthy\1017bf7f-5a1e-459e-af55-c9a0f83f1b23___RS_HL 5868.JPG,Apple
data\raw\apple\Apple___healthy\45584571-03d6-40eb-909e-00c752a4d66e___RS_HL 5803.JPG,Apple
data\raw\apple\Apple___healthy\4bfc8d18-abd9-473f-b581-22283574686d___RS_HL 8088.JPG,Apple
data\raw\apple\Apple___Black_rot\ddbcb13e-0263-4881-9e1b-6f00d67f7217___JR_FrgE.S 8683.JPG,Apple
data\raw\apple\Apple___healthy\8159ee63-0c79-4987-8d1d-42471d4e8b90___RS_HL 7508.JPG,Apple
data\raw\apple\Apple___Black_rot\fb9d8933-5a5b-4553-a75e-dc50efc35975___JR_FrgE.S 8686.JPG,Apple
data\raw\apple\Apple___Apple_scab\84ef6106-d401-44fb-a5c9-be5ef93cb4e7___FREC_Scab 2921.JPG,Apple
data\raw\apple\Apple___healthy\6224ac4b-d395-4137-974b-e945c5655dbe___RS_HL 5960.JPG,Apple
data\raw\apple\Apple___healthy\c337df55-148e-41c6-8739-e7c87ec1b32e___RS_HL 6276.JPG,Apple
data\raw\apple\Apple___healthy\ff716adb-c699-4135-a62f-dfd35184a6bf___RS_HL 5875.JPG,Apple
data\raw\apple\Apple___healthy\5ba92c8d-c731-436f-9d77-5685ec780f5f___RS_HL 8120.JPG,Apple
data\raw\apple\Apple___healthy\11beda66-01e9-4bfd-be37-c0f8646d1478___RS_HL 6271.JPG,Apple
data\raw\apple\Apple___healthy\3b471f38-5b31-4f0c-83de-1ac26c92f63f___RS_HL 7408.JPG,Apple
data\raw\apple\Apple___Black_rot\b435d2d9-20c4-47cf-8420-2aa6c0ddd04a___JR_FrgE.S 8742.JPG,Apple
data\raw\apple\Apple___healthy\7e582ef9-de24-4f2d-bfd7-a9c79dd4fb1f___RS_HL 5881.JPG,Apple
data\raw\apple\Apple___Black_rot\f3f1e50a-4e84-4147-b10c-09283a2feddd___JR_FrgE.S 8713.JPG,Apple
data\raw\apple\Apple___Apple_scab\24d43ad3-24e6-4236-8ef7-59b268520ca3___FREC_Scab 3533.JPG,Apple
data\raw\apple\Apple___healthy\ab3bb73a-9828-4951-89c1-44a47e980ca2___RS_HL 7695.JPG,Apple
data\raw\apple\Apple___healthy\017fd21b-142f-4988-849a-5fd316ea9a1b___RS_HL 6279.JPG,Apple
data\raw\apple\Apple___Black_rot\90af12e6-8764-4cb5-9f88-ac1fa8b337c0___JR_FrgE.S 2738.JPG,Apple
data\raw\apple\Apple___healthy\0fef497f-8fc7-45ee-ad1c-f4e9237fdaf4___RS_HL 7283.JPG,Apple
data\raw\apple\Apple___Apple_scab\5c0af4dd-f185-4fc9-ae2c-a697a235d660___FREC_Scab 2955.JPG,Apple
data\raw\apple\Apple___healthy\99b7cd44-a359-45f7-98e0-155aa8f44eec___RS_HL 5728.JPG,Apple
data\raw\apple\Apple___healthy\d509b6e5-a4b7-49c8-ac55-c06c8dab3005___RS_HL 7626.JPG,Apple
data\raw\apple\Apple___Black_rot\ec91d717-d4b1-41a1-9477-f646db7a39f9___JR_FrgE.S 8709.JPG,Apple
data\raw\apple\Apple___Apple_scab\32550bbb-cdf1-4805-8167-27dc5a8e87d2___FREC_Scab 3195.JPG,Apple
data\raw\apple\Apple___Black_rot\668dfffb-b15e-4226-92fb-d7a2795821e0___JR_FrgE.S 2794.JPG,Apple
data\raw\apple\Apple___healthy\ae0a8f1e-235b-4fd9-980f-58d486951875___RS_HL 6244.JPG,Apple
data\raw\apple\Apple___Black_rot\f83c1286-8bdb-48e6-ac8f-bd8a5209afc7___JR_FrgE.S 3001.JPG,Apple
data\raw\apple\Apple___healthy\013b7c70-5e3b-42b7-86af-167815a5b04f___RS_HL 7480.JPG,Apple
data\raw\apple\Apple___Apple_scab\eb3fa649-d717-4769-9f69-57f88c166455___FREC_Scab 3387.JPG,Apple
data\raw\apple\Apple___healthy\0b91573d-d0f3-4e57-b7e5-e1924f537f0e___RS_HL 6216.JPG,Apple
data\raw\apple\Apple___healthy\0802be25-38cf-4c85-bc3b-31988cafadcd___RS_HL 8084.JPG,Apple
data\raw\apple\Apple___Black_rot\90939c76-a197-49cd-b8cc-37f096cbaa97___JR_FrgE.S 3044.JPG,Apple
data\raw\apple\Apple___Apple_scab\4bb38e05-1d5a-40c6-8638-10db134db682___FREC_Scab 3390.JPG,Apple
data\raw\apple\Apple___healthy\afc0668a-0e88-4fa3-a91b-acf3f54551d7___RS_HL 7800.JPG,Apple
data\raw\apple\Apple___healthy\4aa3b2bb-1bd4-410a-bf6b-09862798bf88___RS_HL 6148.JPG,Apple
data\raw\apple\Apple___healthy\123de292-f902-404e-bfc9-3f248342f418___RS_HL 7542.JPG,Apple
data\raw\apple\Apple___healthy\e1feed76-9ae7-449b-8c58-aebd806c680b___RS_HL 8034.JPG,Apple
data\raw\apple\Apple___healthy\238b94a0-eed1-4c28-8396-2de2e7247f72___RS_HL 8107.JPG,Apple
data\raw\apple\Apple___healthy\2381a136-3832-4e59-a7d6-9fe4702ef0a0___RS_HL 7580.JPG,Apple
data\raw\apple\Apple___healthy\0d01a8a3-9faa-4a1f-afe0-be6bffa42056___RS_HL 6204.JPG,Apple
data\raw\apple\Apple___healthy\723a658e-85ee-431c-bfe7-a411686bd528___RS_HL 6074.JPG,Apple
data\raw\apple\Apple___healthy\ba33103e-1321-43f0-8a86-6d5e014c0755___RS_HL 8166.JPG,Apple
data\raw\apple\Apple___Black_rot\2aa2ed70-b0b7-4d30-9c84-f6ded6a03fc2___JR_FrgE.S 8739.JPG,Apple
data\raw\apple\Apple___healthy\b2187f22-a9bf-47e1-8b92-b12af779833f___RS_HL 5944.JPG,Apple
data\raw\apple\Apple___Black_rot\a157b760-a19d-4e6b-a319-29b63106de45___JR_FrgE.S 2751.JPG,Apple
data\raw\apple\Apple___healthy\1ab74120-9cfd-47dd-9a80-ee37f2328be6___RS_HL 7667.JPG,Apple
data\raw\apple\Apple___healthy\a88f01ad-8550-49f1-9757-e9e9649d81b2___RS_HL 7360.JPG,Apple
