image_path,clean_class
data\raw\potato\Potato___Late_blight\68882ae5-79b6-4681-9e06-af8ae5999779___RS_LB 3952.JPG,Late Blight
data\raw\potato\Potato___Late_blight\94ebce3c-2945-44a4-aa81-1abe8e4beea2___RS_LB 3953.JPG,Late Blight
data\raw\potato\Potato___Late_blight\d42061d8-9da0-4190-8dd0-d3629f0cfa53___RS_LB 3954.JPG,Late Blight
data\raw\potato\Potato___Late_blight\e0c879c8-ebf3-43d0-9693-7a747fb5ba75___RS_LB 3956.JPG,Late Blight
data\raw\potato\Potato___Late_blight\55fa97d3-71b6-4487-9757-f9195f97ba5a___RS_LB 4047.JPG,Late Blight
data\raw\potato\Potato___Late_blight\5c1c57f6-6aff-4bba-892e-43ff02311c3f___RS_LB 4046.JPG,Late Blight
data\raw\potato\Potato___Late_blight\9fa8f0a5-50ba-41d9-8132-077a807fcf86___RS_LB 4045.JPG,Late Blight
data\raw\potato\Potato___Late_blight\f5cf6151-96d1-49bb-af1b-fa6026d749e8___RS_LB 4048.JPG,Late Blight
data\raw\potato\Potato___Early_blight\32c3bd85-3b12-4051-9185-12d39caaf94f___RS_Early.B 6684.JPG,Early Blight
data\raw\potato\Potato___Early_blight\510146c8-7368-4acc-847d-523f55b3d424___RS_Early.B 6678.JPG,Early Blight
data\raw\potato\Potato___Early_blight\7248171d-98a5-4bf0-9a8d-5c5a8820eba9___RS_Early.B 6680.JPG,Early Blight
data\raw\potato\Potato___Early_blight\7dc2fac8-c581-4b69-9f54-dbe7d838956c___RS_Early.B 6677.JPG,Early Blight
data\raw\potato\Potato___Early_blight\232c8d25-3bfe-41ea-b24f-2b3629a0253a___RS_Early.B 9200.JPG,Early Blight
data\raw\potato\Potato___Early_blight\450b4a32-39ae-4daa-aeb6-87559afb0b42___RS_Early.B 9202.JPG,Early Blight
data\raw\potato\Potato___Early_blight\4849de96-2e26-4c8d-8944-bd9e8edee5d8___RS_Early.B 9196.JPG,Early Blight
data\raw\potato\Potato___Early_blight\e6693b54-623a-4323-aa79-3e0fc3c07288___RS_Early.B 9198.JPG,Early Blight
data\raw\potato\Potato___Early_blight\8ee79bf1-78d0-4c93-b42c-301d54e64f41___RS_Early.B 8388.JPG,Early Blight
data\raw\potato\Potato___Early_blight\c4b16bb7-f358-4010-a04c-10206bad02e9___RS_Early.B 8391.JPG,Early Blight
data\raw\potato\Potato___Early_blight\cfd3112d-e376-4b82-bc06-de0bfba0ab41___RS_Early.B 8389.JPG,Early Blight
data\raw\potato\Potato___Early_blight\dcdcc724-b029-4987-9d12-ccc8893ac6b4___RS_Early.B 8387.JPG,Early Blight
data\raw\potato\Potato___Early_blight\20421747-c083-48a1-aed5-b1097ae50491___RS_Early.B 8203.JPG,Early Blight
data\raw\potato\Potato___Early_blight\4bac4925-72ff-43e7-8726-5e2126c6c30d___RS_Early.B 8206.JPG,Early Blight
data\raw\potato\Potato___Early_blight\5fd6c76a-1e89-4991-9991-2b61670d5175___RS_Early.B 8208.JPG,Early Blight
data\raw\potato\Potato___Early_blight\fba7a41d-25df-4a1c-93d1-98d62e3376e0___RS_Early.B 8207.JPG,Early Blight
data\raw\potato\Potato___Late_blight\5e8203e5-b699-4d5a-acb5-08a5f06ee984___RS_LB 5291.JPG,Late Blight
data\raw\potato\Potato___Late_blight\80a20af8-9759-4c07-8d0c-d48edc9925c6___RS_LB 5289.JPG,Late Blight
data\raw\potato\Potato___Late_blight\b0eebb8f-c322-4b56-8897-2cc98d474440___RS_LB 5286.JPG,Late Blight
data\raw\potato\Potato___Late_blight\dd9b9122-fd29-4986-9dc3-330d4a48ccc3___RS_LB 5290.JPG,Late Blight
data\raw\potato\Potato___healthy\4bbccfb6-5720-4c80-9b37-0c3ed8999c9f___RS_HL 1791.JPG,Healthy
data\raw\potato\Potato___healthy\57c2663b-5d1d-4476-b067-38b2149c3b2d___RS_HL 1796.JPG,Healthy
data\raw\potato\Potato___healthy\5cb360dd-5c17-4c57-b31d-97cd8dd8d0bd___RS_HL 1797.JPG,Healthy
data\raw\potato\Potato___healthy\bf2bffbb-cd8f-4d36-bd58-847808397c75___RS_HL 1786.JPG,Healthy
data\raw\potato\Potato___Late_blight\c6c8843f-6b36-472a-9a87-bf1a235e08b6___RS_LB 5136.JPG,Late Blight
data\raw\potato\Potato___Late_blight\d994fd7e-a338-42c5-ac37-ede01c18999e___RS_LB 5134.JPG,Late Blight
data\raw\potato\Potato___Late_blight\e465af98-028c-4222-b300-d9688b613d89___RS_LB 5137.JPG,Late Blight
data\raw\potato\Potato___Late_blight\fe93615b-4160-4956-a65c-cdbc79af2052___RS_LB 5131.JPG,Late Blight
data\raw\potato\Potato___Early_blight\283134dd-8b32-447e-8e82-547d3b69f4d4___RS_Early.B 7494.JPG,Early Blight
data\raw\potato\Potato___Early_blight\2f81d148-c62f-4d3c-baf4-72b77abea41a___RS_Early.B 7493.JPG,Early Blight
data\raw\potato\Potato___Early_blight\a8933319-d98e-4e71-a2ac-e22f7e1bca08___RS_Early.B 7499.JPG,Early Blight
data\raw\potato\Potato___Early_blight\b5127f55-debe-459a-98e5-4629750f9c38___RS_Early.B 7496.JPG,Early Blight
data\raw\potato\Potato___Late_blight\5b12fde1-fe3a-49fe-8430-479775018322___RS_LB 3071.JPG,Late Blight
data\raw\potato\Potato___Late_blight\9f9623f9-e632-4342-b698-95a0521953f9___RS_LB 3068.JPG,Late Blight
data\raw\potato\Potato___Late_blight\e6d7f5aa-d176-4e43-9e0c-afc2901442f6___RS_LB 3066.JPG,Late Blight
data\raw\potato\Potato___Late_blight\f9d861a9-0217-4de2-844f-fd23ccaa9def___RS_LB 3067.JPG,Late Blight
data\raw\potato\Potato___Late_blight\265e32dc-44f3-40f8-8c5d-8bc223dd0f52___RS_LB 4859.JPG,Late Blight
data\raw\potato\Potato___Late_blight\6750f885-4754-4e76-91d0-a5e77c86e9fd___RS_LB 4865.JPG,Late Blight
data\raw\potato\Potato___Late_blight\d94eae91-7d2e-4394-b892-8c8c7fa9cf11___RS_LB 4864.JPG,Late Blight
data\raw\potato\Potato___Late_blight\e2d4d58b-8754-4c63-b888-8355ddbcb989___RS_LB 4863.JPG,Late Blight
data\raw\potato\Potato___Early_blight\2d149f7a-4b0a-40a6-8d0b-1d1f14e5e696___RS_Early.B 9143.JPG,Early Blight
data\raw\potato\Potato___Early_blight\769b00f1-f5cf-4dee-a2c6-6e97414450f6___RS_Early.B 9149.JPG,Early Blight
data\raw\potato\Potato___Early_blight\d4cd2357-1142-4f0c-8c44-201241a27573___RS_Early.B 9146.JPG,Early Blight
data\raw\potato\Potato___Early_blight\dbe05365-9166-45f7-94cf-cefca787215a___RS_Early.B 9144.JPG,Early Blight
data\raw\potato\Potato___Late_blight\0f1fb568-1b12-45ef-ad99-c59fa9075693___RS_LB 3242.JPG,Late Blight
data\raw\potato\Potato___Late_blight\3d544e81-b7f3-4853-bb65-c78b125d1a6a___RS_LB 3238.JPG,Late Blight
data\raw\potato\Potato___Late_blight\ae966e38-73b3-47c1-9421-20ac2f570f46___RS_LB 3240.JPG,Late Blight
data\raw\potato\Potato___Late_blight\c3cd2ad3-174e-48b4-a7a5-ce63be745fd5___RS_LB 3243.JPG,Late Blight
data\raw\potato\Potato___Late_blight\0201bf8e-27e3-4c92-ae97-2fb4f665b5d3___RS_LB 4320.JPG,Late Blight
data\raw\potato\Potato___Late_blight\2577b25b-c0ac-442b-8093-42e6490bad1e___RS_LB 4319.JPG,Late Blight
data\raw\potato\Potato___Late_blight\4a5c555b-3f00-4553-b6a4-3be268969d7f___RS_LB 4323.JPG,Late Blight
data\raw\potato\Potato___Late_blight\c77d14df-faac-47e9-97e1-fc84a7aa6e74___RS_LB 4322.JPG,Late Blight
data\raw\potato\Potato___Early_blight\12826416-efc5-49d3-b615-731629c95435___RS_Early.B 7215.JPG,Early Blight
data\raw\potato\Potato___Early_blight\422fa1a6-d0f7-4634-9233-0d002ff139ae___RS_Early.B 7218.JPG,Early Blight
data\raw\potato\Potato___Early_blight\53257270-67b3-4408-aaec-abbd9f5f19f0___RS_Early.B 7212.JPG,Early Blight
data\raw\potato\Potato___Early_blight\5ada96db-43de-4510-8c10-eaaebb106c0c___RS_Early.B 7216.JPG,Early Blight
data\raw\potato\Potato___Late_blight\377e9523-f375-4c0c-9d66-5abf2abfaefb___RS_LB 2504.JPG,Late Blight
data\raw\potato\Potato___Late_blight\4afd8bf6-0e1e-4a85-a576-1e8995c88d5c___RS_LB 2505.JPG,Late Blight
data\raw\potato\Potato___Late_blight\ea2bb076-a483-4570-88ac-8ab236d4bb92___RS_LB 2503.JPG,Late Blight
data\raw\potato\Potato___Late_blight\f973bbe0-ce70-4215-8d5b-9e7adc099261___RS_LB 2507.JPG,Late Blight
data\raw\potato\Potato___Early_blight\495e73a1-0f61-43a6-b539-d7f74e3fbf71___RS_Early.B 8245.JPG,Early Blight
data\raw\potato\Potato___Early_blight\7a8f295d-dc08-4a25-ba7a-28995729b6b6___RS_Early.B 8243.JPG,Early Blight
data\raw\potato\Potato___Early_blight\c777a0ce-5d2b-4e87-8cc4-d5f8847a4553___RS_Early.B 8239.JPG,Early Blight
data\raw\potato\Potato___Early_blight\fdc1f5ed-66b5-4564-8957-055905b8a569___RS_Early.B 8244.JPG,Early Blight
data\raw\potato\Potato___healthy\2ccb9ee9-faac-4d32-9af5-29497fa2e028___RS_HL 1837.JPG,Healthy
data\raw\potato\Potato___healthy\dbe4f332-9189-4b76-b30c-f0c9a55e48d3___RS_HL 1841.JPG,Healthy
data\raw\potato\Potato___healthy\e1b49d1b-165b-4f4e-8a30-735e62bc39c5___RS_HL 1839.JPG,Healthy
data\raw\potato\Potato___healthy\f5bd2732-197b-4d8e-bb50-a4966dc416f5___RS_HL 1840.JPG,Healthy
data\raw\potato\Potato___Early_blight\31d5d932-9eb3-45d1-bc85-40ef64d7a688___RS_Early.B 7255.JPG,Early Blight
data\raw\potato\Potato___Early_blight\477c3ef0-ab1e-44fb-852d-6b3ce74c93a2___RS_Early.B 7257.JPG,Early Blight
data\raw\potato\Potato___Early_blight\4b484f0f-82dc-45d1-a5b6-72c8a6a96323___RS_Early.B 7262.JPG,Early Blight
data\raw\potato\Potato___Early_blight\7fb3dc5c-f90b-46fe-8eb6-2d21038976ff___RS_Early.B 7256.JPG,Early Blight
data\raw\potato\Potato___Early_blight\13cfb9dc-8951-44c0-8c16-e96fd6ccc659___RS_Early.B 7070.JPG,Early Blight
data\raw\potato\Potato___Early_blight\1a77c047-7ed8-4f02-bfaf-a19e7a67c3dd___RS_Early.B 7076.JPG,Early Blight
data\raw\potato\Potato___Early_blight\8df7a062-73d6-468e-8354-baa641dd69b3___RS_Early.B 7072.JPG,Early Blight
data\raw\potato\Potato___Early_blight\d5c51ec6-506e-4b85-b774-66f6a5493c90___RS_Early.B 7071.JPG,Early Blight
data\raw\potato\Potato___Late_blight\7b32b8b9-6b65-44e6-a3e5-edd7a5d62ec4___RS_LB 4142.JPG,Late Blight
data\raw\potato\Potato___Late_blight\87681326-2843-4e63-9042-602b08a98a66___RS_LB 4145.JPG,Late Blight
data\raw\potato\Potato___Late_blight\9934bde8-1c89-4ba6-95e6-015a69540873___RS_LB 4146.JPG,Late Blight
data\raw\potato\Potato___Late_blight\d648ee66-d38a-4df0-8696-c6fe5490a15b___RS_LB 4144.JPG,Late Blight
data\raw\potato\Potato___Late_blight\28cbad12-8d41-4d36-a6df-db0d35ee1ce0___RS_LB 2922.JPG,Late Blight
data\raw\potato\Potato___Late_blight\6522615a-cbe1-4770-a137-25a2c081e1d9___RS_LB 2917.JPG,Late Blight
data\raw\potato\Potato___Late_blight\6a6315ef-b37d-4067-80cd-bb2d8adf93ca___RS_LB 2919.JPG,Late Blight
data\raw\potato\Potato___Late_blight\c16b698a-77b9-48f7-943a-457d475242ef___RS_LB 2918.JPG,Late Blight
data\raw\potato\Potato___Early_blight\34b0f33c-be8b-4338-9334-5418a5f84f28___RS_Early.B 7532.JPG,Early Blight
data\raw\potato\Potato___Early_blight\6bca5c10-8985-404c-96c3-3f77c2a77d10___RS_Early.B 7527.JPG,Early Blight
data\raw\potato\Potato___Early_blight\7a84da2c-6c10-483f-9994-69aeedc21a57___RS_Early.B 7534.JPG,Early Blight
data\raw\potato\Potato___Early_blight\e8db5472-3858-478a-b1ae-9198329a49a5___RS_Early.B 7528.JPG,Early Blight
data\raw\potato\Potato___Late_blight\4664efe7-50ae-4a32-b818-2ec7f3881471___RS_LB 4478.JPG,Late Blight
data\raw\potato\Potato___Late_blight\66473aff-3438-4a8c-8c05-5fed8a4255ae___RS_LB 4473.JPG,Late Blight
data\raw\potato\Potato___Late_blight\80e39105-97cd-4368-9e3a-b5498ae1c0a2___RS_LB 4474.JPG,Late Blight
data\raw\potato\Potato___Late_blight\b294595b-8950-4e5b-8dfc-2ad9ca2c5e0a___RS_LB 4475.JPG,Late Blight
data\raw\potato\Potato___Late_blight\51a85617-5433-4a07-b822-fa1975cf76b1___RS_LB 4778.JPG,Late Blight
data\raw\potato\Potato___Late_blight\8542cb42-d817-4850-b42f-1fa7083e37d9___RS_LB 4780.JPG,Late Blight
data\raw\potato\Potato___Late_blight\929dd251-5fbb-406f-9313-a71e5f96b31c___RS_LB 4781.JPG,Late Blight
data\raw\potato\Potato___Late_blight\faf67766-afc0-4f41-af0b-a3971fe325c7___RS_LB 4777.JPG,Late Blight
data\raw\potato\Potato___Early_blight\04fd2a46-ddd4-4b0b-8f19-5ecca482a7d5___RS_Early.B 7273.JPG,Early Blight
data\raw\potato\Potato___Early_blight\ac40d7e9-e650-40f1-b894-22f495febefd___RS_Early.B 7276.JPG,Early Blight
data\raw\potato\Potato___Early_blight\f2e7be26-b7d3-4e99-8630-8b1650192b02___RS_Early.B 7275.JPG,Early Blight
data\raw\potato\Potato___Early_blight\fc87399a-b45c-4b0f-a6c9-54f0e4f9d3c5___RS_Early.B 7277.JPG,Early Blight
data\raw\potato\Potato___Late_blight\09287918-9f73-4707-823f-f4331f5114a3___RS_LB 2604.JPG,Late Blight
data\raw\potato\Potato___Late_blight\36c25644-54cb-405d-abef-700d24652958___RS_LB 2606.JPG,Late Blight
data\raw\potato\Potato___Late_blight\8a2f2feb-3738-4675-9cb6-b1911a056dd1___RS_LB 2601.JPG,Late Blight
data\raw\potato\Potato___Late_blight\def9c9e1-fd12-44d9-92ae-18c5ff0f52da___RS_LB 2605.JPG,Late Blight
data\raw\potato\Potato___Late_blight\a34d3777-22c7-4723-8b85-f766e042c121___RS_LB 4375.JPG,Late Blight
data\raw\potato\Potato___Late_blight\a904edc1-4c4d-4171-a46e-ae914010884b___RS_LB 4373.JPG,Late Blight
data\raw\potato\Potato___Late_blight\dcf61d08-eda8-41c1-9293-43895d68b426___RS_LB 4372.JPG,Late Blight
data\raw\potato\Potato___Late_blight\fb13e4c8-17e4-48a9-899b-dfc7f302196c___RS_LB 4374.JPG,Late Blight
data\raw\potato\Potato___Early_blight\37d94308-8783-4657-9ca6-eaca86e1015a___RS_Early.B 7825.JPG,Early Blight
data\raw\potato\Potato___Early_blight\610fd102-fd1b-45c3-978b-68c65d432382___RS_Early.B 7819.JPG,Early Blight
data\raw\potato\Potato___Early_blight\61da9830-ebfd-483a-88dd-a66fcff4c457___RS_Early.B 7817.JPG,Early Blight
data\raw\potato\Potato___Early_blight\ba5dfd98-89d6-49d5-b398-beb05cb9d8ad___RS_Early.B 7824.JPG,Early Blight
data\raw\potato\Potato___Late_blight\1757f48b-435b-4c4a-9de6-47b959ed1e67___RS_LB 5295.JPG,Late Blight
data\raw\potato\Potato___Late_blight\31c96e0d-0a6a-42b4-bd7a-0faf2c8e462d___RS_LB 5298.JPG,Late Blight
data\raw\potato\Potato___Late_blight\5e0acf9e-2d13-40bb-912c-e32a844fdd78___RS_LB 5292.JPG,Late Blight
data\raw\potato\Potato___Late_blight\87c99be5-a930-410f-8529-e79e030cba0c___RS_LB 5294.JPG,Late Blight
data\raw\potato\Potato___Early_blight\10a3920b-dd04-406d-8bbd-f92f221e4dee___RS_Early.B 7035.JPG,Early Blight
data\raw\potato\Potato___Early_blight\25703c4f-ec40-4099-b249-a4fd07b07752___RS_Early.B 7040.JPG,Early Blight
data\raw\potato\Potato___Early_blight\59676e33-8884-4359-83d9-e07df07f31a1___RS_Early.B 7041.JPG,Early Blight
data\raw\potato\Potato___Early_blight\ec6b34ed-69c6-466a-81a9-4ca18eb25275___RS_Early.B 7038.JPG,Early Blight
data\raw\potato\Potato___Late_blight\22bd2a18-a4ba-4c9a-a4d3-2dabc295ccbc___RS_LB 4759.JPG,Late Blight
data\raw\potato\Potato___Late_blight\76be1a95-8bf1-468e-bc6c-f7d8fa5b7e5b___RS_LB 4758.JPG,Late Blight
data\raw\potato\Potato___Late_blight\9a179173-fbfb-4e92-9959-58b826625c9b___RS_LB 4761.JPG,Late Blight
data\raw\potato\Potato___Late_blight\cf2e3e15-2284-474a-a36a-b102aa7d50cc___RS_LB 4760.JPG,Late Blight
data\raw\potato\Potato___Late_blight\1c6ec55e-182e-4b7c-b416-07029edfc970___RS_LB 3950.JPG,Late Blight
data\raw\potato\Potato___Late_blight\1e1fde7a-c535-49fd-9670-629f7fb9cb3d___RS_LB 3949.JPG,Late Blight
data\raw\potato\Potato___Late_blight\629303c0-a89e-4f67-9ac8-aa769cf3a163___RS_LB 3945.JPG,Late Blight
data\raw\potato\Potato___Late_blight\7d885e39-d832-473f-bf81-c22855e481c3___RS_LB 3946.JPG,Late Blight
data\raw\potato\Potato___Late_blight\37075adc-dd51-4a5b-8a6c-0649cb98516b___RS_LB 2678.JPG,Late Blight
data\raw\potato\Potato___Late_blight\55c87fde-32cc-474c-a25a-1846d39aa6f4___RS_LB 2683.JPG,Late Blight
data\raw\potato\Potato___Late_blight\cd38f533-9b7d-4afd-bbd9-9ee5ab2aa3e8___RS_LB 2680.JPG,Late Blight
data\raw\potato\Potato___Late_blight\e9429874-1098-43af-bc38-0acc0b93f4f9___RS_LB 2682.JPG,Late Blight
data\raw\potato\Potato___Early_blight\17756ec1-9c95-43b3-bedc-933b6e0887f3___RS_Early.B 8251.JPG,Early Blight
data\raw\potato\Potato___Early_blight\34d2260c-888c-419c-b32c-938efa379b97___RS_Early.B 8253.JPG,Early Blight
data\raw\potato\Potato___Early_blight\5bb77b39-311b-4ad1-8bfc-5a41a13b7b02___RS_Early.B 8255.JPG,Early Blight
data\raw\potato\Potato___Early_blight\e4b0f6ac-2b1e-4e10-8733-de421a01c390___RS_Early.B 8254.JPG,Early Blight
data\raw\potato\Potato___Late_blight\9caba61f-ea63-4ea5-9d85-1f22b6a1a006___RS_LB 4451.JPG,Late Blight
data\raw\potato\Potato___Late_blight\b9302a2f-a369-4b05-aed6-632287f42ed7___RS_LB 4452.JPG,Late Blight
data\raw\potato\Potato___Late_blight\e439b96c-2ff6-4d53-b8f0-1ed720536b0c___RS_LB 4449.JPG,Late Blight
data\raw\potato\Potato___Late_blight\eb34280e-0cfb-4166-a9b8-a15892c9ff5c___RS_LB 4450.JPG,Late Blight
data\raw\potato\Potato___Early_blight\0267d4ca-522e-4ca0-b1a2-ce925e5b54a2___RS_Early.B 7020.JPG,Early Blight
data\raw\potato\Potato___Early_blight\31290247-3f4f-445d-8bad-20d7dccbf979___RS_Early.B 7019.JPG,Early Blight
data\raw\potato\Potato___Early_blight\8435fd63-0136-44f9-8dd4-6ca27bcddd97___RS_Early.B 7017.JPG,Early Blight
data\raw\potato\Potato___Early_blight\f89d5362-f38f-4acf-8fca-2ea154c07cce___RS_Early.B 7018.JPG,Early Blight
data\raw\potato\Potato___Early_blight\1328ae8b-76e1-42e9-a0c4-7dd0612fdf99___RS_Early.B 8303.JPG,Early Blight
data\raw\potato\Potato___Early_blight\a3ed964c-36f1-403c-8146-b2a3b79a352d___RS_Early.B 8310.JPG,Early Blight
data\raw\potato\Potato___Early_blight\d063f825-aa36-4cfd-a227-4c3f30760aa2___RS_Early.B 8307.JPG,Early Blight
data\raw\potato\Potato___Early_blight\d5673be4-4d62-4287-b9a4-3653b88d1604___RS_Early.B 8304.JPG,Early Blight
data\raw\potato\Potato___Late_blight\23ad201a-469e-4687-9321-7329bf747992___RS_LB 4990.JPG,Late Blight
data\raw\potato\Potato___Late_blight\2c3eddb8-f475-42ce-af72-81271630ba07___RS_LB 4991.JPG,Late Blight
data\raw\potato\Potato___Late_blight\465669d7-b75c-4aab-8ccc-af3566baf2e3___RS_LB 4985.JPG,Late Blight
data\raw\potato\Potato___Late_blight\9001b18c-b659-4c56-9dfb-0d0bf64a7b4a___RS_LB 4987.JPG,Late Blight
data\raw\potato\Potato___Late_blight\1c207156-339d-4ec9-9153-9edb3bc95b5f___RS_LB 4833.JPG,Late Blight
data\raw\potato\Potato___Late_blight\aceeb511-1332-4d25-b9fe-64d53445396a___RS_LB 4837.JPG,Late Blight
data\raw\potato\Potato___Late_blight\c970a188-e4e6-43cd-aff7-d0ac40d378dc___RS_LB 4834.JPG,Late Blight
data\raw\potato\Potato___Late_blight\e25a378e-0aa3-4ac6-b0b1-281a500b9502___RS_LB 4835.JPG,Late Blight
data\raw\potato\Potato___Late_blight\38d82b6e-16ec-4ac6-b42f-29ff524b4e43___RS_LB 5269.JPG,Late Blight
data\raw\potato\Potato___Late_blight\6ce76067-e78f-42e3-a1d6-c04f92414038___RS_LB 5267.JPG,Late Blight
data\raw\potato\Potato___Late_blight\8ee9f477-92a7-43a0-9377-0535b218a21d___RS_LB 5266.JPG,Late Blight
data\raw\potato\Potato___Late_blight\bb81b8a0-3d1e-4cef-aeb5-31ac32f1761a___RS_LB 5268.JPG,Late Blight
data\raw\potato\Potato___Early_blight\096f6928-24dd-4efd-acc6-b8246318676c___RS_Early.B 8970.JPG,Early Blight
data\raw\potato\Potato___Early_blight\2446ca09-aa29-4ae4-8d34-45115c32cde7___RS_Early.B 8971.JPG,Early Blight
data\raw\potato\Potato___Early_blight\4699d1d8-f931-4b1c-8fd4-03a58350a86d___RS_Early.B 8972.JPG,Early Blight
data\raw\potato\Potato___Early_blight\f12d7916-b4f0-46f7-91bd-8dc097743149___RS_Early.B 8963.JPG,Early Blight
data\raw\potato\Potato___Late_blight\64fd9d16-28df-4dd7-9bb5-973bbd9ac6db___RS_LB 4654.JPG,Late Blight
data\raw\potato\Potato___Late_blight\72e10017-f8a6-4813-8036-0cde4dad6057___RS_LB 4666.JPG,Late Blight
data\raw\potato\Potato___Late_blight\cf979c44-abfa-4ed3-865e-ee0c204ba9f0___RS_LB 4662.JPG,Late Blight
data\raw\potato\Potato___Late_blight\d7fdf2fa-8a55-4ff5-86a2-ca73c5883e93___RS_LB 4665.JPG,Late Blight
data\raw\potato\Potato___Late_blight\c48719ce-1230-465b-b481-177b7e0f7074___RS_LB 3835.JPG,Late Blight
data\raw\potato\Potato___Late_blight\c6d1bbe7-c1d8-4760-9bb2-a97eac1ca0a8___RS_LB 3838.JPG,Late Blight
data\raw\potato\Potato___Late_blight\e986907b-6948-4c72-93d3-29cb795cc9a1___RS_LB 3837.JPG,Late Blight
data\raw\potato\Potato___Late_blight\ebd47dca-590b-43c4-812d-32f95b776690___RS_LB 3834.JPG,Late Blight
data\raw\potato\Potato___Early_blight\12f7b8bd-7aab-48de-ba2e-d2562408542f___RS_Early.B 7386.JPG,Early Blight
data\raw\potato\Potato___Early_blight\1af20ff8-980d-4912-b337-804b09667de3___RS_Early.B 7392.JPG,Early Blight
data\raw\potato\Potato___Early_blight\cac99520-3403-4602-961d-3a668bb980fb___RS_Early.B 7388.JPG,Early Blight
data\raw\potato\Potato___Early_blight\e11d63b8-93fa-41ba-b826-99811ee4c232___RS_Early.B 7387.JPG,Early Blight
data\raw\potato\Potato___Late_blight\0acdc2b2-0dde-4073-8542-6fca275ab974___RS_LB 4857.JPG,Late Blight
data\raw\potato\Potato___Late_blight\1736a728-bae9-4133-bfca-60a7c3b6382c___RS_LB 4855.JPG,Late Blight
data\raw\potato\Potato___Late_blight\2e18248f-e251-44c0-b9a5-a198455f43ee___RS_LB 4858.JPG,Late Blight
data\raw\potato\Potato___Late_blight\3c20c90a-788c-4d06-acdb-107f695d901b___RS_LB 4856.JPG,Late Blight
data\raw\potato\Potato___Early_blight\3d3c01e1-8cde-4c0f-9468-67dd287a2dc0___RS_Early.B 7761.JPG,Early Blight
data\raw\potato\Potato___Early_blight\77c86eac-945e-4942-8eab-1269373d645a___RS_Early.B 7755.JPG,Early Blight
data\raw\potato\Potato___Early_blight\8994b76b-6e1e-42d3-b07c-99abca3fa35b___RS_Early.B 7762.JPG,Early Blight
data\raw\potato\Potato___Early_blight\907f26c5-5996-41b3-877b-7de6122699a9___RS_Early.B 7758.JPG,Early Blight
data\raw\potato\Potato___Early_blight\25642761-2905-48af-b8da-1064a0f6b876___RS_Early.B 6831.JPG,Early Blight
data\raw\potato\Potato___Early_blight\2cc3eb24-b210-4827-befe-0e3a24161ac4___RS_Early.B 6829.JPG,Early Blight
data\raw\potato\Potato___Early_blight\4be99b40-e269-4c69-8c90-ac75514650af___RS_Early.B 6830.JPG,Early Blight
data\raw\potato\Potato___Early_blight\737c2343-228f-4155-b984-13ae0da44745___RS_Early.B 6828.JPG,Early Blight
data\raw\potato\Potato___Late_blight\059c9129-51b7-4d6b-9b57-f22e87568a0a___RS_LB 5118.JPG,Late Blight
data\raw\potato\Potato___Late_blight\a69b634c-1bb1-4098-9da0-8393f9b8d6e1___RS_LB 5120.JPG,Late Blight
data\raw\potato\Potato___Late_blight\a8db407c-12cb-460c-991a-8f60d20c06bc___RS_LB 5117.JPG,Late Blight
data\raw\potato\Potato___Late_blight\e766a563-c87a-4d14-ae00-898ce62e15d4___RS_LB 5123.JPG,Late Blight
data\raw\potato\Potato___Late_blight\025f3c76-6d6c-4dad-ba22-e3e72d084ef1___RS_LB 3105.JPG,Late Blight
data\raw\potato\Potato___Late_blight\2657bf2b-c03e-4ec6-bf6a-4afe8645acec___RS_LB 3110.JPG,Late Blight
data\raw\potato\Potato___Late_blight\6d22d4ab-de5f-4944-96f9-4ec495a8e4f1___RS_LB 3109.JPG,Late Blight
data\raw\potato\Potato___Late_blight\9d0f96e2-93c7-4202-b1d1-6f878c066be7___RS_LB 3106.JPG,Late Blight
data\raw\potato\Potato___Early_blight\0a8a68ee-f587-4dea-beec-79d02e7d3fa4___RS_Early.B 8461.JPG,Early Blight
data\raw\potato\Potato___Early_blight\7f0c3ad4-67f7-4a6e-81da-5cdbe1c5ff8b___RS_Early.B 8453.JPG,Early Blight
data\raw\potato\Potato___Early_blight\b76550de-8e3a-46f1-b06f-6bd4ed3dc8a5___RS_Early.B 8456.JPG,Early Blight
data\raw\potato\Potato___Early_blight\ef5b06f0-4c81-4e47-9ec3-499af1571d9e___RS_Early.B 8455.JPG,Early Blight
data\raw\potato\Potato___Early_blight\2771e005-3cb4-4e12-8868-80adca5ce02a___RS_Early.B 8640.JPG,Early Blight
data\raw\potato\Potato___Early_blight\541b768f-ec74-4f60-8e5a-778a5eb359da___RS_Early.B 8647.JPG,Early Blight
data\raw\potato\Potato___Early_blight\ae38f458-d36e-43ce-95a5-45b775692d8d___RS_Early.B 8644.JPG,Early Blight
data\raw\potato\Potato___Early_blight\c5cb3e89-f00f-4032-80ca-eb39bead0796___RS_Early.B 8645.JPG,Early Blight
data\raw\potato\Potato___Early_blight\1b4304a9-88c2-4c09-bfea-830fa162a35a___RS_Early.B 7188.JPG,Early Blight
data\raw\potato\Potato___Early_blight\419611a4-5597-43d6-ae92-c3c09bc549d7___RS_Early.B 7182.JPG,Early Blight
data\raw\potato\Potato___Early_blight\4da46a9d-7709-4528-acc3-a7be6ace3714___RS_Early.B 7187.JPG,Early Blight
data\raw\potato\Potato___Early_blight\ef722b35-2ab8-409d-a971-b3a853a72cb3___RS_Early.B 7184.JPG,Early Blight
data\raw\potato\Potato___Late_blight\5ec337d4-aff8-4174-bae6-72c246db3ce0___RS_LB 3175.JPG,Late Blight
data\raw\potato\Potato___Late_blight\a6623827-bcdc-40ed-81e6-5cde1a1da997___RS_LB 3179.JPG,Late Blight
data\raw\potato\Potato___Late_blight\dae7db93-d197-4616-a16b-5dcc59058bc2___RS_LB 3178.JPG,Late Blight
data\raw\potato\Potato___Late_blight\f5f41985-23db-4902-96a1-db4d7f95a26a___RS_LB 3177.JPG,Late Blight
data\raw\potato\Potato___Early_blight\7ace85c1-a488-4df2-8162-b73c17032099___RS_Early.B 7541.JPG,Early Blight
data\raw\potato\Potato___Early_blight\b2e6d502-8a02-4493-ae91-34bad50b6040___RS_Early.B 7537.JPG,Early Blight
data\raw\potato\Potato___Early_blight\e00d7014-a909-4d98-892b-da96a2be9a2e___RS_Early.B 7535.JPG,Early Blight
data\raw\potato\Potato___Early_blight\e57ca76e-a4c3-40f2-a673-9f48b3b357ae___RS_Early.B 7539.JPG,Early Blight
data\raw\potato\Potato___Late_blight\20e59080-5a86-4aa8-b5b1-d886a4b273b7___RS_LB 3165.JPG,Late Blight
data\raw\potato\Potato___Late_blight\3d4ddc33-b13b-4f7e-8689-1cf82532ef8e___RS_LB 3162.JPG,Late Blight
data\raw\potato\Potato___Late_blight\49d18379-215d-427e-8662-9cde649d4a33___RS_LB 3163.JPG,Late Blight
data\raw\potato\Potato___Late_blight\d752ca70-320b-4d33-970f-8f3eead9141e___RS_LB 3166.JPG,Late Blight
data\raw\potato\Potato___Early_blight\24a34259-1c47-4e87-ac83-5decf37b42e4___RS_Early.B 6896.JPG,Early Blight
data\raw\potato\Potato___Early_blight\2c310eaf-dbf4-4e8f-a8d8-ed8e0b51067a___RS_Early.B 6897.JPG,Early Blight
data\raw\potato\Potato___Early_blight\e6d7262c-803d-4346-a36d-4f384196e21c___RS_Early.B 6893.JPG,Early Blight
data\raw\potato\Potato___Early_blight\fc1ab935-21b3-42e7-a870-02fd71c5d845___RS_Early.B 6894.JPG,Early Blight
data\raw\potato\Potato___Early_blight\048d18ae-98b1-484d-97da-5a0e69b9ebc1___RS_Early.B 6845.JPG,Early Blight
data\raw\potato\Potato___Early_blight\4857420e-b28e-4bb5-aa03-5e333cf27af0___RS_Early.B 6847.JPG,Early Blight
data\raw\potato\Potato___Early_blight\b6b036b0-6869-48b8-b861-a6a85d1b2b97___RS_Early.B 6850.JPG,Early Blight
data\raw\potato\Potato___Early_blight\f6d8c094-970c-41c5-9f5d-3ded7c8f7b15___RS_Early.B 6846.JPG,Early Blight
data\raw\potato\Potato___Early_blight\0182e991-97f0-4805-a1f7-6e1b4306d518___RS_Early.B 7015.JPG,Early Blight
data\raw\potato\Potato___Early_blight\0d987d4a-26bc-4f74-8a16-12f8969dfed8___RS_Early.B 7013.JPG,Early Blight
data\raw\potato\Potato___Early_blight\3db185d7-7c05-42f9-b508-7a3883e50660___RS_Early.B 7011.JPG,Early Blight
data\raw\potato\Potato___Early_blight\49f13f57-6881-4caa-839b-d93215ce1b77___RS_Early.B 7009.JPG,Early Blight
data\raw\potato\Potato___Late_blight\62d41420-8e32-47d2-9a37-698c07f7dc16___RS_LB 2543.JPG,Late Blight
data\raw\potato\Potato___Late_blight\9933b288-b5fe-4cbf-a9fa-58ef769b6f7c___RS_LB 2540.JPG,Late Blight
data\raw\potato\Potato___Late_blight\b9474ec5-5a67-4207-98ec-5671c19f8f59___RS_LB 2545.JPG,Late Blight
data\raw\potato\Potato___Late_blight\f7936082-7315-477d-9710-529a7024b32d___RS_LB 2546.JPG,Late Blight
data\raw\potato\Potato___Late_blight\31b2a640-4063-41f1-97c5-03ceca0ce131___RS_LB 5439.JPG,Late Blight
data\raw\potato\Potato___Late_blight\8692ff0d-260b-4fb9-9598-efa91456c2bd___RS_LB 5438.JPG,Late Blight
data\raw\potato\Potato___Late_blight\ae80781d-725e-486e-9677-4149b0d751ef___RS_LB 5442.JPG,Late Blight
data\raw\potato\Potato___Late_blight\dcfa79c3-b0d0-4dd0-9796-5d529948b88e___RS_LB 5437.JPG,Late Blight
data\raw\potato\Potato___Late_blight\4cd2f7ef-e3aa-4b2a-b382-6fea00bfd070___RS_LB 5006.JPG,Late Blight
data\raw\potato\Potato___Late_blight\6ecc23ac-9aed-47bb-8ee5-76574de85872___RS_LB 5010.JPG,Late Blight
data\raw\potato\Potato___Late_blight\8c3c1c3f-5cf0-4daa-9267-243cf1b47927___RS_LB 5005.JPG,Late Blight
data\raw\potato\Potato___Late_blight\b57c6336-3be6-4021-b240-8547da86d218___RS_LB 5007.JPG,Late Blight
data\raw\potato\Potato___Late_blight\4a34ce1c-9fde-4707-947a-58432a695741___RS_LB 3277.JPG,Late Blight
data\raw\potato\Potato___Late_blight\5a42a288-8be0-4985-9ca5-105f75c8ee01___RS_LB 3275.JPG,Late Blight
data\raw\potato\Potato___Late_blight\6d51bd53-2556-410c-b151-547c83a06287___RS_LB 3276.JPG,Late Blight
data\raw\potato\Potato___Late_blight\d2ff230f-99a5-4dc5-968c-246d772788af___RS_LB 3279.JPG,Late Blight
data\raw\potato\Potato___Early_blight\4f20f0e5-b870-414c-99a0-136575a61ce5___RS_Early.B 6724.JPG,Early Blight
data\raw\potato\Potato___Early_blight\7456db33-766c-4a68-b924-ddf69d579981___RS_Early.B 6723.JPG,Early Blight
data\raw\potato\Potato___Early_blight\8493b49f-1b73-4d5c-b6f9-ae9a41091643___RS_Early.B 6720.JPG,Early Blight
data\raw\potato\Potato___Early_blight\db60c4cf-30f1-460c-a345-3045f192f725___RS_Early.B 6722.JPG,Early Blight
data\raw\potato\Potato___Late_blight\04ce7b2d-5e41-43c6-9e11-e1bc4f5e4cca___RS_LB 3224.JPG,Late Blight
data\raw\potato\Potato___Late_blight\44722935-fb60-4ecf-8503-f8258aa4e3e7___RS_LB 3225.JPG,Late Blight
data\raw\potato\Potato___Late_blight\5b816f46-32b8-4a67-9e73-760e3358bd06___RS_LB 3226.JPG,Late Blight
data\raw\potato\Potato___Late_blight\f27d1c83-25e9-4ab8-8970-3ddfd2a4c6fc___RS_LB 3230.JPG,Late Blight
data\raw\potato\Potato___Early_blight\a10b278a-fcce-4cf4-aada-254e89050be5___RS_Early.B 7524.JPG,Early Blight
data\raw\potato\Potato___Early_blight\c71ad6f9-6258-4602-84dc-ecf75296672c___RS_Early.B 7525.JPG,Early Blight
data\raw\potato\Potato___Early_blight\f5ec7cce-c3cc-4b4a-b716-d70175b1dcd2___RS_Early.B 7520.JPG,Early Blight
data\raw\potato\Potato___Early_blight\f6d020f8-8578-4c96-afc2-a1e97adb1ea9___RS_Early.B 7521.JPG,Early Blight
data\raw\potato\Potato___Late_blight\3362decd-b0d5-4cc6-81f8-3c051a285875___RS_LB 4109.JPG,Late Blight
data\raw\potato\Potato___Late_blight\4f138229-2f00-4374-9c16-3732660bf011___RS_LB 4105.JPG,Late Blight
data\raw\potato\Potato___Late_blight\a7097c51-bb53-4149-8140-4b9c3d94dbd4___RS_LB 4108.JPG,Late Blight
data\raw\potato\Potato___Late_blight\ce38cb15-70c8-4203-adbb-db648eb87554___RS_LB 4107.JPG,Late Blight
data\raw\potato\Potato___Late_blight\00695906-210d-4a9d-822e-986a17384115___RS_LB 4026.JPG,Late Blight
data\raw\potato\Potato___Late_blight\6fc1834e-7909-4177-9480-6cd9f23109b4___RS_LB 4023.JPG,Late Blight
data\raw\potato\Potato___Late_blight\bf6ce80d-ca31-4d72-b56a-dbd6e6f2847a___RS_LB 4022.JPG,Late Blight
data\raw\potato\Potato___Late_blight\c1389cbc-d327-478b-92b3-550c3210ed5a___RS_LB 4025.JPG,Late Blight
data\raw\potato\Potato___Late_blight\0f50da52-cb4a-4391-982a-d6cf9c9d9917___RS_LB 2581.JPG,Late Blight
data\raw\potato\Potato___Late_blight\b3123a68-bf01-4d71-a561-e1e7363a6419___RS_LB 2586.JPG,Late Blight
data\raw\potato\Potato___Late_blight\e28b4ead-09f5-4e34-a162-0e0268f53763___RS_LB 2583.JPG,Late Blight
data\raw\potato\Potato___Late_blight\fdb4e132-c71b-413f-93c0-c863dd4582a7___RS_LB 2582.JPG,Late Blight
data\raw\potato\Potato___Early_blight\07baabd8-e118-47dd-9d8d-132d4347836a___RS_Early.B 8555.JPG,Early Blight
data\raw\potato\Potato___Early_blight\3b1e3161-b02e-4aa0-a490-8a50c242d10e___RS_Early.B 8553.JPG,Early Blight
data\raw\potato\Potato___Early_blight\585062b6-d5a4-4677-8b7f-773257399423___RS_Early.B 8558.JPG,Early Blight
data\raw\potato\Potato___Early_blight\b14e0de2-ab48-45b5-9d4d-e45e7c88b68f___RS_Early.B 8554.JPG,Early Blight
data\raw\potato\Potato___Late_blight\1d05837e-11e4-40a4-8bd5-cfe5ad67365a___RS_LB 5428.JPG,Late Blight
data\raw\potato\Potato___Late_blight\625cf166-4cb5-4e6f-ac94-1193698388f2___RS_LB 5427.JPG,Late Blight
data\raw\potato\Potato___Late_blight\af13137c-1561-4c1c-b85b-5ec8930f2b38___RS_LB 5425.JPG,Late Blight
data\raw\potato\Potato___Late_blight\c7c82b7c-078f-4ba9-90e3-db36a73bda22___RS_LB 5430.JPG,Late Blight
data\raw\potato\Potato___Late_blight\201186ce-cec5-47ef-9f88-bd8c4abab2c8___RS_LB 2813.JPG,Late Blight
data\raw\potato\Potato___Late_blight\9570095c-02e9-497b-bec1-4e526f3462e5___RS_LB 2815.JPG,Late Blight
data\raw\potato\Potato___Late_blight\a1523281-33d2-4cc4-910a-3d614a4cd085___RS_LB 2816.JPG,Late Blight
data\raw\potato\Potato___Late_blight\d30d25f1-74ca-42d3-804d-c31b06720c46___RS_LB 2817.JPG,Late Blight
data\raw\potato\Potato___Early_blight\065fc68f-88c9-4fc3-b0a6-a6f5e1072eaa___RS_Early.B 7174.JPG,Early Blight
data\raw\potato\Potato___Early_blight\5a152fa7-7645-42ea-9c59-13258febe52f___RS_Early.B 7175.JPG,Early Blight
data\raw\potato\Potato___Early_blight\c5464947-d6f8-4d5e-9cad-009db19adf67___RS_Early.B 7181.JPG,Early Blight
data\raw\potato\Potato___Early_blight\e7cab6f5-308b-41ea-af82-e20cfe540729___RS_Early.B 7177.JPG,Early Blight
data\raw\potato\Potato___Late_blight\5239c829-457f-4e6c-b0af-ef5f58abddd0___RS_LB 5329.JPG,Late Blight
data\raw\potato\Potato___Late_blight\57462a7c-a8f4-4b99-b312-a8b6e6a0e6f0___RS_LB 5330.JPG,Late Blight
data\raw\potato\Potato___Late_blight\9e5a95bd-b8d0-455f-bc85-b51a2086c88b___RS_LB 5326.JPG,Late Blight
data\raw\potato\Potato___Late_blight\e10ce839-9da1-4f23-9b5e-c5483f6eabbd___RS_LB 5328.JPG,Late Blight
data\raw\potato\Potato___Late_blight\2438dfce-68a1-4026-a006-4c99a0f6259b___RS_LB 5116.JPG,Late Blight
data\raw\potato\Potato___Late_blight\6e5ae22d-5e91-4fed-b731-94f80ff63613___RS_LB 5113.JPG,Late Blight
data\raw\potato\Potato___Late_blight\d4d37fcb-95c0-4e20-809c-6b92e6a565f3___RS_LB 5110.JPG,Late Blight
data\raw\potato\Potato___Late_blight\e26ad557-11c8-44fd-aad1-dea51c613742___RS_LB 5115.JPG,Late Blight
data\raw\potato\Potato___Late_blight\77c271bd-0798-4336-8bea-f2a80e8e8906___RS_LB 3290.JPG,Late Blight
data\raw\potato\Potato___Late_blight\7a4371b2-72c6-414e-b73e-6e4b4adab72f___RS_LB 3289.JPG,Late Blight
data\raw\potato\Potato___Late_blight\b598f9a7-b582-4fef-9c3d-cc985f2f9c03___RS_LB 3294.JPG,Late Blight
data\raw\potato\Potato___Late_blight\d78c58b2-c9d1-43f2-8b18-4455855c0f1f___RS_LB 3288.JPG,Late Blight
data\raw\potato\Potato___Early_blight\95cd8c85-b3b1-4d90-828d-1c93ea98977a___RS_Early.B 9109.JPG,Early Blight
data\raw\potato\Potato___Early_blight\b3d44557-f696-4fc9-b144-dec4f4ba9452___RS_Early.B 9110.JPG,Early Blight
data\raw\potato\Potato___Early_blight\c42b5e69-2673-42ef-8e14-a785fea3aad6___RS_Early.B 9107.JPG,Early Blight
data\raw\potato\Potato___Early_blight\c653b79e-4f42-4a9e-8c5c-7a85483a3c29___RS_Early.B 9108.JPG,Early Blight
data\raw\potato\Potato___Late_blight\6a687e1b-15c3-4752-b428-e14cbe85feab___RS_LB 2803.JPG,Late Blight
data\raw\potato\Potato___Late_blight\be013aee-1311-4679-ae86-1c6fba5f55e5___RS_LB 2799.JPG,Late Blight
data\raw\potato\Potato___Late_blight\e575421c-a9d4-4c0e-8027-b12fca1e3ac9___RS_LB 2806.JPG,Late Blight
data\raw\potato\Potato___Late_blight\ea356b9c-9090-4f0d-9083-d1f63c77372d___RS_LB 2800.JPG,Late Blight
data\raw\potato\Potato___Early_blight\2cf993b6-98e7-4678-aea5-9177ea3b63bd___RS_Early.B 7692.JPG,Early Blight
data\raw\potato\Potato___Early_blight\51f13c93-c8b6-4542-a81b-cb1a2e83f179___RS_Early.B 7684.JPG,Early Blight
data\raw\potato\Potato___Early_blight\55daa016-a408-4de3-a79e-53d0ec53ea16___RS_Early.B 7686.JPG,Early Blight
data\raw\potato\Potato___Early_blight\9d2f37ae-aa02-4b04-b0cb-9fe125cfdbe2___RS_Early.B 7691.JPG,Early Blight
data\raw\potato\Potato___Early_blight\1d4fc5d0-fee6-40bf-8e7b-e1598ea64161___RS_Early.B 8912.JPG,Early Blight
data\raw\potato\Potato___Early_blight\3a314933-9e92-4c90-acc2-656a04c591e7___RS_Early.B 8906.JPG,Early Blight
data\raw\potato\Potato___Early_blight\8b5e48c6-7fac-4c87-bae4-6dd4ca5d110d___RS_Early.B 8905.JPG,Early Blight
data\raw\potato\Potato___Early_blight\e50e7166-a67d-4207-a49c-0240b0218d48___RS_Early.B 8907.JPG,Early Blight
data\raw\potato\Potato___Early_blight\3e7543bc-4792-4b65-afd9-f9ccd52b7319___RS_Early.B 8571.JPG,Early Blight
data\raw\potato\Potato___Early_blight\8e99bd85-9c90-4d29-ba2c-2110f46cef07___RS_Early.B 8570.JPG,Early Blight
data\raw\potato\Potato___Early_blight\b549ab3b-06f1-45ef-bf34-86071552d870___RS_Early.B 8576.JPG,Early Blight
data\raw\potato\Potato___Early_blight\b6c68639-ad01-41f9-a10c-4233423ea2b0___RS_Early.B 8573.JPG,Early Blight
data\raw\potato\Potato___Early_blight\3a8429cf-f8a7-4f64-a435-ec4f1ad692c7___RS_Early.B 8990.JPG,Early Blight
data\raw\potato\Potato___Early_blight\9ebf9d7d-0cfe-44f5-9126-89c70d38321a___RS_Early.B 8986.JPG,Early Blight
data\raw\potato\Potato___Early_blight\a08eec21-8500-4ac5-92a9-d9b14067f01c___RS_Early.B 8985.JPG,Early Blight
data\raw\potato\Potato___Early_blight\f7740cb1-3295-4022-ae6c-7ffeee775f6f___RS_Early.B 8991.JPG,Early Blight
data\raw\potato\Potato___healthy\0b3e5032-8ae8-49ac-8157-a1cac3df01dd___RS_HL 1817.JPG,Healthy
data\raw\potato\Potato___healthy\0be9d721-82f5-42c3-b535-7494afe01dbe___RS_HL 1814.JPG,Healthy
data\raw\potato\Potato___healthy\1f9870b3-899e-46fb-98c9-cfc2ce92895b___RS_HL 1816.JPG,Healthy
data\raw\potato\Potato___healthy\7bfda067-6e35-4af5-a9c4-4b3b5f357871___RS_HL 1813.JPG,Healthy
data\raw\potato\Potato___Late_blight\4215b9d5-c554-4249-80e1-aeaf2106e966___RS_LB 2977.JPG,Late Blight
data\raw\potato\Potato___Late_blight\4d213f48-e73a-45bf-badd-ead51dda60b4___RS_LB 2981.JPG,Late Blight
data\raw\potato\Potato___Late_blight\8a70b737-9270-49ca-9fd2-e6468592c393___RS_LB 2978.JPG,Late Blight
data\raw\potato\Potato___Late_blight\9e1dc573-9cc5-4bc1-9c95-63c7bfba54f1___RS_LB 2976.JPG,Late Blight
data\raw\potato\Potato___Early_blight\2cce6cd6-16c4-426f-84e6-2f3c192fac2c___RS_Early.B 8999.JPG,Early Blight
data\raw\potato\Potato___Early_blight\59f90f4b-add8-4f50-af1f-052b35aa99e1___RS_Early.B 9001.JPG,Early Blight
data\raw\potato\Potato___Early_blight\acff9d5e-4b38-4817-a239-93c115a0b3ff___RS_Early.B 8993.JPG,Early Blight
data\raw\potato\Potato___Early_blight\c630212c-205f-469d-bb8d-9a143f65ab03___RS_Early.B 9000.JPG,Early Blight
data\raw\potato\Potato___Late_blight\38fa4c3b-0541-4d14-80e7-84a1153b9e5f___RS_LB 4713.JPG,Late Blight
data\raw\potato\Potato___Late_blight\430b0d0d-c0aa-4e5b-9826-34251466f735___RS_LB 4718.JPG,Late Blight
data\raw\potato\Potato___Late_blight\55987838-6174-4182-be76-78ddd50890fb___RS_LB 4714.JPG,Late Blight
data\raw\potato\Potato___Late_blight\ec53a246-df50-44c1-a87c-c8296f25f20c___RS_LB 4717.JPG,Late Blight
data\raw\potato\Potato___Late_blight\19d8aac3-db88-4a07-84f2-40f7597c2a25___RS_LB 3867.JPG,Late Blight
data\raw\potato\Potato___Late_blight\85d60a7c-4a4c-4fcf-8743-21b4c03ff12c___RS_LB 3868.JPG,Late Blight
data\raw\potato\Potato___Late_blight\974344ba-438f-4190-b71c-875924190fdc___RS_LB 3866.JPG,Late Blight
data\raw\potato\Potato___Late_blight\d385010f-53c1-4e7d-9fd3-50f0c98dc245___RS_LB 3865.JPG,Late Blight
data\raw\potato\Potato___Late_blight\4f249e3b-92a0-43e5-a70d-fe3045630437___RS_LB 3913.JPG,Late Blight
data\raw\potato\Potato___Late_blight\58475c1a-a4c2-43bd-b361-60523b5c62d2___RS_LB 3912.JPG,Late Blight
data\raw\potato\Potato___Late_blight\7f2933ec-8a70-453c-8e5f-4eb9d25eac6c___RS_LB 3917.JPG,Late Blight
data\raw\potato\Potato___Late_blight\fb9dc049-ec76-4502-9a11-13fb62a26ed4___RS_LB 3916.JPG,Late Blight
data\raw\potato\Potato___Early_blight\275c3337-11ee-487c-9093-bcd5e310c72c___RS_Early.B 7671.JPG,Early Blight
data\raw\potato\Potato___Early_blight\29978e78-7d4a-4fff-a659-52e45e9b96b3___RS_Early.B 7672.JPG,Early Blight
data\raw\potato\Potato___Early_blight\306c45ac-6f97-4b7e-9fad-1c8c39870138___RS_Early.B 7673.JPG,Early Blight
data\raw\potato\Potato___Early_blight\655010d0-0bf7-4cba-8ebe-591a8bc5f552___RS_Early.B 7668.JPG,Early Blight
data\raw\potato\Potato___Late_blight\006cc01a-1888-4326-9b62-a65cb55a6377___RS_LB 5207.JPG,Late Blight
data\raw\potato\Potato___Late_blight\8ecb7cf3-9be5-4c3e-9714-2d5987987ad0___RS_LB 5205.JPG,Late Blight
data\raw\potato\Potato___Late_blight\d38d9e28-89a0-4650-8a2d-dc5e6744b3b9___RS_LB 5204.JPG,Late Blight
data\raw\potato\Potato___Late_blight\dac19eb9-e4e3-4ca1-8183-268b839901c4___RS_LB 5208.JPG,Late Blight
data\raw\potato\Potato___Late_blight\05817623-2c4e-4517-88a1-fe81b9a73742___RS_LB 3920.JPG,Late Blight
data\raw\potato\Potato___Late_blight\0e068694-63b7-4edf-a93d-f2e9f28efaa6___RS_LB 3923.JPG,Late Blight
data\raw\potato\Potato___Late_blight\1a18d84a-8811-4806-830f-d10e98b1800e___RS_LB 3919.JPG,Late Blight
data\raw\potato\Potato___Late_blight\ec88be1e-7e05-4fa4-b456-529d7f1bf81c___RS_LB 3922.JPG,Late Blight
data\raw\potato\Potato___Late_blight\06554e38-28ce-429d-b8e9-520e61e3c58f___RS_LB 2692.JPG,Late Blight
data\raw\potato\Potato___Late_blight\17d846d2-f2b7-4ba2-847c-7561159334a3___RS_LB 2695.JPG,Late Blight
data\raw\potato\Potato___Late_blight\50abdfe1-411f-4afe-8f78-1ffb7816792f___RS_LB 2694.JPG,Late Blight
data\raw\potato\Potato___Late_blight\c7adbae8-04db-489d-b9e6-c12de387d25c___RS_LB 2697.JPG,Late Blight
data\raw\potato\Potato___Late_blight\1a5f4258-21df-4334-a933-2ef073c932ba___RS_LB 3089.JPG,Late Blight
data\raw\potato\Potato___Late_blight\4ca06863-f89b-497c-bd3a-9bca78f02942___RS_LB 3088.JPG,Late Blight
data\raw\potato\Potato___Late_blight\a3389c1f-d888-430d-bcf7-a546247ad6d2___RS_LB 3092.JPG,Late Blight
data\raw\potato\Potato___Late_blight\bc91cb1b-aece-4108-92db-839a106351a5___RS_LB 3087.JPG,Late Blight
data\raw\potato\Potato___Early_blight\00d8f10f-5038-4e0f-bb58-0b885ddc0cc5___RS_Early.B 8722.JPG,Early Blight
data\raw\potato\Potato___Early_blight\4d943ff8-e048-43c6-8861-4cdc6adab6a0___RS_Early.B 8726.JPG,Early Blight
data\raw\potato\Potato___Early_blight\74bedc99-e24e-43de-a17c-003822c8af41___RS_Early.B 8725.JPG,Early Blight
data\raw\potato\Potato___Early_blight\8c1f94fb-d8e0-4607-a967-b71408dfd1ab___RS_Early.B 8723.JPG,Early Blight
data\raw\potato\Potato___Late_blight\939a9a98-cbc9-4b83-bb47-395f26d7fddd___RS_LB 4293.JPG,Late Blight
data\raw\potato\Potato___Late_blight\ae20cc4e-fe37-48f0-9566-2d2efc5afd38___RS_LB 4290.JPG,Late Blight
data\raw\potato\Potato___Late_blight\b2492a9e-c038-48a7-8524-8f0aca7dc870___RS_LB 4291.JPG,Late Blight
data\raw\potato\Potato___Late_blight\f2676f08-798e-4291-8aa2-0655ca54cb07___RS_LB 4292.JPG,Late Blight
data\raw\potato\Potato___Late_blight\3cfeea97-88e1-42e6-b760-0fa125613e9c___RS_LB 4406.JPG,Late Blight
data\raw\potato\Potato___Late_blight\43396f0d-f05b-4dce-a209-9edcbd62d39c___RS_LB 4407.JPG,Late Blight
data\raw\potato\Potato___Late_blight\782bc9dd-286b-46ee-b896-fa5520f57b0c___RS_LB 4408.JPG,Late Blight
data\raw\potato\Potato___Late_blight\e749122f-0dcc-4613-87a9-5347a51a7b58___RS_LB 4409.JPG,Late Blight
data\raw\potato\Potato___Early_blight\17667077-cf29-4976-9282-359c6da25cf6___RS_Early.B 6971.JPG,Early Blight
data\raw\potato\Potato___Early_blight\38757e70-6278-4961-b1f3-19fccbb085f5___RS_Early.B 6968.JPG,Early Blight
data\raw\potato\Potato___Early_blight\838c8a0a-d112-4940-9a5d-221b4e9cc4c8___RS_Early.B 6967.JPG,Early Blight
data\raw\potato\Potato___Early_blight\d03ee4f8-b77d-4f0f-8d13-d0a019a37a66___RS_Early.B 6970.JPG,Early Blight
data\raw\potato\Potato___Early_blight\4bba904e-b4af-4a81-8252-b8d997bc5057___RS_Early.B 7695.JPG,Early Blight
data\raw\potato\Potato___Early_blight\af0ee942-50f5-43a7-a9fe-486ba1f5f989___RS_Early.B 7700.JPG,Early Blight
data\raw\potato\Potato___Early_blight\d472b6e3-a00c-4b4e-b13a-cdababff9d24___RS_Early.B 7699.JPG,Early Blight
data\raw\potato\Potato___Early_blight\ec4e730c-02c1-4b4e-b9fc-9387e2f30a8a___RS_Early.B 7701.JPG,Early Blight
data\raw\potato\Potato___Early_blight\08392b44-ecc6-4f38-8566-361b552cfe21___RS_Early.B 7393.JPG,Early Blight
data\raw\potato\Potato___Early_blight\98de061b-990e-4395-a50a-975c0fab5a4a___RS_Early.B 7394.JPG,Early Blight
data\raw\potato\Potato___Early_blight\a2fe15c2-1900-4fbd-9e69-771b1693cc68___RS_Early.B 7398.JPG,Early Blight
data\raw\potato\Potato___Early_blight\c47fa8ac-b2a5-4470-bda6-26dec4000409___RS_Early.B 7395.JPG,Early Blight
data\raw\potato\Potato___Late_blight\227f2f04-4d59-48d9-958d-5cccc70d3f2b___RS_LB 2772.JPG,Late Blight
data\raw\potato\Potato___Late_blight\42bc0da9-199f-428f-854c-a9b05c57aa75___RS_LB 2770.JPG,Late Blight
data\raw\potato\Potato___Late_blight\a4534f9b-87ca-4ce0-a6f8-84f94544ef37___RS_LB 2775.JPG,Late Blight
data\raw\potato\Potato___Late_blight\cdd030ec-609e-4f61-9335-6cf89a6f35d2___RS_LB 2776.JPG,Late Blight
data\raw\potato\Potato___Late_blight\031672c9-bf0a-46bf-8b52-d7cdc067612e___RS_LB 5019.JPG,Late Blight
data\raw\potato\Potato___Late_blight\1a146bf4-5696-4e19-842e-9e0e1ac7ac6d___RS_LB 5023.JPG,Late Blight
data\raw\potato\Potato___Late_blight\531a9b98-e034-4a76-81f0-55f597552f6a___RS_LB 5021.JPG,Late Blight
data\raw\potato\Potato___Late_blight\a2b27b82-4459-4dcb-a065-92a75f3c9c4b___RS_LB 5018.JPG,Late Blight
data\raw\potato\Potato___healthy\369479a9-3c28-4d77-8731-9ae54e719af3___RS_HL 1785.JPG,Healthy
data\raw\potato\Potato___healthy\3c0d6888-c7e1-4cf8-9c25-9a0b8c62ba72___RS_HL 1780.JPG,Healthy
data\raw\potato\Potato___healthy\51a03694-82cd-43a5-9877-ddce42c1a5ad___RS_HL 1779.JPG,Healthy
data\raw\potato\Potato___healthy\f4be3632-42a1-415a-9f7e-1d5ecb9f49d7___RS_HL 1783.JPG,Healthy
data\raw\potato\Potato___Late_blight\2b7f92a9-9bd8-4461-9588-ab98abf54be0___RS_LB 2575.JPG,Late Blight
data\raw\potato\Potato___Late_blight\60463ced-752c-4af3-9082-1de380c572e4___RS_LB 2580.JPG,Late Blight
data\raw\potato\Potato___Late_blight\74d51dd6-7990-4d3a-95c6-5d67fac5cdad___RS_LB 2578.JPG,Late Blight
data\raw\potato\Potato___Late_blight\bf07f2b7-6ab3-4192-a418-ecabc32a11fe___RS_LB 2576.JPG,Late Blight
data\raw\potato\Potato___Early_blight\0caf6a39-3f5f-4201-a4d7-3ea35fdf1303___RS_Early.B 6762.JPG,Early Blight
data\raw\potato\Potato___Early_blight\434ccb1f-7a21-47f4-96b5-3e87bf5fe2a2___RS_Early.B 6760.JPG,Early Blight
data\raw\potato\Potato___Early_blight\6a903f3e-0c90-4b97-aad7-bdb1d07cb11e___RS_Early.B 6765.JPG,Early Blight
data\raw\potato\Potato___Early_blight\d24073c7-875b-4e86-b8cd-58853f13c191___RS_Early.B 6761.JPG,Early Blight
data\raw\potato\Potato___Late_blight\10f41035-20e2-4037-96b6-474ce343d6c2___RS_LB 2725.JPG,Late Blight
data\raw\potato\Potato___Late_blight\1562e8f9-f2d1-43b3-8deb-6b1687bd20dc___RS_LB 2726.JPG,Late Blight
data\raw\potato\Potato___Late_blight\1f440bb7-e35d-4bc9-a807-81dac78c54b8___RS_LB 2727.JPG,Late Blight
data\raw\potato\Potato___Late_blight\aaf6fed2-0c7d-47b5-99df-bb6950092fe5___RS_LB 2723.JPG,Late Blight
data\raw\potato\Potato___healthy\58a98860-86d8-41e7-9f8c-cc2ca5e90012___RS_HL 1758.JPG,Healthy
data\raw\potato\Potato___healthy\774875d3-438a-4305-afe2-7d59e2925dc4___RS_HL 1759.JPG,Healthy
data\raw\potato\Potato___healthy\907f26b7-a14f-463f-a41e-f35d6e0f1417___RS_HL 1757.JPG,Healthy
data\raw\potato\Potato___healthy\c9ad5c9a-c9b0-4e07-9e03-9e9edfd58a19___RS_HL 1755.JPG,Healthy
data\raw\potato\Potato___Late_blight\3e81c41f-5b6b-4458-8aa8-6a544a8e678c___RS_LB 4963.JPG,Late Blight
data\raw\potato\Potato___Late_blight\a838f0ba-745a-4c0b-9895-f3349a6cee4a___RS_LB 4959.JPG,Late Blight
data\raw\potato\Potato___Late_blight\ae9e4c46-171c-460c-a37f-ddf13c260411___RS_LB 4961.JPG,Late Blight
data\raw\potato\Potato___Late_blight\e2ce6696-9f6e-445c-a6c6-c765d659447a___RS_LB 4960.JPG,Late Blight
data\raw\potato\Potato___Early_blight\51bc94fe-ba23-4776-a9ec-727e55015acb___RS_Early.B 8267.JPG,Early Blight
data\raw\potato\Potato___Early_blight\a601dd4d-4e81-4327-9e4e-fd19262a1306___RS_Early.B 8265.JPG,Early Blight
data\raw\potato\Potato___Early_blight\d036af36-99a4-4b25-aa40-2477883e73cf___RS_Early.B 8269.JPG,Early Blight
data\raw\potato\Potato___Early_blight\f20b88af-30e2-4270-a035-2cf217469cf8___RS_Early.B 8266.JPG,Early Blight
data\raw\potato\Potato___healthy\03da9931-e514-4cc7-b04a-8f474a133ce5___RS_HL 1830.JPG,Healthy
data\raw\potato\Potato___healthy\80bb8697-bfab-449b-b870-e1ed2089df58___RS_HL 1827.JPG,Healthy
data\raw\potato\Potato___healthy\bb328d40-e4e6-4b84-a92a-e7cb3922c19d___RS_HL 1829.JPG,Healthy
data\raw\potato\Potato___healthy\d227e4c8-e203-4aa4-b813-25b96baa2869___RS_HL 1831.JPG,Healthy
data\raw\potato\Potato___Late_blight\2846161c-9ac0-4ef3-b563-aee344dac80d___RS_LB 4851.JPG,Late Blight
data\raw\potato\Potato___Late_blight\33551627-5824-42b9-9547-4df44590fee1___RS_LB 4848.JPG,Late Blight
data\raw\potato\Potato___Late_blight\793aaf75-3085-4bbb-bace-33a9593c3c94___RS_LB 4847.JPG,Late Blight
data\raw\potato\Potato___Late_blight\be6b5fab-c3de-4d33-b7fc-87bf794d8705___RS_LB 4850.JPG,Late Blight
data\raw\potato\Potato___Late_blight\09a30eff-d386-456d-a6ce-ead7c0d6235b___RS_LB 5068.JPG,Late Blight
data\raw\potato\Potato___Late_blight\29bfc55a-8cb2-4938-b0b5-5e2748fd1a22___RS_LB 5070.JPG,Late Blight
data\raw\potato\Potato___Late_blight\6616bc3c-e3be-440d-ac55-ae3bb665e8b4___RS_LB 5071.JPG,Late Blight
data\raw\potato\Potato___Late_blight\74277267-6a9f-44d0-95fe-7f52f89630a0___RS_LB 5074.JPG,Late Blight
data\raw\potato\Potato___Late_blight\2f6382f7-12fc-4309-b7db-b034b8165c67___RS_LB 4955.JPG,Late Blight
data\raw\potato\Potato___Late_blight\74ee080b-cad8-4090-9f2a-07411eb8481a___RS_LB 4956.JPG,Late Blight
data\raw\potato\Potato___Late_blight\b340ff00-3d44-4394-90c5-797dc39f8389___RS_LB 4953.JPG,Late Blight
data\raw\potato\Potato___Late_blight\f37f6160-4f5b-447f-b497-cc6eb7662e3b___RS_LB 4951.JPG,Late Blight
data\raw\potato\Potato___Late_blight\17ed933e-629f-4db2-b4f3-865f69d43589___RS_LB 2599.JPG,Late Blight
data\raw\potato\Potato___Late_blight\1a68ab56-2000-4d7a-ad4a-88d300104b7d___RS_LB 2594.JPG,Late Blight
data\raw\potato\Potato___Late_blight\82eb4f72-487c-4f4e-ace6-cc44a24978ec___RS_LB 2600.JPG,Late Blight
data\raw\potato\Potato___Late_blight\c5ff46d5-8f49-409f-b3c1-9a1a25418f47___RS_LB 2596.JPG,Late Blight
data\raw\potato\Potato___Early_blight\2fe81ef1-d7ec-4395-b071-c74d5beb4037___RS_Early.B 7242.JPG,Early Blight
data\raw\potato\Potato___Early_blight\d87f93fa-f6f8-49f1-b9e1-8f196f377df8___RS_Early.B 7244.JPG,Early Blight
data\raw\potato\Potato___Early_blight\dea6a6e4-cfb0-4c00-a0f7-bdd1e52f82e0___RS_Early.B 7246.JPG,Early Blight
data\raw\potato\Potato___Early_blight\e786a4fe-5aa1-4da2-a16f-4ee82c56e317___RS_Early.B 7245.JPG,Early Blight
data\raw\potato\Potato___Early_blight\426aeefb-981d-4436-9f92-0fe230bb65fe___RS_Early.B 6977.JPG,Early Blight
data\raw\potato\Potato___Early_blight\60096f66-1bf2-4d8d-8137-ac2358ab71d0___RS_Early.B 6978.JPG,Early Blight
data\raw\potato\Potato___Early_blight\691161ad-7897-4654-a7bc-14d8b5839621___RS_Early.B 6976.JPG,Early Blight
data\raw\potato\Potato___Early_blight\88e29276-8c4f-4d15-b3d4-d1db0a05cac1___RS_Early.B 6973.JPG,Early Blight
data\raw\potato\Potato___Early_blight\16133ed7-f960-44a5-bd03-8e665e777363___RS_Early.B 7504.JPG,Early Blight
data\raw\potato\Potato___Early_blight\2ec0f91e-b8a4-4aeb-9e08-8bd32b492487___RS_Early.B 7502.JPG,Early Blight
data\raw\potato\Potato___Early_blight\54260e42-8e3f-44c2-b252-c784391ce639___RS_Early.B 7508.JPG,Early Blight
data\raw\potato\Potato___Early_blight\f5fca019-b28f-4000-9d5e-b0b5fd061304___RS_Early.B 7503.JPG,Early Blight
data\raw\potato\Potato___Early_blight\09ab9573-90d5-4001-9b74-14551935deef___RS_Early.B 7603.JPG,Early Blight
data\raw\potato\Potato___Early_blight\c48693cf-14bb-48ec-96fe-240bd2269866___RS_Early.B 7609.JPG,Early Blight
data\raw\potato\Potato___Early_blight\d7c9765e-4a73-4eeb-9f9e-9ed98b7e93fe___RS_Early.B 7601.JPG,Early Blight
data\raw\potato\Potato___Early_blight\f9461507-6875-43f7-800d-502ffdb8ec05___RS_Early.B 7604.JPG,Early Blight
data\raw\potato\Potato___Late_blight\16e37160-9dca-4110-a914-955304e7daf5___RS_LB 3033.JPG,Late Blight
data\raw\potato\Potato___Late_blight\3112e625-f1d9-428b-a77e-23c6f28e44f8___RS_LB 3035.JPG,Late Blight
data\raw\potato\Potato___Late_blight\98a806fd-2839-4069-b40b-08522c34ccdc___RS_LB 3032.JPG,Late Blight
data\raw\potato\Potato___Late_blight\ec5974a3-4c73-4129-a372-8ddec73eb246___RS_LB 3034.JPG,Late Blight
data\raw\potato\Potato___Early_blight\2bc972a0-789f-4e60-9882-2f16fc363dfc___RS_Early.B 7234.JPG,Early Blight
data\raw\potato\Potato___Early_blight\3ef2279b-2fda-463a-b007-e2a93ff977f0___RS_Early.B 7235.JPG,Early Blight
data\raw\potato\Potato___Early_blight\8e05b766-d0a9-4621-9bb4-d16bef411dda___RS_Early.B 7238.JPG,Early Blight
data\raw\potato\Potato___Early_blight\e7b48816-19f7-4dc2-bf52-dfbb85e1f59a___RS_Early.B 7240.JPG,Early Blight
data\raw\potato\Potato___Early_blight\221c911f-e483-407c-b672-21150d09d57e___RS_Early.B 7678.JPG,Early Blight
data\raw\potato\Potato___Early_blight\583fa343-d5be-414b-bd95-f674313bd882___RS_Early.B 7681.JPG,Early Blight
data\raw\potato\Potato___Early_blight\deb1d849-ecf2-4451-8ff7-ca6b0bbbf434___RS_Early.B 7677.JPG,Early Blight
data\raw\potato\Potato___Early_blight\e0326fde-a613-4ec2-bc3b-e1d2154bdbcd___RS_Early.B 7679.JPG,Early Blight
data\raw\potato\Potato___Late_blight\580e8c49-3b1c-46d2-b3f4-68f0b3de0d77___RS_LB 4063.JPG,Late Blight
data\raw\potato\Potato___Late_blight\b4adb8c4-2cea-4027-b0fd-528406b14c86___RS_LB 4066.JPG,Late Blight
data\raw\potato\Potato___Late_blight\dfa65276-0450-4a57-ba94-25384d378f22___RS_LB 4065.JPG,Late Blight
data\raw\potato\Potato___Late_blight\fd81a3e2-1d3e-4e52-a010-ad1b36a5220d___RS_LB 4067.JPG,Late Blight
data\raw\potato\Potato___Early_blight\1ee04a42-fa1c-4f6b-a88b-4cf583b188ea___RS_Early.B 8494.JPG,Early Blight
data\raw\potato\Potato___Early_blight\357b61ef-a56b-4207-aa26-161b0ef3e635___RS_Early.B 8492.JPG,Early Blight
data\raw\potato\Potato___Early_blight\432f1b02-9493-4cf1-8ef7-a40f817e43ff___RS_Early.B 8497.JPG,Early Blight
data\raw\potato\Potato___Early_blight\f400079a-ff67-45c2-8a50-5c5b1e08dc25___RS_Early.B 8491.JPG,Early Blight
data\raw\potato\Potato___Late_blight\5d1486fa-750f-47ca-a973-abc45ea5b4fe___RS_LB 4281.JPG,Late Blight
data\raw\potato\Potato___Late_blight\8f12dae8-d44b-4d16-8815-4da5f9a9ff55___RS_LB 4283.JPG,Late Blight
data\raw\potato\Potato___Late_blight\ecfc161f-11f6-449f-80c1-1b0254f5179a___RS_LB 4279.JPG,Late Blight
data\raw\potato\Potato___Late_blight\f81452c0-aa6a-4d2e-a4ba-c761a2e7870f___RS_LB 4280.JPG,Late Blight
data\raw\potato\Potato___Late_blight\1cffe6a1-6fb3-4506-846c-478148a2b678___RS_LB 4380.JPG,Late Blight
data\raw\potato\Potato___Late_blight\41e3b4c0-7aec-4d49-a84c-f37ed2637407___RS_LB 4377.JPG,Late Blight
data\raw\potato\Potato___Late_blight\7a0b26a9-4abe-4e84-ad20-699b0c0cd27e___RS_LB 4376.JPG,Late Blight
data\raw\potato\Potato___Late_blight\f5ad9b49-ea3a-46c0-8a54-d4e0aa76eda4___RS_LB 4379.JPG,Late Blight
data\raw\potato\Potato___Late_blight\01ad74ce-eb28-42c7-9204-778d17cfd45c___RS_LB 2669.JPG,Late Blight
data\raw\potato\Potato___Late_blight\489107b2-13f2-401b-b931-39ca7fd4be2b___RS_LB 2665.JPG,Late Blight
data\raw\potato\Potato___Late_blight\e0e15d89-8c3b-43f5-8617-136b720e39cd___RS_LB 2668.JPG,Late Blight
data\raw\potato\Potato___Late_blight\eb2bd15b-a92b-4302-98a1-bbc13a0f95bb___RS_LB 2671.JPG,Late Blight
data\raw\potato\Potato___Late_blight\2af683b8-ad55-450d-9047-630b85a2d128___RS_LB 4614.JPG,Late Blight
data\raw\potato\Potato___Late_blight\7b5a2c96-f276-477a-8e7e-3325b02719a7___RS_LB 4613.JPG,Late Blight
data\raw\potato\Potato___Late_blight\84559c6d-0589-4d8d-8fc3-a818b067f85c___RS_LB 4608.JPG,Late Blight
data\raw\potato\Potato___Late_blight\b22a71a5-31a9-40c5-a3df-313e52748a61___RS_LB 4610.JPG,Late Blight
data\raw\potato\Potato___Late_blight\0051e5e8-d1c4-4a84-bf3a-a426cdad6285___RS_LB 4640.JPG,Late Blight
data\raw\potato\Potato___Late_blight\2b974785-090d-4dae-81a2-ce3ebc2a1c68___RS_LB 4634.JPG,Late Blight
data\raw\potato\Potato___Late_blight\3221ccec-f264-4046-8252-77a8a357562b___RS_LB 4637.JPG,Late Blight
data\raw\potato\Potato___Late_blight\acd7a42b-15eb-40e4-823c-49eff6b4e95e___RS_LB 4636.JPG,Late Blight
data\raw\potato\Potato___Early_blight\292a3f93-96a2-4b0d-879f-581136c57bcf___RS_Early.B 7099.JPG,Early Blight
data\raw\potato\Potato___Early_blight\54eebf69-9501-4f9e-b923-1ef61f31d93c___RS_Early.B 7098.JPG,Early Blight
data\raw\potato\Potato___Early_blight\606e216d-f0b8-4ef3-9bf1-2bee85a13361___RS_Early.B 7094.JPG,Early Blight
data\raw\potato\Potato___Early_blight\d286d101-227f-48ba-b906-586879eb6a00___RS_Early.B 7095.JPG,Early Blight
data\raw\potato\Potato___Late_blight\48f93953-2de7-4724-9c7b-69dc13a47759___RS_LB 4977.JPG,Late Blight
data\raw\potato\Potato___Late_blight\9157168d-8377-4a75-8dc2-d7c951efeb55___RS_LB 4978.JPG,Late Blight
data\raw\potato\Potato___Late_blight\ae52f85f-bce0-4fb9-a109-009e099a72e6___RS_LB 4972.JPG,Late Blight
data\raw\potato\Potato___Late_blight\ff7160f9-f8d7-4576-82b8-009bf1b63b3b___RS_LB 4974.JPG,Late Blight
data\raw\potato\Potato___Late_blight\140cad58-de9c-44b8-afb4-af5751e2e012___RS_LB 3247.JPG,Late Blight
data\raw\potato\Potato___Late_blight\792d4339-f459-4ef6-aef9-431c64c95cc1___RS_LB 3251.JPG,Late Blight
data\raw\potato\Potato___Late_blight\7efcdebc-93be-4168-9965-2b2be46823d8___RS_LB 3249.JPG,Late Blight
data\raw\potato\Potato___Late_blight\90302aa5-644e-4857-b60f-92f6aed488fa___RS_LB 3246.JPG,Late Blight
data\raw\potato\Potato___healthy\30126310-39de-4c02-b10a-23409417a4f6___RS_HL 1826.JPG,Healthy
data\raw\potato\Potato___healthy\a4d1d8cb-26a2-413f-a229-021e2eea87ac___RS_HL 1819.JPG,Healthy
data\raw\potato\Potato___healthy\b536ea91-c5f8-413b-87f3-a22ac3d959d1___RS_HL 1825.JPG,Healthy
data\raw\potato\Potato___healthy\f4b5ec24-d318-4309-8294-9126450d5d7f___RS_HL 1824.JPG,Healthy
data\raw\potato\Potato___Early_blight\0a6983a5-895e-4e68-9edb-88adf79211e9___RS_Early.B 9072.JPG,Early Blight
data\raw\potato\Potato___Early_blight\43ddad18-d70a-49d3-97d6-9a5f82ddeecd___RS_Early.B 9069.JPG,Early Blight
data\raw\potato\Potato___Early_blight\64e41485-8bd1-4b5d-9482-023eb07d8a89___RS_Early.B 9078.JPG,Early Blight
data\raw\potato\Potato___Early_blight\bb3d6df0-683e-4f04-afaf-277a36edad6c___RS_Early.B 9070.JPG,Early Blight
data\raw\potato\Potato___Early_blight\14efc692-8ac6-4bd8-a71a-943192d6831a___RS_Early.B 6841.JPG,Early Blight
data\raw\potato\Potato___Early_blight\758b39d7-12bc-401f-b280-2c8435a02f43___RS_Early.B 6839.JPG,Early Blight
data\raw\potato\Potato___Early_blight\8f0e6484-7d27-4ee1-849a-316c6195b139___RS_Early.B 6840.JPG,Early Blight
data\raw\potato\Potato___Early_blight\bb4e9c01-6166-424d-a379-9ef405fdd555___RS_Early.B 6843.JPG,Early Blight
data\raw\potato\Potato___Early_blight\1d466431-007d-4b3b-bd45-b09f1a6f7bad___RS_Early.B 8932.JPG,Early Blight
data\raw\potato\Potato___Early_blight\1defd277-6394-4049-895d-470f1e27e189___RS_Early.B 8931.JPG,Early Blight
data\raw\potato\Potato___Early_blight\21ca5caf-147b-4a1a-a2da-edfc1c81b62e___RS_Early.B 8926.JPG,Early Blight
data\raw\potato\Potato___Early_blight\b472654c-a32f-4c8f-b424-da6e415febf9___RS_Early.B 8930.JPG,Early Blight
data\raw\potato\Potato___Late_blight\145216a1-aab7-4f40-851d-a56c436ad0e3___RS_LB 2715.JPG,Late Blight
data\raw\potato\Potato___Late_blight\5bbebfcc-4e51-47ba-948c-46be12f1c170___RS_LB 2716.JPG,Late Blight
data\raw\potato\Potato___Late_blight\d3811753-f672-405c-afa3-8fbaa2715bf4___RS_LB 2720.JPG,Late Blight
data\raw\potato\Potato___Late_blight\ea620852-7590-4d82-8349-1470cb1fe3a8___RS_LB 2719.JPG,Late Blight
data\raw\potato\Potato___Early_blight\5f209b64-4a3c-4fd4-9151-83db4125e7fc___RS_Early.B 7284.JPG,Early Blight
data\raw\potato\Potato___Early_blight\6bb48ab5-6f0d-4bd8-a3c0-bf2b6d5ed936___RS_Early.B 7281.JPG,Early Blight
data\raw\potato\Potato___Early_blight\8e384f1d-1a56-4fcc-8e06-a65ee86270a8___RS_Early.B 7278.JPG,Early Blight
data\raw\potato\Potato___Early_blight\c0d9fcd4-79cb-43e4-82bc-1e48e9e2a572___RS_Early.B 7279.JPG,Early Blight
data\raw\potato\Potato___Late_blight\22b19227-ae7e-495e-9fe0-d286fbcf9412___RS_LB 3996.JPG,Late Blight
data\raw\potato\Potato___Late_blight\9009c86e-1205-4694-b0bb-ef7cf78dd104___RS_LB 3995.JPG,Late Blight
data\raw\potato\Potato___Late_blight\d3e6cc68-6d84-406f-9e02-b81f8051ecb3___RS_LB 3992.JPG,Late Blight
data\raw\potato\Potato___Late_blight\e08c2b56-3a54-4fcc-b814-85c55020278b___RS_LB 3991.JPG,Late Blight
data\raw\potato\Potato___healthy\1dcfeaa9-006d-470c-b3e5-d67609d07d4e___RS_HL 1808.JPG,Healthy
data\raw\potato\Potato___healthy\23f4d3b1-23f4-43fb-96c2-dae37224ec74___RS_HL 1803.JPG,Healthy
data\raw\potato\Potato___healthy\38faf81d-c83b-42ca-b4c3-e3bbfa070589___RS_HL 1805.JPG,Healthy
data\raw\potato\Potato___healthy\5df30492-0b54-474d-8883-bba9474ca88f___RS_HL 1801.JPG,Healthy
data\raw\potato\Potato___Early_blight\08194ca3-f0b2-4aaa-8df8-5ec5ddc6696a___RS_Early.B 8151.JPG,Early Blight
data\raw\potato\Potato___Early_blight\438176fc-2e4a-45d1-9014-3eb2391c5832___RS_Early.B 8147.JPG,Early Blight
data\raw\potato\Potato___Early_blight\7a7ff9ee-1d6f-4ca8-a393-9c56ca74d7bb___RS_Early.B 8158.JPG,Early Blight
data\raw\potato\Potato___Early_blight\fd5b1e1f-48a8-42bd-82b5-cf762504708b___RS_Early.B 8149.JPG,Early Blight
data\raw\potato\Potato___Late_blight\08ddae0c-5328-4183-b16e-c980f197e471___RS_LB 2845.JPG,Late Blight
data\raw\potato\Potato___Late_blight\78f43f26-36e5-43c2-9b87-a08d8a0b8a11___RS_LB 2843.JPG,Late Blight
data\raw\potato\Potato___Late_blight\794fae1d-55b2-4275-8fce-174728963813___RS_LB 2841.JPG,Late Blight
data\raw\potato\Potato___Late_blight\d80e59e3-a88d-4c32-8dd1-a23a6fed45ae___RS_LB 2846.JPG,Late Blight
data\raw\potato\Potato___Late_blight\2c2b39ed-75f9-49f6-a28e-36a2cb608297___RS_LB 2794.JPG,Late Blight
data\raw\potato\Potato___Late_blight\44112cb9-7423-4983-bb9a-cb32e3ea9ac3___RS_LB 2793.JPG,Late Blight
data\raw\potato\Potato___Late_blight\e4735c8f-e6da-46a1-b0fe-b1d2355a1bd4___RS_LB 2796.JPG,Late Blight
data\raw\potato\Potato___Late_blight\f795a3d7-2915-447c-9e6f-df1d895f98bc___RS_LB 2792.JPG,Late Blight
data\raw\potato\Potato___Late_blight\33b849d5-ec92-4acb-88e6-530accf22734___RS_LB 4994.JPG,Late Blight
data\raw\potato\Potato___Late_blight\6cab0a2b-a2d9-4798-8043-f6ef416ed745___RS_LB 4993.JPG,Late Blight
data\raw\potato\Potato___Late_blight\bd70c718-5846-42a1-8b05-22792ec98738___RS_LB 4992.JPG,Late Blight
data\raw\potato\Potato___Late_blight\c6ecc36c-1886-4d2d-89aa-0e9e9dc7ba32___RS_LB 4997.JPG,Late Blight
data\raw\potato\Potato___Late_blight\73fb0463-c023-4749-8c37-dd11304de9b1___RS_LB 3112.JPG,Late Blight
data\raw\potato\Potato___Late_blight\81e4675f-5f16-4c8a-be12-acb79f46575e___RS_LB 3111.JPG,Late Blight
data\raw\potato\Potato___Late_blight\c4aec622-2e7b-49f6-bab3-6c4dce29f155___RS_LB 3118.JPG,Late Blight
data\raw\potato\Potato___Late_blight\c58de13c-b59d-4497-ae5a-08b425919b64___RS_LB 3116.JPG,Late Blight
data\raw\potato\Potato___Early_blight\0a47f32c-1724-4c8d-bfe4-986cedd3587b___RS_Early.B 8001.JPG,Early Blight
data\raw\potato\Potato___Early_blight\1d038d64-7f3c-4b4d-9b3d-7736f97b59a0___RS_Early.B 7994.JPG,Early Blight
data\raw\potato\Potato___Early_blight\4eacc117-bab5-40ff-bde0-dbc6b2a35822___RS_Early.B 7999.JPG,Early Blight
data\raw\potato\Potato___Early_blight\f2540cea-220b-4ba2-bf16-7c1c7f32c38c___RS_Early.B 7997.JPG,Early Blight
data\raw\potato\Potato___Early_blight\85626b40-beca-4bc0-90ed-fc6090c6b18e___RS_Early.B 8598.JPG,Early Blight
data\raw\potato\Potato___Early_blight\e4bd2479-dd2f-41ce-9544-4f1804c4ab8b___RS_Early.B 8601.JPG,Early Blight
data\raw\potato\Potato___Early_blight\ee584747-fea1-4d16-9c03-40bfc9bcf1c7___RS_Early.B 8600.JPG,Early Blight
data\raw\potato\Potato___Early_blight\f48fc3b4-b7e7-4ad5-a651-0bf61a5173ff___RS_Early.B 8597.JPG,Early Blight
data\raw\potato\Potato___Early_blight\6a90d533-28ad-4e1b-935b-8d2dfa804c87___RS_Early.B 8213.JPG,Early Blight
data\raw\potato\Potato___Early_blight\85531704-18a5-4f98-8c1d-25709ecf77f8___RS_Early.B 8214.JPG,Early Blight
data\raw\potato\Potato___Early_blight\ed270d5d-3523-4bc2-b208-4f5304bbfeef___RS_Early.B 8218.JPG,Early Blight
data\raw\potato\Potato___Early_blight\fbbe7b93-e6da-4dc8-b1ee-ba5646a5e039___RS_Early.B 8216.JPG,Early Blight
data\raw\potato\Potato___healthy\750584fd-72e0-45c8-b37c-97208bd559cc___RS_HL 1885.JPG,Healthy
data\raw\potato\Potato___healthy\8b2ce6b6-f00a-4f25-ac6d-4249dd7dc5f6___RS_HL 1890.JPG,Healthy
data\raw\potato\Potato___healthy\923d4cc3-021a-4bcd-9f5f-1d6f69e4ad33___RS_HL 1888.JPG,Healthy
data\raw\potato\Potato___healthy\b9ea902d-e557-4fa5-893b-39a7a57c0121___RS_HL 1893.JPG,Healthy
data\raw\potato\Potato___Late_blight\05c29b23-ecdf-41fc-be67-910bb74cd67c___RS_LB 4016.JPG,Late Blight
data\raw\potato\Potato___Late_blight\6033f0b2-48e7-411c-a39b-86297f412c19___RS_LB 4020.JPG,Late Blight
data\raw\potato\Potato___Late_blight\86944800-4984-44f9-9c72-53fcb7324a3b___RS_LB 4015.JPG,Late Blight
data\raw\potato\Potato___Late_blight\b167bd40-798f-4e70-a735-f191350dd057___RS_LB 4017.JPG,Late Blight
data\raw\potato\Potato___Early_blight\15ab8118-01fb-4e9c-83a9-94ab224d6854___RS_Early.B 7962.JPG,Early Blight
data\raw\potato\Potato___Early_blight\41eccd84-6a67-4b04-ae69-59c1bcf17728___RS_Early.B 7964.JPG,Early Blight
data\raw\potato\Potato___Early_blight\60418916-8278-448a-af45-21ee8ef60a95___RS_Early.B 7957.JPG,Early Blight
data\raw\potato\Potato___Early_blight\caef0735-6517-4194-b124-5916815e4a71___RS_Early.B 7956.JPG,Early Blight
data\raw\potato\Potato___Early_blight\2d344be7-2d5f-4d27-aeb2-b92c8191b877___RS_Early.B 7173.JPG,Early Blight
data\raw\potato\Potato___Early_blight\37d5791e-19e8-4095-a1cd-36aede6d0802___RS_Early.B 7172.JPG,Early Blight
data\raw\potato\Potato___Early_blight\4a4847c4-c393-4772-8035-e39b472e179b___RS_Early.B 7167.JPG,Early Blight
data\raw\potato\Potato___Early_blight\cf38c261-5bae-4b5d-92b4-16c634557d2a___RS_Early.B 7169.JPG,Early Blight
data\raw\potato\Potato___Late_blight\42cd0719-199a-40a8-aaa0-228bb80e1832___RS_LB 4440.JPG,Late Blight
data\raw\potato\Potato___Late_blight\5576794b-902c-4df2-ae8d-da30faa37d5d___RS_LB 4443.JPG,Late Blight
data\raw\potato\Potato___Late_blight\71f6c664-3b77-45ef-a1de-e00685c78add___RS_LB 4441.JPG,Late Blight
data\raw\potato\Potato___Late_blight\b86274d3-554a-495d-8304-76484e3c4d15___RS_LB 4442.JPG,Late Blight
data\raw\potato\Potato___Early_blight\520475a1-5acf-433f-a306-cff6ec1a99ef___RS_Early.B 9159.JPG,Early Blight
data\raw\potato\Potato___Early_blight\7584a5b8-b701-4255-9dde-a60b6442cc37___RS_Early.B 9154.JPG,Early Blight
data\raw\potato\Potato___Early_blight\aaa394b2-f7d5-41a5-97eb-acc4068ef72d___RS_Early.B 9155.JPG,Early Blight
data\raw\potato\Potato___Early_blight\f217f3ba-56fa-4f97-bf9a-07697e08e845___RS_Early.B 9161.JPG,Early Blight
data\raw\potato\Potato___Early_blight\094fbf4c-da00-4037-82af-03e712d8db47___RS_Early.B 6908.JPG,Early Blight
data\raw\potato\Potato___Early_blight\8784362f-5fc6-4ad9-b11d-d06b272cefb5___RS_Early.B 6907.JPG,Early Blight
data\raw\potato\Potato___Early_blight\d0fc4557-34a0-4324-8b2c-865853e0face___RS_Early.B 6912.JPG,Early Blight
data\raw\potato\Potato___Early_blight\f188a6c1-fbed-4941-a5a7-e11a6b4ddcfb___RS_Early.B 6910.JPG,Early Blight
data\raw\potato\Potato___Early_blight\95d42b98-1945-4cb3-ab27-0dbd56def41b___RS_Early.B 8866.JPG,Early Blight
data\raw\potato\Potato___Early_blight\996c0f04-a33a-4620-8971-469e009abae7___RS_Early.B 8869.JPG,Early Blight
data\raw\potato\Potato___Early_blight\9d0c69df-f5dc-4118-a654-ab40d100b9b6___RS_Early.B 8870.JPG,Early Blight
data\raw\potato\Potato___Early_blight\c7fb1eeb-741c-4583-ad3f-ed46d5c2c920___RS_Early.B 8865.JPG,Early Blight
data\raw\potato\Potato___Early_blight\109730cd-03f3-4139-a464-5f9151483e8c___RS_Early.B 6738.JPG,Early Blight
data\raw\potato\Potato___Early_blight\1de8ed75-0778-4364-9178-52c1bd0dffb4___RS_Early.B 6729.JPG,Early Blight
data\raw\potato\Potato___Early_blight\34d62dee-797e-4f31-9063-f6a285935b4d___RS_Early.B 6733.JPG,Early Blight
data\raw\potato\Potato___Early_blight\dc34096f-8974-4a76-8d15-42ee86038015___RS_Early.B 6734.JPG,Early Blight
data\raw\potato\Potato___Early_blight\41f4502c-34aa-45a5-b593-7191f7a62f96___RS_Early.B 8774.JPG,Early Blight
data\raw\potato\Potato___Early_blight\72f7fa2c-974f-42af-99c3-fd4739d64050___RS_Early.B 8772.JPG,Early Blight
data\raw\potato\Potato___Early_blight\94eb2aa6-7f9e-4a5a-b519-2106984e9a7d___RS_Early.B 8770.JPG,Early Blight
data\raw\potato\Potato___Early_blight\ede5199d-4bf1-4bd0-a460-2168350ed05a___RS_Early.B 8773.JPG,Early Blight
data\raw\potato\Potato___Late_blight\465165a0-33c0-4593-8324-03513e71079d___RS_LB 4445.JPG,Late Blight
data\raw\potato\Potato___Late_blight\70b8c0ad-be72-4f3f-84ba-7439f83b089b___RS_LB 4446.JPG,Late Blight
data\raw\potato\Potato___Late_blight\bc5b403e-ecc2-4fde-bafa-9b8698e4545c___RS_LB 4448.JPG,Late Blight
data\raw\potato\Potato___Late_blight\c8bfd67e-892e-4502-982a-adba5505be5d___RS_LB 4444.JPG,Late Blight
data\raw\potato\Potato___Early_blight\17520079-9d7b-481a-bc9e-676c5404d160___RS_Early.B 6774.JPG,Early Blight
data\raw\potato\Potato___Early_blight\203357f4-1deb-42b2-99ed-32df34aa166c___RS_Early.B 6780.JPG,Early Blight
data\raw\potato\Potato___Early_blight\b39bbf50-eae1-49ca-bd12-e776e3680d8b___RS_Early.B 6775.JPG,Early Blight
data\raw\potato\Potato___Early_blight\f0a1af30-47b5-430b-b563-ef9a32a55dc7___RS_Early.B 6781.JPG,Early Blight
data\raw\potato\Potato___Early_blight\089fb289-4bea-48b6-a29a-3a1d268d9dd3___RS_Early.B 8081.JPG,Early Blight
data\raw\potato\Potato___Early_blight\1d2ec63e-acfb-4a80-ba21-853a724fff4a___RS_Early.B 8083.JPG,Early Blight
data\raw\potato\Potato___Early_blight\336e5156-8947-46a7-a6fb-e993255d9091___RS_Early.B 8085.JPG,Early Blight
data\raw\potato\Potato___Early_blight\8f0e2872-e5c6-43b2-97f9-269da00cd400___RS_Early.B 8089.JPG,Early Blight
data\raw\potato\Potato___healthy\3f369e63-81eb-4194-a145-df9ed91abc5d___RS_HL 1745.JPG,Healthy
data\raw\potato\Potato___healthy\468d3107-f09a-4f0d-8b9d-f08d7c49738f___RS_HL 1747.JPG,Healthy
data\raw\potato\Potato___healthy\77c75478-e1f0-4aaa-9cbc-af1fed928a74___RS_HL 1748.JPG,Healthy
data\raw\potato\Potato___healthy\e693354a-053c-4093-8642-cc8f5f9eb2cc___RS_HL 1746.JPG,Healthy
data\raw\potato\Potato___Late_blight\01270f5c-a44b-4da7-9398-289088c197ab___RS_LB 2517.JPG,Late Blight
data\raw\potato\Potato___Late_blight\14691d2b-446b-4f0e-921b-60d3b76cbf03___RS_LB 2518.JPG,Late Blight
data\raw\potato\Potato___Late_blight\5fe37f29-fe15-42ac-93b5-90aa5337bd55___RS_LB 2514.JPG,Late Blight
data\raw\potato\Potato___Late_blight\fe72d959-6788-4b19-9285-e0b2919dc718___RS_LB 2516.JPG,Late Blight
data\raw\potato\Potato___Early_blight\0faca7fe-7254-4dfa-8388-bbc776338c9c___RS_Early.B 7929.JPG,Early Blight
data\raw\potato\Potato___Early_blight\70a2aa43-f50f-448b-bd98-9315f27cf456___RS_Early.B 7927.JPG,Early Blight
data\raw\potato\Potato___Early_blight\72013507-bfce-4b7a-b56e-f66a94cb4558___RS_Early.B 7930.JPG,Early Blight
data\raw\potato\Potato___Early_blight\fdc691b0-2b15-4cb6-8f5d-c4e5654389e0___RS_Early.B 7935.JPG,Early Blight
data\raw\potato\Potato___Late_blight\30920583-57a6-4cc2-81d6-84879ec3af46___RS_LB 4930.JPG,Late Blight
data\raw\potato\Potato___Late_blight\76ebfd7a-b3d8-4cde-b6b6-7e5132ec269b___RS_LB 4935.JPG,Late Blight
data\raw\potato\Potato___Late_blight\dbbd22b5-a565-470a-9e72-2c7d7c26dbe5___RS_LB 4932.JPG,Late Blight
data\raw\potato\Potato___Late_blight\df919a28-9f11-42f6-823c-15f70bf1325e___RS_LB 4936.JPG,Late Blight
data\raw\potato\Potato___Early_blight\24ced43c-a862-4e3d-8300-dffd350de2c4___RS_Early.B 6957.JPG,Early Blight
data\raw\potato\Potato___Early_blight\454203b9-0376-4db3-92ed-047545daa7c6___RS_Early.B 6953.JPG,Early Blight
data\raw\potato\Potato___Early_blight\91008080-0b15-41f0-ab72-5b6a3582239d___RS_Early.B 6954.JPG,Early Blight
data\raw\potato\Potato___Early_blight\d97f6469-bef9-4276-b918-efb1a1859fb7___RS_Early.B 6958.JPG,Early Blight
data\raw\potato\Potato___Late_blight\3888aab7-b07f-439b-80cc-c7f49004a67c___RS_LB 4156.JPG,Late Blight
data\raw\potato\Potato___Late_blight\77164347-18bd-4466-aca9-0f61e6a36468___RS_LB 4155.JPG,Late Blight
data\raw\potato\Potato___Late_blight\8eb5691c-0098-45f6-a782-e297ed340bc0___RS_LB 4153.JPG,Late Blight
data\raw\potato\Potato___Late_blight\d8580222-d6c2-4519-94f2-f59c2d613d8b___RS_LB 4158.JPG,Late Blight
data\raw\potato\Potato___Late_blight\856b9ab9-c5af-43f1-a320-097b7380d314___RS_LB 2789.JPG,Late Blight
data\raw\potato\Potato___Late_blight\b9939f3e-c71c-4653-acff-109a8266dddf___RS_LB 2787.JPG,Late Blight
data\raw\potato\Potato___Late_blight\cf83a586-2f2a-423b-8e1c-f7c284a20ec1___RS_LB 2785.JPG,Late Blight
data\raw\potato\Potato___Late_blight\d4463dcb-ae91-4329-8c6d-6da1eecbaaac___RS_LB 2788.JPG,Late Blight
data\raw\potato\Potato___Late_blight\33938ff2-ee2c-4571-96dd-6229a0cb4e0c___RS_LB 5184.JPG,Late Blight
data\raw\potato\Potato___Late_blight\51eb7a7a-99b4-47c4-be2f-2de9f4e5e985___RS_LB 5182.JPG,Late Blight
data\raw\potato\Potato___Late_blight\84e85005-c647-4381-8762-c487074c9571___RS_LB 5186.JPG,Late Blight
data\raw\potato\Potato___Late_blight\b9ad8d86-aadb-44b4-9bba-d6adb446afd7___RS_LB 5188.JPG,Late Blight
data\raw\potato\Potato___Early_blight\0898bffc-57aa-4fdb-92d1-fd6a03d2a011___RS_Early.B 6946.JPG,Early Blight
data\raw\potato\Potato___Early_blight\b83aea19-9485-412f-808d-c0a590d75388___RS_Early.B 6951.JPG,Early Blight
data\raw\potato\Potato___Early_blight\d031102c-679d-4323-a5ee-4c52ed2d5740___RS_Early.B 6947.JPG,Early Blight
data\raw\potato\Potato___Early_blight\fc73fc01-6a63-4b3b-bfed-74625c5b4b05___RS_Early.B 6945.JPG,Early Blight
data\raw\potato\Potato___Early_blight\4a7c680d-9c18-4065-a6e0-70cd2d0a3207___RS_Early.B 8107.JPG,Early Blight
data\raw\potato\Potato___Early_blight\4f12ef84-6c6e-43d6-b6f1-3a8b0278b3a6___RS_Early.B 8101.JPG,Early Blight
data\raw\potato\Potato___Early_blight\d9293730-8ba7-4f41-936a-eb129bde096b___RS_Early.B 8102.JPG,Early Blight
data\raw\potato\Potato___Early_blight\f536e055-666e-41cc-8ee2-c1af2fbf754a___RS_Early.B 8104.JPG,Early Blight
data\raw\potato\Potato___Early_blight\2c0e712a-fb21-44b6-bbe1-7c67cec7b965___RS_Early.B 7084.JPG,Early Blight
data\raw\potato\Potato___Early_blight\6cd05602-f131-47a3-a7ef-f328a13e4f1e___RS_Early.B 7079.JPG,Early Blight
data\raw\potato\Potato___Early_blight\ce9d9a96-23cc-4d24-ab68-3932cba59ae2___RS_Early.B 7080.JPG,Early Blight
data\raw\potato\Potato___Early_blight\eec2262a-d16b-42e1-99bd-6891ef392988___RS_Early.B 7085.JPG,Early Blight
data\raw\potato\Potato___Late_blight\17f8da33-18e6-454b-b9dc-a34c8dd52591___RS_LB 2945.JPG,Late Blight
data\raw\potato\Potato___Late_blight\5674826f-aeb6-4142-809e-ea9e4fd391c3___RS_LB 2940.JPG,Late Blight
data\raw\potato\Potato___Late_blight\63ec8c33-368c-433d-8953-f28f30e5985f___RS_LB 2943.JPG,Late Blight
data\raw\potato\Potato___Late_blight\f2bfd338-f718-4794-a115-3337a0669988___RS_LB 2944.JPG,Late Blight
data\raw\potato\Potato___Early_blight\1e671694-5713-4568-b8ad-06f15688d25e___RS_Early.B 7659.JPG,Early Blight
data\raw\potato\Potato___Early_blight\4a35b485-4f57-471a-a2cc-d5d7ebd41c40___RS_Early.B 7651.JPG,Early Blight
data\raw\potato\Potato___Early_blight\68a9df4a-f803-4cf1-bfce-1a637a2befcc___RS_Early.B 7654.JPG,Early Blight
data\raw\potato\Potato___Early_blight\b21bc878-7b63-481e-a6d1-7e972627210e___RS_Early.B 7656.JPG,Early Blight
data\raw\potato\Potato___Late_blight\b4e52186-de58-4c06-bbd2-2fb3dbeda13e___RS_LB 2655.JPG,Late Blight
data\raw\potato\Potato___Late_blight\c4c1c25f-0594-4c81-a1e0-a609ee1f0808___RS_LB 2653.JPG,Late Blight
data\raw\potato\Potato___Late_blight\d99f0d05-6ee3-440c-9dc6-48f7ba2bfc24___RS_LB 2654.JPG,Late Blight
data\raw\potato\Potato___Late_blight\fdf53f6c-db92-48b9-9e06-0358e4114be6___RS_LB 2656.JPG,Late Blight
data\raw\potato\Potato___Late_blight\64df88c4-e308-48f3-b475-e2e6206bbd8a___RS_LB 3886.JPG,Late Blight
data\raw\potato\Potato___Late_blight\6fa565d1-4fab-4331-b30d-772babc186a4___RS_LB 3887.JPG,Late Blight
data\raw\potato\Potato___Late_blight\e1197d2d-980a-45b1-9ab1-5b7cc36660bc___RS_LB 3885.JPG,Late Blight
data\raw\potato\Potato___Late_blight\f477f5a9-90cf-416b-8a3d-782ea2365c9f___RS_LB 3884.JPG,Late Blight
data\raw\potato\Potato___Early_blight\07953ca1-8935-449f-b338-4357ed683b2d___RS_Early.B 6815.JPG,Early Blight
data\raw\potato\Potato___Early_blight\3613b972-6af8-4a9a-be7f-bf68e4eb4cd0___RS_Early.B 6813.JPG,Early Blight
data\raw\potato\Potato___Early_blight\4722a31c-987f-4fac-afa1-37479556a056___RS_Early.B 6810.JPG,Early Blight
data\raw\potato\Potato___Early_blight\73273541-2855-4516-92c3-658703bd2d18___RS_Early.B 6814.JPG,Early Blight
data\raw\potato\Potato___Late_blight\29d84246-f2a5-4c18-8ddc-2f2d38046ae2___RS_LB 2625.JPG,Late Blight
data\raw\potato\Potato___Late_blight\8192a596-e2e9-4451-a33d-a92a26a739ee___RS_LB 2624.JPG,Late Blight
data\raw\potato\Potato___Late_blight\ef49abc4-4b8e-4438-88a9-b3acfdb52014___RS_LB 2623.JPG,Late Blight
data\raw\potato\Potato___Late_blight\fdb7d904-91df-4f00-85bd-0fb038723329___RS_LB 2628.JPG,Late Blight
data\raw\potato\Potato___Late_blight\034a54f1-e3e9-4524-a318-9d253d9f1394___RS_LB 2893.JPG,Late Blight
data\raw\potato\Potato___Late_blight\2122118e-02ee-452b-864c-adf36ed5ce9c___RS_LB 2890.JPG,Late Blight
data\raw\potato\Potato___Late_blight\a3bf27ee-b4ec-4f72-a25b-9d47b4cd100d___RS_LB 2889.JPG,Late Blight
data\raw\potato\Potato___Late_blight\ea5fc080-37a7-4954-ba8c-a5d67b6a0962___RS_LB 2888.JPG,Late Blight
data\raw\potato\Potato___Early_blight\0f9c098f-a6df-4a73-8c14-8e7d4dbb1b0b___RS_Early.B 7991.JPG,Early Blight
data\raw\potato\Potato___Early_blight\11e974fa-928f-45f6-b983-e74c74c7d163___RS_Early.B 7992.JPG,Early Blight
data\raw\potato\Potato___Early_blight\69ee53e1-a9b6-4e97-bc5f-f91617bc87ab___RS_Early.B 7987.JPG,Early Blight
data\raw\potato\Potato___Early_blight\ef825fcb-d776-4dfd-a6ed-3bd49912806e___RS_Early.B 7985.JPG,Early Blight
data\raw\potato\Potato___Early_blight\5fa695b2-89f6-4c5e-b62f-2be61e2ad23a___RS_Early.B 7232.JPG,Early Blight
data\raw\potato\Potato___Early_blight\b7157976-61c2-4366-87c5-e3de23aa7c10___RS_Early.B 7227.JPG,Early Blight
data\raw\potato\Potato___Early_blight\bc8a7fa5-1f77-4829-a1ee-0ccbeef289eb___RS_Early.B 7228.JPG,Early Blight
data\raw\potato\Potato___Early_blight\d44a363d-c186-416e-8fad-1a456699bba2___RS_Early.B 7229.JPG,Early Blight
data\raw\potato\Potato___Early_blight\b512ab1a-0ea5-47d6-b998-7c9f32ed3329___RS_Early.B 7250.JPG,Early Blight
data\raw\potato\Potato___Early_blight\bcedd1ec-17b4-495b-b47f-5877ef836f88___RS_Early.B 7248.JPG,Early Blight
data\raw\potato\Potato___Early_blight\c53d85d7-bddb-422b-955c-6842cce9a927___RS_Early.B 7253.JPG,Early Blight
data\raw\potato\Potato___Early_blight\dbee10d3-333b-4c62-aa90-23c1f859519c___RS_Early.B 7252.JPG,Early Blight
data\raw\potato\Potato___Early_blight\22b28f50-4141-4ca7-be3f-ccb1c521c2df___RS_Early.B 8285.JPG,Early Blight
data\raw\potato\Potato___Early_blight\2b3e46d9-09dd-4966-99c6-fe44c741b94c___RS_Early.B 8290.JPG,Early Blight
data\raw\potato\Potato___Early_blight\cc716d92-3d2e-4cce-bc77-bb4c8155b88c___RS_Early.B 8288.JPG,Early Blight
data\raw\potato\Potato___Early_blight\e40b6718-52b6-46a7-970c-5f1b6bae23af___RS_Early.B 8287.JPG,Early Blight
data\raw\potato\Potato___Early_blight\0c5b14d9-8b1c-4c39-bb23-1835b5760caa___RS_Early.B 7937.JPG,Early Blight
data\raw\potato\Potato___Early_blight\1cb05d87-027d-4bf0-b5c4-4c1a57896ac6___RS_Early.B 7936.JPG,Early Blight
data\raw\potato\Potato___Early_blight\aa342b8f-88f5-4d9d-9740-4b1b4147c590___RS_Early.B 7939.JPG,Early Blight
data\raw\potato\Potato___Early_blight\bc7552e4-3901-41b8-8bef-727eeca4270e___RS_Early.B 7942.JPG,Early Blight
data\raw\potato\Potato___Early_blight\334fd34b-f4aa-4cc2-9ac9-8b85df65b96c___RS_Early.B 6773.JPG,Early Blight
data\raw\potato\Potato___Early_blight\73845010-b5b2-4604-8055-388c4222592a___RS_Early.B 6767.JPG,Early Blight
data\raw\potato\Potato___Early_blight\78313ae7-3589-4d23-a5b6-0457e500bd1a___RS_Early.B 6768.JPG,Early Blight
data\raw\potato\Potato___Early_blight\d84ba2ee-6ef5-45b7-a15a-b677b99cd3f6___RS_Early.B 6772.JPG,Early Blight
data\raw\potato\Potato___Early_blight\425e5f26-56b0-404d-b537-dc3353ecee09___RS_Early.B 7058.JPG,Early Blight
data\raw\potato\Potato___Early_blight\5a7ca2a3-5bfc-47b7-9657-85a6c95a0956___RS_Early.B 7061.JPG,Early Blight
data\raw\potato\Potato___Early_blight\a50c5f93-a5db-4eaf-9d82-2e420d2351e7___RS_Early.B 7060.JPG,Early Blight
data\raw\potato\Potato___Early_blight\c28107c6-ea57-4044-bb6e-508d6d360cd7___RS_Early.B 7057.JPG,Early Blight
data\raw\potato\Potato___Late_blight\13b1b19c-6720-4238-b384-4c86ea119ace___RS_LB 2765.JPG,Late Blight
data\raw\potato\Potato___Late_blight\1a674846-9d13-4a7f-ba03-8931c5dd3d2c___RS_LB 2768.JPG,Late Blight
data\raw\potato\Potato___Late_blight\2572d994-464a-461e-a0c8-597dc2229c09___RS_LB 2763.JPG,Late Blight
data\raw\potato\Potato___Late_blight\cbb653f7-72fd-4499-9d90-efdcd8c30077___RS_LB 2764.JPG,Late Blight
data\raw\potato\Potato___Late_blight\33fa45a7-e6ff-4e75-9c6e-28570fdfedb6___RS_LB 3054.JPG,Late Blight
data\raw\potato\Potato___Late_blight\95816fab-df6d-4730-8f52-4b64aac47e3d___RS_LB 3056.JPG,Late Blight
data\raw\potato\Potato___Late_blight\9ccb00a6-1542-4b0e-bd90-e7f1ff10e7f7___RS_LB 3058.JPG,Late Blight
data\raw\potato\Potato___Late_blight\f926e3c1-74bb-4397-85ca-725a54dfaf49___RS_LB 3053.JPG,Late Blight
data\raw\potato\Potato___Early_blight\201fed44-8dde-4ece-9e76-3706b8afdf46___RS_Early.B 8259.JPG,Early Blight
data\raw\potato\Potato___Early_blight\4019e40b-0175-462a-b6bb-228cf42c1a65___RS_Early.B 8256.JPG,Early Blight
data\raw\potato\Potato___Early_blight\7ba072ea-9bb3-4b5e-8fff-82758ff3f722___RS_Early.B 8262.JPG,Early Blight
data\raw\potato\Potato___Early_blight\c3bf3f15-b1ae-4e36-97a4-f341879db6ae___RS_Early.B 8263.JPG,Early Blight
data\raw\potato\Potato___Late_blight\841a4e5a-7aa6-4b32-a2b2-436874a48fdb___RS_LB 4469.JPG,Late Blight
data\raw\potato\Potato___Late_blight\d438f9b3-2952-425e-8c5f-a92a21b35f5f___RS_LB 4470.JPG,Late Blight
data\raw\potato\Potato___Late_blight\d7e7afff-cb91-4209-bf42-ce579f273cce___RS_LB 4468.JPG,Late Blight
data\raw\potato\Potato___Late_blight\ee09546f-d7cd-4af9-9445-41745638c9c3___RS_LB 4471.JPG,Late Blight
data\raw\potato\Potato___Early_blight\667c593c-acbf-468a-91a3-6fd8006c46c2___RS_Early.B 7830.JPG,Early Blight
data\raw\potato\Potato___Early_blight\7855ccc3-28ac-4269-a8ce-618df8a27573___RS_Early.B 7834.JPG,Early Blight
data\raw\potato\Potato___Early_blight\945f4d4b-5e0a-4cc0-8b7c-d82854730b9d___RS_Early.B 7836.JPG,Early Blight
data\raw\potato\Potato___Early_blight\a1dd3cdf-0ff5-49f6-b66e-9b3632a07019___RS_Early.B 7833.JPG,Early Blight
data\raw\potato\Potato___Early_blight\16a6f216-6d2a-48fe-b8bc-ff385c96d0d3___RS_Early.B 7220.JPG,Early Blight
data\raw\potato\Potato___Early_blight\51f59871-72dc-490c-a550-9e7869142284___RS_Early.B 7224.JPG,Early Blight
data\raw\potato\Potato___Early_blight\625f9c30-b56a-4e4e-9b34-aab8d2385d02___RS_Early.B 7226.JPG,Early Blight
data\raw\potato\Potato___Early_blight\65b66b8f-2117-4876-85bd-23941349231f___RS_Early.B 7219.JPG,Early Blight
data\raw\potato\Potato___Late_blight\3a0033d6-2efc-4926-a9eb-3969d815d630___RS_LB 5144.JPG,Late Blight
data\raw\potato\Potato___Late_blight\3b241fa8-12f2-4c80-afe2-0a4cdc8f34a1___RS_LB 5138.JPG,Late Blight
data\raw\potato\Potato___Late_blight\a0c129b8-4fb3-406d-b2f6-1309fec50c70___RS_LB 5139.JPG,Late Blight
data\raw\potato\Potato___Late_blight\c206ebe3-c06e-4eb9-a537-a719cfa1e3c0___RS_LB 5140.JPG,Late Blight
data\raw\potato\Potato___Late_blight\030e8945-d3ce-4ad3-8a91-a14c18285249___RS_LB 2532.JPG,Late Blight
data\raw\potato\Potato___Late_blight\2c1218c8-eaea-4f5a-be4b-34e34a705063___RS_LB 2530.JPG,Late Blight
data\raw\potato\Potato___Late_blight\de0ae213-3479-4f07-b7f8-d59607a2caa8___RS_LB 2528.JPG,Late Blight
data\raw\potato\Potato___Late_blight\e8040f51-18ed-43ec-9fa3-b5eb972f4fec___RS_LB 2527.JPG,Late Blight
data\raw\potato\Potato___Early_blight\87c0254c-c987-4c54-adda-45c5e7346170___RS_Early.B 8848.JPG,Early Blight
data\raw\potato\Potato___Early_blight\9db872fc-f367-4dfa-b1f7-23490bb4552b___RS_Early.B 8842.JPG,Early Blight
data\raw\potato\Potato___Early_blight\a29ed5b2-153c-4f0e-a633-f698c9ff51d2___RS_Early.B 8840.JPG,Early Blight
data\raw\potato\Potato___Early_blight\dc6516c4-a74c-465f-85a1-55608ee518da___RS_Early.B 8843.JPG,Early Blight
data\raw\potato\Potato___Early_blight\12a7bc09-8d7f-4790-8046-6e3f12f71399___RS_Early.B 7973.JPG,Early Blight
data\raw\potato\Potato___Early_blight\1c4e0445-375a-4c5d-b6fd-6123d22f009f___RS_Early.B 7972.JPG,Early Blight
data\raw\potato\Potato___Early_blight\37471260-d7b4-4ccd-901e-974332ef2eb9___RS_Early.B 7967.JPG,Early Blight
data\raw\potato\Potato___Early_blight\ec9a34ed-90de-417e-bf87-31e748c8c770___RS_Early.B 7968.JPG,Early Blight
data\raw\potato\Potato___Early_blight\268bb1c3-a714-46af-b6a5-bea66496158c___RS_Early.B 8678.JPG,Early Blight
data\raw\potato\Potato___Early_blight\adc573cd-bbf3-4742-9bd5-1e3e6f27319a___RS_Early.B 8685.JPG,Early Blight
data\raw\potato\Potato___Early_blight\c7212fa9-df1e-485e-a471-1011dd797865___RS_Early.B 8680.JPG,Early Blight
data\raw\potato\Potato___Early_blight\f7a5e3e3-796e-4f4a-943c-24d26e2591d4___RS_Early.B 8679.JPG,Early Blight
data\raw\potato\Potato___Late_blight\0396e413-e165-427a-ba72-04cbae7b8ab0___RS_LB 4751.JPG,Late Blight
data\raw\potato\Potato___Late_blight\2ea232e4-2e94-426f-b86f-8bc5861f334f___RS_LB 4757.JPG,Late Blight
data\raw\potato\Potato___Late_blight\90596f7b-1efa-4595-8d57-bcbd4c48253f___RS_LB 4753.JPG,Late Blight
data\raw\potato\Potato___Late_blight\9fa413c2-d724-4bc6-8aed-954a472cf228___RS_LB 4754.JPG,Late Blight
data\raw\potato\Potato___Early_blight\0c4f6f72-c7a2-42e1-9671-41ab3bf37fe7___RS_Early.B 6752.JPG,Early Blight
data\raw\potato\Potato___Early_blight\4c8df1cf-82bb-49eb-894c-8a516fbd1d74___RS_Early.B 6753.JPG,Early Blight
data\raw\potato\Potato___Early_blight\acb59a95-cbe4-4602-9b8a-9adbf12899af___RS_Early.B 6754.JPG,Early Blight
data\raw\potato\Potato___Early_blight\be89d35f-e382-4b1c-95e8-af88d969d306___RS_Early.B 6758.JPG,Early Blight
data\raw\potato\Potato___Late_blight\84f666da-9e17-4e90-9813-0ed64da175d9___RS_LB 2536.JPG,Late Blight
data\raw\potato\Potato___Late_blight\8f80caee-38ed-4b49-9596-6f66c3cb9c1b___RS_LB 2535.JPG,Late Blight
data\raw\potato\Potato___Late_blight\df0f75cf-febd-4fde-84a0-7c4da9f97fd2___RS_LB 2534.JPG,Late Blight
data\raw\potato\Potato___Late_blight\f8d2bf55-3044-4d09-9372-63aa960f1881___RS_LB 2538.JPG,Late Blight
data\raw\potato\Potato___healthy\2dee1571-ef6b-40ef-8c46-334e89aad3f1___RS_HL 1950.JPG,Healthy
data\raw\potato\Potato___healthy\71c06efe-089f-49b3-beed-095bd7640e32___RS_HL 1947.JPG,Healthy
data\raw\potato\Potato___healthy\ef7005dc-1d44-412e-b858-145a2d7a6fa9___RS_HL 1951.JPG,Healthy
data\raw\potato\Potato___healthy\f30983c0-6e20-43cc-8672-4622ca34c830___RS_HL 1949.JPG,Healthy
data\raw\potato\Potato___Early_blight\5bdc7f1d-26cc-45b2-b77f-e98084418fd9___RS_Early.B 7486.JPG,Early Blight
data\raw\potato\Potato___Early_blight\d8efc91f-6e85-4508-8d49-9c4a11c4c71a___RS_Early.B 7484.JPG,Early Blight
data\raw\potato\Potato___Early_blight\dc0536f7-e777-4751-8733-f643eb18329a___RS_Early.B 7492.JPG,Early Blight
data\raw\potato\Potato___Early_blight\e5d559da-71d8-4999-9d5a-05da9e6bf12e___RS_Early.B 7491.JPG,Early Blight
data\raw\potato\Potato___Early_blight\02578b86-b234-4ac0-9bc3-691b5610e2bf___RS_Early.B 7562.JPG,Early Blight
data\raw\potato\Potato___Early_blight\a3fe02f0-6d49-4e9a-ba9a-ac26e8b65ca9___RS_Early.B 7560.JPG,Early Blight
data\raw\potato\Potato___Early_blight\b6b4aa28-edc4-4e9f-bc0d-bd4b0ec085a2___RS_Early.B 7559.JPG,Early Blight
data\raw\potato\Potato___Early_blight\cf3169aa-b842-46ed-bb1a-3e02b6858c86___RS_Early.B 7566.JPG,Early Blight
data\raw\potato\Potato___Late_blight\351386f8-c501-45f6-ab0d-e9c1d1584204___RS_LB 5195.JPG,Late Blight
data\raw\potato\Potato___Late_blight\59dcc102-c55f-4a13-991e-8c53db4ce76d___RS_LB 5189.JPG,Late Blight
data\raw\potato\Potato___Late_blight\9475f5bf-607b-4091-8a6d-8f09921478a7___RS_LB 5191.JPG,Late Blight
data\raw\potato\Potato___Late_blight\ed2d2803-3b9b-4c3c-ab8a-9aea2bf76ffd___RS_LB 5190.JPG,Late Blight
data\raw\potato\Potato___Early_blight\08029ccc-387e-4be6-9389-04f7b82fdb2a___RS_Early.B 9130.JPG,Early Blight
data\raw\potato\Potato___Early_blight\6cec2d2b-7b6a-4044-9899-92d4f9332cd6___RS_Early.B 9131.JPG,Early Blight
data\raw\potato\Potato___Early_blight\8b20db6d-9c57-46d7-b40d-c6a809b49e07___RS_Early.B 9127.JPG,Early Blight
data\raw\potato\Potato___Early_blight\b8e08567-5193-41a4-b637-140b503830d9___RS_Early.B 9133.JPG,Early Blight
data\raw\potato\Potato___Early_blight\05c35093-11b8-4cd0-b67a-148859754440___RS_Early.B 8939.JPG,Early Blight
data\raw\potato\Potato___Early_blight\49ecf1fe-0000-49e8-a042-fb6c9bac38c9___RS_Early.B 8940.JPG,Early Blight
data\raw\potato\Potato___Early_blight\4ddd0823-ecf4-4a0b-81d5-9844705e5694___RS_Early.B 8936.JPG,Early Blight
data\raw\potato\Potato___Early_blight\faac446b-34ac-414a-9f0e-148d6ee87bfa___RS_Early.B 8934.JPG,Early Blight
data\raw\potato\Potato___Late_blight\07fea080-7f6b-48e9-b6b5-10d7daf57610___RS_LB 3210.JPG,Late Blight
data\raw\potato\Potato___Late_blight\890ffd2b-7365-4a91-b0e1-f414da0a17a4___RS_LB 3216.JPG,Late Blight
data\raw\potato\Potato___Late_blight\d5a52702-2160-4f20-a1d8-49db59f83f9a___RS_LB 3213.JPG,Late Blight
data\raw\potato\Potato___Late_blight\f7bbae6e-df8d-4f2a-b8b8-52c94d9bf2b5___RS_LB 3212.JPG,Late Blight
data\raw\potato\Potato___Early_blight\349730da-a627-4da6-90d5-707c4a3dba88___RS_Early.B 7553.JPG,Early Blight
data\raw\potato\Potato___Early_blight\569206bf-423e-4508-b1b4-2ca6821aceac___RS_Early.B 7554.JPG,Early Blight
data\raw\potato\Potato___Early_blight\9ca7d203-7b7c-4f5c-911f-fc225f3c5b77___RS_Early.B 7557.JPG,Early Blight
data\raw\potato\Potato___Early_blight\fbc1b154-7b53-4ac5-ad3a-5e9e5078a289___RS_Early.B 7551.JPG,Early Blight
data\raw\potato\Potato___Late_blight\5d392db5-bf54-41f4-b76b-e3935dfe0154___RS_LB 3133.JPG,Late Blight
data\raw\potato\Potato___Late_blight\764311f2-6fd3-424d-aabc-9ad013a41997___RS_LB 3136.JPG,Late Blight
data\raw\potato\Potato___Late_blight\7774658c-0dcb-4b7c-a1fa-573de03373dd___RS_LB 3135.JPG,Late Blight
data\raw\potato\Potato___Late_blight\7e1b19fc-c79d-4898-9e69-9843dd8aa1b6___RS_LB 3137.JPG,Late Blight
data\raw\potato\Potato___Early_blight\1769d41b-fd4c-49b1-adce-e89fee6a352e___RS_Early.B 6741.JPG,Early Blight
data\raw\potato\Potato___Early_blight\48ed1384-b3c5-464d-bdc8-97b347d89a58___RS_Early.B 6744.JPG,Early Blight
data\raw\potato\Potato___Early_blight\8c01f338-2648-4bcf-99cb-853978b39014___RS_Early.B 6742.JPG,Early Blight
data\raw\potato\Potato___Early_blight\9b5f25b9-9f30-478a-9710-fc79dafaf62e___RS_Early.B 6739.JPG,Early Blight
data\raw\potato\Potato___Late_blight\790eb0ba-6878-4b5a-85fb-481aa37783a3___RS_LB 3872.JPG,Late Blight
data\raw\potato\Potato___Late_blight\c7853012-d4e6-4c0d-a14d-1220a0a6d3b1___RS_LB 3871.JPG,Late Blight
data\raw\potato\Potato___Late_blight\d1a28228-aae8-4348-b7a1-545dcf72d842___RS_LB 3875.JPG,Late Blight
data\raw\potato\Potato___Late_blight\f93b9fc8-469b-4a2f-8c0b-ca3d1a093185___RS_LB 3870.JPG,Late Blight
data\raw\potato\Potato___Late_blight\2e2bc24d-9900-4b0b-a8ec-abb444350c03___RS_LB 4701.JPG,Late Blight
data\raw\potato\Potato___Late_blight\304b3fa0-f0cb-41b5-b835-9bd13773150a___RS_LB 4696.JPG,Late Blight
data\raw\potato\Potato___Late_blight\32e6ace8-7ca9-4f95-a313-6747d321e8da___RS_LB 4698.JPG,Late Blight
data\raw\potato\Potato___Late_blight\3f6db123-4a6e-4b8a-9b26-954ccf29cc3c___RS_LB 4695.JPG,Late Blight
data\raw\potato\Potato___Late_blight\19393f68-e96c-4c93-b4d1-39e1c54e53b1___RS_LB 4051.JPG,Late Blight
data\raw\potato\Potato___Late_blight\296e6201-4b46-4449-9edb-c7659d36cf92___RS_LB 4052.JPG,Late Blight
data\raw\potato\Potato___Late_blight\35621849-08fd-442a-a94e-139b2657106e___RS_LB 4055.JPG,Late Blight
data\raw\potato\Potato___Late_blight\b469e38c-ef99-4ed1-b294-1e65727138fb___RS_LB 4056.JPG,Late Blight
data\raw\potato\Potato___Early_blight\0a79700b-f834-41f5-ae51-6ceda6f67a48___RS_Early.B 8951.JPG,Early Blight
data\raw\potato\Potato___Early_blight\a4ac4e39-1342-4b1d-806a-98789876a701___RS_Early.B 8953.JPG,Early Blight
data\raw\potato\Potato___Early_blight\db5d0f5f-a722-4f12-96bf-c9608e5c7f2a___RS_Early.B 8945.JPG,Early Blight
data\raw\potato\Potato___Early_blight\fdf3c33c-dad6-4f13-bd58-a31d327d9cb9___RS_Early.B 8947.JPG,Early Blight
data\raw\potato\Potato___Late_blight\4324e62b-d7e0-4caa-a417-5eb3dd8712ee___RS_LB 5452.JPG,Late Blight
data\raw\potato\Potato___Late_blight\471fd810-047d-4c87-933b-14c8b46d4b20___RS_LB 5450.JPG,Late Blight
data\raw\potato\Potato___Late_blight\ae5b08fa-25b7-4006-8b1b-2415356b3847___RS_LB 5453.JPG,Late Blight
data\raw\potato\Potato___Late_blight\e25e57fb-41d5-4f46-92f7-ce841bd97374___RS_LB 5448.JPG,Late Blight
data\raw\potato\Potato___Early_blight\26d0502d-5fb3-48fa-a86d-d1de92703285___RS_Early.B 6959.JPG,Early Blight
data\raw\potato\Potato___Early_blight\7795f733-eeb0-4353-bdb8-b2f4d8d622d4___RS_Early.B 6960.JPG,Early Blight
data\raw\potato\Potato___Early_blight\7d92aa59-82fc-4c93-9d0e-728c0a944055___RS_Early.B 6965.JPG,Early Blight
data\raw\potato\Potato___Early_blight\c30ce1e1-5f05-4cb7-a95a-f22d3621c54f___RS_Early.B 6964.JPG,Early Blight
data\raw\potato\Potato___Early_blight\23546e04-7151-4dbd-95a1-687d963eb132___RS_Early.B 7402.JPG,Early Blight
data\raw\potato\Potato___Early_blight\26d0fa09-d463-461b-830c-3e970244cabb___RS_Early.B 7406.JPG,Early Blight
data\raw\potato\Potato___Early_blight\77725a5a-c0b8-4b7c-bc42-ac99f51428c1___RS_Early.B 7401.JPG,Early Blight
data\raw\potato\Potato___Early_blight\82cdc0bb-ac22-429d-ad70-2ec0d771dd39___RS_Early.B 7405.JPG,Early Blight
data\raw\potato\Potato___Early_blight\042135e2-e126-4900-9212-d42d900b8125___RS_Early.B 8791.JPG,Early Blight
data\raw\potato\Potato___Early_blight\63f59fdf-973f-4d9e-a1ac-4a21cdfb9393___RS_Early.B 8794.JPG,Early Blight
data\raw\potato\Potato___Early_blight\d829c0d8-016e-4337-b80f-bb1f329b1d4d___RS_Early.B 8797.JPG,Early Blight
data\raw\potato\Potato___Early_blight\fe24f700-d37f-4e51-b07c-931e8c3ded81___RS_Early.B 8792.JPG,Early Blight
data\raw\potato\Potato___healthy\170f1f57-0fd4-421f-9c82-3b1804be63ad___RS_HL 1771.JPG,Healthy
data\raw\potato\Potato___healthy\c3caa84b-6078-4489-80ac-919d92d25ff7___RS_HL 1772.JPG,Healthy
data\raw\potato\Potato___healthy\c548fe0e-21c2-4241-b806-1e438a1213bd___RS_HL 1770.JPG,Healthy
data\raw\potato\Potato___healthy\d340704d-cc00-4068-bb8a-ae70840b7bfa___RS_HL 1773.JPG,Healthy
data\raw\potato\Potato___Early_blight\5888d397-4e83-4fac-bcf7-0de778966d36___RS_Early.B 7418.JPG,Early Blight
data\raw\potato\Potato___Early_blight\b8578828-0e34-4511-9739-9ef0170774b2___RS_Early.B 7416.JPG,Early Blight
data\raw\potato\Potato___Early_blight\d9ebe6a0-d46e-47fe-950e-938f7ce83afb___RS_Early.B 7419.JPG,Early Blight
data\raw\potato\Potato___Early_blight\e490f736-a52f-434f-ada7-3bb255d99635___RS_Early.B 7417.JPG,Early Blight
data\raw\potato\Potato___Late_blight\8bf37a1e-4535-4919-953e-69376f5be48a___RS_LB 2611.JPG,Late Blight
data\raw\potato\Potato___Late_blight\b9cde1e2-71f8-46a2-9fa4-0bfc7d16815f___RS_LB 2610.JPG,Late Blight
data\raw\potato\Potato___Late_blight\befda082-9237-4371-bd11-5d3513a365a5___RS_LB 2608.JPG,Late Blight
data\raw\potato\Potato___Late_blight\d1ae329b-19bc-40c3-afb1-404ecf3c98ee___RS_LB 2613.JPG,Late Blight
data\raw\potato\Potato___Late_blight\324a0ba8-726a-4e6c-a15f-c32a1904f891___RS_LB 3078.JPG,Late Blight
data\raw\potato\Potato___Late_blight\80bdc2a3-66b8-4d95-abe7-65c7806f7cbf___RS_LB 3073.JPG,Late Blight
data\raw\potato\Potato___Late_blight\c7982d1f-7472-44ba-a39d-76085c4d90cd___RS_LB 3072.JPG,Late Blight
data\raw\potato\Potato___Late_blight\e12ede80-8428-4424-b95d-5d3267d112a8___RS_LB 3079.JPG,Late Blight
data\raw\potato\Potato___Early_blight\93eaec77-3e91-415a-a029-c054a42c18aa___RS_Early.B 8296.JPG,Early Blight
data\raw\potato\Potato___Early_blight\9cb0c796-fde2-406b-87fe-3926b722f8f7___RS_Early.B 8300.JPG,Early Blight
data\raw\potato\Potato___Early_blight\d998c614-017c-4f90-8e39-f8c500d21218___RS_Early.B 8292.JPG,Early Blight
data\raw\potato\Potato___Early_blight\f686133a-e89a-4242-a52d-02f32ffd5275___RS_Early.B 8295.JPG,Early Blight
data\raw\potato\Potato___Late_blight\2377f6d5-3660-4b5a-b5b3-eea448e7a143___RS_LB 2729.JPG,Late Blight
data\raw\potato\Potato___Late_blight\3f24e6f6-ff9f-4416-9fce-b8153a030de2___RS_LB 2730.JPG,Late Blight
data\raw\potato\Potato___Late_blight\4ac84ca7-f60a-406e-938d-40f4ba5b75ce___RS_LB 2731.JPG,Late Blight
data\raw\potato\Potato___Late_blight\7b38a18a-65a4-4162-b48a-658b846be5a2___RS_LB 2733.JPG,Late Blight
data\raw\potato\Potato___Early_blight\08bbd7f1-169d-4e38-946f-8d91589b263e___RS_Early.B 7106.JPG,Early Blight
data\raw\potato\Potato___Early_blight\b7712e86-f508-4485-8a42-5dd447f3b510___RS_Early.B 7103.JPG,Early Blight
data\raw\potato\Potato___Early_blight\cff1ed1b-51ec-4d44-ab1f-7a3dc1ec9ea9___RS_Early.B 7100.JPG,Early Blight
data\raw\potato\Potato___Early_blight\f164ce92-d109-47ca-9f75-380a7f16155a___RS_Early.B 7104.JPG,Early Blight
data\raw\potato\Potato___Late_blight\573c1cb5-fb43-4b19-886d-638a87bc134b___RS_LB 4007.JPG,Late Blight
data\raw\potato\Potato___Late_blight\5e92b00d-92ed-4de5-b3f7-0d14a076cf02___RS_LB 4004.JPG,Late Blight
data\raw\potato\Potato___Late_blight\7c0ff85c-0a94-4ba3-9abf-010ba81a4780___RS_LB 4003.JPG,Late Blight
data\raw\potato\Potato___Late_blight\bd94e2a1-d503-417b-8552-f252a5665476___RS_LB 4006.JPG,Late Blight
data\raw\potato\Potato___Early_blight\ba96aab6-adb5-4021-b6ad-3305f50aec12___RS_Early.B 7317.JPG,Early Blight
data\raw\potato\Potato___Early_blight\cf761f3d-755a-42b2-83cb-729443246c6a___RS_Early.B 7319.JPG,Early Blight
data\raw\potato\Potato___Early_blight\ed78ac4f-ce50-4de8-b508-ad07b9d99176___RS_Early.B 7313.JPG,Early Blight
data\raw\potato\Potato___Early_blight\edc5f476-dd30-4fab-a8a1-71faf6210420___RS_Early.B 7315.JPG,Early Blight
data\raw\potato\Potato___Late_blight\530d9a52-266a-49ca-b0d0-a430acac0011___RS_LB 5054.JPG,Late Blight
data\raw\potato\Potato___Late_blight\a33c54fb-6b78-4235-b34e-42f85f6bc5b8___RS_LB 5060.JPG,Late Blight
data\raw\potato\Potato___Late_blight\b69f17e7-b4e1-4911-91e4-01976bacba2d___RS_LB 5053.JPG,Late Blight
data\raw\potato\Potato___Late_blight\d36e9212-7594-4e4d-9062-0a98bc689729___RS_LB 5055.JPG,Late Blight
data\raw\potato\Potato___Early_blight\2767ef91-3383-4872-9804-e0bcd2bc43fc___RS_Early.B 7783.JPG,Early Blight
data\raw\potato\Potato___Early_blight\90d47c2a-c84e-498c-b30d-f368e75611a7___RS_Early.B 7778.JPG,Early Blight
data\raw\potato\Potato___Early_blight\b09e0cba-0564-4dde-a90d-3c0d90d6336e___RS_Early.B 7776.JPG,Early Blight
data\raw\potato\Potato___Early_blight\b692a411-91aa-4388-b641-a6c02286840c___RS_Early.B 7784.JPG,Early Blight
data\raw\potato\Potato___Late_blight\37c47f95-2216-4f78-87a1-504b198a4f4c___RS_LB 4327.JPG,Late Blight
data\raw\potato\Potato___Late_blight\58adb74c-a1b3-4b9d-95b7-f0721c499388___RS_LB 4326.JPG,Late Blight
data\raw\potato\Potato___Late_blight\c6d79fa2-e6fc-4c95-a805-c7ff53075b15___RS_LB 4328.JPG,Late Blight
data\raw\potato\Potato___Late_blight\e0a085c0-20e4-4e36-87db-49f0b58fa349___RS_LB 4324.JPG,Late Blight
data\raw\potato\Potato___Late_blight\1c6412c9-45ce-4814-af8d-274f4e3c9c4e___RS_LB 2746.JPG,Late Blight
data\raw\potato\Potato___Late_blight\2f8e6ae7-f6ac-4bab-992b-82e3c51cf476___RS_LB 2743.JPG,Late Blight
data\raw\potato\Potato___Late_blight\afcad9ca-9bd2-4c7b-b034-2b3d0360ac30___RS_LB 2741.JPG,Late Blight
data\raw\potato\Potato___Late_blight\c63d5cca-9639-4d42-88c4-13572afa1dda___RS_LB 2747.JPG,Late Blight
data\raw\potato\Potato___Early_blight\0e6b9e09-2bcd-41e0-b001-b80a33a8a78b___RS_Early.B 8694.JPG,Early Blight
data\raw\potato\Potato___Early_blight\31d0ecc8-045d-4a4a-ac33-431556c83e4c___RS_Early.B 8692.JPG,Early Blight
data\raw\potato\Potato___Early_blight\a38df468-bb4a-4bb3-9ee9-a2dffae718e9___RS_Early.B 8690.JPG,Early Blight
data\raw\potato\Potato___Early_blight\d06681cc-3ed1-4af2-ae40-2597eaea3dd4___RS_Early.B 8691.JPG,Early Blight
data\raw\potato\Potato___healthy\0f4ebc5a-d646-436a-919d-961342997cde___RS_HL 4183.JPG,Healthy
data\raw\potato\Potato___healthy\7948ada9-eabc-4cb7-a579-b73e938eb716___RS_HL 4185.JPG,Healthy
data\raw\potato\Potato___healthy\dca8ac5c-b925-435a-a5e9-da09fa8938a1___RS_HL 4182.JPG,Healthy
data\raw\potato\Potato___healthy\f66af6c0-6fc6-4020-b1de-a73685d497c2___RS_HL 4181.JPG,Healthy
data\raw\potato\Potato___Early_blight\6dfdd5be-0999-4a5c-a35d-c760043fec23___RS_Early.B 8701.JPG,Early Blight
data\raw\potato\Potato___Early_blight\7d90df0a-da17-4641-9006-75aa7de6ed5e___RS_Early.B 8702.JPG,Early Blight
data\raw\potato\Potato___Early_blight\83b7d891-0fe8-47b8-b6e1-693493a2988a___RS_Early.B 8707.JPG,Early Blight
data\raw\potato\Potato___Early_blight\83f244c6-e33e-4fbb-a9ef-3996cd25a547___RS_Early.B 8700.JPG,Early Blight
data\raw\potato\Potato___Late_blight\2ef5c4f6-a798-40fd-8380-f444f3290987___RS_LB 4428.JPG,Late Blight
data\raw\potato\Potato___Late_blight\351a1e47-c9b5-4b38-a5c1-b3d390bfe506___RS_LB 4429.JPG,Late Blight
data\raw\potato\Potato___Late_blight\36fc1631-634b-42d3-a865-cc858557a8a8___RS_LB 4427.JPG,Late Blight
data\raw\potato\Potato___Late_blight\4885a2b1-fc77-4b1a-ad55-3fa4b3fe4e1e___RS_LB 4425.JPG,Late Blight
data\raw\potato\Potato___Late_blight\1ed357f9-f036-4bf2-b180-1588976eb116___RS_LB 3005.JPG,Late Blight
data\raw\potato\Potato___Late_blight\1fa9afe6-69ab-4206-a8b5-487531391a37___RS_LB 3006.JPG,Late Blight
data\raw\potato\Potato___Late_blight\456f2c6a-a8c8-4dac-9de1-73668e39cd01___RS_LB 3008.JPG,Late Blight
data\raw\potato\Potato___Late_blight\ae805316-66e9-4aaf-b938-8460734b90ec___RS_LB 3004.JPG,Late Blight
data\raw\potato\Potato___Early_blight\64cab763-3fa2-483c-abc6-1d203f26f88e___RS_Early.B 6671.JPG,Early Blight
data\raw\potato\Potato___Early_blight\8bcbd0ab-e530-4b6c-83a2-e0c649abbdaf___RS_Early.B 6676.JPG,Early Blight
data\raw\potato\Potato___Early_blight\ae25f262-234e-4ee1-96ad-3e47ddfbea9d___RS_Early.B 6670.JPG,Early Blight
data\raw\potato\Potato___Early_blight\cfa37804-6d71-45fe-bd88-c899b9534992___RS_Early.B 6673.JPG,Early Blight
data\raw\potato\Potato___Late_blight\3c5e5bd4-e805-44b4-a030-51ee6bb1cef6___RS_LB 4139.JPG,Late Blight
data\raw\potato\Potato___Late_blight\447c4811-7ed2-4576-81b4-2f67c8993db7___RS_LB 4137.JPG,Late Blight
data\raw\potato\Potato___Late_blight\5551d3fa-ed55-46df-8a35-b3c53ffdcd31___RS_LB 4138.JPG,Late Blight
data\raw\potato\Potato___Late_blight\d8ef0e69-3dfc-4d13-8d49-a44fa9cfa62e___RS_LB 4140.JPG,Late Blight
data\raw\potato\Potato___Late_blight\1e3e04cc-3778-4d78-b8f9-d60faa0534b0___RS_LB 5246.JPG,Late Blight
data\raw\potato\Potato___Late_blight\2d736aa6-79a6-42b0-9e92-d859bcd72824___RS_LB 5244.JPG,Late Blight
data\raw\potato\Potato___Late_blight\3456a2d1-59d1-4111-9cc8-16a6b12e973e___RS_LB 5249.JPG,Late Blight
data\raw\potato\Potato___Late_blight\cd0b4621-eccd-434a-8bc1-d3a6d24a2f05___RS_LB 5250.JPG,Late Blight
data\raw\potato\Potato___Late_blight\29d49eb8-84d0-402d-9f00-c1149b8b3e16___RS_LB 3031.JPG,Late Blight
data\raw\potato\Potato___Late_blight\7220e643-be85-4361-8c34-f647ebed5dd8___RS_LB 3027.JPG,Late Blight
data\raw\potato\Potato___Late_blight\f87fce12-78df-4a8c-92ff-8c0b83cc82b9___RS_LB 3025.JPG,Late Blight
data\raw\potato\Potato___Late_blight\fc759d3f-64c7-4e45-9a0c-5a2f07fd1055___RS_LB 3030.JPG,Late Blight
data\raw\potato\Potato___Late_blight\0eb28ea9-c9e4-4999-9de2-835682241e53___RS_LB 2708.JPG,Late Blight
data\raw\potato\Potato___Late_blight\12e2c9b5-fbfc-4bc9-898b-86ead976a615___RS_LB 2702.JPG,Late Blight
data\raw\potato\Potato___Late_blight\e9cc84b7-fc38-4e65-a129-c7a63df76780___RS_LB 2705.JPG,Late Blight
data\raw\potato\Potato___Late_blight\ea06da1e-81c9-4e2e-8266-1f3d56914ff3___RS_LB 2701.JPG,Late Blight
data\raw\potato\Potato___Early_blight\3ab92984-3126-4154-9bfd-f2c8c9fd670e___RS_Early.B 7440.JPG,Early Blight
data\raw\potato\Potato___Early_blight\4e40c113-4ab2-4a71-9ecc-5ceb67905190___RS_Early.B 7446.JPG,Early Blight
data\raw\potato\Potato___Early_blight\d8a55ed1-7b3a-4b25-84b2-6046c0d9e3ab___RS_Early.B 7443.JPG,Early Blight
data\raw\potato\Potato___Early_blight\f0cdbf74-8401-48d1-b1cc-94862e1a4452___RS_Early.B 7447.JPG,Early Blight
data\raw\potato\Potato___Early_blight\009c8c31-f22d-4ffd-8f16-189c6f06c577___RS_Early.B 7885.JPG,Early Blight
data\raw\potato\Potato___Early_blight\33d72b8e-ae59-4fd4-8c74-eaf342682b47___RS_Early.B 7884.JPG,Early Blight
data\raw\potato\Potato___Early_blight\82927769-4d4a-4f19-a806-a02f435ad17d___RS_Early.B 7886.JPG,Early Blight
data\raw\potato\Potato___Early_blight\8e8ec280-1469-4286-ac93-0d88f393d21c___RS_Early.B 7891.JPG,Early Blight
data\raw\potato\Potato___Early_blight\1f56ef5b-9a3b-4731-bf82-b08aeb84fcb5___RS_Early.B 9032.JPG,Early Blight
data\raw\potato\Potato___Early_blight\4e478f6a-b8cf-425f-85e8-d80d6aaab8e1___RS_Early.B 9026.JPG,Early Blight
data\raw\potato\Potato___Early_blight\58a381f9-5315-4865-9b35-43df8fd9bf42___RS_Early.B 9027.JPG,Early Blight
data\raw\potato\Potato___Early_blight\b2e21749-afe2-4392-8d5d-23088d37873c___RS_Early.B 9028.JPG,Early Blight
data\raw\potato\Potato___Late_blight\30777af4-cbb4-44bf-946b-f1c5d17704ee___RS_LB 4822.JPG,Late Blight
data\raw\potato\Potato___Late_blight\31d61797-f3dd-4452-8db9-cdfd8be9ebf2___RS_LB 4823.JPG,Late Blight
data\raw\potato\Potato___Late_blight\4fbe268d-dabb-4a25-8283-7968fd91fcdb___RS_LB 4819.JPG,Late Blight
data\raw\potato\Potato___Late_blight\cd04dd6c-fe7b-4587-ae2e-69228969d9d6___RS_LB 4824.JPG,Late Blight
data\raw\potato\Potato___Late_blight\0e7f0484-16eb-4183-b702-0a5b4f94d015___RS_LB 4000.JPG,Late Blight
data\raw\potato\Potato___Late_blight\9032d569-294e-4b8b-a70f-ecff949e43e2___RS_LB 3998.JPG,Late Blight
data\raw\potato\Potato___Late_blight\d66ee513-26cc-4676-8aeb-9902e0969d2b___RS_LB 3999.JPG,Late Blight
data\raw\potato\Potato___Late_blight\e95f2954-1b68-490d-9684-90b3080676b1___RS_LB 3997.JPG,Late Blight
data\raw\potato\Potato___Early_blight\a01521f0-27be-4688-9d28-07d09ef80920___RS_Early.B 7119.JPG,Early Blight
data\raw\potato\Potato___Early_blight\bb38077f-ee91-4c0b-af46-f90b21b9e9db___RS_Early.B 7121.JPG,Early Blight
data\raw\potato\Potato___Early_blight\caf7512b-4e4e-44fc-ae7d-8544168cf903___RS_Early.B 7120.JPG,Early Blight
data\raw\potato\Potato___Early_blight\fd59ab68-681f-4aca-ae95-6f73bf8caad7___RS_Early.B 7118.JPG,Early Blight
data\raw\potato\Potato___Early_blight\bcf169b0-dea7-49eb-b976-4a2d1f36c574___RS_Early.B 7870.JPG,Early Blight
data\raw\potato\Potato___Early_blight\c74c801d-a6e5-44dc-a7e8-f3a5f39a300e___RS_Early.B 7864.JPG,Early Blight
data\raw\potato\Potato___Early_blight\c91060f7-f9dd-4930-ad0a-8a4a6bd803d2___RS_Early.B 7869.JPG,Early Blight
data\raw\potato\Potato___Early_blight\dd1e0739-c899-4c1e-99c8-fd83a6d55694___RS_Early.B 7862.JPG,Early Blight
data\raw\potato\Potato___Early_blight\2c5500a4-cfa4-4b46-8db4-443b995d39dd___RS_Early.B 8768.JPG,Early Blight
data\raw\potato\Potato___Early_blight\66642302-1334-4c23-8613-f98387352360___RS_Early.B 8766.JPG,Early Blight
data\raw\potato\Potato___Early_blight\e6aec621-1699-433a-8cf5-7310ec895810___RS_Early.B 8764.JPG,Early Blight
data\raw\potato\Potato___Early_blight\ec9ea109-34c7-48c5-bbac-40a36b21fa05___RS_Early.B 8761.JPG,Early Blight
data\raw\potato\Potato___Early_blight\4a06db68-bed1-4ae6-80ba-e9df70fa6f7b___RS_Early.B 8657.JPG,Early Blight
data\raw\potato\Potato___Early_blight\9141a8b4-6144-446d-b71d-925bcd432840___RS_Early.B 8648.JPG,Early Blight
data\raw\potato\Potato___Early_blight\d1625c19-c90f-4a5f-bfc8-cb406ad20753___RS_Early.B 8649.JPG,Early Blight
data\raw\potato\Potato___Early_blight\ecf9d01d-b97f-4cf8-99e5-7036bd91b5d1___RS_Early.B 8650.JPG,Early Blight
data\raw\potato\Potato___Late_blight\600100de-8374-4ddd-a816-318235e27948___RS_LB 2895.JPG,Late Blight
data\raw\potato\Potato___Late_blight\76bea797-306c-4fc5-a868-69394fed05d4___RS_LB 2900.JPG,Late Blight
data\raw\potato\Potato___Late_blight\bb1949c9-c779-4490-b1cc-d82302bc1df9___RS_LB 2901.JPG,Late Blight
data\raw\potato\Potato___Late_blight\e40a1e10-fca8-4831-b124-48bc07f92eb1___RS_LB 2897.JPG,Late Blight
data\raw\potato\Potato___Early_blight\1994cd3e-4000-4c56-bede-d35a1eecc287___RS_Early.B 6867.JPG,Early Blight
data\raw\potato\Potato___Early_blight\20978e65-f4d0-419a-bab9-f6042ab2d318___RS_Early.B 6868.JPG,Early Blight
data\raw\potato\Potato___Early_blight\2dc9baab-663f-4f09-a0a4-7c07edfb4c42___RS_Early.B 6866.JPG,Early Blight
data\raw\potato\Potato___Early_blight\63b61694-16e9-4ef4-ad6f-5e27d2c9eed9___RS_Early.B 6871.JPG,Early Blight
data\raw\potato\Potato___Late_blight\00b1f292-23dd-44d4-aad3-c1ffb6a6ad5a___RS_LB 4479.JPG,Late Blight
data\raw\potato\Potato___Late_blight\0b092cda-db8c-489d-8c46-23ac3835310d___RS_LB 4480.JPG,Late Blight
data\raw\potato\Potato___Late_blight\958a4438-2ced-4d8c-af73-871376cf6ed5___RS_LB 4483.JPG,Late Blight
data\raw\potato\Potato___Late_blight\b65fddcf-cc40-4632-a0c4-70fff2f68009___RS_LB 4481.JPG,Late Blight
data\raw\potato\Potato___healthy\3edf7c3f-73e0-439c-870d-76cfd7c3bc45___RS_HL 1859.JPG,Healthy
data\raw\potato\Potato___healthy\683b04ad-7941-4819-9965-ba32c725eb22___RS_HL 1861.JPG,Healthy
data\raw\potato\Potato___healthy\b8b7b98a-eb1a-4213-9b0b-aeef4df427e8___RS_HL 1858.JPG,Healthy
data\raw\potato\Potato___healthy\ff700844-68ad-4e99-8427-58a39c07f817___RS_HL 1860.JPG,Healthy
data\raw\potato\Potato___Early_blight\07d777f8-2c5a-48da-935e-f17c572b1e6e___RS_Early.B 7880.JPG,Early Blight
data\raw\potato\Potato___Early_blight\61a602c4-02e3-49e5-9858-5b1d4d4795f7___RS_Early.B 7875.JPG,Early Blight
data\raw\potato\Potato___Early_blight\93c3dfcc-de7c-4ae9-9d18-4042f53e3d1f___RS_Early.B 7872.JPG,Early Blight
data\raw\potato\Potato___Early_blight\b4021eae-d195-400a-b7b7-9888367f5f2f___RS_Early.B 7881.JPG,Early Blight
data\raw\potato\Potato___Early_blight\29386668-721c-4359-99a6-734f1a4b096b___RS_Early.B 8362.JPG,Early Blight
data\raw\potato\Potato___Early_blight\aed93c24-f226-4dd4-b5fb-b1f2d1202c63___RS_Early.B 8363.JPG,Early Blight
data\raw\potato\Potato___Early_blight\e12f2cbd-6ced-45c5-8d83-96e19b92bfdd___RS_Early.B 8367.JPG,Early Blight
data\raw\potato\Potato___Early_blight\e912f95d-d159-47bc-b1ed-f0f08c3c391d___RS_Early.B 8366.JPG,Early Blight
data\raw\potato\Potato___Late_blight\b0137e92-ce1b-4523-95f0-7a827c206ee0___RS_LB 2913.JPG,Late Blight
data\raw\potato\Potato___Late_blight\c073bdde-9753-4035-8758-31fdc7cae993___RS_LB 2916.JPG,Late Blight
data\raw\potato\Potato___Late_blight\da16cb94-4f1d-4390-b446-19eac2110115___RS_LB 2912.JPG,Late Blight
data\raw\potato\Potato___Late_blight\fb61ea12-3f1a-4ea3-911b-d830eeb74717___RS_LB 2914.JPG,Late Blight
data\raw\potato\Potato___Late_blight\84182903-22be-4563-8276-d72413958ada___RS_LB 4027.JPG,Late Blight
data\raw\potato\Potato___Late_blight\9dae6946-8d64-403b-bc51-b1b58cf8050b___RS_LB 4028.JPG,Late Blight
data\raw\potato\Potato___Late_blight\bb3049f8-7377-4610-b13f-8daf6753bda7___RS_LB 4031.JPG,Late Blight
data\raw\potato\Potato___Late_blight\fcc8393e-18f5-48c2-bd87-a0dabc151810___RS_LB 4029.JPG,Late Blight
data\raw\potato\Potato___Late_blight\02212653-e92b-49aa-96b7-9497af51e502___RS_LB 3151.JPG,Late Blight
data\raw\potato\Potato___Late_blight\72485a02-60b9-424a-ba1f-de8078b07176___RS_LB 3148.JPG,Late Blight
data\raw\potato\Potato___Late_blight\9f5acd9c-13b2-4246-a938-77774ba89318___RS_LB 3153.JPG,Late Blight
data\raw\potato\Potato___Late_blight\d2d8eb78-d267-4c37-a18c-b39a0bb11d82___RS_LB 3147.JPG,Late Blight
data\raw\potato\Potato___Late_blight\12ce2ab1-14c4-4960-81d4-e6ae776510e9___RS_LB 2880.JPG,Late Blight
data\raw\potato\Potato___Late_blight\dac53cd2-477e-4f7b-a59d-bb9018eec686___RS_LB 2879.JPG,Late Blight
data\raw\potato\Potato___Late_blight\e7e39ba3-b9af-4d5f-afb1-aea45e13446a___RS_LB 2876.JPG,Late Blight
data\raw\potato\Potato___Late_blight\feefc118-4434-4ffb-afbb-02fb292f72b6___RS_LB 2874.JPG,Late Blight
data\raw\potato\Potato___Late_blight\09a215a1-a539-4635-a27f-232229ff11f4___RS_LB 4529.JPG,Late Blight
data\raw\potato\Potato___Late_blight\1e0326a5-b208-447f-9d60-f788ec4b6e3f___RS_LB 4526.JPG,Late Blight
data\raw\potato\Potato___Late_blight\37dbf454-f189-4fae-a9e7-a088e7be3f2e___RS_LB 4530.JPG,Late Blight
data\raw\potato\Potato___Late_blight\6e9fc91a-e20f-4431-bc54-8492d7ec788e___RS_LB 4527.JPG,Late Blight
data\raw\potato\Potato___Late_blight\08ce9666-2dda-4fa8-8d58-55bb9fa19484___RS_LB 3318.JPG,Late Blight
data\raw\potato\Potato___Late_blight\1dc41475-aa79-43f1-8648-0c8733d246ca___RS_LB 3319.JPG,Late Blight
data\raw\potato\Potato___Late_blight\df6898c4-f3a1-4ff2-8f44-3bc45a8d4ec5___RS_LB 3316.JPG,Late Blight
data\raw\potato\Potato___Late_blight\f083d357-23f8-45e6-9fac-87e5d0ab9cac___RS_LB 3317.JPG,Late Blight
data\raw\potato\Potato___Early_blight\2ce7e8d7-4cc9-4ab3-9d22-8f7ad21d8eda___RS_Early.B 8609.JPG,Early Blight
data\raw\potato\Potato___Early_blight\7c9b2deb-6f9f-4671-bdcd-56481d8f0a35___RS_Early.B 8608.JPG,Early Blight
data\raw\potato\Potato___Early_blight\e5c94100-3e1c-4fb1-8b6b-f281b491adff___RS_Early.B 8604.JPG,Early Blight
data\raw\potato\Potato___Early_blight\fbc7567e-ce08-4ad0-b8fe-ffd98296ce02___RS_Early.B 8607.JPG,Early Blight
data\raw\potato\Potato___Early_blight\4eb1fee6-e288-4c32-841d-9fc1d1824508___RS_Early.B 8446.JPG,Early Blight
data\raw\potato\Potato___Early_blight\993bc916-4517-45cf-a5bd-90ee95dd35fd___RS_Early.B 8452.JPG,Early Blight
data\raw\potato\Potato___Early_blight\9bef32f0-dc02-4223-a378-6a41c6bfc7a9___RS_Early.B 8444.JPG,Early Blight
data\raw\potato\Potato___Early_blight\a4168403-2458-4f28-84f7-949050905878___RS_Early.B 8450.JPG,Early Blight
data\raw\potato\Potato___Late_blight\1cd0b065-e637-4307-9e0a-9c20dc44cc59___RS_LB 4784.JPG,Late Blight
data\raw\potato\Potato___Late_blight\5a2996c9-ed8f-4c8d-bab3-b68a833b7811___RS_LB 4786.JPG,Late Blight
data\raw\potato\Potato___Late_blight\889b0741-2110-47a9-a2d2-90194e5d7676___RS_LB 4787.JPG,Late Blight
data\raw\potato\Potato___Late_blight\ac42817b-71f9-4336-ad8b-bdfb4b27a64a___RS_LB 4782.JPG,Late Blight
data\raw\potato\Potato___Early_blight\4b7b3611-d9b9-40c8-b0f5-d730fcd76679___RS_Early.B 6937.JPG,Early Blight
data\raw\potato\Potato___Early_blight\9badd590-45ed-4636-9590-b12342ea8a84___RS_Early.B 6944.JPG,Early Blight
data\raw\potato\Potato___Early_blight\dc2775b9-e62e-4fe5-921f-e1cf5c4e2fe4___RS_Early.B 6942.JPG,Early Blight
data\raw\potato\Potato___Early_blight\fcbf4e6c-ba09-40f5-97c2-063bb20844bc___RS_Early.B 6938.JPG,Early Blight
data\raw\potato\Potato___Late_blight\1b7342d7-5d89-4ee3-8b4f-587d79187511___RS_LB 4416.JPG,Late Blight
data\raw\potato\Potato___Late_blight\1cd053f6-0016-4680-a924-af15aecd7fb2___RS_LB 4414.JPG,Late Blight
data\raw\potato\Potato___Late_blight\910139a3-cd42-4adc-a24b-3602fd4de7d3___RS_LB 4415.JPG,Late Blight
data\raw\potato\Potato___Late_blight\d20fef22-7016-4115-9930-a66b32c718c6___RS_LB 4417.JPG,Late Blight
data\raw\potato\Potato___Early_blight\17a06d03-8a7b-48a8-aaf9-3300741c65de___RS_Early.B 7625.JPG,Early Blight
data\raw\potato\Potato___Early_blight\5585ecfc-6e6e-4544-8e6d-180d958b7211___RS_Early.B 7619.JPG,Early Blight
data\raw\potato\Potato___Early_blight\99821810-926a-4ac4-9bc7-cbae991f7e68___RS_Early.B 7626.JPG,Early Blight
data\raw\potato\Potato___Early_blight\b17bf28e-c272-4a24-9f45-7d3a343de49f___RS_Early.B 7620.JPG,Early Blight
data\raw\potato\Potato___Late_blight\04b964fd-7033-4cdf-88ef-b1acbcd8183a___RS_LB 2783.JPG,Late Blight
data\raw\potato\Potato___Late_blight\420b4d84-d621-4a64-a8bd-30042f1a6609___RS_LB 2778.JPG,Late Blight
data\raw\potato\Potato___Late_blight\d378a0c5-d275-44a4-9f00-f7f180270f4d___RS_LB 2781.JPG,Late Blight
data\raw\potato\Potato___Late_blight\f95a6bbd-39a3-48e7-a612-8833c2b7b3ff___RS_LB 2784.JPG,Late Blight
data\raw\potato\Potato___Early_blight\044c3abc-0bc9-45fb-8fd5-094aeb605f90___RS_Early.B 8044.JPG,Early Blight
data\raw\potato\Potato___Early_blight\0ddd62cd-a999-4d58-a8f1-506e1004a595___RS_Early.B 8041.JPG,Early Blight
data\raw\potato\Potato___Early_blight\392c5f68-3ee5-4b61-90e9-afa16375beb8___RS_Early.B 8047.JPG,Early Blight
data\raw\potato\Potato___Early_blight\7c0e4eed-d8e2-410f-a7bf-9f5a1c4a566d___RS_Early.B 8042.JPG,Early Blight
data\raw\potato\Potato___Early_blight\001187a0-57ab-4329-baff-e7246a9edeb0___RS_Early.B 8178.JPG,Early Blight
data\raw\potato\Potato___Early_blight\5abfa537-636f-41df-a833-311a3018aac9___RS_Early.B 8176.JPG,Early Blight
data\raw\potato\Potato___Early_blight\6cd8e267-d5ae-4baa-a872-4c0fc5a37d67___RS_Early.B 8184.JPG,Early Blight
data\raw\potato\Potato___Early_blight\ae5a9be8-5bd6-4542-8766-6c7bb8c61ded___RS_Early.B 8182.JPG,Early Blight
data\raw\potato\Potato___healthy\07dfb451-4378-49d1-b699-33a5fc49ff07___RS_HL 5399.JPG,Healthy
data\raw\potato\Potato___healthy\142fb983-2166-4a0f-b99b-a6c21e99987e___RS_HL 5398.JPG,Healthy
data\raw\potato\Potato___healthy\57e24d88-fd01-4422-b8b5-d688d2296184___RS_HL 5401.JPG,Healthy
data\raw\potato\Potato___healthy\9b5be0c5-7d7e-493d-88ba-c721c85f73ca___RS_HL 5405.JPG,Healthy
data\raw\potato\Potato___healthy\c85bacb0-e5e8-4127-a0b0-a7342f2cab5f___RS_HL 5406.JPG,Healthy
data\raw\potato\Potato___healthy\d50a580b-46bd-47f5-a0bf-8535da774104___RS_HL 5408.JPG,Healthy
data\raw\potato\Potato___healthy\ee052892-e935-4fbb-9344-4d23c57c6890___RS_HL 5400.JPG,Healthy
data\raw\potato\Potato___Late_blight\0fe7786d-0e2f-4705-839d-898f1d9214b0___RS_LB 2836.JPG,Late Blight
data\raw\potato\Potato___Late_blight\9996efa6-219d-4f07-aa12-dc8ca40609b9___RS_LB 2840.JPG,Late Blight
data\raw\potato\Potato___Late_blight\9bdce182-987e-4996-8cc8-34694b4e24e9___RS_LB 2837.JPG,Late Blight
data\raw\potato\Potato___Late_blight\b41284a3-27e9-4f0c-8946-4deb0b8fc238___RS_LB 2839.JPG,Late Blight
data\raw\potato\Potato___Early_blight\34f42d6e-6e09-46cb-800b-5da5fdb5e8b8___RS_Early.B 8110.JPG,Early Blight
data\raw\potato\Potato___Early_blight\69a20537-e5fd-4f1e-8800-ef9aa4fa4766___RS_Early.B 8111.JPG,Early Blight
data\raw\potato\Potato___Early_blight\c03a3f69-00b7-4aa5-a49f-794416af0598___RS_Early.B 8112.JPG,Early Blight
data\raw\potato\Potato___Early_blight\f3b29f09-c337-4233-8968-0fcc66c9fa2a___RS_Early.B 8115.JPG,Early Blight
data\raw\potato\Potato___Early_blight\70b89c8b-2850-4ec8-8da1-a4b9de5351c7___RS_Early.B 6889.JPG,Early Blight
data\raw\potato\Potato___Early_blight\8c3d0f9e-3a77-4ec2-a9ad-d996caa2c562___RS_Early.B 6887.JPG,Early Blight
data\raw\potato\Potato___Early_blight\93701beb-c734-41ea-a5ef-9e5ca4728dfc___RS_Early.B 6885.JPG,Early Blight
data\raw\potato\Potato___Early_blight\a29559c6-1d80-4486-a3c9-26986d6e28e0___RS_Early.B 6890.JPG,Early Blight
data\raw\potato\Potato___Early_blight\4b925312-1973-41cf-afdf-9090d02dd539___RS_Early.B 7913.JPG,Early Blight
data\raw\potato\Potato___Early_blight\6f75cbf6-25c5-4b56-911d-c8a6ffa242d4___RS_Early.B 7914.JPG,Early Blight
data\raw\potato\Potato___Early_blight\c7067769-af82-46d6-8f42-d7a184e3f59a___RS_Early.B 7916.JPG,Early Blight
data\raw\potato\Potato___Early_blight\dd875158-7897-4f5d-ada1-46e7e382ea96___RS_Early.B 7912.JPG,Early Blight
data\raw\potato\Potato___Late_blight\546fcdf5-862b-42fb-931d-a51a85dc843c___RS_LB 4403.JPG,Late Blight
data\raw\potato\Potato___Late_blight\d3aa996a-f1d8-41bb-99bc-8f33ca2ea9ce___RS_LB 4404.JPG,Late Blight
data\raw\potato\Potato___Late_blight\f9102bc2-7c64-4dd8-afe5-d31db2159899___RS_LB 4401.JPG,Late Blight
data\raw\potato\Potato___Late_blight\fc748621-bd56-4012-a617-9e30df58ecfc___RS_LB 4402.JPG,Late Blight
data\raw\potato\Potato___Late_blight\0f6eac3b-d674-4c4d-ab3a-88689feec07f___RS_LB 5232.JPG,Late Blight
data\raw\potato\Potato___Late_blight\67001c81-d182-4bc6-b9b8-f25ddb0a2db4___RS_LB 5231.JPG,Late Blight
data\raw\potato\Potato___Late_blight\7dfb162c-0384-46b3-bbf7-f0929bd00921___RS_LB 5235.JPG,Late Blight
data\raw\potato\Potato___Late_blight\c746bac3-3c7a-445c-b78e-19294bd9a9cb___RS_LB 5233.JPG,Late Blight
data\raw\potato\Potato___Late_blight\7f90c344-54de-4053-a406-3a67f9fb1108___RS_LB 3283.JPG,Late Blight
data\raw\potato\Potato___Late_blight\977cefff-6bb2-41d4-9496-d30e03c71112___RS_LB 3287.JPG,Late Blight
data\raw\potato\Potato___Late_blight\ab72ec63-290e-4e95-ab0a-b551ed44ab3b___RS_LB 3286.JPG,Late Blight
data\raw\potato\Potato___Late_blight\d105e6d5-4268-4b21-8709-24b894196454___RS_LB 3282.JPG,Late Blight
data\raw\potato\Potato___Late_blight\07ff77ae-07b4-4a2d-9c4a-bb89bb4fb1ef___RS_LB 2985.JPG,Late Blight
data\raw\potato\Potato___Late_blight\2a0727c6-24d9-4d20-89ed-51bbd36a4b5a___RS_LB 2987.JPG,Late Blight
data\raw\potato\Potato___Late_blight\54ed9ec4-c9db-46ff-9a9b-1ebdea084b18___RS_LB 2984.JPG,Late Blight
data\raw\potato\Potato___Late_blight\6148bead-5236-461d-90ca-bc552dc95abc___RS_LB 2983.JPG,Late Blight
data\raw\potato\Potato___Early_blight\0ede4acd-3685-40d9-b52b-7b3cb6536fa8___RS_Early.B 7377.JPG,Early Blight
data\raw\potato\Potato___Early_blight\89b2e456-737b-4020-b788-c3f6a4927e69___RS_Early.B 7371.JPG,Early Blight
data\raw\potato\Potato___Early_blight\99fedd87-d173-4b2f-8bb1-26465641af4d___RS_Early.B 7372.JPG,Early Blight
data\raw\potato\Potato___Early_blight\fa61b2e4-413c-4503-a2a2-cff2d8a11351___RS_Early.B 7370.JPG,Early Blight
data\raw\potato\Potato___Early_blight\1896de06-b6eb-4c01-a6c6-3247405765b8___RS_Early.B 8335.JPG,Early Blight
data\raw\potato\Potato___Early_blight\593de3cd-1e2e-4943-b5f3-ef9d5d857894___RS_Early.B 8336.JPG,Early Blight
data\raw\potato\Potato___Early_blight\d3240683-1636-4373-84aa-01ce594c19a0___RS_Early.B 8340.JPG,Early Blight
data\raw\potato\Potato___Early_blight\e0654927-6cc0-491f-86d3-acb5ad261904___RS_Early.B 8341.JPG,Early Blight
data\raw\potato\Potato___Late_blight\152ffbeb-7dda-4313-a792-9faf68c017bf___RS_LB 2830.JPG,Late Blight
data\raw\potato\Potato___Late_blight\2f7b6898-a342-42a5-a0e5-a9f2bad7eaf1___RS_LB 2831.JPG,Late Blight
data\raw\potato\Potato___Late_blight\461f1af8-a71f-446d-b59c-b7f31dde1c74___RS_LB 2833.JPG,Late Blight
data\raw\potato\Potato___Late_blight\d4486c3c-6d93-4d08-a3f5-7f4ae1f7ef3b___RS_LB 2829.JPG,Late Blight
data\raw\potato\Potato___Late_blight\0f824e18-3821-486c-81a1-f1f64cf6e767___RS_LB 4894.JPG,Late Blight
data\raw\potato\Potato___Late_blight\afc0f88e-8a22-44d1-8575-8945058360c7___RS_LB 4895.JPG,Late Blight
data\raw\potato\Potato___Late_blight\b59e4b5d-4ef0-4b8f-a111-ee745e3d0334___RS_LB 4891.JPG,Late Blight
data\raw\potato\Potato___Late_blight\ea350085-28c1-4fc0-9fb9-386536cb971e___RS_LB 4890.JPG,Late Blight
data\raw\potato\Potato___Late_blight\1789b0d1-d850-4e04-8a20-bc3901d4ab0a___RS_LB 5251.JPG,Late Blight
data\raw\potato\Potato___Late_blight\2ed031ef-c77f-42d2-83fa-4fbfc66d67b2___RS_LB 5254.JPG,Late Blight
data\raw\potato\Potato___Late_blight\3171caea-9708-45dc-a60b-e347b3e74fb8___RS_LB 5256.JPG,Late Blight
data\raw\potato\Potato___Late_blight\f62c0408-af09-4883-a780-7bd335e60443___RS_LB 5258.JPG,Late Blight
data\raw\potato\Potato___Early_blight\84546db4-ea7c-4357-bf3d-6afcae9a05bf___RS_Early.B 7637.JPG,Early Blight
data\raw\potato\Potato___Early_blight\ca2c9c12-f2ba-4864-806c-b85f4fb36f92___RS_Early.B 7640.JPG,Early Blight
data\raw\potato\Potato___Early_blight\f15637d3-829d-46f9-b45e-1e1768d6b8c9___RS_Early.B 7635.JPG,Early Blight
data\raw\potato\Potato___Early_blight\f32a2d3d-9ac5-426c-81d1-bc279def9ba4___RS_Early.B 7636.JPG,Early Blight
data\raw\potato\Potato___Early_blight\3935d2ce-2d27-45ec-ab50-a53df9d30fa2___RS_Early.B 7437.JPG,Early Blight
data\raw\potato\Potato___Early_blight\524142aa-78fb-4fab-895c-ddb993d07479___RS_Early.B 7435.JPG,Early Blight
data\raw\potato\Potato___Early_blight\82a783e4-ba41-42af-96a8-ebc67abe905d___RS_Early.B 7439.JPG,Early Blight
data\raw\potato\Potato___Early_blight\e304fbf5-d145-433c-8f67-7b486581166a___RS_Early.B 7434.JPG,Early Blight
data\raw\potato\Potato___healthy\1a1184f8-c414-4ead-a4c4-41ae78e29a82___RS_HL 1971.JPG,Healthy
data\raw\potato\Potato___healthy\31a09d39-6791-4ecb-8f44-af2ed85dbd33___RS_HL 1970.JPG,Healthy
data\raw\potato\Potato___healthy\aa04db6d-645f-4e8a-88dc-c9f9396f0800___RS_HL 1975.JPG,Healthy
data\raw\potato\Potato___healthy\d287be3d-cac6-4485-8c31-674fb8b459be___RS_HL 1973.JPG,Healthy
data\raw\potato\Potato___Late_blight\14b29609-0bde-4d56-ac07-5db1b6df6fce___RS_LB 4983.JPG,Late Blight
data\raw\potato\Potato___Late_blight\17515ff9-075f-45a2-b8e6-1b8ba25c293d___RS_LB 4980.JPG,Late Blight
data\raw\potato\Potato___Late_blight\4cc2dba7-6871-481d-8989-07ea683e58b5___RS_LB 4979.JPG,Late Blight
data\raw\potato\Potato___Late_blight\f07f6548-70d6-4f8c-81e6-d8193c19061b___RS_LB 4984.JPG,Late Blight
data\raw\potato\Potato___Late_blight\108aa677-2b51-4d8b-8533-40fba50a275d___RS_LB 3046.JPG,Late Blight
data\raw\potato\Potato___Late_blight\29dafc9e-eb0f-4f3b-99ab-a617b8163e50___RS_LB 3052.JPG,Late Blight
data\raw\potato\Potato___Late_blight\4358aa91-bce4-4788-a39f-1e1e4810bd51___RS_LB 3047.JPG,Late Blight
data\raw\potato\Potato___Late_blight\971ec52d-67e9-4438-80f6-a6aa32fdc946___RS_LB 3048.JPG,Late Blight
data\raw\potato\Potato___Early_blight\1367d3e9-74fe-4d61-ab24-dd389dcb5d54___RS_Early.B 8011.JPG,Early Blight
data\raw\potato\Potato___Early_blight\192c9d29-4a86-457b-a779-1dd36f225a5b___RS_Early.B 8012.JPG,Early Blight
data\raw\potato\Potato___Early_blight\7a04081f-dd48-4a84-b7c1-611a50ae7886___RS_Early.B 8019.JPG,Early Blight
data\raw\potato\Potato___Early_blight\dbdf96e5-2f8c-475b-b2dd-40a5862e10f7___RS_Early.B 8017.JPG,Early Blight
data\raw\potato\Potato___Early_blight\46819687-0705-4628-8748-9cb356587f30___RS_Early.B 8421.JPG,Early Blight
data\raw\potato\Potato___Early_blight\52fb5725-33cf-4076-9abc-93311d027da2___RS_Early.B 8415.JPG,Early Blight
data\raw\potato\Potato___Early_blight\6bd7d398-9cce-4282-a853-9625a641ebd6___RS_Early.B 8416.JPG,Early Blight
data\raw\potato\Potato___Early_blight\7d056cd3-76d1-49f5-8491-a25e4fc4f852___RS_Early.B 8414.JPG,Early Blight
data\raw\potato\Potato___Late_blight\6be49d30-1b69-435a-a533-21b2b1a7fd41___RS_LB 3309.JPG,Late Blight
data\raw\potato\Potato___Late_blight\7050bb1d-af0d-47c4-8f35-23b9561b8024___RS_LB 3313.JPG,Late Blight
data\raw\potato\Potato___Late_blight\749a1b32-7152-4dce-87b4-92af094f6b9b___RS_LB 3310.JPG,Late Blight
data\raw\potato\Potato___Late_blight\e47b3a9a-24ea-460a-8a8f-4fc9814a072e___RS_LB 3314.JPG,Late Blight
data\raw\potato\Potato___Early_blight\10c438df-8ed7-4de7-94df-83298ebcf373___RS_Early.B 7001.JPG,Early Blight
data\raw\potato\Potato___Early_blight\40d1ccba-b047-4f89-b469-af79bc233524___RS_Early.B 7006.JPG,Early Blight
data\raw\potato\Potato___Early_blight\93c6b48d-cde9-4e8b-bbfb-1a9c06234419___RS_Early.B 7000.JPG,Early Blight
data\raw\potato\Potato___Early_blight\bcc2199e-a6c6-4e0d-a7a7-f7c4b25f2c04___RS_Early.B 7007.JPG,Early Blight
data\raw\potato\Potato___Early_blight\56a6692b-15ba-4097-aba1-ba428b6fefcd___RS_Early.B 7899.JPG,Early Blight
data\raw\potato\Potato___Early_blight\8f9aef15-0a7e-4b1f-883f-30b8cbc72fe4___RS_Early.B 7898.JPG,Early Blight
data\raw\potato\Potato___Early_blight\a5b278e7-448e-40ae-80c2-d286f2681d10___RS_Early.B 7900.JPG,Early Blight
data\raw\potato\Potato___Early_blight\d59c5aa9-8d45-45db-be3e-0276e24641f5___RS_Early.B 7897.JPG,Early Blight
data\raw\potato\Potato___Early_blight\1d301622-e359-49d5-b4ca-6837f254fd1b___RS_Early.B 6719.JPG,Early Blight
data\raw\potato\Potato___Early_blight\5dfcdf05-e64e-4992-84b8-a9fc9c49ce3c___RS_Early.B 6711.JPG,Early Blight
data\raw\potato\Potato___Early_blight\7ea05f87-83d3-405e-84ee-f637426f4bab___RS_Early.B 6715.JPG,Early Blight
data\raw\potato\Potato___Early_blight\cb5241ed-1a40-488a-9236-64ed07e6ebbf___RS_Early.B 6712.JPG,Early Blight
data\raw\potato\Potato___Early_blight\08a892eb-19cc-45ea-babc-181b98f89238___RS_Early.B 7367.JPG,Early Blight
data\raw\potato\Potato___Early_blight\58cb5c58-3161-4476-9361-3ee2673cc82b___RS_Early.B 7368.JPG,Early Blight
data\raw\potato\Potato___Early_blight\62e81304-8d1b-46ed-a79a-52cf53a63919___RS_Early.B 7363.JPG,Early Blight
data\raw\potato\Potato___Early_blight\ed64bc0c-d2e5-44fd-a21a-f4d6b4f2f219___RS_Early.B 7366.JPG,Early Blight
data\raw\potato\Potato___Early_blight\2356a4d6-8015-434e-a5f8-03197fef2c28___RS_Early.B 8139.JPG,Early Blight
data\raw\potato\Potato___Early_blight\2b8cfa81-e20f-4c28-b403-2cec2e5c0f2a___RS_Early.B 8145.JPG,Early Blight
data\raw\potato\Potato___Early_blight\d0be9a48-d0f6-4d34-9c80-3eb7631e2d8d___RS_Early.B 8143.JPG,Early Blight
data\raw\potato\Potato___Early_blight\d1072068-911c-4656-8bf2-e662982199e1___RS_Early.B 8141.JPG,Early Blight
data\raw\potato\Potato___healthy\5fcbde8f-52af-4963-b324-ff7f4dd6bd4c___RS_HL 1762.JPG,Healthy
data\raw\potato\Potato___healthy\61b05f0a-14bc-4c8f-a256-57c8b8898d8c___RS_HL 1769.JPG,Healthy
data\raw\potato\Potato___healthy\bb04f738-1848-4dda-8834-384a48b335cd___RS_HL 1765.JPG,Healthy
data\raw\potato\Potato___healthy\c6abf1da-b06f-4cd2-8af6-d68be5eff6f9___RS_HL 1766.JPG,Healthy
data\raw\potato\Potato___Late_blight\56aa566a-41be-4109-91bc-0cc99c385b7f___RS_LB 3843.JPG,Late Blight
data\raw\potato\Potato___Late_blight\a74a91d8-1a9d-4fa8-bc4b-26a32635a84d___RS_LB 3840.JPG,Late Blight
data\raw\potato\Potato___Late_blight\d7ef98cc-2d20-42ef-983a-5e45805a8ee6___RS_LB 3841.JPG,Late Blight
data\raw\potato\Potato___Late_blight\f964b423-2146-4523-9f71-d7937c475bf0___RS_LB 3842.JPG,Late Blight
data\raw\potato\Potato___Late_blight\1b8f80ae-38a2-4d08-ae92-f80ff4459a73___RS_LB 2554.JPG,Late Blight
data\raw\potato\Potato___Late_blight\23e2a413-2191-4a94-a305-c12b4ed24aa3___RS_LB 2555.JPG,Late Blight
data\raw\potato\Potato___Late_blight\541591d3-3560-4540-ac2c-9749936e80ae___RS_LB 2553.JPG,Late Blight
data\raw\potato\Potato___Late_blight\547d3544-5e37-484b-a853-254376c49081___RS_LB 2556.JPG,Late Blight
data\raw\potato\Potato___Early_blight\41cc6e70-9745-413d-b13d-c4775bcdfa7c___RS_Early.B 7610.JPG,Early Blight
data\raw\potato\Potato___Early_blight\53e30623-2023-4bbf-b904-ba39426f8628___RS_Early.B 7613.JPG,Early Blight
data\raw\potato\Potato___Early_blight\992a06a6-1aeb-4876-b33e-4267aa1a0c43___RS_Early.B 7618.JPG,Early Blight
data\raw\potato\Potato___Early_blight\c8a008b3-a81d-410c-97aa-94e92118e572___RS_Early.B 7616.JPG,Early Blight
data\raw\potato\Potato___Early_blight\0bbb8bce-2020-416b-8bd6-c160c2db9921___RS_Early.B 8386.JPG,Early Blight
data\raw\potato\Potato___Early_blight\6ad3d424-3e81-4b18-a029-4a20884c4ada___RS_Early.B 8380.JPG,Early Blight
data\raw\potato\Potato___Early_blight\779e2b0a-0922-41bc-9393-da3750494671___RS_Early.B 8382.JPG,Early Blight
data\raw\potato\Potato___Early_blight\cceeec9d-e0d9-4512-a1f0-faa5dc6bbf40___RS_Early.B 8381.JPG,Early Blight
data\raw\potato\Potato___Early_blight\08cf1add-91f8-41ea-bc13-54e7d1cb6da0___RS_Early.B 6865.JPG,Early Blight
data\raw\potato\Potato___Early_blight\8081f3a1-d992-43bf-afa4-402ed06a83b1___RS_Early.B 6860.JPG,Early Blight
data\raw\potato\Potato___Early_blight\88c63d75-4423-4233-9097-728af8a52033___RS_Early.B 6862.JPG,Early Blight
data\raw\potato\Potato___Early_blight\cdc5ed26-b023-41cb-9cd8-07e62df1e369___RS_Early.B 6864.JPG,Early Blight
data\raw\potato\Potato___Early_blight\2a9d3616-0bf1-4d98-b649-0a46d36dab7c___RS_Early.B 6703.JPG,Early Blight
data\raw\potato\Potato___Early_blight\c3ce9bae-e62a-4dd9-afa0-f020c48b87cc___RS_Early.B 6704.JPG,Early Blight
data\raw\potato\Potato___Early_blight\c43a5fd7-c60c-4a04-9835-bd35b551ec44___RS_Early.B 6701.JPG,Early Blight
data\raw\potato\Potato___Early_blight\da3115aa-a34b-42b2-97a9-9a1922770c8d___RS_Early.B 6708.JPG,Early Blight
data\raw\potato\Potato___Early_blight\544b5324-f697-4af8-90d4-47b7b86691c6___RS_Early.B 7028.JPG,Early Blight
data\raw\potato\Potato___Early_blight\8a9f0340-d5d1-479b-9dc5-d8df11685951___RS_Early.B 7024.JPG,Early Blight
data\raw\potato\Potato___Early_blight\ab0878eb-0310-4788-b2d7-14102cdd241e___RS_Early.B 7026.JPG,Early Blight
data\raw\potato\Potato___Early_blight\b2b7758e-f201-4d9c-bc27-d53bb09b2dac___RS_Early.B 7025.JPG,Early Blight
data\raw\potato\Potato___Late_blight\6c5ac624-844c-4d01-b030-38e1130e890a___RS_LB 3973.JPG,Late Blight
data\raw\potato\Potato___Late_blight\8f8e338a-b6ac-4ca7-b3f3-596dc15eb140___RS_LB 3970.JPG,Late Blight
data\raw\potato\Potato___Late_blight\d43fa915-e947-4316-b0f5-0f925c5d9625___RS_LB 3969.JPG,Late Blight
data\raw\potato\Potato___Late_blight\de282779-9d54-4b8f-8292-e06c3e020e16___RS_LB 3971.JPG,Late Blight
data\raw\potato\Potato___Late_blight\a30baff1-96fb-4df5-9511-e131359b5fd8___RS_LB 4464.JPG,Late Blight
data\raw\potato\Potato___Late_blight\c01daf14-9595-4b10-974d-3452fe133060___RS_LB 4463.JPG,Late Blight
data\raw\potato\Potato___Late_blight\d30021ba-fbbd-451b-b257-1fc5c6ac54d4___RS_LB 4466.JPG,Late Blight
data\raw\potato\Potato___Late_blight\d50d5ba8-c809-431c-8cc1-e297bc2706f7___RS_LB 4467.JPG,Late Blight
data\raw\potato\Potato___Early_blight\887347a3-ee1c-4141-a423-ffe050dd246e___RS_Early.B 7851.JPG,Early Blight
data\raw\potato\Potato___Early_blight\99d75573-472e-4f57-ab82-b49b78853d03___RS_Early.B 7847.JPG,Early Blight
data\raw\potato\Potato___Early_blight\c18f83e1-2144-440f-9603-74fe58c66073___RS_Early.B 7844.JPG,Early Blight
data\raw\potato\Potato___Early_blight\c9bff7de-c589-4ed2-92fe-cd9ca2a1df16___RS_Early.B 7846.JPG,Early Blight
data\raw\potato\Potato___Early_blight\03b0d3c1-b5b0-48f4-98aa-f8904670290f___RS_Early.B 7051.JPG,Early Blight
data\raw\potato\Potato___Early_blight\17848019-6609-4cc9-b27b-c70b296ceb09___RS_Early.B 7049.JPG,Early Blight
data\raw\potato\Potato___Early_blight\c4dd703b-1d4c-4e4c-8064-0e1d743c47ae___RS_Early.B 7050.JPG,Early Blight
data\raw\potato\Potato___Early_blight\f0f41a0d-7679-4e56-85df-44934fe0cb3b___RS_Early.B 7054.JPG,Early Blight
data\raw\potato\Potato___Late_blight\1d389389-0585-433a-83c7-30b42db2ca3f___RS_LB 3322.JPG,Late Blight
data\raw\potato\Potato___Late_blight\1f84da28-3025-4cc0-8815-5b6b60205956___RS_LB 3326.JPG,Late Blight
data\raw\potato\Potato___Late_blight\2958c571-a4f9-40b3-a091-0f37c4822932___RS_LB 3325.JPG,Late Blight
data\raw\potato\Potato___Late_blight\dd730e05-5196-46f4-9e7b-0c01a9fdaa1b___RS_LB 3321.JPG,Late Blight
data\raw\potato\Potato___Late_blight\5609c5d1-b66b-4dba-863a-5b3aab384151___RS_LB 3303.JPG,Late Blight
data\raw\potato\Potato___Late_blight\58f100f0-490b-4868-95d1-5883fc3432d3___RS_LB 3302.JPG,Late Blight
data\raw\potato\Potato___Late_blight\93905331-a3b3-43dd-8596-d8f7e6b3e88f___RS_LB 3306.JPG,Late Blight
data\raw\potato\Potato___Late_blight\a5a6ebeb-2535-441d-acf5-33bce305fa14___RS_LB 3304.JPG,Late Blight
data\raw\potato\Potato___Early_blight\2b982641-10ea-4426-874f-509e6377ff59___RS_Early.B 7663.JPG,Early Blight
data\raw\potato\Potato___Early_blight\4138df1f-b8f7-429f-9e95-a627f6aba912___RS_Early.B 7667.JPG,Early Blight
data\raw\potato\Potato___Early_blight\4c246dbf-ad6c-4563-ad59-d5ea84453817___RS_Early.B 7662.JPG,Early Blight
data\raw\potato\Potato___Early_blight\983cf28c-872f-423a-a774-41ed2939f249___RS_Early.B 7660.JPG,Early Blight
data\raw\potato\Potato___Late_blight\2f419afc-a232-42c7-b0ff-92d928647a0f___RS_LB 4917.JPG,Late Blight
data\raw\potato\Potato___Late_blight\3f30c40f-105b-4ce7-a376-d2e6f4681e3b___RS_LB 4921.JPG,Late Blight
data\raw\potato\Potato___Late_blight\b74d0fd1-9af7-4053-8538-ee937236a64d___RS_LB 4918.JPG,Late Blight
data\raw\potato\Potato___Late_blight\c89d5a2a-2c1e-496e-84b8-b7a844a97ac9___RS_LB 4920.JPG,Late Blight
data\raw\potato\Potato___Late_blight\6f669c56-c863-4c71-be49-8d020d3f7d3d___RS_LB 5128.JPG,Late Blight
data\raw\potato\Potato___Late_blight\8c894440-a022-41a8-9545-51ff4286d29f___RS_LB 5126.JPG,Late Blight
data\raw\potato\Potato___Late_blight\fb91b663-6a03-4165-8125-afc96e41ab5c___RS_LB 5130.JPG,Late Blight
data\raw\potato\Potato___Late_blight\fdc86644-2491-4ace-b7e3-190e1d68ebba___RS_LB 5129.JPG,Late Blight
data\raw\potato\Potato___Late_blight\17a07992-ebb9-4368-8cb7-4af40d8ded08___RS_LB 3064.JPG,Late Blight
data\raw\potato\Potato___Late_blight\4d085c80-4d57-4377-8fb3-eab3a25e5f5c___RS_LB 3060.JPG,Late Blight
data\raw\potato\Potato___Late_blight\5318452f-222d-4abc-b39c-55fa6c26a82a___RS_LB 3063.JPG,Late Blight
data\raw\potato\Potato___Late_blight\8137ed93-0e40-4bcd-9da7-f69ad5a08cd5___RS_LB 3059.JPG,Late Blight
data\raw\potato\Potato___Early_blight\9541d815-f209-4f13-892e-ca4e97ae5d8e___RS_Early.B 8981.JPG,Early Blight
data\raw\potato\Potato___Early_blight\dcb9073d-df5b-4a15-aecf-1c3af587cd74___RS_Early.B 8982.JPG,Early Blight
data\raw\potato\Potato___Early_blight\e24cb505-5756-4269-aa4f-57d27da31b20___RS_Early.B 8973.JPG,Early Blight
data\raw\potato\Potato___Early_blight\fb8d862d-29c3-41ab-888d-cef47286ee9a___RS_Early.B 8975.JPG,Early Blight
data\raw\potato\Potato___Early_blight\2cafa90e-af46-4d0a-9137-9780d816b96a___RS_Early.B 7731.JPG,Early Blight
data\raw\potato\Potato___Early_blight\848336c4-eaad-47e7-8458-5e80d5520d05___RS_Early.B 7729.JPG,Early Blight
data\raw\potato\Potato___Early_blight\91721448-8786-49f6-a66d-d410fe714676___RS_Early.B 7725.JPG,Early Blight
data\raw\potato\Potato___Early_blight\b95c05a8-2d70-4af5-a384-5b5b4450b7c6___RS_Early.B 7724.JPG,Early Blight
data\raw\potato\Potato___Early_blight\2ebb14eb-0e87-468c-a1cb-80579a77a37a___RS_Early.B 7044.JPG,Early Blight
data\raw\potato\Potato___Early_blight\77b04047-8450-47d1-82f1-48f09f83387c___RS_Early.B 7042.JPG,Early Blight
data\raw\potato\Potato___Early_blight\c5dc57d8-9a0d-4046-9eb4-b9db2f720a47___RS_Early.B 7047.JPG,Early Blight
data\raw\potato\Potato___Early_blight\fe2a7818-f2ec-4255-93f0-586c88a41624___RS_Early.B 7043.JPG,Early Blight
data\raw\potato\Potato___Late_blight\440adc9e-3f21-4373-ab9a-ed003c3588f3___RS_LB 4152.JPG,Late Blight
data\raw\potato\Potato___Late_blight\53367bb0-3f38-4c90-a71d-05592341e4aa___RS_LB 4149.JPG,Late Blight
data\raw\potato\Potato___Late_blight\df40ffa7-8efd-4720-8786-a30b9011dcfc___RS_LB 4150.JPG,Late Blight
data\raw\potato\Potato___Late_blight\e2326741-ee59-4e3c-86bf-9e81ccf50b6b___RS_LB 4147.JPG,Late Blight
data\raw\potato\Potato___healthy\2e0b8b4b-e900-408b-b760-730690bbd382___RS_HL 1901.JPG,Healthy
data\raw\potato\Potato___healthy\57e262fc-e0ba-44db-a967-5ba6f1826e49___RS_HL 1897.JPG,Healthy
data\raw\potato\Potato___healthy\6f4b9acd-f34d-4771-a6bc-2001de2dd1d3___RS_HL 1898.JPG,Healthy
data\raw\potato\Potato___healthy\b35b9f8b-daca-4d12-a5be-defe68d0acc5___RS_HL 1903.JPG,Healthy
data\raw\potato\Potato___Early_blight\1daae61a-7014-4efe-b855-018999a5be9b___RS_Early.B 6852.JPG,Early Blight
data\raw\potato\Potato___Early_blight\4ab9d59b-57ee-4e22-a6bb-d8152710fd28___RS_Early.B 6857.JPG,Early Blight
data\raw\potato\Potato___Early_blight\af79e762-c2f7-4e37-926b-ce27dbc52fc4___RS_Early.B 6858.JPG,Early Blight
data\raw\potato\Potato___Early_blight\b328c22c-c9c6-41fd-9bac-daf2f26143b1___RS_Early.B 6854.JPG,Early Blight
data\raw\potato\Potato___healthy\046641c1-f837-49eb-b5f2-4109910a027c___RS_HL 1878.JPG,Healthy
data\raw\potato\Potato___healthy\22322780-95b4-4b45-b626-26b22965d55e___RS_HL 1880.JPG,Healthy
data\raw\potato\Potato___healthy\415ac4a2-8f16-4052-880e-1e1f208965f0___RS_HL 1884.JPG,Healthy
data\raw\potato\Potato___healthy\799b10e8-ba67-4e08-9abe-748789572ad1___RS_HL 1881.JPG,Healthy
data\raw\potato\Potato___Early_blight\357426c8-5b7b-4d56-9cb0-13cfaecc219f___RS_Early.B 7326.JPG,Early Blight
data\raw\potato\Potato___Early_blight\5c43b799-a722-4209-b571-2a7ca23de273___RS_Early.B 7321.JPG,Early Blight
data\raw\potato\Potato___Early_blight\c14e2b11-510b-4967-ac96-ae965972ad50___RS_Early.B 7327.JPG,Early Blight
data\raw\potato\Potato___Early_blight\e09798e4-23b1-4485-873b-605bc350f327___RS_Early.B 7320.JPG,Early Blight
data\raw\potato\Potato___Early_blight\2a4fd894-0c4f-471b-b80b-d362a7b513f4___RS_Early.B 8038.JPG,Early Blight
data\raw\potato\Potato___Early_blight\49b24f9e-12d4-4f32-8bc8-482d66514a17___RS_Early.B 8037.JPG,Early Blight
data\raw\potato\Potato___Early_blight\98d40b59-5c50-45b6-9b8b-268c40547334___RS_Early.B 8031.JPG,Early Blight
data\raw\potato\Potato___Early_blight\c9bd759f-bd34-4333-a7b9-23ad810bba32___RS_Early.B 8033.JPG,Early Blight
data\raw\potato\Potato___Early_blight\64ced002-f0b1-42b2-b448-b7b3655e38c1___RS_Early.B 9010.JPG,Early Blight
data\raw\potato\Potato___Early_blight\c42e79e4-76c0-406e-9779-6168330f4ca5___RS_Early.B 9008.JPG,Early Blight
data\raw\potato\Potato___Early_blight\c5b121ff-fc3c-406a-8127-2a7e413a0903___RS_Early.B 9006.JPG,Early Blight
data\raw\potato\Potato___Early_blight\d55f09eb-e463-4abd-aac6-fb144b30ead7___RS_Early.B 9004.JPG,Early Blight
data\raw\potato\Potato___Late_blight\12d72127-7880-4481-b3c6-caff04116a86___RS_LB 2632.JPG,Late Blight
data\raw\potato\Potato___Late_blight\224d9d63-c097-4142-b1a6-56f88a7bae2e___RS_LB 2630.JPG,Late Blight
data\raw\potato\Potato___Late_blight\889d5479-9d54-49b1-9aba-3af34e377592___RS_LB 2635.JPG,Late Blight
data\raw\potato\Potato___Late_blight\d01b2206-84b5-41f6-9a40-b238282940bd___RS_LB 2631.JPG,Late Blight
data\raw\potato\Potato___Late_blight\2c33381e-78d8-47fc-8cea-1459164f46d6___RS_LB 4115.JPG,Late Blight
data\raw\potato\Potato___Late_blight\7e486917-7f31-4a26-b0ca-6175ebc2beee___RS_LB 4113.JPG,Late Blight
data\raw\potato\Potato___Late_blight\b334273e-833f-48fc-b6fb-7d7a31e1a541___RS_LB 4112.JPG,Late Blight
data\raw\potato\Potato___Late_blight\f18c34fd-e43a-4338-b3f3-6537f2f84f98___RS_LB 4111.JPG,Late Blight
data\raw\potato\Potato___Early_blight\61d53ca2-a8e2-4e5d-b8cd-3f9608b74fc1___RS_Early.B 6746.JPG,Early Blight
data\raw\potato\Potato___Early_blight\89d4dba2-3d9c-46fe-bac3-6be833b01351___RS_Early.B 6749.JPG,Early Blight
data\raw\potato\Potato___Early_blight\9125d133-5b86-4363-8fbe-79c813ac8795___RS_Early.B 6748.JPG,Early Blight
data\raw\potato\Potato___Early_blight\f980fef9-bcf5-47fd-8426-2c503dc35f88___RS_Early.B 6745.JPG,Early Blight
data\raw\potato\Potato___Early_blight\467991cb-4b55-4b00-9b18-7ff5efdd7adf___RS_Early.B 7290.JPG,Early Blight
data\raw\potato\Potato___Early_blight\5a6f3209-223e-43e5-8680-41dd3d5091ce___RS_Early.B 7288.JPG,Early Blight
data\raw\potato\Potato___Early_blight\67f2bf79-1d71-4748-bcd6-a65006f12981___RS_Early.B 7289.JPG,Early Blight
data\raw\potato\Potato___Early_blight\df67aec2-c706-4a6f-8a4a-e11d7eb41eb8___RS_Early.B 7287.JPG,Early Blight
data\raw\potato\Potato___Late_blight\267d6db0-95db-4945-a6b0-bf05b11ef8ff___RS_LB 3231.JPG,Late Blight
data\raw\potato\Potato___Late_blight\2f76c068-ebba-499d-8819-2d12bde41695___RS_LB 3232.JPG,Late Blight
data\raw\potato\Potato___Late_blight\815516f8-6fb1-4f92-bdff-63349e5ee83f___RS_LB 3237.JPG,Late Blight
data\raw\potato\Potato___Late_blight\c0e1bf8b-8b3d-4e00-bbd7-dc134dd9ca42___RS_LB 3234.JPG,Late Blight
data\raw\potato\Potato___Early_blight\541f3dc9-a330-4caf-97f3-88bec1b60c53___RS_Early.B 7767.JPG,Early Blight
data\raw\potato\Potato___Early_blight\686938d8-5fcc-4482-850f-0e8720206046___RS_Early.B 7769.JPG,Early Blight
data\raw\potato\Potato___Early_blight\ccec0636-2984-4164-aad7-34b1b84ec42b___RS_Early.B 7766.JPG,Early Blight
data\raw\potato\Potato___Early_blight\e3007682-ad4b-4a62-b64d-ebb0c4537077___RS_Early.B 7772.JPG,Early Blight
data\raw\potato\Potato___Early_blight\2c48971d-9f73-401d-a62a-f3729d08b6c2___RS_Early.B 7463.JPG,Early Blight
data\raw\potato\Potato___Early_blight\37c72e1c-7981-4d84-9587-f5014b609230___RS_Early.B 7457.JPG,Early Blight
data\raw\potato\Potato___Early_blight\8ff3274d-02b2-4859-9415-982aa4ec7d8c___RS_Early.B 7465.JPG,Early Blight
data\raw\potato\Potato___Early_blight\efa2f117-a774-4fcc-8445-142742aa7816___RS_Early.B 7458.JPG,Early Blight
data\raw\potato\Potato___Early_blight\37957a08-5b06-49f7-9973-29f167dd95b8___RS_Early.B 8758.JPG,Early Blight
data\raw\potato\Potato___Early_blight\8be5bc25-febc-4bde-bd2b-01a54d3c6e3c___RS_Early.B 8760.JPG,Early Blight
data\raw\potato\Potato___Early_blight\f0b444a4-ddd7-4286-8a80-423f7e71c526___RS_Early.B 8753.JPG,Early Blight
data\raw\potato\Potato___Early_blight\f9580dc3-d5d9-4990-a64d-3974a9d1c687___RS_Early.B 8755.JPG,Early Blight
data\raw\potato\Potato___Late_blight\4d56ef9d-bc69-489c-92de-d2fad01d762d___RS_LB 3890.JPG,Late Blight
data\raw\potato\Potato___Late_blight\4d96b41e-8e2e-4a0d-b9a2-0ab8456e4074___RS_LB 3893.JPG,Late Blight
data\raw\potato\Potato___Late_blight\f46c0317-fc28-4b5b-a09d-b52ef54fae67___RS_LB 3889.JPG,Late Blight
data\raw\potato\Potato___Late_blight\f68e448a-c2f5-4638-a7cb-45e73083ae4a___RS_LB 3892.JPG,Late Blight
data\raw\potato\Potato___Late_blight\19323229-6fdc-4231-bd3e-a46ddcff2111___RS_LB 3196.JPG,Late Blight
data\raw\potato\Potato___Late_blight\2269e6d9-bb15-49f1-8349-2f0126165960___RS_LB 3197.JPG,Late Blight
data\raw\potato\Potato___Late_blight\96a70433-9204-4a41-acad-d39932559068___RS_LB 3200.JPG,Late Blight
data\raw\potato\Potato___Late_blight\b64e4518-147a-4a75-9f9b-33db8902aa12___RS_LB 3202.JPG,Late Blight
data\raw\potato\Potato___Late_blight\49835c13-105d-4afb-95dd-b4ee15f3d287___RS_LB 4099.JPG,Late Blight
data\raw\potato\Potato___Late_blight\b14b93eb-5c1b-4df8-a30f-17afd953e7fc___RS_LB 4101.JPG,Late Blight
data\raw\potato\Potato___Late_blight\c4263e49-60ed-4f6b-aa78-cc9f3117ce73___RS_LB 4100.JPG,Late Blight
data\raw\potato\Potato___Late_blight\c84a1cfc-5e19-46df-a315-c7fb6a61e60f___RS_LB 4103.JPG,Late Blight
data\raw\potato\Potato___Late_blight\1531198a-c611-47ee-af7d-7b124b863870___RS_LB 4793.JPG,Late Blight
data\raw\potato\Potato___Late_blight\3e379b4f-29dd-4f14-86e6-11fa37cf3ae9___RS_LB 4789.JPG,Late Blight
data\raw\potato\Potato___Late_blight\a0622f86-c94d-4b59-9483-68c57dee81fa___RS_LB 4794.JPG,Late Blight
data\raw\potato\Potato___Late_blight\d98195f0-bdf8-4e0d-9fd5-af86cfed2a6c___RS_LB 4790.JPG,Late Blight
data\raw\potato\Potato___Early_blight\8f78af6a-aec1-4e63-a27b-bada4a56d636___RS_Early.B 7643.JPG,Early Blight
data\raw\potato\Potato___Early_blight\a5e73fd4-6d3e-4037-b440-f4e5234e4459___RS_Early.B 7645.JPG,Early Blight
data\raw\potato\Potato___Early_blight\beb20b26-07f9-4215-8264-dca1283514ac___RS_Early.B 7644.JPG,Early Blight
data\raw\potato\Potato___Early_blight\c5a12e34-99ea-443e-a67e-3f2651508773___RS_Early.B 7647.JPG,Early Blight
data\raw\potato\Potato___Late_blight\a5aabda7-209a-4e1e-966c-de2a1ccc7869___RS_LB 5046.JPG,Late Blight
data\raw\potato\Potato___Late_blight\bb4aa884-a811-4229-bfc0-1df1e7330877___RS_LB 5049.JPG,Late Blight
data\raw\potato\Potato___Late_blight\ccdf64d2-81fe-429e-8041-05b5a9ce50c9___RS_LB 5052.JPG,Late Blight
data\raw\potato\Potato___Late_blight\e36ccebd-29c6-466d-b46f-41fa38f6e9c0___RS_LB 5047.JPG,Late Blight
data\raw\potato\Potato___Early_blight\3ec5894d-dcc2-4276-ba28-0048b6d5605a___RS_Early.B 8027.JPG,Early Blight
data\raw\potato\Potato___Early_blight\610d8d2d-c28d-4d99-9f37-a6a79148b529___RS_Early.B 8023.JPG,Early Blight
data\raw\potato\Potato___Early_blight\de8d212e-1bbf-41d7-b13b-29f0746223aa___RS_Early.B 8022.JPG,Early Blight
data\raw\potato\Potato___Early_blight\e9f9e200-b7ff-4a59-af32-b4faf3f27b17___RS_Early.B 8028.JPG,Early Blight
data\raw\potato\Potato___Late_blight\49ffd4fb-07ef-4377-9f14-3648deaa8dd2___RS_LB 4453.JPG,Late Blight
data\raw\potato\Potato___Late_blight\71cbb155-74cd-42f9-97ac-abca4a10ad79___RS_LB 4456.JPG,Late Blight
data\raw\potato\Potato___Late_blight\73d0be73-8a51-417a-ac46-67a37462efa3___RS_LB 4457.JPG,Late Blight
data\raw\potato\Potato___Late_blight\d2f57448-1770-46dc-97e3-40247d37094b___RS_LB 4455.JPG,Late Blight
data\raw\potato\Potato___Early_blight\26d2af6a-f52e-457c-8006-fa106ad39fbe___RS_Early.B 8586.JPG,Early Blight
data\raw\potato\Potato___Early_blight\6a74ff09-be5a-4412-a192-2370a37c0751___RS_Early.B 8584.JPG,Early Blight
data\raw\potato\Potato___Early_blight\9fa151cd-43d7-42e1-9235-72f58c584a4b___RS_Early.B 8581.JPG,Early Blight
data\raw\potato\Potato___Early_blight\c419a9f0-5fb9-4db6-a229-5c08c36896fe___RS_Early.B 8585.JPG,Early Blight
data\raw\potato\Potato___healthy\111cd9d8-4d27-4225-be9e-d29b21cf56b9___RS_HL 5419.JPG,Healthy
data\raw\potato\Potato___healthy\1b434c52-7be4-40c4-90d5-13220f1a3eba___RS_HL 5418.JPG,Healthy
data\raw\potato\Potato___healthy\3a00204c-5e53-4e5d-95a6-f8819031744e___RS_HL 5420.JPG,Healthy
data\raw\potato\Potato___healthy\4ae82355-6885-40e7-9807-dabe46ed3441___RS_HL 5410.JPG,Healthy
data\raw\potato\Potato___healthy\5a3fc4bb-a78c-4276-8934-f0b037ffb860___RS_HL 5412.JPG,Healthy
data\raw\potato\Potato___healthy\762672f4-17e6-4fd6-84f1-3bcb091b3ca5___RS_HL 5417.JPG,Healthy
data\raw\potato\Potato___healthy\a1abff90-34e5-464d-b4d3-0c09f5924900___RS_HL 5414.JPG,Healthy
data\raw\potato\Potato___healthy\a3ec91aa-8503-4711-a912-0d1427e25686___RS_HL 5409.JPG,Healthy
data\raw\potato\Potato___healthy\bde33d08-678c-4f84-b80e-fcb986a9a446___RS_HL 5415.JPG,Healthy
data\raw\potato\Potato___Late_blight\03bab48b-962b-4c08-bc98-da95237d20ac___RS_LB 3190.JPG,Late Blight
data\raw\potato\Potato___Late_blight\4ce7142d-29a5-4fa0-8559-f9a2e6a3f62d___RS_LB 3189.JPG,Late Blight
data\raw\potato\Potato___Late_blight\68decf28-de55-477f-9435-56cda245a7ca___RS_LB 3195.JPG,Late Blight
data\raw\potato\Potato___Late_blight\891ddb02-a289-4d8e-8380-7568686b7a08___RS_LB 3193.JPG,Late Blight
data\raw\potato\Potato___Late_blight\04fe5855-ec9c-40b3-9893-ca8addc236bd___RS_LB 4913.JPG,Late Blight
data\raw\potato\Potato___Late_blight\2425fba0-8d06-4f05-9d0c-258c39777a37___RS_LB 4915.JPG,Late Blight
data\raw\potato\Potato___Late_blight\29a30aec-e060-43f2-bd81-27d8ad1cebf2___RS_LB 4911.JPG,Late Blight
data\raw\potato\Potato___Late_blight\908546cd-34b8-4502-ab09-0c5bb7c1d87b___RS_LB 4912.JPG,Late Blight
data\raw\potato\Potato___Early_blight\5755142f-0cba-45b7-a563-beb1bf6db374___RS_Early.B 8321.JPG,Early Blight
data\raw\potato\Potato___Early_blight\6c5385cd-d362-4810-b4e8-58ab768c706c___RS_Early.B 8323.JPG,Early Blight
data\raw\potato\Potato___Early_blight\9846eead-9fc1-4c35-8b63-1adfbdf0b118___RS_Early.B 8325.JPG,Early Blight
data\raw\potato\Potato___Early_blight\e6d543a1-8e5e-4709-9329-b93d63f52edf___RS_Early.B 8324.JPG,Early Blight
data\raw\potato\Potato___Early_blight\6eebb348-cafa-4863-937c-3b249f71df0a___RS_Early.B 9230.JPG,Early Blight
data\raw\potato\Potato___Early_blight\78071f69-3d02-4576-bd46-28732dd528aa___RS_Early.B 9228.JPG,Early Blight
data\raw\potato\Potato___Early_blight\8fcea4b7-97df-428e-a0ac-635108307e88___RS_Early.B 9229.JPG,Early Blight
data\raw\potato\Potato___Early_blight\f7db505f-aabe-4b96-b719-8c930b5ff471___RS_Early.B 9224.JPG,Early Blight
data\raw\potato\Potato___Late_blight\4043044d-1e8d-4861-9152-99660fdffa9e___RS_LB 4438.JPG,Late Blight
data\raw\potato\Potato___Late_blight\5ad9dba9-ed81-437e-8d5d-1d6660514462___RS_LB 4439.JPG,Late Blight
data\raw\potato\Potato___Late_blight\85d29f87-cb27-4ffa-9ad8-9c47f9a53b33___RS_LB 4437.JPG,Late Blight
data\raw\potato\Potato___Late_blight\ced49a2c-c7b3-4c10-9475-2b004afebff1___RS_LB 4436.JPG,Late Blight
data\raw\potato\Potato___Late_blight\02282fee-ba3f-460e-91e0-630204ab96c2___RS_LB 5031.JPG,Late Blight
data\raw\potato\Potato___Late_blight\5c43ce7b-f04a-4d0d-9305-47f0d83125c5___RS_LB 5033.JPG,Late Blight
data\raw\potato\Potato___Late_blight\b0e6c386-35dc-4982-acc6-f393c7f58c67___RS_LB 5036.JPG,Late Blight
data\raw\potato\Potato___Late_blight\ff03a125-445b-40e1-a7ed-0bb9b155dfd8___RS_LB 5039.JPG,Late Blight
data\raw\potato\Potato___Late_blight\699bd8b5-3c57-48c8-be2b-c8a5e12b0764___RS_LB 4083.JPG,Late Blight
data\raw\potato\Potato___Late_blight\990428a4-bfa8-450d-a755-fade1df0a214___RS_LB 4082.JPG,Late Blight
data\raw\potato\Potato___Late_blight\de54e40d-4c5f-48d9-9b6d-bc96bde09898___RS_LB 4086.JPG,Late Blight
data\raw\potato\Potato___Late_blight\e71a27b3-20d5-40e8-ad01-4c1942d46654___RS_LB 4085.JPG,Late Blight
data\raw\potato\Potato___Late_blight\5f6e341d-3a02-4bc5-ae02-c0a343a835ea___RS_LB 4882.JPG,Late Blight
data\raw\potato\Potato___Late_blight\7514a101-a131-449a-9dcd-80ba8733f124___RS_LB 4879.JPG,Late Blight
data\raw\potato\Potato___Late_blight\82e0f1d2-e996-427b-9216-6b46aedbc07f___RS_LB 4880.JPG,Late Blight
data\raw\potato\Potato___Late_blight\d9817cc3-ef03-41e5-8892-1fddd27b7bcc___RS_LB 4878.JPG,Late Blight
data\raw\potato\Potato___Early_blight\65f6e2f1-300b-42f0-bcc8-467753411947___RS_Early.B 7591.JPG,Early Blight
data\raw\potato\Potato___Early_blight\6f37a2b1-e63c-4d82-aec2-9ff036473867___RS_Early.B 7585.JPG,Early Blight
data\raw\potato\Potato___Early_blight\9cba8b9a-68a7-483a-bc77-6bacbbe7fc46___RS_Early.B 7588.JPG,Early Blight
data\raw\potato\Potato___Early_blight\fc603fb2-e2a0-4990-8a75-0e4f80f40694___RS_Early.B 7584.JPG,Early Blight
data\raw\potato\Potato___healthy\1106c3fc-92cb-41a6-a6c6-8f08b9b45108___RS_HL 1914.JPG,Healthy
data\raw\potato\Potato___healthy\b89db9d3-a413-4781-bc88-5f6c2085ab5f___RS_HL 1909.JPG,Healthy
data\raw\potato\Potato___healthy\d1752ed4-a0a7-4075-917d-205c0e785dcf___RS_HL 1911.JPG,Healthy
data\raw\potato\Potato___healthy\de9a8669-d437-40f0-aa56-fe2d8276a1e0___RS_HL 1910.JPG,Healthy
data\raw\potato\Potato___Late_blight\0525ac6e-1d1f-4866-89bd-af4b8ba9c46b___RS_LB 4814.JPG,Late Blight
data\raw\potato\Potato___Late_blight\7153262e-7692-441e-9677-056a349d62b8___RS_LB 4813.JPG,Late Blight
data\raw\potato\Potato___Late_blight\a24f3bec-3fbb-461a-81ef-ab791ceb66e2___RS_LB 4818.JPG,Late Blight
data\raw\potato\Potato___Late_blight\e956d757-4016-4d20-96a6-6844787ddc46___RS_LB 4815.JPG,Late Blight
data\raw\potato\Potato___Early_blight\060fd5a7-1606-4a59-895b-604c90d6b414___RS_Early.B 7205.JPG,Early Blight
data\raw\potato\Potato___Early_blight\853f6d7a-836c-4829-ba2c-2eeada2089cc___RS_Early.B 7208.JPG,Early Blight
data\raw\potato\Potato___Early_blight\a6995958-6344-4d37-9b99-d3bc3d40ab67___RS_Early.B 7210.JPG,Early Blight
data\raw\potato\Potato___Early_blight\e0042931-92f3-4527-b292-872075f4261d___RS_Early.B 7203.JPG,Early Blight
data\raw\potato\Potato___Late_blight\42451eb3-fb45-4b9a-8dd3-c9b9aa3a29c8___RS_LB 4340.JPG,Late Blight
data\raw\potato\Potato___Late_blight\7673ac2a-707f-4575-a11d-afe44817bfd4___RS_LB 4342.JPG,Late Blight
data\raw\potato\Potato___Late_blight\b86630ca-89d0-4f83-9942-c1bfcce6b06c___RS_LB 4339.JPG,Late Blight
data\raw\potato\Potato___Late_blight\f1b1a037-34e4-4016-a0bc-703059820f24___RS_LB 4343.JPG,Late Blight
data\raw\potato\Potato___healthy\4a08efaa-28cc-4356-8769-4002f4b299ef___RS_HL 1850.JPG,Healthy
data\raw\potato\Potato___healthy\875d6ded-5f01-495c-a945-ad2e17f87f91___RS_HL 1848.JPG,Healthy
data\raw\potato\Potato___healthy\9a6eb7c4-6b43-477a-89e0-69f62ef67991___RS_HL 1846.JPG,Healthy
data\raw\potato\Potato___healthy\f0036dfd-9f46-4f2f-9001-5973495f2171___RS_HL 1849.JPG,Healthy
data\raw\potato\Potato___Early_blight\4f5ed8b8-7266-451d-a726-c1dbba2e5381___RS_Early.B 7384.JPG,Early Blight
data\raw\potato\Potato___Early_blight\89273b26-09d5-4bf7-a6a5-22c47a613b93___RS_Early.B 7383.JPG,Early Blight
data\raw\potato\Potato___Early_blight\abb9a8c4-5d0f-443a-b7c9-780036ffe76c___RS_Early.B 7380.JPG,Early Blight
data\raw\potato\Potato___Early_blight\b475147c-92bc-419a-b2c3-7d5aabbb79ec___RS_Early.B 7379.JPG,Early Blight
data\raw\potato\Potato___Early_blight\1132bee0-fe6b-41a9-9583-7b959c2ca25f___RS_Early.B 7482.JPG,Early Blight
data\raw\potato\Potato___Early_blight\2b1718b3-c951-4f24-b6ec-4eb7df77c913___RS_Early.B 7475.JPG,Early Blight
data\raw\potato\Potato___Early_blight\aa0ad1ba-f08a-4376-82a1-fec51fbf6810___RS_Early.B 7478.JPG,Early Blight
data\raw\potato\Potato___Early_blight\b1b55149-b5bc-460e-87af-a745fb01855d___RS_Early.B 7477.JPG,Early Blight
data\raw\potato\Potato___Early_blight\0ad3ba53-f01b-403b-a99d-5991eed85045___RS_Early.B 7600.JPG,Early Blight
data\raw\potato\Potato___Early_blight\3bf3bb26-3cbd-46f2-a9ba-c86700edafcb___RS_Early.B 7599.JPG,Early Blight
data\raw\potato\Potato___Early_blight\43af6366-6c6a-408c-a10d-a4bad9428a19___RS_Early.B 7595.JPG,Early Blight
data\raw\potato\Potato___Early_blight\b7883606-5157-4dc1-b965-fc10f8fe1796___RS_Early.B 7598.JPG,Early Blight
data\raw\potato\Potato___Early_blight\28f275f9-4dd9-479a-a005-ed442362840a___RS_Early.B 6790.JPG,Early Blight
data\raw\potato\Potato___Early_blight\38aa30f4-14d5-446f-80c3-ec60ce67ccc3___RS_Early.B 6789.JPG,Early Blight
data\raw\potato\Potato___Early_blight\7a3630ed-a43c-4957-a604-1de05e8e7f32___RS_Early.B 6795.JPG,Early Blight
data\raw\potato\Potato___Early_blight\cb615e16-034f-465a-89a6-91e091698723___RS_Early.B 6796.JPG,Early Blight
data\raw\potato\Potato___Early_blight\1d18a770-8a16-4765-bae9-5d96f781db89___RS_Early.B 7803.JPG,Early Blight
data\raw\potato\Potato___Early_blight\d8a8d6e5-d82d-4f7c-aac5-183e85549d9b___RS_Early.B 7799.JPG,Early Blight
data\raw\potato\Potato___Early_blight\e016d105-f5cd-4082-a8c9-1913ea3fcfbb___RS_Early.B 7800.JPG,Early Blight
data\raw\potato\Potato___Early_blight\ea87f5c8-69f9-44e0-997b-bb896350765e___RS_Early.B 7798.JPG,Early Blight
data\raw\potato\Potato___healthy\1ae826e2-5148-47bd-a44c-711ec9cc9c75___RS_HL 1954.JPG,Healthy
data\raw\potato\Potato___healthy\52dd2fdd-6966-450c-a42b-ee14428d4271___RS_HL 1955.JPG,Healthy
data\raw\potato\Potato___healthy\9d7d1bb9-1b10-4a8f-a961-e404b9d5acf8___RS_HL 1960.JPG,Healthy
data\raw\potato\Potato___healthy\a02b6205-b40a-4178-8b34-3494f84b9d1f___RS_HL 1958.JPG,Healthy
data\raw\potato\Potato___Late_blight\4a911e79-f9c0-4ba1-aa80-567d653df61c___RS_LB 4038.JPG,Late Blight
data\raw\potato\Potato___Late_blight\6f2f2f80-80f5-4f0b-86f6-a0d9b0fa4cbc___RS_LB 4034.JPG,Late Blight
data\raw\potato\Potato___Late_blight\9254f86d-5d83-4217-a7f5-84d08e1b93ee___RS_LB 4037.JPG,Late Blight
data\raw\potato\Potato___Late_blight\dbad8fb5-90a0-4bcc-902e-7b7b632d0233___RS_LB 4036.JPG,Late Blight
data\raw\potato\Potato___healthy\163ada72-4288-4f85-a3c1-feed23c8d1de___RS_HL 1940.JPG,Healthy
data\raw\potato\Potato___healthy\2d98cbc8-cbe6-423c-b2ab-3f7f8bcea5d5___RS_HL 1945.JPG,Healthy
data\raw\potato\Potato___healthy\45bc0b37-ca59-4a89-8531-705af42a6fd5___RS_HL 1946.JPG,Healthy
data\raw\potato\Potato___healthy\46b2555a-c0a6-48c2-af13-0816e147e4de___RS_HL 1943.JPG,Healthy
data\raw\potato\Potato___Late_blight\38e8e3d1-7c0e-4d66-a926-79538ceadf07___RS_LB 4130.JPG,Late Blight
data\raw\potato\Potato___Late_blight\9c0e8576-642f-47a6-a053-c52e9025b7f6___RS_LB 4134.JPG,Late Blight
data\raw\potato\Potato___Late_blight\e231f522-dd72-4fbd-94b4-5b4d7b935269___RS_LB 4131.JPG,Late Blight
data\raw\potato\Potato___Late_blight\e48ffe4c-d920-4559-83ab-62d9d881d787___RS_LB 4129.JPG,Late Blight
data\raw\potato\Potato___Early_blight\0d2325ff-4e3e-44bf-9614-e5ad6c23fc16___RS_Early.B 6797.JPG,Early Blight
data\raw\potato\Potato___Early_blight\6edb7358-f41f-4fd2-8371-12700bdbc94c___RS_Early.B 6801.JPG,Early Blight
data\raw\potato\Potato___Early_blight\722bc78a-a1e0-481b-b5a3-cb3357f2f350___RS_Early.B 6803.JPG,Early Blight
data\raw\potato\Potato___Early_blight\dcc9e3a4-04dc-46fd-9bc9-739334aa23d9___RS_Early.B 6799.JPG,Early Blight
data\raw\potato\Potato___Late_blight\2a3e5c22-1e37-4ba0-8686-cf7482e4e8d3___RS_LB 4126.JPG,Late Blight
data\raw\potato\Potato___Late_blight\35c3e2fe-7b97-4137-adc6-aada45306425___RS_LB 4123.JPG,Late Blight
data\raw\potato\Potato___Late_blight\6af65e0d-c1a5-4a28-9ecb-19e7e6d91a70___RS_LB 4128.JPG,Late Blight
data\raw\potato\Potato___Late_blight\9cd7c33b-e29a-4300-ba19-183fb6c82aca___RS_LB 4124.JPG,Late Blight
data\raw\potato\Potato___Late_blight\1338edcb-9e0e-458c-845e-206b869f9199___RS_LB 3205.JPG,Late Blight
data\raw\potato\Potato___Late_blight\cf336796-9b96-4156-adc4-6fbeaebf2a6a___RS_LB 3207.JPG,Late Blight
data\raw\potato\Potato___Late_blight\d5bf2575-1e57-4792-81a1-5770e701be1b___RS_LB 3209.JPG,Late Blight
data\raw\potato\Potato___Late_blight\d71490c0-7315-4301-b9cd-19de9357a2f7___RS_LB 3203.JPG,Late Blight
data\raw\potato\Potato___Late_blight\02c8ff21-4e0a-4326-ba8f-089e5cb45b74___RS_LB 4089.JPG,Late Blight
data\raw\potato\Potato___Late_blight\2482a11a-46b1-4e06-9b5c-4af0089b3259___RS_LB 4087.JPG,Late Blight
data\raw\potato\Potato___Late_blight\4c846678-1c22-4734-b2bf-fb774bf3bb13___RS_LB 4090.JPG,Late Blight
data\raw\potato\Potato___Late_blight\52c6891d-e627-4ebf-a080-3e8051531f5a___RS_LB 4092.JPG,Late Blight
data\raw\potato\Potato___Early_blight\4af8e9e9-077d-4c7b-859d-626f74d3b1ff___RS_Early.B 7738.JPG,Early Blight
data\raw\potato\Potato___Early_blight\95a4df95-bec8-4c93-bb07-48b0118f99be___RS_Early.B 7740.JPG,Early Blight
data\raw\potato\Potato___Early_blight\d9b34eaa-9d54-41fe-9ea2-335fe0b572ee___RS_Early.B 7735.JPG,Early Blight
data\raw\potato\Potato___Early_blight\f194debe-e829-4bfb-af09-681e50358f50___RS_Early.B 7739.JPG,Early Blight
data\raw\potato\Potato___Early_blight\3aea17a1-9413-4312-bcf2-e9aadb7371ab___RS_Early.B 8237.JPG,Early Blight
data\raw\potato\Potato___Early_blight\42148e3c-34d6-484e-a4b8-8dc037667a4c___RS_Early.B 8235.JPG,Early Blight
data\raw\potato\Potato___Early_blight\85a38441-6df7-4401-9905-fba74ebfa717___RS_Early.B 8230.JPG,Early Blight
data\raw\potato\Potato___Early_blight\b35e4c48-e54e-4e42-a399-b236209314f4___RS_Early.B 8231.JPG,Early Blight
data\raw\potato\Potato___Late_blight\24482fe2-5139-4f73-909e-9ea4a3d8bf5d___RS_LB 4733.JPG,Late Blight
data\raw\potato\Potato___Late_blight\2addf5f2-acc5-448c-88a1-fe357d9aa9ac___RS_LB 4736.JPG,Late Blight
data\raw\potato\Potato___Late_blight\6f88dbd4-3e54-47ae-850a-0e9c7d9d700d___RS_LB 4737.JPG,Late Blight
data\raw\potato\Potato___Late_blight\709bddcf-5c54-4fad-8a22-890c00e839a4___RS_LB 4732.JPG,Late Blight
data\raw\potato\Potato___healthy\20ac28d6-5708-4e31-8676-1b1979de094f___RS_HL 1735.JPG,Healthy
data\raw\potato\Potato___healthy\a8d687be-3777-403f-bae7-5c8c19340b3f___RS_HL 1738.JPG,Healthy
data\raw\potato\Potato___healthy\b28c43f9-5844-4e9b-86bf-36bc114cae07___RS_HL 1736.JPG,Healthy
data\raw\potato\Potato___healthy\b42621c3-f751-46e1-a8d2-83ed85b90554___RS_HL 1740.JPG,Healthy
data\raw\potato\Potato___Early_blight\5748b34e-9143-4540-b4f0-37b8f7dd9e96___RS_Early.B 7198.JPG,Early Blight
data\raw\potato\Potato___Early_blight\92757a8e-b68a-45b3-9d70-0281c8ea90ca___RS_Early.B 7199.JPG,Early Blight
data\raw\potato\Potato___Early_blight\c7f27f40-6634-4118-9990-6897e0c68579___RS_Early.B 7197.JPG,Early Blight
data\raw\potato\Potato___Early_blight\d91d88d1-89d4-4017-b0f0-9e875bedfcab___RS_Early.B 7201.JPG,Early Blight
