image_path,clean_class
data\raw\apple\Apple___healthy\09994dfa-4aab-4ada-9ef2-431d050e1e38___RS_HL 5658.JPG,Healthy
data\raw\apple\Apple___healthy\14e92721-00a0-4696-9392-d3f633082454___RS_HL 5654.JPG,Healthy
data\raw\apple\Apple___healthy\19331cca-70bd-47e9-8e0e-2b3ea81f2d1c___RS_HL 5655.JPG,Healthy
data\raw\apple\Apple___healthy\1cb890ab-c267-467f-abbc-be9023cb55ff___RS_HL 5667.JPG,Healthy
data\raw\apple\Apple___healthy\270ca100-e754-4ed1-9fe8-0d3270cba958___RS_HL 5660.JPG,Healthy
data\raw\apple\Apple___healthy\39bd8139-dfe4-45ec-8bf9-d9cabbdd1ea8___RS_HL 5659.JPG,Healthy
data\raw\apple\Apple___healthy\49c357ef-7887-43d3-a478-85486e70e2d3___RS_HL 5656.JPG,Healthy
data\raw\apple\Apple___healthy\5977222a-8f4a-44b3-9960-61fcf36c5e7f___RS_HL 5664.JPG,Healthy
data\raw\apple\Apple___healthy\772e7314-c24e-4126-aa12-224b27098319___RS_HL 5663.JPG,Healthy
data\raw\apple\Apple___healthy\93d22073-347e-4447-ba19-92eccb54563e___RS_HL 5662.JPG,Healthy
data\raw\apple\Apple___healthy\b122dc1b-a929-4b77-baa9-faf01744fd88___RS_HL 5657.JPG,Healthy
data\raw\apple\Apple___healthy\cfb93659-94c6-4ff3-8104-bae70c975bde___RS_HL 5666.JPG,Healthy
data\raw\apple\Apple___healthy\d8328d5d-be0d-4de4-8f9d-6cf4b2dcc531___RS_HL 5665.JPG,Healthy
data\raw\apple\Apple___healthy\eed4b520-3e7c-4a4f-8e7a-26cd9a893a32___RS_HL 5661.JPG,Healthy
data\raw\apple\Apple___healthy\f4a37893-7443-478a-a9af-ba75e1f32767___RS_HL 5653.JPG,Healthy
data\raw\apple\Apple___Black_rot\17a083f1-5ba6-4f0c-917a-738b568f22ef___JR_FrgE.S 8612.JPG,Black Rot
data\raw\apple\Apple___Black_rot\35b68c2b-4d91-484c-ab0c-6347ba6ce974___JR_FrgE.S 8615.JPG,Black Rot
data\raw\apple\Apple___Black_rot\58da5350-ae11-490e-9c28-7b52970331f4___JR_FrgE.S 8616.JPG,Black Rot
data\raw\apple\Apple___Black_rot\64577b36-9701-43be-a559-10f787f2d185___JR_FrgE.S 8611.JPG,Black Rot
data\raw\apple\Apple___Black_rot\8c033a16-bdf6-46ee-ac3b-2d84a6940950___JR_FrgE.S 8614.JPG,Black Rot
data\raw\apple\Apple___Black_rot\a8f06c83-bcab-4431-8c91-b00331c4b067___JR_FrgE.S 8613.JPG,Black Rot
data\raw\apple\Apple___healthy\1c2b51f1-5439-449a-9ca0-52dd158018fc___RS_HL 7998.JPG,Healthy
data\raw\apple\Apple___healthy\4019c49e-a237-4e3f-b4a9-823905304e05___RS_HL 7997.JPG,Healthy
data\raw\apple\Apple___healthy\5b8c01e5-748f-4b5b-b64b-26bb129a5db6___RS_HL 7996.JPG,Healthy
data\raw\apple\Apple___healthy\65c5f31a-626b-4e2c-afd1-d740ce4ab7d8___RS_HL 7995.JPG,Healthy
data\raw\apple\Apple___healthy\68b064ad-fce1-4ab8-9c2c-82f49c4a5ee2___RS_HL 7993.JPG,Healthy
data\raw\apple\Apple___healthy\a850464f-70db-4726-8e80-bfe6ca501942___RS_HL 7999.JPG,Healthy
data\raw\apple\Apple___healthy\d4ddb36a-e4cf-41be-b3f6-16c584e62b9a___RS_HL 7994.JPG,Healthy
data\raw\apple\Apple___healthy\dbe7017a-b866-4c93-8ee5-8b2526929328___RS_HL 7992.JPG,Healthy
data\raw\apple\Apple___healthy\2b48ce1f-c273-4c10-a7b9-2528944097b4___RS_HL 7787.JPG,Healthy
data\raw\apple\Apple___healthy\3af9dc00-a64b-4b45-a034-1d190e5277ea___RS_HL 7788.JPG,Healthy
data\raw\apple\Apple___healthy\8ef4c6f0-d4fd-4d4c-bc4d-525b6b74b19a___RS_HL 7786.JPG,Healthy
data\raw\apple\Apple___healthy\936c7bd1-5902-499b-b03b-bcf1f9434a06___RS_HL 7785.JPG,Healthy
data\raw\apple\Apple___healthy\ec41f18f-cd53-43db-ac79-954871449e40___RS_HL 7789.JPG,Healthy
data\raw\apple\Apple___healthy\ec5b9329-e53e-4578-ba60-03950b3e4883___RS_HL 7784.JPG,Healthy
data\raw\apple\Apple___healthy\eff8a4a7-8aa4-4549-ae15-035f85c15486___RS_HL 7783.JPG,Healthy
data\raw\apple\Apple___healthy\f3113ef9-20d8-4c82-9bff-66fe60e41065___RS_HL 7790.JPG,Healthy
data\raw\apple\Apple___Black_rot\0cefbd12-c195-40cd-b2d1-be0f9ee550b4___JR_FrgE.S 8762.JPG,Black Rot
data\raw\apple\Apple___Black_rot\32652b13-825d-4f14-9429-d7d5042061cf___JR_FrgE.S 8758.JPG,Black Rot
data\raw\apple\Apple___Black_rot\36836204-c6de-472e-90e4-6787ff74965e___JR_FrgE.S 8757.JPG,Black Rot
data\raw\apple\Apple___Black_rot\a0d95497-da4c-40dd-bc2a-d29d1629bd4f___JR_FrgE.S 8759.JPG,Black Rot
data\raw\apple\Apple___Black_rot\a31cafc7-a39b-4689-83bd-4becd49ab74b___JR_FrgE.S 8760.JPG,Black Rot
data\raw\apple\Apple___Black_rot\e1e8a707-d2b0-4cb6-ae56-c26a5e9ff016___JR_FrgE.S 8761.JPG,Black Rot
data\raw\apple\Apple___healthy\189c5270-4ba6-4c14-bfb2-3a7dd4d3e7aa___RS_HL 5984.JPG,Healthy
data\raw\apple\Apple___healthy\445d268a-415e-41d4-80de-0116fdaca73d___RS_HL 5982.JPG,Healthy
data\raw\apple\Apple___healthy\5e552830-5ccd-4f85-9f77-ed63db285890___RS_HL 5994.JPG,Healthy
data\raw\apple\Apple___healthy\6437e60f-2ce4-447d-be7f-b2fb181eef42___RS_HL 5992.JPG,Healthy
data\raw\apple\Apple___healthy\7a193736-ff69-4887-8cd6-44e4639de68f___RS_HL 5996.JPG,Healthy
data\raw\apple\Apple___healthy\80392195-3a5e-4331-b824-5cd0e2dcc69d___RS_HL 5987.JPG,Healthy
data\raw\apple\Apple___healthy\85ebf3f6-11f4-45df-ac16-bd04b355cb31___RS_HL 5991.JPG,Healthy
data\raw\apple\Apple___healthy\94aeb96c-b0f5-4554-9627-98d131c7b321___RS_HL 5988.JPG,Healthy
data\raw\apple\Apple___healthy\953743b5-d396-4f6f-926c-4e216df44f0b___RS_HL 5993.JPG,Healthy
data\raw\apple\Apple___healthy\c338ab5c-055e-4159-949f-9797c7314963___RS_HL 5989.JPG,Healthy
data\raw\apple\Apple___healthy\cbc30a63-6c05-405d-b735-0a8eee10192d___RS_HL 5983.JPG,Healthy
data\raw\apple\Apple___healthy\d06d7e4c-e0d4-4f03-8f9d-004405a19f2b___RS_HL 5986.JPG,Healthy
data\raw\apple\Apple___healthy\d5578393-868f-49fa-8fff-4f0484b4507e___RS_HL 5995.JPG,Healthy
data\raw\apple\Apple___healthy\da4815d7-03f0-44f0-bc35-8d28c578cbc2___RS_HL 5990.JPG,Healthy
data\raw\apple\Apple___healthy\de864ffe-aea2-4c80-bd60-adfc8787be7f___RS_HL 5985.JPG,Healthy
data\raw\apple\Apple___healthy\238ba7d8-807f-4af5-8524-5259b80cff9e___RS_HL 8119.JPG,Healthy
data\raw\apple\Apple___healthy\9a7d0452-4015-4cef-ab3c-f8f9633b6e9b___RS_HL 8117.JPG,Healthy
data\raw\apple\Apple___healthy\a359d235-43af-469c-a14b-3a6677c0bb2e___RS_HL 8118.JPG,Healthy
data\raw\apple\Apple___healthy\c5415525-b654-4f0d-8aaf-c529db6c630f___RS_HL 8115.JPG,Healthy
data\raw\apple\Apple___healthy\cc2bdee9-6965-4a72-9e00-b5cf39074c88___RS_HL 8114.JPG,Healthy
data\raw\apple\Apple___healthy\d39e5813-55e2-40e1-a305-5d549efa46f4___RS_HL 8112.JPG,Healthy
data\raw\apple\Apple___healthy\e263a6c7-e289-4d26-ad07-1a11c6854208___RS_HL 8113.JPG,Healthy
data\raw\apple\Apple___healthy\fe89ea86-5245-49a9-9f61-fae47ecc51e9___RS_HL 8116.JPG,Healthy
data\raw\apple\Apple___healthy\0a285c8b-1c31-48d4-89f2-af8b9edc36f6___RS_HL 5759.JPG,Healthy
data\raw\apple\Apple___healthy\12253089-92a5-4a3d-b742-f554cc2a0fe0___RS_HL 5756.JPG,Healthy
data\raw\apple\Apple___healthy\177523d1-d9b9-4ba5-94b9-22d5832aa664___RS_HL 5762.JPG,Healthy
data\raw\apple\Apple___healthy\1d7c71d2-fac0-4ee6-8def-765282cb744c___RS_HL 5758.JPG,Healthy
data\raw\apple\Apple___healthy\2da4c099-fc85-4895-bedc-8a0241ed23b5___RS_HL 5754.JPG,Healthy
data\raw\apple\Apple___healthy\3adc3359-b27d-4eea-bffc-7422a9a15536___RS_HL 5755.JPG,Healthy
data\raw\apple\Apple___healthy\66b2ddc7-46d8-487c-a93b-43d4332b7a31___RS_HL 5764.JPG,Healthy
data\raw\apple\Apple___healthy\72910301-856e-491d-b929-efdc81bb3eb5___RS_HL 5765.JPG,Healthy
data\raw\apple\Apple___healthy\7569e8c8-96c8-4d87-8bcd-139566dd4d87___RS_HL 5763.JPG,Healthy
data\raw\apple\Apple___healthy\826bd506-04f2-424d-89da-7fe6ad6926b2___RS_HL 5757.JPG,Healthy
data\raw\apple\Apple___healthy\8558ed98-6e99-4d7e-98e1-9437bd4d2382___RS_HL 5766.JPG,Healthy
data\raw\apple\Apple___healthy\9fd4b6dc-c72b-4a90-b9c6-e5518f237d90___RS_HL 5760.JPG,Healthy
data\raw\apple\Apple___healthy\a1630d3e-2f30-455e-b259-d92b7b332588___RS_HL 5768.JPG,Healthy
data\raw\apple\Apple___healthy\ab56c266-3b13-43f0-9856-587367a3b45a___RS_HL 5770.JPG,Healthy
data\raw\apple\Apple___healthy\b8ed9a0b-1f7d-476e-907e-7c3c6936d325___RS_HL 5769.JPG,Healthy
data\raw\apple\Apple___healthy\ddbedf65-df68-476a-b6d5-c2b72d5e9b0b___RS_HL 5753.JPG,Healthy
data\raw\apple\Apple___healthy\fc90f3d6-25bc-445e-b418-a5df46878d67___RS_HL 5767.JPG,Healthy
data\raw\apple\Apple___healthy\fea00538-32c3-4876-8833-40652becc30c___RS_HL 5761.JPG,Healthy
data\raw\apple\Apple___Apple_scab\133c27cd-57f6-4790-b446-972327e13194___FREC_Scab 3362.JPG,Apple Scab
data\raw\apple\Apple___Apple_scab\18e95262-fb0a-472c-93ab-e03138a360dc___FREC_Scab 3366.JPG,Apple Scab
data\raw\apple\Apple___Apple_scab\7dbdcba3-395b-413e-bc22-cd0d0e11a1c9___FREC_Scab 3363.JPG,Apple Scab
data\raw\apple\Apple___Apple_scab\9dac36c9-3c32-44be-8752-0f03666cbb76___FREC_Scab 3365.JPG,Apple Scab
data\raw\apple\Apple___Apple_scab\be076652-b1bd-430c-a752-db525c1dfcfd___FREC_Scab 3367.JPG,Apple Scab
data\raw\apple\Apple___Apple_scab\ef40de8f-19ee-4a7f-b9de-f37ebcbac26c___FREC_Scab 3364.JPG,Apple Scab
data\raw\apple\Apple___Apple_scab\f7c4bd45-5098-4b2c-bbfb-2e47c8f2d711___FREC_Scab 3361.JPG,Apple Scab
data\raw\apple\Apple___healthy\1c807ca4-b6f5-4123-8d3b-cd44238df38d___RS_HL 6140.JPG,Healthy
data\raw\apple\Apple___healthy\30fb7843-8e70-407e-b361-aa54a7473c32___RS_HL 6143.JPG,Healthy
data\raw\apple\Apple___healthy\3b59f785-afa8-4204-b6fd-467404734888___RS_HL 6144.JPG,Healthy
data\raw\apple\Apple___healthy\4cc430bb-9f3d-4dfc-86c0-0dfdfd71ebb3___RS_HL 6147.JPG,Healthy
data\raw\apple\Apple___healthy\98cfff90-4edc-4b41-b834-09d18d1c08ca___RS_HL 6142.JPG,Healthy
data\raw\apple\Apple___healthy\9cfb97eb-0e0a-4e55-b25d-d6121ceded58___RS_HL 6146.JPG,Healthy
data\raw\apple\Apple___healthy\df61d058-fa1e-4636-97e8-3e1d567fddd9___RS_HL 6139.JPG,Healthy
data\raw\apple\Apple___healthy\f2314f38-fd6f-4bee-b26e-ad095508beab___RS_HL 6145.JPG,Healthy
data\raw\apple\Apple___healthy\feaf718b-59f2-4aa4-b36a-2b2786ee8b46___RS_HL 6141.JPG,Healthy
data\raw\apple\Apple___Apple_scab\1962d1ec-fb66-4583-b631-81cd23ecf063___FREC_Scab 3238.JPG,Apple Scab
data\raw\apple\Apple___Apple_scab\222a9802-f14c-433e-9d18-d0668ed3c279___FREC_Scab 3239.JPG,Apple Scab
data\raw\apple\Apple___Apple_scab\29ab8216-ec38-4efd-9c77-21068fa899a4___FREC_Scab 3241.JPG,Apple Scab
data\raw\apple\Apple___Apple_scab\2a97b29d-8a63-47ab-bd5b-c14832a586c8___FREC_Scab 3242.JPG,Apple Scab
data\raw\apple\Apple___Apple_scab\bceb695a-e877-4b2b-bf05-241661d511d4___FREC_Scab 3240.JPG,Apple Scab
data\raw\apple\Apple___Apple_scab\daf6db9e-a600-449c-8b66-482ab50ea431___FREC_Scab 3237.JPG,Apple Scab
data\raw\apple\Apple___healthy\9d72b93c-59d4-41ec-b346-954a1e8e57bb___RS_HL 6284.JPG,Healthy
data\raw\apple\Apple___Black_rot\05fd8037-fd27-4d26-9e5d-9a47856ab134___JR_FrgE.S 8770.JPG,Black Rot
data\raw\apple\Apple___Black_rot\0612c9fa-e647-4083-85e7-b1638452c24b___JR_FrgE.S 8771.JPG,Black Rot
data\raw\apple\Apple___Black_rot\14896f6f-ae86-4879-958b-7422b957e104___JR_FrgE.S 8768.JPG,Black Rot
data\raw\apple\Apple___Black_rot\5c65f741-4418-4e2d-b93e-b899d6244b11___JR_FrgE.S 8769.JPG,Black Rot
data\raw\apple\Apple___Black_rot\7389e6f0-9d77-41fd-b58c-e7d80c659ab6___JR_FrgE.S 8773.JPG,Black Rot
data\raw\apple\Apple___Black_rot\d6a4afb8-a539-4851-b29f-2469a48d8591___JR_FrgE.S 8772.JPG,Black Rot
data\raw\apple\Apple___healthy\1a219a0d-defa-4ed1-8878-e3f6aeac847b___RS_HL 6046.JPG,Healthy
data\raw\apple\Apple___healthy\20d16569-6237-4038-b6a9-2b2e5375beea___RS_HL 6042.JPG,Healthy
data\raw\apple\Apple___healthy\4839a9b1-c89f-475c-849f-c40c44e9cfff___RS_HL 6040.JPG,Healthy
data\raw\apple\Apple___healthy\491f5957-ed75-4198-b988-4f0c834cd4ec___RS_HL 6043.JPG,Healthy
data\raw\apple\Apple___healthy\5e39c42c-b499-495f-8612-eb3a1079d594___RS_HL 6047.JPG,Healthy
data\raw\apple\Apple___healthy\6d276438-7f26-4b65-b425-a18ce241ab04___RS_HL 6050.JPG,Healthy
data\raw\apple\Apple___healthy\95884f1c-6886-41a1-9ce3-cffa1dcaf8e5___RS_HL 6051.JPG,Healthy
data\raw\apple\Apple___healthy\a3bae732-a9e8-494a-93dd-7fd04dc558b7___RS_HL 6045.JPG,Healthy
data\raw\apple\Apple___healthy\a7fde017-ef6b-44c7-9b1e-825ed048fcce___RS_HL 6049.JPG,Healthy
data\raw\apple\Apple___healthy\cc97a80b-968e-46ba-a7ad-afd3d0ffb21f___RS_HL 6048.JPG,Healthy
data\raw\apple\Apple___healthy\da91e28c-3e10-406c-be5c-d10afd8e183d___RS_HL 6041.JPG,Healthy
data\raw\apple\Apple___healthy\f549a038-8cff-43b5-814c-70ecbfc2476a___RS_HL 6044.JPG,Healthy
data\raw\apple\Apple___Black_rot\2b15f14f-6fa9-41fe-8b84-388a4d5bbc33___JR_FrgE.S 8578.JPG,Black Rot
data\raw\apple\Apple___Black_rot\4f0b4e6f-49e8-4e53-8046-14723038601c___JR_FrgE.S 8575.JPG,Black Rot
data\raw\apple\Apple___Black_rot\56bb2954-b463-4557-a438-594e09783513___JR_FrgE.S 8577.JPG,Black Rot
data\raw\apple\Apple___Black_rot\5b5a11ac-da33-4eb4-b0a3-2ef746f744f4___JR_FrgE.S 8576.JPG,Black Rot
data\raw\apple\Apple___Black_rot\788885e1-18b4-44a0-af85-226e66265220___JR_FrgE.S 8574.JPG,Black Rot
data\raw\apple\Apple___healthy\02720439-ecbd-4c7a-9382-4c8156b6f15b___RS_HL 5918.JPG,Healthy
data\raw\apple\Apple___healthy\0c55b379-c6e7-4b89-959f-abc506fed437___RS_HL 5927.JPG,Healthy
data\raw\apple\Apple___healthy\4c4358f8-03ad-4d68-be74-d769ab728ef1___RS_HL 5921.JPG,Healthy
data\raw\apple\Apple___healthy\622b6e6e-1388-4933-9f74-3ae54937a3d7___RS_HL 5920.JPG,Healthy
data\raw\apple\Apple___healthy\69344270-ab7c-44c1-a395-03dfb984108a___RS_HL 5925.JPG,Healthy
data\raw\apple\Apple___healthy\74fa2964-1307-4b24-8361-0145f7f7f371___RS_HL 5919.JPG,Healthy
data\raw\apple\Apple___healthy\8cbf5a96-37a0-47d4-a626-26f0bcd9f024___RS_HL 5922.JPG,Healthy
data\raw\apple\Apple___healthy\a469c307-a754-4c0f-9012-b09ba22c4d00___RS_HL 5917.JPG,Healthy
data\raw\apple\Apple___healthy\abc9f5f6-ea98-46c0-8df7-2986969318bf___RS_HL 5928.JPG,Healthy
data\raw\apple\Apple___healthy\d3f4f38e-212e-451f-9a8f-26a6ea5e3877___RS_HL 5924.JPG,Healthy
data\raw\apple\Apple___healthy\f0327e86-a56c-4ed1-bcdb-ed0a46ccd5a9___RS_HL 5926.JPG,Healthy
data\raw\apple\Apple___healthy\f7b08c73-ec97-42c3-a013-5c4aec725f6f___RS_HL 5923.JPG,Healthy
data\raw\apple\Apple___Black_rot\29f7c332-777e-427b-898a-3b82465a17aa___JR_FrgE.S 2941.JPG,Black Rot
data\raw\apple\Apple___Black_rot\30ff1b97-0850-4224-a176-bfa284d92a24___JR_FrgE.S 2940.JPG,Black Rot
data\raw\apple\Apple___Black_rot\51f4101a-e126-4e3f-a06d-67befea24921___JR_FrgE.S 2939.JPG,Black Rot
data\raw\apple\Apple___Black_rot\6e21042a-928f-4e40-81bf-3a103ff52765___JR_FrgE.S 2938.JPG,Black Rot
data\raw\apple\Apple___Black_rot\8ef1ae5f-e7e1-481d-a2ee-946d9ea29c01___JR_FrgE.S 2932.JPG,Black Rot
data\raw\apple\Apple___Black_rot\a2d0df69-e2ee-4b7b-8b48-051027a83258___JR_FrgE.S 2936.JPG,Black Rot
data\raw\apple\Apple___Black_rot\bf3eaad3-aa22-4425-88f0-339be0f39059___JR_FrgE.S 2933.JPG,Black Rot
data\raw\apple\Apple___Black_rot\d8735c39-eb57-460b-bff1-7946a6d3a543___JR_FrgE.S 2935.JPG,Black Rot
data\raw\apple\Apple___Black_rot\e3eead59-f821-41dd-9794-ba3ad35c71c7___JR_FrgE.S 2937.JPG,Black Rot
data\raw\apple\Apple___Black_rot\fbbd1259-ea22-4f56-8298-8429d228a07c___JR_FrgE.S 2934.JPG,Black Rot
data\raw\apple\Apple___healthy\03152113-855b-4eab-8a4f-7d78d92240d0___RS_HL 5838.JPG,Healthy
data\raw\apple\Apple___healthy\0d6e0971-a3d3-4773-b694-b2161248fdaf___RS_HL 5836.JPG,Healthy
data\raw\apple\Apple___healthy\0e99efe9-d414-4091-b7b4-6ba6856db3d9___RS_HL 5841.JPG,Healthy
data\raw\apple\Apple___healthy\1017bf7f-5a1e-459e-af55-c9a0f83f1b23___RS_HL 5868.JPG,Healthy
data\raw\apple\Apple___healthy\264deb35-dd16-459c-bbd5-4991f6b21be3___RS_HL 5842.JPG,Healthy
data\raw\apple\Apple___healthy\28c298e3-0846-4372-a9ab-562f2ce7cf9d___RS_HL 5846.JPG,Healthy
data\raw\apple\Apple___healthy\3100088b-5df1-43b2-a1d9-8ff1d414b67b___RS_HL 5834.JPG,Healthy
data\raw\apple\Apple___healthy\4ab36472-9140-4bab-a351-008dd4845fde___RS_HL 5870.JPG,Healthy
data\raw\apple\Apple___healthy\53ad510e-0bf0-4366-928b-8d80f1a51b50___RS_HL 5873.JPG,Healthy
data\raw\apple\Apple___healthy\60a20878-4945-491b-adff-ca8829824261___RS_HL 5847.JPG,Healthy
data\raw\apple\Apple___healthy\6b1696f3-a455-4ac4-b5e4-2839681937fe___RS_HL 5867.JPG,Healthy
data\raw\apple\Apple___healthy\70e5bc17-eaff-43e3-b198-2658561b63b1___RS_HL 5866.JPG,Healthy
data\raw\apple\Apple___healthy\720d9250-e209-42bd-8be8-c3ee3e2a057f___RS_HL 5869.JPG,Healthy
data\raw\apple\Apple___healthy\77b8d24a-27e6-410e-97ef-faacc60c5a10___RS_HL 5831.JPG,Healthy
data\raw\apple\Apple___healthy\7bf0ddc7-fa85-442b-859b-486b087a4641___RS_HL 5837.JPG,Healthy
data\raw\apple\Apple___healthy\7dd45aba-e6cc-4ef9-a52c-5223c2e6b0ea___RS_HL 5877.JPG,Healthy
data\raw\apple\Apple___healthy\9b958d1b-ef54-4290-9636-4aa08eb55dda___RS_HL 5843.JPG,Healthy
data\raw\apple\Apple___healthy\af2972a9-c62d-44bf-a5df-45c0bdf70572___RS_HL 5835.JPG,Healthy
data\raw\apple\Apple___healthy\b681e485-e0a6-489f-b9c9-c67d67e70801___RS_HL 5874.JPG,Healthy
data\raw\apple\Apple___healthy\c3740e2e-9676-4468-a33b-3e11de158532___RS_HL 5872.JPG,Healthy
data\raw\apple\Apple___healthy\c4fcb18d-d501-43da-a069-85bb58831714___RS_HL 5840.JPG,Healthy
data\raw\apple\Apple___healthy\d454a4da-a867-45f8-962e-465946df58c9___RS_HL 5876.JPG,Healthy
data\raw\apple\Apple___healthy\d6daf7ae-43ab-4a27-a881-8b716d6c55a1___RS_HL 5845.JPG,Healthy
data\raw\apple\Apple___healthy\e9d92a83-92dd-442f-8138-627ead72fcaf___RS_HL 5839.JPG,Healthy
data\raw\apple\Apple___healthy\ef16aa29-f7bd-4bad-be8e-4877760a3712___RS_HL 5871.JPG,Healthy
data\raw\apple\Apple___healthy\f9368405-e343-4423-8288-9b7112352b16___RS_HL 5833.JPG,Healthy
data\raw\apple\Apple___healthy\fcc4c8a4-2177-4a08-a785-063497dfd121___RS_HL 5844.JPG,Healthy
data\raw\apple\Apple___healthy\ff716adb-c699-4135-a62f-dfd35184a6bf___RS_HL 5875.JPG,Healthy
data\raw\apple\Apple___healthy\198ed991-931b-444a-986d-a3facdb8255b___RS_HL 8105.JPG,Healthy
data\raw\apple\Apple___healthy\238b94a0-eed1-4c28-8396-2de2e7247f72___RS_HL 8107.JPG,Healthy
data\raw\apple\Apple___healthy\2735c32b-b407-4714-b190-2b35d8e9a61f___RS_HL 8104.JPG,Healthy
data\raw\apple\Apple___healthy\37fcfaf7-88f4-4735-99a2-8df576e0f248___RS_HL 8108.JPG,Healthy
data\raw\apple\Apple___healthy\3abb0d3f-f131-4025-af6d-68bd6f4d253e___RS_HL 8110.JPG,Healthy
data\raw\apple\Apple___healthy\4b22a1e7-745b-4c78-a49e-14ca8cfba26a___RS_HL 8111.JPG,Healthy
data\raw\apple\Apple___healthy\6f354ce6-6c55-4cf0-a63e-11f901af67d6___RS_HL 8103.JPG,Healthy
data\raw\apple\Apple___healthy\83d1ec74-db00-407e-ac1e-3cbb77d381e7___RS_HL 8102.JPG,Healthy
data\raw\apple\Apple___healthy\919e61a6-e6fa-4d4c-bad1-62eea9b19c79___RS_HL 8106.JPG,Healthy
data\raw\apple\Apple___healthy\d6035c7f-f163-4c6b-ba51-d61d10ca1fed___RS_HL 8109.JPG,Healthy
data\raw\apple\Apple___healthy\fb723b31-aac6-4412-aa97-efcab9cc99a4___RS_HL 8101.JPG,Healthy
data\raw\apple\Apple___healthy\1141dcab-cf2a-40e4-8b19-a33aa318f875___RS_HL 5689.JPG,Healthy
data\raw\apple\Apple___healthy\1c34397e-9b33-436e-83fc-bd42014fdfa6___RS_HL 5687.JPG,Healthy
data\raw\apple\Apple___healthy\2d1542c5-6771-4433-a912-313e77945d85___RS_HL 5683.JPG,Healthy
data\raw\apple\Apple___healthy\6806c56d-b5d6-45fc-8e96-0d8def5932b9___RS_HL 5692.JPG,Healthy
data\raw\apple\Apple___healthy\7a13d83d-7511-41c5-9fd5-9fd18d3cf3b1___RS_HL 5685.JPG,Healthy
data\raw\apple\Apple___healthy\87a26817-6916-47fc-8cdb-adc5c57ad21b___RS_HL 5684.JPG,Healthy
data\raw\apple\Apple___healthy\b3a6e935-5855-48b2-905a-e3d6e1806e94___RS_HL 5688.JPG,Healthy
data\raw\apple\Apple___healthy\bdf80993-e555-4609-8a83-7f1676bce18b___RS_HL 5682.JPG,Healthy
data\raw\apple\Apple___healthy\ca1cb6e7-c72f-4c06-b7c8-b370b48a74c6___RS_HL 5691.JPG,Healthy
data\raw\apple\Apple___healthy\d99bef24-fac5-4739-8e4e-02465dba4fa8___RS_HL 5686.JPG,Healthy
data\raw\apple\Apple___healthy\ea6534d4-60f0-4607-b02b-fbd25fe9a9b4___RS_HL 5681.JPG,Healthy
data\raw\apple\Apple___healthy\ee80e1f5-3e45-49a2-9766-ee6ec0981f91___RS_HL 5690.JPG,Healthy
data\raw\apple\Apple___Black_rot\07f6b5a7-47cd-4012-8fcd-969d1d7245b9___JR_FrgE.S 2961.JPG,Black Rot
data\raw\apple\Apple___Black_rot\1e2149c8-f9ed-49b2-a8c2-2e8b2046d0f7___JR_FrgE.S 2965.JPG,Black Rot
data\raw\apple\Apple___Black_rot\24cdceb7-e70a-4164-9cd4-72b514771abf___JR_FrgE.S 2962.JPG,Black Rot
data\raw\apple\Apple___Black_rot\5d35cca0-8f51-4cfc-945a-1bd10fd62002___JR_FrgE.S 2966.JPG,Black Rot
data\raw\apple\Apple___Black_rot\5dea1611-b335-47f7-aa30-e6856f668c80___JR_FrgE.S 2968.JPG,Black Rot
data\raw\apple\Apple___Black_rot\6b078700-56e6-4d25-a18a-b7b90741a2d3___JR_FrgE.S 2963.JPG,Black Rot
data\raw\apple\Apple___Black_rot\81c39f57-58f1-43cb-9d40-687e88b4734a___JR_FrgE.S 2960.JPG,Black Rot
data\raw\apple\Apple___Black_rot\899768af-a460-4c1d-9889-afd2536e7238___JR_FrgE.S 2957.JPG,Black Rot
data\raw\apple\Apple___Black_rot\d197373c-af39-4000-aa28-cab65fafa361___JR_FrgE.S 2959.JPG,Black Rot
data\raw\apple\Apple___Black_rot\dddffcc1-874d-4a5a-a030-14a6e2a4bf0d___JR_FrgE.S 2958.JPG,Black Rot
data\raw\apple\Apple___Black_rot\ee734326-8122-445c-adb5-9f0cb8dca9b7___JR_FrgE.S 2964.JPG,Black Rot
data\raw\apple\Apple___Black_rot\f3297583-9150-42fd-a2f4-1a9e7109e240___JR_FrgE.S 2967.JPG,Black Rot
data\raw\apple\Apple___Black_rot\29f71a36-3389-47c8-94ad-484818e677f2___JR_FrgE.S 8607.JPG,Black Rot
data\raw\apple\Apple___Black_rot\8277c9af-7689-4fc8-9fe2-66e9005c7c1d___JR_FrgE.S 8609.JPG,Black Rot
data\raw\apple\Apple___Black_rot\d361ab89-3f57-4bfc-b2af-a6c5b75055af___JR_FrgE.S 8608.JPG,Black Rot
data\raw\apple\Apple___Black_rot\d892ca1b-8b68-4087-9bb1-3ac7b861c283___JR_FrgE.S 8606.JPG,Black Rot
data\raw\apple\Apple___Black_rot\e741c2b4-3b28-4b2c-9664-cb43ba040592___JR_FrgE.S 8610.JPG,Black Rot
data\raw\apple\Apple___Black_rot\f637ba06-cf3c-423f-9d1e-c239de14393c___JR_FrgE.S 8605.JPG,Black Rot
data\raw\apple\Apple___healthy\44acd453-48a7-48db-997a-34b00a4d437a___RS_HL 7892.JPG,Healthy
data\raw\apple\Apple___healthy\4d7bd871-a301-44ce-a229-a8136e0a43e4___RS_HL 7891.JPG,Healthy
data\raw\apple\Apple___healthy\81bf7931-e6d7-4f6d-aae5-9de7d0c4ae33___RS_HL 7893.JPG,Healthy
data\raw\apple\Apple___healthy\96dce078-e196-4d9b-837a-570480acdf6d___RS_HL 7890.JPG,Healthy
data\raw\apple\Apple___healthy\d15fe9d3-0631-4482-a482-68d9169f1970___RS_HL 7894.JPG,Healthy
data\raw\apple\Apple___healthy\e30a5d07-5f6a-459a-a92d-52f86824bd2a___RS_HL 7896.JPG,Healthy
data\raw\apple\Apple___healthy\f749db98-b26d-40d0-af8e-af6740848dca___RS_HL 7895.JPG,Healthy
data\raw\apple\Apple___Black_rot\46cfd121-d2e7-4a26-9c6f-5787457d200c___JR_FrgE.S 8669.JPG,Black Rot
data\raw\apple\Apple___Black_rot\6941b868-48df-4f58-9b34-4bc9d9e82867___JR_FrgE.S 8668.JPG,Black Rot
data\raw\apple\Apple___Black_rot\9bae8265-90e1-4b34-8db3-35b530fded3d___JR_FrgE.S 8667.JPG,Black Rot
data\raw\apple\Apple___Black_rot\a38a8891-5883-4cfd-9718-2566dccfa114___JR_FrgE.S 8670.JPG,Black Rot
data\raw\apple\Apple___Black_rot\ee978e42-d36d-4bba-b0ac-fcc0eefaacd3___JR_FrgE.S 8665.JPG,Black Rot
data\raw\apple\Apple___Black_rot\eff6da40-2404-4b50-a773-ac0d311559a9___JR_FrgE.S 8666.JPG,Black Rot
data\raw\apple\Apple___healthy\0bb2ddc5-d1f4-4fc2-be6b-6b63c60790df___RS_HL 7550.JPG,Healthy
data\raw\apple\Apple___healthy\2551a3b8-b5dd-4716-88e6-517a012a44f1___RS_HL 7551.JPG,Healthy
data\raw\apple\Apple___healthy\36cc892a-a8de-4547-939d-6dcaf2a8f179___RS_HL 7553.JPG,Healthy
data\raw\apple\Apple___healthy\432debb0-7063-4747-bf11-e6b335f58947___RS_HL 7548.JPG,Healthy
data\raw\apple\Apple___healthy\47c4f435-2335-44ff-be67-20586e69aacf___RS_HL 7552.JPG,Healthy
data\raw\apple\Apple___healthy\707ef394-bd7d-463c-86b8-4a13464bc6e0___RS_HL 7555.JPG,Healthy
data\raw\apple\Apple___healthy\84bfff51-9aa5-4e6f-8798-5c5b14baa7a6___RS_HL 7549.JPG,Healthy
data\raw\apple\Apple___healthy\c9783552-aa6d-4288-ab36-a30887253bdd___RS_HL 7547.JPG,Healthy
data\raw\apple\Apple___healthy\ed151c2d-14c0-49e0-bab4-48e5d879d9ca___RS_HL 7554.JPG,Healthy
data\raw\apple\Apple___Apple_scab\32550bbb-cdf1-4805-8167-27dc5a8e87d2___FREC_Scab 3195.JPG,Apple Scab
data\raw\apple\Apple___Apple_scab\63a29431-0e93-4e5d-b28d-3956edd10d01___FREC_Scab 3197.JPG,Apple Scab
data\raw\apple\Apple___Apple_scab\8c72c236-8f13-4087-8d1d-f365211563f0___FREC_Scab 3196.JPG,Apple Scab
data\raw\apple\Apple___Apple_scab\b19d8a20-6d33-4ad5-848b-e618c07756b7___FREC_Scab 3198.JPG,Apple Scab
data\raw\apple\Apple___Apple_scab\bb495423-1617-447c-95cd-52ebabee1a59___FREC_Scab 3199.JPG,Apple Scab
data\raw\apple\Apple___Apple_scab\bca5ef0a-0555-4f76-9f9c-c01bee56b816___FREC_Scab 3200.JPG,Apple Scab
data\raw\apple\Apple___healthy\10f75d05-fa3e-4b14-b3d8-093292c218e6___RS_HL 7873.JPG,Healthy
data\raw\apple\Apple___healthy\4fa27e50-47f1-4ce8-964d-06e0d62c086d___RS_HL 7881.JPG,Healthy
data\raw\apple\Apple___healthy\605bebdc-6d3e-4cfe-8498-3ccd1028e76d___RS_HL 7877.JPG,Healthy
data\raw\apple\Apple___healthy\862f3f9e-e9b4-4cd1-9810-832f6bf1d285___RS_HL 7879.JPG,Healthy
data\raw\apple\Apple___healthy\bdcce69f-7520-48cc-b22b-c3ad33d5be71___RS_HL 7878.JPG,Healthy
data\raw\apple\Apple___healthy\c35175e9-8421-4af6-a6dd-fc8163d7ba73___RS_HL 7876.JPG,Healthy
data\raw\apple\Apple___healthy\c53b358c-9cf4-4388-9743-7c3447715424___RS_HL 7880.JPG,Healthy
data\raw\apple\Apple___healthy\d529f5df-f802-4cfe-9a4c-4739ba5dfbdf___RS_HL 7875.JPG,Healthy
data\raw\apple\Apple___healthy\dab82d8b-05d6-4f3c-8ab7-666b6cc46d72___RS_HL 7874.JPG,Healthy
data\raw\apple\Apple___Apple_scab\3652fd23-ba4c-4958-8db8-3aff8f614dfd___FREC_Scab 3377.JPG,Apple Scab
data\raw\apple\Apple___Apple_scab\7e2bacbd-f92b-417e-879f-002f3862718c___FREC_Scab 3374.JPG,Apple Scab
data\raw\apple\Apple___Apple_scab\84671985-6989-4451-b61d-c32dda7d7c5f___FREC_Scab 3379.JPG,Apple Scab
data\raw\apple\Apple___Apple_scab\94ef05b0-aee5-4956-8a07-67808c0ca84c___FREC_Scab 3376.JPG,Apple Scab
data\raw\apple\Apple___Apple_scab\cb36375a-3a30-4d01-8764-358eb6300f16___FREC_Scab 3378.JPG,Apple Scab
data\raw\apple\Apple___Apple_scab\de341ebf-f335-4120-be2e-2640de5bde93___FREC_Scab 3375.JPG,Apple Scab
data\raw\apple\Apple___Apple_scab\eda0a3b5-fe6e-4646-acc6-7db5179e3e96___FREC_Scab 3380.JPG,Apple Scab
data\raw\apple\Apple___healthy\1617e81b-190b-41e8-b258-cf432f65b7ab___RS_HL 6058.JPG,Healthy
data\raw\apple\Apple___healthy\3eef4051-9e25-4e17-8540-c35e5df18648___RS_HL 6054.JPG,Healthy
data\raw\apple\Apple___healthy\643e172f-02bf-4021-9587-6cfd21c8a344___RS_HL 6053.JPG,Healthy
data\raw\apple\Apple___healthy\a4b86fe3-2a80-4399-bc38-6ab0f6c1ece6___RS_HL 6056.JPG,Healthy
data\raw\apple\Apple___healthy\a58444b0-ca47-491a-8ddb-c9ae42c26747___RS_HL 6060.JPG,Healthy
data\raw\apple\Apple___healthy\b9ff58a5-fdd5-429a-a6ef-e20d0be450e2___RS_HL 6059.JPG,Healthy
data\raw\apple\Apple___healthy\dc456961-360a-419b-abb7-b3de3963742a___RS_HL 6055.JPG,Healthy
data\raw\apple\Apple___healthy\ddca8aa6-4338-40ea-bf8b-004a53547144___RS_HL 6052.JPG,Healthy
data\raw\apple\Apple___healthy\e3aa227f-1e49-4a2a-8e10-6a1c5c985214___RS_HL 6057.JPG,Healthy
data\raw\apple\Apple___Apple_scab\023123cb-7b69-4c9f-a521-766d7c8543bb___FREC_Scab 3487.JPG,Apple Scab
data\raw\apple\Apple___Apple_scab\34c2823b-d1c5-4bd8-a5a7-74bdef959e10___FREC_Scab 3484.JPG,Apple Scab
data\raw\apple\Apple___Apple_scab\38e76f0a-63cb-460a-b0fa-f20e561dc2c0___FREC_Scab 3481.JPG,Apple Scab
data\raw\apple\Apple___Apple_scab\5345e6fb-1829-457f-ac86-6683d762c9ea___FREC_Scab 3482.JPG,Apple Scab
data\raw\apple\Apple___Apple_scab\64e20068-6685-4a30-a812-fd817117d628___FREC_Scab 3485.JPG,Apple Scab
data\raw\apple\Apple___Apple_scab\83b1935d-f1fc-4b9f-876e-c0dbbb2fcb03___FREC_Scab 3486.JPG,Apple Scab
data\raw\apple\Apple___Apple_scab\f50d9c8b-ffd4-47aa-aac1-46762c0b1a26___FREC_Scab 3483.JPG,Apple Scab
data\raw\apple\Apple___Apple_scab\12bc3d5c-2409-426e-b6cb-a08cbf488153___FREC_Scab 3154.JPG,Apple Scab
data\raw\apple\Apple___Apple_scab\659a6491-b20d-4ff6-a3be-243266b4df0c___FREC_Scab 3155.JPG,Apple Scab
data\raw\apple\Apple___Apple_scab\66fab3e4-d6e3-4a6d-aff0-4fe011ef8eb3___FREC_Scab 3153.JPG,Apple Scab
data\raw\apple\Apple___Apple_scab\c777c2ac-ea64-4aad-a97a-90b35e2db603___FREC_Scab 3156.JPG,Apple Scab
data\raw\apple\Apple___Apple_scab\d66bf6da-1199-4f2b-9776-8cbc4529b268___FREC_Scab 3157.JPG,Apple Scab
data\raw\apple\Apple___Apple_scab\e3891103-ded4-418f-bae1-91c282a30dcb___FREC_Scab 3159.JPG,Apple Scab
data\raw\apple\Apple___Apple_scab\f27fd3ff-a3b7-486a-883c-f91488883555___FREC_Scab 3158.JPG,Apple Scab
data\raw\apple\Apple___Black_rot\04e74a0c-bda4-4e06-aeab-ec24b1007994___JR_FrgE.S 8782.JPG,Black Rot
data\raw\apple\Apple___Black_rot\26c9d50e-7169-4241-951a-2334e2a513b3___JR_FrgE.S 8784.JPG,Black Rot
data\raw\apple\Apple___Black_rot\307abcdd-96f7-404a-9032-2ce8de2fde48___JR_FrgE.S 8781.JPG,Black Rot
data\raw\apple\Apple___Black_rot\7e56a062-a114-49ac-b029-292e4f0a68ff___JR_FrgE.S 8783.JPG,Black Rot
data\raw\apple\Apple___Black_rot\abdb807d-552f-433d-bb3e-b73494bbff15___JR_FrgE.S 8780.JPG,Black Rot
data\raw\apple\Apple___Black_rot\bb1f1f60-cd69-4661-aca2-bcb19eb1def2___JR_FrgE.S 8785.JPG,Black Rot
data\raw\apple\Apple___Apple_scab\34c37353-8429-499e-bd38-ac7501f79e90___FREC_Scab 3501.JPG,Apple Scab
data\raw\apple\Apple___Apple_scab\3523d2d8-0da9-4b83-b09d-21bd96860a3d___FREC_Scab 3499.JPG,Apple Scab
data\raw\apple\Apple___Apple_scab\517d0958-b10e-4260-a736-7a4bbb9706c0___FREC_Scab 3497.JPG,Apple Scab
data\raw\apple\Apple___Apple_scab\663ad178-6346-4b89-8074-6655f1be1578___FREC_Scab 3500.JPG,Apple Scab
data\raw\apple\Apple___Apple_scab\b006c4b8-5f33-4794-91bd-7aaa430e6ceb___FREC_Scab 3498.JPG,Apple Scab
data\raw\apple\Apple___Apple_scab\cbf63da6-f1a7-41e0-b581-6f5b6cff2bc2___FREC_Scab 3496.JPG,Apple Scab
data\raw\apple\Apple___Apple_scab\ef0593e6-f8bc-4501-9c2a-8ee8a6ff33fc___FREC_Scab 3495.JPG,Apple Scab
data\raw\apple\Apple___Black_rot\079d0ba3-b207-4fc7-ace3-f2fe25c796b3___JR_FrgE.S 3038.JPG,Black Rot
data\raw\apple\Apple___Black_rot\1ce4ecdf-fe69-42df-a0dc-c90f5495e7a1___JR_FrgE.S 3041.JPG,Black Rot
data\raw\apple\Apple___Black_rot\255dd1a9-d4cf-4b38-9872-8f8bc6746703___JR_FrgE.S 3040.JPG,Black Rot
data\raw\apple\Apple___Black_rot\49064db7-4ee0-41bf-97b9-64a50d08ef8c___JR_FrgE.S 3046.JPG,Black Rot
data\raw\apple\Apple___Black_rot\60dec11d-0e49-4bb4-b7ce-ecf90f8ac028___JR_FrgE.S 3042.JPG,Black Rot
data\raw\apple\Apple___Black_rot\7530c184-6aa8-40fa-9f8d-7e5f0b3e5a7e___JR_FrgE.S 3045.JPG,Black Rot
data\raw\apple\Apple___Black_rot\7add2e39-6555-4d52-ad02-b1bb061db8e7___JR_FrgE.S 3039.JPG,Black Rot
data\raw\apple\Apple___Black_rot\90939c76-a197-49cd-b8cc-37f096cbaa97___JR_FrgE.S 3044.JPG,Black Rot
data\raw\apple\Apple___Black_rot\c5a5ffe1-6687-412b-9a06-31c9aee8066b___JR_FrgE.S 3037.JPG,Black Rot
data\raw\apple\Apple___Black_rot\eb98c4ac-28e3-40ef-8cf4-38acddd5d774___JR_FrgE.S 3043.JPG,Black Rot
data\raw\apple\Apple___Black_rot\f2b57a5b-f46d-453a-bb33-21d01d8a10de___JR_FrgE.S 3036.JPG,Black Rot
data\raw\apple\Apple___healthy\013b7c70-5e3b-42b7-86af-167815a5b04f___RS_HL 7480.JPG,Healthy
data\raw\apple\Apple___healthy\0b6ec66f-fe63-4eef-8068-cf8ed0baf0de___RS_HL 7482.JPG,Healthy
data\raw\apple\Apple___healthy\181ce194-fdc9-4f0b-ae8d-0c621f723279___RS_HL 7487.JPG,Healthy
data\raw\apple\Apple___healthy\375f472f-7a4e-41fd-af0e-b6da455dfc58___RS_HL 7477.JPG,Healthy
data\raw\apple\Apple___healthy\400723a1-65ae-4d62-b7c7-d8c0b7a02480___RS_HL 7479.JPG,Healthy
data\raw\apple\Apple___healthy\404ef08f-0f34-4530-bc4b-ce356b3c2da1___RS_HL 7484.JPG,Healthy
data\raw\apple\Apple___healthy\5a2ee566-426a-4422-b8e7-14e2e3190846___RS_HL 7486.JPG,Healthy
data\raw\apple\Apple___healthy\880ed927-54cb-43f7-8d9d-4e2705cc8472___RS_HL 7488.JPG,Healthy
data\raw\apple\Apple___healthy\9ae0c2e4-ff70-4be7-a231-65d4c2acd8ee___RS_HL 7476.JPG,Healthy
data\raw\apple\Apple___healthy\9dba8abe-f50e-45fe-aa32-17dd4445189b___RS_HL 7489.JPG,Healthy
data\raw\apple\Apple___healthy\b9a7faa2-e43b-4d8d-8df0-2256c8ee3607___RS_HL 7483.JPG,Healthy
data\raw\apple\Apple___healthy\c0eef36a-242b-4420-9153-198446da57d4___RS_HL 7478.JPG,Healthy
data\raw\apple\Apple___healthy\d3db83a2-69b7-4de2-b868-fc3f04a0bf85___RS_HL 7481.JPG,Healthy
data\raw\apple\Apple___healthy\ecfed640-129c-4440-8617-fbe0372c0556___RS_HL 7485.JPG,Healthy
data\raw\apple\Apple___healthy\0f78db5b-0775-4132-b7d6-6a5eb5f4682a___RS_HL 6006.JPG,Healthy
data\raw\apple\Apple___healthy\1f2ffb52-a697-43fc-a0d0-609d30e33bfe___RS_HL 6010.JPG,Healthy
data\raw\apple\Apple___healthy\23ea1618-d554-47fb-bc03-a1b978f14fbf___RS_HL 6008.JPG,Healthy
data\raw\apple\Apple___healthy\2a986e85-7e83-443a-871e-c590d5a25845___RS_HL 6000.JPG,Healthy
data\raw\apple\Apple___healthy\3c047601-ed4d-4178-8bed-33a65e5f4b6d___RS_HL 6001.JPG,Healthy
data\raw\apple\Apple___healthy\4023916c-9823-4410-bd89-b8bfe1b0b456___RS_HL 6009.JPG,Healthy
data\raw\apple\Apple___healthy\46ef8441-3792-4ca8-919b-eb6cedd0ed3f___RS_HL 5998.JPG,Healthy
data\raw\apple\Apple___healthy\5d738917-48c8-4a27-90e9-0a4eac076fbc___RS_HL 5999.JPG,Healthy
data\raw\apple\Apple___healthy\5eea6ca0-2fb5-4382-bd60-2893d4367bc3___RS_HL 6007.JPG,Healthy
data\raw\apple\Apple___healthy\9d3bb139-5177-4d08-914b-5fe232cff065___RS_HL 6011.JPG,Healthy
data\raw\apple\Apple___healthy\a5da624b-8a38-4e64-ae7f-ace8b7c20548___RS_HL 5997.JPG,Healthy
data\raw\apple\Apple___healthy\bae0be56-db99-469e-909a-6035f9b85443___RS_HL 6003.JPG,Healthy
data\raw\apple\Apple___healthy\ce57ae51-2e2e-4e60-bbc8-033b7b0584d0___RS_HL 6005.JPG,Healthy
data\raw\apple\Apple___healthy\d61c652b-5e6d-4994-aa4c-bbde26ca0de8___RS_HL 6002.JPG,Healthy
data\raw\apple\Apple___healthy\ea45b7c8-f1c2-42c0-bfec-96444c58ddd0___RS_HL 6004.JPG,Healthy
data\raw\apple\Apple___healthy\063d4c39-48ee-4c1a-903a-fe1d8da621e1___RS_HL 7694.JPG,Healthy
data\raw\apple\Apple___healthy\08aaa4e8-ed92-49d3-9ac3-1f6c59740017___RS_HL 7701.JPG,Healthy
data\raw\apple\Apple___healthy\34edd324-8b91-417c-bb4c-3bf0dbe348d2___RS_HL 7698.JPG,Healthy
data\raw\apple\Apple___healthy\81666301-0038-450d-bd14-36d069f4f30a___RS_HL 7696.JPG,Healthy
data\raw\apple\Apple___healthy\91c6a666-8d31-466f-b7cf-78c9268fba9c___RS_HL 7697.JPG,Healthy
data\raw\apple\Apple___healthy\ab3bb73a-9828-4951-89c1-44a47e980ca2___RS_HL 7695.JPG,Healthy
data\raw\apple\Apple___healthy\ce2974ce-80a1-4edc-ab11-901f22a0c009___RS_HL 7700.JPG,Healthy
data\raw\apple\Apple___healthy\e7de79f6-05b5-4f79-8b00-b6c212bea3cd___RS_HL 7699.JPG,Healthy
data\raw\apple\Apple___healthy\133aae4b-64c8-4def-8f1d-cdc4e1bb73a7___RS_HL 6180.JPG,Healthy
data\raw\apple\Apple___healthy\13bbfa7e-e864-414e-a16b-cb08688604ae___RS_HL 6190.JPG,Healthy
data\raw\apple\Apple___healthy\34121ffc-269b-481e-bbf5-96356da9f137___RS_HL 6185.JPG,Healthy
data\raw\apple\Apple___healthy\50477370-452c-4dd9-bdad-f270011e9094___RS_HL 6183.JPG,Healthy
data\raw\apple\Apple___healthy\5ded9dac-20e0-4e68-a202-43c6723c335d___RS_HL 6186.JPG,Healthy
data\raw\apple\Apple___healthy\70b3a226-962d-4d2c-a6c0-31cb3d1eab4e___RS_HL 6189.JPG,Healthy
data\raw\apple\Apple___healthy\8c00f0dd-bcef-4188-a270-91e563d7b18b___RS_HL 6182.JPG,Healthy
data\raw\apple\Apple___healthy\c25d42b9-915a-442d-bdae-d1405e76b8a8___RS_HL 6179.JPG,Healthy
data\raw\apple\Apple___healthy\d27854b1-51af-4804-a928-9305d63f2db1___RS_HL 6181.JPG,Healthy
data\raw\apple\Apple___healthy\d6aa67d8-1597-4c78-ae39-a6dcad5de6b2___RS_HL 6188.JPG,Healthy
data\raw\apple\Apple___healthy\e34850c1-041f-4674-ba19-b3c48956e986___RS_HL 6184.JPG,Healthy
data\raw\apple\Apple___healthy\f43cffa7-756c-40c1-ad67-8924692019a1___RS_HL 6187.JPG,Healthy
data\raw\apple\Apple___Apple_scab\0631708e-5bac-4611-8ff9-6d5ee87ce3b3___FREC_Scab 3252.JPG,Apple Scab
data\raw\apple\Apple___Apple_scab\4d3bcf15-cc49-4189-82e1-780efdf625a8___FREC_Scab 3254.JPG,Apple Scab
data\raw\apple\Apple___Apple_scab\550b0aab-e777-4942-a186-fc910e0fa89b___FREC_Scab 3253.JPG,Apple Scab
data\raw\apple\Apple___healthy\2766f4b1-33d2-4532-aab2-a7fb037b87bf___RS_HL 6155.JPG,Healthy
data\raw\apple\Apple___healthy\2d6efa59-1d5a-4f92-8879-2fdfa163d404___RS_HL 6157.JPG,Healthy
data\raw\apple\Apple___healthy\32a59e5f-9167-42d4-8040-40563e416572___RS_HL 6156.JPG,Healthy
data\raw\apple\Apple___healthy\37b1cd89-582a-40ce-b2ec-6a635e1fea17___RS_HL 6151.JPG,Healthy
data\raw\apple\Apple___healthy\46c590f0-7e60-4ccd-af4e-45f911abf66a___RS_HL 6152.JPG,Healthy
data\raw\apple\Apple___healthy\48cdfda2-59c7-4de9-96e2-a38dffd80754___RS_HL 6158.JPG,Healthy
data\raw\apple\Apple___healthy\4aa3b2bb-1bd4-410a-bf6b-09862798bf88___RS_HL 6148.JPG,Healthy
data\raw\apple\Apple___healthy\595381e5-c16b-4348-aaea-00763903646d___RS_HL 6153.JPG,Healthy
data\raw\apple\Apple___healthy\957b622a-4f30-459f-9dbb-97c3f4bde0d3___RS_HL 6150.JPG,Healthy
data\raw\apple\Apple___healthy\ad772bfa-6845-4104-8d94-8d3a2adb67c2___RS_HL 6149.JPG,Healthy
data\raw\apple\Apple___healthy\fd4a1e5a-cba8-4f4d-a11a-8e131e907728___RS_HL 6154.JPG,Healthy
data\raw\apple\Apple___healthy\177ee310-d918-4756-ab59-f6f5a1b9e446___RS_HL 7740.JPG,Healthy
data\raw\apple\Apple___healthy\4342c40d-5a1b-4a93-97b4-2e3579802605___RS_HL 7744.JPG,Healthy
data\raw\apple\Apple___healthy\4c50a62b-3af4-43f9-a31d-794abd545413___RS_HL 7739.JPG,Healthy
data\raw\apple\Apple___healthy\6379ed3c-dd03-4f07-a773-84842960d921___RS_HL 7741.JPG,Healthy
data\raw\apple\Apple___healthy\7e502244-9105-4931-abde-46f8f7993fd7___RS_HL 7745.JPG,Healthy
data\raw\apple\Apple___healthy\ac41e650-367c-4a74-b26e-0a983bc1223b___RS_HL 7743.JPG,Healthy
data\raw\apple\Apple___healthy\f9438410-18a8-4352-9aca-0d81c4574c2b___RS_HL 7742.JPG,Healthy
data\raw\apple\Apple___healthy\872f54d3-61de-4b41-aaa4-57caad5ad9d3___RS_HL 7865.JPG,Healthy
data\raw\apple\Apple___healthy\8c43ceb4-000b-441b-887f-ef495da381e2___RS_HL 7864.JPG,Healthy
data\raw\apple\Apple___healthy\a027ddf2-029c-43c2-b812-f3ffcdefea80___RS_HL 7859.JPG,Healthy
data\raw\apple\Apple___healthy\a65ad047-7fcd-4059-a4fa-15cd09a284d4___RS_HL 7861.JPG,Healthy
data\raw\apple\Apple___healthy\c5f61d94-be12-4995-99e0-551384b7df17___RS_HL 7860.JPG,Healthy
data\raw\apple\Apple___healthy\ca66c694-e8cb-47df-84af-b4c46de1fd3e___RS_HL 7862.JPG,Healthy
data\raw\apple\Apple___healthy\db85b64d-0f2a-41ad-9ac2-f912283d8e4b___RS_HL 7863.JPG,Healthy
data\raw\apple\Apple___healthy\079543ef-5ba8-46ad-95de-7c006c7e7f36___RS_HL 7570.JPG,Healthy
data\raw\apple\Apple___healthy\13dba956-2c74-400e-a2ac-b06baeee5e38___RS_HL 7571.JPG,Healthy
data\raw\apple\Apple___healthy\1f2d1c4b-78cd-418a-b0c3-2565b530fe5b___RS_HL 7572.JPG,Healthy
data\raw\apple\Apple___healthy\2ab9dfe3-b810-428c-843c-e257a25c4447___RS_HL 7576.JPG,Healthy
data\raw\apple\Apple___healthy\56c8fb12-185b-4225-bdee-abdbdcc6101b___RS_HL 7574.JPG,Healthy
data\raw\apple\Apple___healthy\5ceb4c0b-09ea-48e5-87b8-454adc630534___RS_HL 7573.JPG,Healthy
data\raw\apple\Apple___healthy\7c5e4508-64ba-4b06-8a5b-6d0147280d88___RS_HL 7577.JPG,Healthy
data\raw\apple\Apple___healthy\8b96fb28-f778-4d18-93ef-cb3ef4ecd532___RS_HL 7575.JPG,Healthy
data\raw\apple\Apple___healthy\aa8e1c77-667f-4610-8e36-c8a21f1f9eae___RS_HL 7578.JPG,Healthy
data\raw\apple\Apple___Black_rot\3afb0100-58b4-4825-bfb4-037258cd5925___JR_FrgE.S 8755.JPG,Black Rot
data\raw\apple\Apple___Black_rot\6383ae21-b6d0-4b70-bc85-ba2640aa7af2___JR_FrgE.S 8754.JPG,Black Rot
data\raw\apple\Apple___Black_rot\6f38c615-281d-4bf5-8d92-7c02d3ef9e1b___JR_FrgE.S 8753.JPG,Black Rot
data\raw\apple\Apple___Black_rot\a2e4f04e-63f9-4c66-aa1b-bf0f0b6937dc___JR_FrgE.S 8756.JPG,Black Rot
data\raw\apple\Apple___Black_rot\b1fbd9e5-c3b6-4aac-a77e-87ca51994e4f___JR_FrgE.S 8752.JPG,Black Rot
data\raw\apple\Apple___Black_rot\ebe0af1e-91e2-4f41-bea2-179e720da94b___JR_FrgE.S 8750.JPG,Black Rot
data\raw\apple\Apple___Black_rot\f45e8b2b-c220-42d2-9828-a39d46db0ca9___JR_FrgE.S 8751.JPG,Black Rot
data\raw\apple\Apple___Apple_scab\45512c84-e453-459c-b12f-1d08ce44001b___FREC_Scab 3072.JPG,Apple Scab
data\raw\apple\Apple___Apple_scab\9100bed7-65dd-4425-840b-503f9db78ef8___FREC_Scab 3076.JPG,Apple Scab
data\raw\apple\Apple___Apple_scab\9cbb6419-1670-45d5-a8ad-90cf9eaac971___FREC_Scab 3075.JPG,Apple Scab
data\raw\apple\Apple___Apple_scab\b0b2a38c-396d-4d25-b346-5947e2c787d9___FREC_Scab 3077.JPG,Apple Scab
data\raw\apple\Apple___Apple_scab\d730c2c9-ac5f-4c4e-b568-2f3e8b43b1a9___FREC_Scab 3074.JPG,Apple Scab
data\raw\apple\Apple___Apple_scab\dc12e2fd-e41b-43b5-9874-09661913316e___FREC_Scab 3073.JPG,Apple Scab
data\raw\apple\Apple___Apple_scab\35fde58e-46ea-4d1b-9580-ead7a2d0cb3b___FREC_Scab 2952.JPG,Apple Scab
data\raw\apple\Apple___Apple_scab\679c439b-740f-45cb-a9ba-d2984694fb25___FREC_Scab 2950.JPG,Apple Scab
data\raw\apple\Apple___Apple_scab\6cee3edf-8909-418f-a27f-5e175e7ccd77___FREC_Scab 2951.JPG,Apple Scab
data\raw\apple\Apple___Apple_scab\98e6e72f-092d-41dc-93e1-22bfc1ea2abd___FREC_Scab 2953.JPG,Apple Scab
data\raw\apple\Apple___Apple_scab\a2d623ff-8e4d-40e3-a6c5-3d61e7355f92___FREC_Scab 2949.JPG,Apple Scab
data\raw\apple\Apple___Apple_scab\61643f40-eb9a-4c6b-8de5-c12319fc7680___FREC_Scab 3114.JPG,Apple Scab
data\raw\apple\Apple___Apple_scab\6a006aa9-a9f2-4269-9fd9-7a879f01faf1___FREC_Scab 3117.JPG,Apple Scab
data\raw\apple\Apple___Apple_scab\792c3972-8724-45b6-8ba0-eec0f675bc50___FREC_Scab 3120.JPG,Apple Scab
data\raw\apple\Apple___Apple_scab\8df36a92-b562-4bff-975b-ff08d8da40f6___FREC_Scab 3119.JPG,Apple Scab
data\raw\apple\Apple___Apple_scab\baa34f65-7a7a-4308-ad86-4fe8f0da288d___FREC_Scab 3115.JPG,Apple Scab
data\raw\apple\Apple___Apple_scab\f2fb711e-3bcb-4729-9352-205c8dd0576f___FREC_Scab 3118.JPG,Apple Scab
data\raw\apple\Apple___Apple_scab\f79134e9-f8b2-4855-96bd-6b3ce814b32a___FREC_Scab 3116.JPG,Apple Scab
data\raw\apple\Apple___healthy\1b36926c-faee-4b6c-9f66-26d1377b9a78___RS_HL 7662.JPG,Healthy
data\raw\apple\Apple___healthy\2a53473e-0c50-43d5-933c-a62576fb5f52___RS_HL 7664.JPG,Healthy
data\raw\apple\Apple___healthy\2ae4c8d8-309c-4dfa-8bde-b985b2a81272___RS_HL 7659.JPG,Healthy
data\raw\apple\Apple___healthy\468c07f3-8ac1-4b0f-8e10-f97a7b41f4f9___RS_HL 7661.JPG,Healthy
data\raw\apple\Apple___healthy\a19f8aa8-6d6e-4bcd-b0ac-5046336817bc___RS_HL 7660.JPG,Healthy
data\raw\apple\Apple___healthy\ae67e27b-7937-4094-9263-580fcff3718d___RS_HL 7663.JPG,Healthy
data\raw\apple\Apple___healthy\f87dbe7e-189e-4dc9-ac5c-9b7737c34551___RS_HL 7665.JPG,Healthy
data\raw\apple\Apple___Apple_scab\4bb38e05-1d5a-40c6-8638-10db134db682___FREC_Scab 3390.JPG,Apple Scab
data\raw\apple\Apple___Apple_scab\63cf5c0e-0a65-4261-9034-ba75466ee918___FREC_Scab 3385.JPG,Apple Scab
data\raw\apple\Apple___Apple_scab\6b6b2140-bb67-4342-adad-8cba97a5ecbe___FREC_Scab 3388.JPG,Apple Scab
data\raw\apple\Apple___Apple_scab\d1a9a2ab-6d10-4c1a-87e1-349117b2700f___FREC_Scab 3389.JPG,Apple Scab
data\raw\apple\Apple___Apple_scab\d608ac35-eaf8-43e2-b429-f9b433126023___FREC_Scab 3386.JPG,Apple Scab
data\raw\apple\Apple___Apple_scab\eb3fa649-d717-4769-9f69-57f88c166455___FREC_Scab 3387.JPG,Apple Scab
data\raw\apple\Apple___healthy\022b515d-41fd-448e-abac-e8722c32d864___RS_HL 8131.JPG,Healthy
data\raw\apple\Apple___healthy\02fe229e-2b2e-4e1e-b56f-3af97996bee6___RS_HL 8134.JPG,Healthy
data\raw\apple\Apple___healthy\09ad370f-ca6e-48fc-9b4b-990b0d9f6cd3___RS_HL 8135.JPG,Healthy
data\raw\apple\Apple___healthy\20a6a1df-7c88-4c01-bfe0-2110c1eb0324___RS_HL 8133.JPG,Healthy
data\raw\apple\Apple___healthy\55e058db-7a66-4468-b6f8-a2e3fd4d567d___RS_HL 8128.JPG,Healthy
data\raw\apple\Apple___healthy\75872668-0901-4fe5-a995-80d0b0caee1c___RS_HL 8130.JPG,Healthy
data\raw\apple\Apple___healthy\9ece0a35-9af4-4974-acad-2aa973badf17___RS_HL 8129.JPG,Healthy
data\raw\apple\Apple___healthy\a600f02f-b4a8-43e5-8d31-4c0d99009d7b___RS_HL 8132.JPG,Healthy
data\raw\apple\Apple___Apple_scab\0a769a71-052a-4f19-a4d8-b0f0cb75541c___FREC_Scab 3165.JPG,Apple Scab
data\raw\apple\Apple___Apple_scab\ae035eb1-0214-4964-b018-14fca52713fc___FREC_Scab 3166.JPG,Apple Scab
data\raw\apple\Apple___Apple_scab\d01086a5-c14e-424a-8825-47343752c0a0___FREC_Scab 3170.JPG,Apple Scab
data\raw\apple\Apple___Apple_scab\ecbac6b5-e07f-4a0d-a670-1d3b97f01104___FREC_Scab 3168.JPG,Apple Scab
data\raw\apple\Apple___Apple_scab\f887b059-f797-442d-b2b6-a9cab0f76f43___FREC_Scab 3169.JPG,Apple Scab
data\raw\apple\Apple___Apple_scab\f8e48799-c566-4b86-b7c8-a0e290fb7f25___FREC_Scab 3167.JPG,Apple Scab
data\raw\apple\Apple___healthy\01efa999-757d-487e-8250-27c7854c0ca8___RS_HL 7515.JPG,Healthy
data\raw\apple\Apple___healthy\036e9351-118e-4795-9f80-74c369b98c88___RS_HL 7513.JPG,Healthy
data\raw\apple\Apple___healthy\14828181-53d0-4dfb-92b1-d7a52602f3cb___RS_HL 7517.JPG,Healthy
data\raw\apple\Apple___healthy\291f66c2-6044-4485-861a-8fa3aa625ddd___RS_HL 7520.JPG,Healthy
data\raw\apple\Apple___healthy\8cf66a75-d71b-4808-a251-c929ecfa80bc___RS_HL 7514.JPG,Healthy
data\raw\apple\Apple___healthy\b39834e5-d836-4265-a2d6-bba7116efaa3___RS_HL 7518.JPG,Healthy
data\raw\apple\Apple___healthy\becd7e46-f87c-46d0-a973-f957e99ba4b7___RS_HL 7519.JPG,Healthy
data\raw\apple\Apple___healthy\cd320898-881e-4546-86fe-dd8676a88db8___RS_HL 7516.JPG,Healthy
data\raw\apple\Apple___healthy\ebfb312e-5c9c-40ed-a193-955439232491___RS_HL 7512.JPG,Healthy
data\raw\apple\Apple___healthy\06b0742a-6d5d-40c6-a02e-ecaa7e1279f0___RS_HL 7639.JPG,Healthy
data\raw\apple\Apple___healthy\0e9d1f0c-19b3-4765-87cc-470413d16275___RS_HL 7637.JPG,Healthy
data\raw\apple\Apple___healthy\89ddfb64-92d0-494d-b4a2-bb13f2c0db4c___RS_HL 7642.JPG,Healthy
data\raw\apple\Apple___healthy\8b9db905-ed0e-4f6b-b5f0-451f8b27ecbd___RS_HL 7640.JPG,Healthy
data\raw\apple\Apple___healthy\a0a31340-6426-4e4b-9473-4daacbc305dc___RS_HL 7644.JPG,Healthy
data\raw\apple\Apple___healthy\b09360ae-9c60-49b8-abb8-edc4c37d79c3___RS_HL 7643.JPG,Healthy
data\raw\apple\Apple___healthy\b2daabdc-93aa-462f-8789-6e491d95a027___RS_HL 7641.JPG,Healthy
data\raw\apple\Apple___healthy\c07b5a20-2ebb-44b8-8a17-f8ce3890de91___RS_HL 7638.JPG,Healthy
data\raw\apple\Apple___healthy\04032305-5ca9-4110-b517-461f13c95f18___RS_HL 7446.JPG,Healthy
data\raw\apple\Apple___healthy\13227870-bd81-48a1-97a0-8c5bcecef8f7___RS_HL 7452.JPG,Healthy
data\raw\apple\Apple___healthy\32da947b-7d05-459b-a5dc-b4481bb09f48___RS_HL 7450.JPG,Healthy
data\raw\apple\Apple___healthy\6034f340-2122-4fe1-8696-cd5327f6984f___RS_HL 7445.JPG,Healthy
data\raw\apple\Apple___healthy\61cac07b-9d6e-4fac-b60f-410280d94ed1___RS_HL 7455.JPG,Healthy
data\raw\apple\Apple___healthy\63f2f961-ac3f-4a2d-9fc1-6987e8da97cc___RS_HL 7447.JPG,Healthy
data\raw\apple\Apple___healthy\6627c6e7-9d4f-41a7-9d86-ad04cfe2841a___RS_HL 7442.JPG,Healthy
data\raw\apple\Apple___healthy\6dea065f-3b56-4372-a04a-ab6d20e47234___RS_HL 7453.JPG,Healthy
data\raw\apple\Apple___healthy\871420e0-e5de-40c7-a79c-a17fe1781f8e___RS_HL 7444.JPG,Healthy
data\raw\apple\Apple___healthy\9130029f-854a-4099-bc98-74170edfb660___RS_HL 7448.JPG,Healthy
data\raw\apple\Apple___healthy\95e92b80-49d6-4589-95ad-be379775d193___RS_HL 7451.JPG,Healthy
data\raw\apple\Apple___healthy\bda31474-87d3-4256-ace8-00d20ef05139___RS_HL 7443.JPG,Healthy
data\raw\apple\Apple___healthy\eb1fe703-b96e-4440-9f6c-d75efcda5be0___RS_HL 7454.JPG,Healthy
data\raw\apple\Apple___healthy\ed921a4f-b7a5-4086-bcab-cbfe7a97d053___RS_HL 7449.JPG,Healthy
data\raw\apple\Apple___healthy\29745ef7-133c-4f61-a5bd-592790f81a32___RS_HL 6326.JPG,Healthy
data\raw\apple\Apple___healthy\51cafddc-e99e-43bd-866f-21564d062cb2___RS_HL 6328.JPG,Healthy
data\raw\apple\Apple___healthy\53b0c397-52b3-40c1-9ef5-c52b6ae7f4bb___RS_HL 6329.JPG,Healthy
data\raw\apple\Apple___healthy\deec00ab-1c30-441b-b6c0-9dd0dec827f4___RS_HL 6327.JPG,Healthy
data\raw\apple\Apple___healthy\153ee5ec-b8c2-4dd1-9387-cb0e796f301b___RS_HL 7563.JPG,Healthy
data\raw\apple\Apple___healthy\201de0e4-a74d-4dff-9b5b-e997d36e63d7___RS_HL 7569.JPG,Healthy
data\raw\apple\Apple___healthy\2056f48c-137e-4a96-b26d-1c6dae33ee47___RS_HL 7567.JPG,Healthy
data\raw\apple\Apple___healthy\2710a9e1-5834-4606-9e2c-477c0415882e___RS_HL 7564.JPG,Healthy
data\raw\apple\Apple___healthy\47c9915d-7fb5-4426-a1b8-5928c3b20666___RS_HL 7565.JPG,Healthy
data\raw\apple\Apple___healthy\82aeb30f-575f-46d5-b653-408c3cf5e553___RS_HL 7566.JPG,Healthy
data\raw\apple\Apple___healthy\d45d99cd-6834-4e22-9a4d-f58ef0806ed0___RS_HL 7562.JPG,Healthy
data\raw\apple\Apple___healthy\e81989f9-3f71-4473-b997-fc0230a2f87e___RS_HL 7568.JPG,Healthy
data\raw\apple\Apple___healthy\1490daeb-9cfb-4456-bb27-dd836f9e07a6___RS_HL 5959.JPG,Healthy
data\raw\apple\Apple___healthy\24cddc8a-d7e6-4ebf-9771-b3844913f02e___RS_HL 5966.JPG,Healthy
data\raw\apple\Apple___healthy\37b9da4a-2823-48fb-ba35-4138a44acf53___RS_HL 5954.JPG,Healthy
data\raw\apple\Apple___healthy\4b8ec331-226a-4526-a87f-a2d45df438d7___RS_HL 5961.JPG,Healthy
data\raw\apple\Apple___healthy\4eab95ce-76ec-4bd2-9cc6-f39747569750___RS_HL 5958.JPG,Healthy
data\raw\apple\Apple___healthy\5f4ef432-dcd4-4035-811a-b86aff3c885f___RS_HL 5963.JPG,Healthy
data\raw\apple\Apple___healthy\5fc41ba8-baf5-47ce-b6e5-3741dd3b154f___RS_HL 5965.JPG,Healthy
data\raw\apple\Apple___healthy\6224ac4b-d395-4137-974b-e945c5655dbe___RS_HL 5960.JPG,Healthy
data\raw\apple\Apple___healthy\7842bd80-8940-4bc3-a3b0-baebe47b6451___RS_HL 5955.JPG,Healthy
data\raw\apple\Apple___healthy\b78fc35e-44b6-4e89-8a23-54becf423e0c___RS_HL 5964.JPG,Healthy
data\raw\apple\Apple___healthy\c53e1b93-f910-412e-b902-19f1693ea08d___RS_HL 5962.JPG,Healthy
data\raw\apple\Apple___healthy\d345baff-7be6-45a6-802a-b945b95b5885___RS_HL 5956.JPG,Healthy
data\raw\apple\Apple___healthy\faf64a07-ea03-429d-b41d-2a87d2dd066a___RS_HL 5957.JPG,Healthy
data\raw\apple\Apple___healthy\fd7d6a50-e28f-4014-8e15-6028b5f349d0___RS_HL 5953.JPG,Healthy
data\raw\apple\Apple___Apple_scab\09e40e4f-f8bc-4537-b20d-0b244760dbf4___FREC_Scab 3216.JPG,Apple Scab
data\raw\apple\Apple___Apple_scab\5e96dd82-f2d2-4a19-a9cd-46165d6623f9___FREC_Scab 3218.JPG,Apple Scab
data\raw\apple\Apple___Apple_scab\ced72cdb-0358-420c-abdd-1c94ba303435___FREC_Scab 3217.JPG,Apple Scab
data\raw\apple\Apple___Apple_scab\dfa24368-8ba9-4c02-9c3e-9e9a62a8d479___FREC_Scab 3215.JPG,Apple Scab
data\raw\apple\Apple___Apple_scab\e0291fa3-bb60-4c05-85da-28a10a1562e9___FREC_Scab 3214.JPG,Apple Scab
data\raw\apple\Apple___healthy\0776a839-af75-4f70-81b5-2c8dbecc0c55___RS_HL 7851.JPG,Healthy
data\raw\apple\Apple___healthy\130a93b4-92ca-4883-b003-37954a929dbf___RS_HL 7855.JPG,Healthy
data\raw\apple\Apple___healthy\2e403d36-e4f2-4323-a78c-5a7330f1083c___RS_HL 7857.JPG,Healthy
data\raw\apple\Apple___healthy\44d0b31c-72e0-4a8f-9c3b-64051dab5d2e___RS_HL 7856.JPG,Healthy
data\raw\apple\Apple___healthy\49cc68a3-a1df-47c2-99d5-c2cb3a4c0227___RS_HL 7854.JPG,Healthy
data\raw\apple\Apple___healthy\5fd5b78d-72e9-4e04-99cf-a1b4ef4ba485___RS_HL 7852.JPG,Healthy
data\raw\apple\Apple___healthy\6272b53a-1ade-46fc-85e8-cf9517c6e0ed___RS_HL 7858.JPG,Healthy
data\raw\apple\Apple___healthy\a6cfd8cf-37d2-42ea-9946-daf4fc794e3e___RS_HL 7853.JPG,Healthy
data\raw\apple\Apple___healthy\33f6e93f-9275-445e-a795-e1ef9c20db7b___RS_HL 8051.JPG,Healthy
data\raw\apple\Apple___healthy\51e374ab-4fe6-4207-9d81-ec059f4cd3b8___RS_HL 8050.JPG,Healthy
data\raw\apple\Apple___healthy\75ab3bb8-40ec-4292-9c61-deaa6fcf71f0___RS_HL 8054.JPG,Healthy
data\raw\apple\Apple___healthy\857684fb-c4a3-43a4-ad47-da0058b403cd___RS_HL 8053.JPG,Healthy
data\raw\apple\Apple___healthy\8aef4eea-eb12-493c-b912-d7cd43144c8b___RS_HL 8052.JPG,Healthy
data\raw\apple\Apple___healthy\b0233269-e0b7-4314-8aa1-6b7ecfd12033___RS_HL 8049.JPG,Healthy
data\raw\apple\Apple___healthy\d137e403-df20-4a3e-8b30-ab3357870c6f___RS_HL 8048.JPG,Healthy
data\raw\apple\Apple___Apple_scab\1bc60205-27cc-4d10-bc87-7e968573e5d5___FREC_Scab 3531.JPG,Apple Scab
data\raw\apple\Apple___Apple_scab\24d43ad3-24e6-4236-8ef7-59b268520ca3___FREC_Scab 3533.JPG,Apple Scab
data\raw\apple\Apple___Apple_scab\2f1e68c0-c059-46fd-bbf3-f160817abdc3___FREC_Scab 3535.JPG,Apple Scab
data\raw\apple\Apple___Apple_scab\4495850d-4478-4680-a657-c082a8ea69ed___FREC_Scab 3534.JPG,Apple Scab
data\raw\apple\Apple___Apple_scab\51929389-451f-4c78-a66b-b644e82a33b6___FREC_Scab 3528.JPG,Apple Scab
data\raw\apple\Apple___Apple_scab\65c52553-6152-46d4-a576-3ef4984a6ad4___FREC_Scab 3524.JPG,Apple Scab
data\raw\apple\Apple___Apple_scab\6a19d31f-b5e3-4732-a82c-e3d5b1d26c60___FREC_Scab 3537.JPG,Apple Scab
data\raw\apple\Apple___Apple_scab\7e64fdef-9cb7-40ed-9f40-f3c97d6e0e8a___FREC_Scab 3536.JPG,Apple Scab
data\raw\apple\Apple___Apple_scab\80894f41-f887-4d0c-8b09-0a7cd24fbe18___FREC_Scab 3526.JPG,Apple Scab
data\raw\apple\Apple___Apple_scab\84ba6fe9-427e-415b-8bfe-a1f8670e1537___FREC_Scab 3530.JPG,Apple Scab
data\raw\apple\Apple___Apple_scab\91decba3-10b0-4d3e-974c-bcc7729e867d___FREC_Scab 3527.JPG,Apple Scab
data\raw\apple\Apple___Apple_scab\ba325c11-e91c-4f5e-9ae0-76f8f0bb24df___FREC_Scab 3523.JPG,Apple Scab
data\raw\apple\Apple___Apple_scab\ce7338f4-ed12-4014-8d2f-4b674b672357___FREC_Scab 3532.JPG,Apple Scab
data\raw\apple\Apple___Apple_scab\d72cdbbd-7982-4198-8bf7-a053ed69bba1___FREC_Scab 3529.JPG,Apple Scab
data\raw\apple\Apple___Apple_scab\f6946261-1a18-4306-ba87-ca25344d9bd2___FREC_Scab 3525.JPG,Apple Scab
data\raw\apple\Apple___healthy\0e3c0777-c214-4749-b8ae-4985274d2f9e___RS_HL 7984.JPG,Healthy
data\raw\apple\Apple___healthy\606de063-baa7-4f80-b474-6e5cf4ea010a___RS_HL 7979.JPG,Healthy
data\raw\apple\Apple___healthy\90fd9659-9d97-4428-bc35-c84def0ba3ba___RS_HL 7981.JPG,Healthy
data\raw\apple\Apple___healthy\a3dfe485-ef1c-4c7b-bb11-38528d73947b___RS_HL 7982.JPG,Healthy
data\raw\apple\Apple___healthy\b8e23dd6-ff8c-4617-8602-c9c3a0039766___RS_HL 7983.JPG,Healthy
data\raw\apple\Apple___healthy\d76e79e5-2cd5-4a03-9354-5759b2741210___RS_HL 7980.JPG,Healthy
data\raw\apple\Apple___Apple_scab\1d9d67e2-5603-4710-ae2b-6cb0b922ae61___FREC_Scab 3122.JPG,Apple Scab
data\raw\apple\Apple___Apple_scab\2a800c84-902e-4aa8-af13-4e020d6f17dd___FREC_Scab 3124.JPG,Apple Scab
data\raw\apple\Apple___Apple_scab\6b5e1187-9b7b-4b4c-912f-b2175619f35f___FREC_Scab 3121.JPG,Apple Scab
data\raw\apple\Apple___Apple_scab\a8037811-6ce4-4611-ace1-1b6492374135___FREC_Scab 3126.JPG,Apple Scab
data\raw\apple\Apple___Apple_scab\a93dc267-cd94-49fd-9766-8afe67ba747a___FREC_Scab 3125.JPG,Apple Scab
data\raw\apple\Apple___Apple_scab\be517ff5-5e63-4f6a-9f55-1522c9ec972b___FREC_Scab 3123.JPG,Apple Scab
data\raw\apple\Apple___Apple_scab\1547f817-6a4d-4cbc-8ce0-7dff293562ee___FREC_Scab 3194.JPG,Apple Scab
data\raw\apple\Apple___Apple_scab\1a4047d7-23d6-4bba-ba10-b6e7005ea01b___FREC_Scab 3193.JPG,Apple Scab
data\raw\apple\Apple___Apple_scab\48e62e54-d02a-41bb-8486-234408706e69___FREC_Scab 3190.JPG,Apple Scab
data\raw\apple\Apple___Apple_scab\bf9a1cb3-baa2-42f6-881b-c77864b3019c___FREC_Scab 3189.JPG,Apple Scab
data\raw\apple\Apple___Apple_scab\cff69c82-7901-400a-b45c-6343624edfc3___FREC_Scab 3192.JPG,Apple Scab
data\raw\apple\Apple___Apple_scab\e8f5c962-6f40-443e-9913-5a43b5f2ef07___FREC_Scab 3191.JPG,Apple Scab
data\raw\apple\Apple___Apple_scab\2f668a95-80ab-40ac-98ef-657bd85b668b___FREC_Scab 3247.JPG,Apple Scab
data\raw\apple\Apple___Apple_scab\8c916434-af92-4360-9833-0422aa510f7e___FREC_Scab 3245.JPG,Apple Scab
data\raw\apple\Apple___Apple_scab\b02a7f1d-3cfc-489e-9e74-983059c6980d___FREC_Scab 3244.JPG,Apple Scab
data\raw\apple\Apple___Apple_scab\c665dad4-adfc-40a3-b1cc-a29aed48d93c___FREC_Scab 3246.JPG,Apple Scab
data\raw\apple\Apple___Apple_scab\f3b61d33-8875-46a0-be57-ad3bda4cb5c6___FREC_Scab 3243.JPG,Apple Scab
data\raw\apple\Apple___healthy\011d02f3-5c3c-4484-a384-b1a0a0dbdec1___RS_HL 7544.JPG,Healthy
data\raw\apple\Apple___healthy\123de292-f902-404e-bfc9-3f248342f418___RS_HL 7542.JPG,Healthy
data\raw\apple\Apple___healthy\42f558a0-c252-4949-ba12-232731aa9a6b___RS_HL 7543.JPG,Healthy
data\raw\apple\Apple___healthy\57e50846-b756-498f-a4b7-84571faed0ab___RS_HL 7541.JPG,Healthy
data\raw\apple\Apple___healthy\764614d4-c19d-4dac-ba69-e2aced0900aa___RS_HL 7546.JPG,Healthy
data\raw\apple\Apple___healthy\d163d7d1-4557-443d-8584-dab6934f858f___RS_HL 7545.JPG,Healthy
data\raw\apple\Apple___healthy\65fcf384-964b-41c5-9a54-aecb473283d2___RS_HL 7672.JPG,Healthy
data\raw\apple\Apple___healthy\817ae6f2-7f72-457f-889a-6cddeaf0945e___RS_HL 7674.JPG,Healthy
data\raw\apple\Apple___healthy\a2b40acc-cec7-4c42-a1d4-199b85f7e4a1___RS_HL 7675.JPG,Healthy
data\raw\apple\Apple___healthy\bc9b490b-eb06-4b0a-bfcc-f90478e0418b___RS_HL 7677.JPG,Healthy
data\raw\apple\Apple___healthy\beaa2ead-91d2-46f1-b2a0-f3a3662ee1f0___RS_HL 7676.JPG,Healthy
data\raw\apple\Apple___healthy\d88aa4e9-2d7d-4bd6-9a1d-e2f5a77507ff___RS_HL 7673.JPG,Healthy
data\raw\apple\Apple___healthy\03109942-bfa2-4728-b375-4f02a95957de___RS_HL 8066.JPG,Healthy
data\raw\apple\Apple___healthy\20828c75-15bc-4c31-a3ef-4ee3bfb7081b___RS_HL 8065.JPG,Healthy
data\raw\apple\Apple___healthy\4f84889d-5057-4b56-9643-86b7ec5fcfdd___RS_HL 8063.JPG,Healthy
data\raw\apple\Apple___healthy\74df20a6-770a-4ab4-87a6-7020c98bc329___RS_HL 8064.JPG,Healthy
data\raw\apple\Apple___healthy\7873b55d-17cc-4d91-8914-e2473d18b766___RS_HL 8067.JPG,Healthy
data\raw\apple\Apple___healthy\8e4b14b2-2601-4ffc-805c-a68b200e80ec___RS_HL 8069.JPG,Healthy
data\raw\apple\Apple___healthy\d215e01d-93aa-41cc-9212-614c93151cca___RS_HL 8068.JPG,Healthy
data\raw\apple\Apple___Apple_scab\0b4a52e3-e15e-4117-b2e8-7cdb5dca3ce9___FREC_Scab 3137.JPG,Apple Scab
data\raw\apple\Apple___Apple_scab\40d60cf0-1311-40c7-9e7e-579e74c92027___FREC_Scab 3136.JPG,Apple Scab
data\raw\apple\Apple___Apple_scab\83d10707-6253-4717-8c8a-6ea3ebb1e0e1___FREC_Scab 3138.JPG,Apple Scab
data\raw\apple\Apple___Apple_scab\a2d4e28d-efb1-4b5c-8f39-de90392f007a___FREC_Scab 3139.JPG,Apple Scab
data\raw\apple\Apple___healthy\041482f6-6dd6-4ac9-9e59-e973c9bcaf6d___RS_HL 8155.JPG,Healthy
data\raw\apple\Apple___healthy\188d8d1c-a33a-4513-b97f-466135939339___RS_HL 8151.JPG,Healthy
data\raw\apple\Apple___healthy\1dabd7f0-68f4-4d1b-b026-e314457de638___RS_HL 8153.JPG,Healthy
data\raw\apple\Apple___healthy\44f96d95-150b-499d-8fb7-a95ed4df85c6___RS_HL 8152.JPG,Healthy
data\raw\apple\Apple___healthy\8eb47c92-87b8-4c92-a6a1-faf62e651e3e___RS_HL 8156.JPG,Healthy
data\raw\apple\Apple___healthy\bd802f98-838a-4703-b38d-5db77ddac1b8___RS_HL 8154.JPG,Healthy
data\raw\apple\Apple___healthy\d5fc35d2-b7d0-4ff7-9f96-5d3055ef6dde___RS_HL 8150.JPG,Healthy
data\raw\apple\Apple___healthy\22e6ab6c-375c-475f-8888-3d2f6d939111___RS_HL 7625.JPG,Healthy
data\raw\apple\Apple___healthy\26e85922-aaf1-4cc6-8bdb-2fb0222a4b8c___RS_HL 7624.JPG,Healthy
data\raw\apple\Apple___healthy\6aa4217e-6d45-4a3b-8804-99fe82bd8925___RS_HL 7627.JPG,Healthy
data\raw\apple\Apple___healthy\82fa759f-dfdd-40ee-98df-ed232a081ab1___RS_HL 7629.JPG,Healthy
data\raw\apple\Apple___healthy\bd9222f6-b97a-4e5b-ac0f-ff320f5f7180___RS_HL 7630.JPG,Healthy
data\raw\apple\Apple___healthy\bfbfd624-ea18-4469-8038-4c90e4369209___RS_HL 7628.JPG,Healthy
data\raw\apple\Apple___healthy\d509b6e5-a4b7-49c8-ac55-c06c8dab3005___RS_HL 7626.JPG,Healthy
data\raw\apple\Apple___Black_rot\0d17b92b-8ec2-4a00-a8ff-9daea3fed2e8___JR_FrgE.S 2915.JPG,Black Rot
data\raw\apple\Apple___Black_rot\6c213dbb-aa21-4334-a773-8dc69f4421d2___JR_FrgE.S 2909.JPG,Black Rot
data\raw\apple\Apple___Black_rot\6ce1eb43-e41c-4eb0-9440-db5a955ab7b6___JR_FrgE.S 2919.JPG,Black Rot
data\raw\apple\Apple___Black_rot\7558e6ff-8441-4ed8-b881-54288ab95441___JR_FrgE.S 2920.JPG,Black Rot
data\raw\apple\Apple___Black_rot\7d0d902e-524f-48da-9eee-41642cc78aef___JR_FrgE.S 2911.JPG,Black Rot
data\raw\apple\Apple___Black_rot\9a74119d-ce66-49a9-bec1-52df73abf8d0___JR_FrgE.S 2910.JPG,Black Rot
data\raw\apple\Apple___Black_rot\aeddf040-51e9-439f-9d30-d7db6559508c___JR_FrgE.S 2914.JPG,Black Rot
data\raw\apple\Apple___Black_rot\b303fd07-e783-4013-90a5-dc989eec371f___JR_FrgE.S 2916.JPG,Black Rot
data\raw\apple\Apple___Black_rot\bc64857e-c087-44c9-83b5-514d9b8dea37___JR_FrgE.S 2912.JPG,Black Rot
data\raw\apple\Apple___Black_rot\d3dab897-b9de-4ec4-a335-db2f36a64011___JR_FrgE.S 2918.JPG,Black Rot
data\raw\apple\Apple___Black_rot\f415bc3e-3e71-4636-a3dd-78b65002384d___JR_FrgE.S 2917.JPG,Black Rot
data\raw\apple\Apple___Black_rot\fc7d3fc0-1b3c-4865-adee-3670870ec4c3___JR_FrgE.S 2913.JPG,Black Rot
data\raw\apple\Apple___healthy\00fca0da-2db3-481b-b98a-9b67bb7b105c___RS_HL 7708.JPG,Healthy
data\raw\apple\Apple___healthy\5915bea7-aecc-4247-acfe-6e115e7c9836___RS_HL 7703.JPG,Healthy
data\raw\apple\Apple___healthy\76236e9c-1898-475e-b0f6-0d535e105432___RS_HL 7702.JPG,Healthy
data\raw\apple\Apple___healthy\a2024303-1e78-4f1b-80b4-3f02f9f5dceb___RS_HL 7707.JPG,Healthy
data\raw\apple\Apple___healthy\dab1c693-aed0-4a33-ab47-66948821a615___RS_HL 7706.JPG,Healthy
data\raw\apple\Apple___healthy\ee4eddac-1368-4d79-950f-e9b09e7cbd24___RS_HL 7704.JPG,Healthy
data\raw\apple\Apple___healthy\f8b4d48b-a454-4991-9f79-bba2f921ef9a___RS_HL 7705.JPG,Healthy
data\raw\apple\Apple___healthy\0d01a8a3-9faa-4a1f-afe0-be6bffa42056___RS_HL 6204.JPG,Healthy
data\raw\apple\Apple___healthy\1356ba06-a72d-480b-b9e5-7bc349d9e605___RS_HL 6208.JPG,Healthy
data\raw\apple\Apple___healthy\20102c8b-dde0-47d2-8035-7ceeb42f1961___RS_HL 6207.JPG,Healthy
data\raw\apple\Apple___healthy\39be15a0-4c7f-4a8e-9938-829bec85fd1c___RS_HL 6209.JPG,Healthy
data\raw\apple\Apple___healthy\531fbf24-8362-445d-ba13-6ece16d53de7___RS_HL 6206.JPG,Healthy
data\raw\apple\Apple___healthy\55b70cf6-c157-48bb-892c-24fa7c230a85___RS_HL 6203.JPG,Healthy
data\raw\apple\Apple___healthy\9b0ebfaf-9d8f-4195-b2af-9505b5bc1f19___RS_HL 6212.JPG,Healthy
data\raw\apple\Apple___healthy\afc70f71-aaa3-4de5-9fe4-1e951fda71cc___RS_HL 6211.JPG,Healthy
data\raw\apple\Apple___healthy\ba0769ee-18a8-4250-b5c3-d7cfbb1ea0ac___RS_HL 6205.JPG,Healthy
data\raw\apple\Apple___healthy\c86f1476-4e5c-4dbd-923d-a575bd03cd18___RS_HL 6210.JPG,Healthy
data\raw\apple\Apple___healthy\f33146e2-5f03-4bb7-ace6-0ebdf535d6e7___RS_HL 6214.JPG,Healthy
data\raw\apple\Apple___Apple_scab\0340dc35-5215-48ab-8db7-06af99fcb358___FREC_Scab 2966.JPG,Apple Scab
data\raw\apple\Apple___Apple_scab\3c2f46e3-9f96-4912-a9d5-7a046aa6a1b2___FREC_Scab 2967.JPG,Apple Scab
data\raw\apple\Apple___Apple_scab\3eb26abb-a392-4cc4-9be2-d5e4bb8f3660___FREC_Scab 2969.JPG,Apple Scab
data\raw\apple\Apple___Apple_scab\b4162101-daaa-4e98-bd83-e00f38cf5946___FREC_Scab 2968.JPG,Apple Scab
data\raw\apple\Apple___Apple_scab\f957b91b-878a-4f53-b8b5-a8bf7fa2c773___FREC_Scab 2970.JPG,Apple Scab
data\raw\apple\Apple___healthy\0f5cb632-9b97-48ce-88d6-45bf321175ce___RS_HL 6088.JPG,Healthy
data\raw\apple\Apple___healthy\2301f2bb-7972-4fb8-8be6-246ce55ca3b6___RS_HL 6100.JPG,Healthy
data\raw\apple\Apple___healthy\23307db5-ba40-498c-9b96-2c6b65f40c27___RS_HL 6096.JPG,Healthy
data\raw\apple\Apple___healthy\3e8eb97c-b2ad-4aeb-82ff-2f1334801c9b___RS_HL 6098.JPG,Healthy
data\raw\apple\Apple___healthy\80089e7a-4c0c-492b-ac23-753be3617cbf___RS_HL 6099.JPG,Healthy
data\raw\apple\Apple___healthy\8516ac47-c297-4943-9ac1-a10f26e9101c___RS_HL 6094.JPG,Healthy
data\raw\apple\Apple___healthy\8fd3cfbd-fbca-4c33-a2a7-1e7ecc71ec9e___RS_HL 6091.JPG,Healthy
data\raw\apple\Apple___healthy\a63295f1-8032-4db2-b0d7-4e51f6e30bad___RS_HL 6089.JPG,Healthy
data\raw\apple\Apple___healthy\b6808ea5-f26b-49fa-87b2-a1bbbc98d74c___RS_HL 6095.JPG,Healthy
data\raw\apple\Apple___healthy\c81fa31b-23b0-4e58-bb69-36a45cb7898a___RS_HL 6093.JPG,Healthy
data\raw\apple\Apple___healthy\cb2820ba-baab-455a-8830-df6f53bbb580___RS_HL 6097.JPG,Healthy
data\raw\apple\Apple___healthy\d830e2b3-a724-448b-978b-2529bcdb35bf___RS_HL 6087.JPG,Healthy
data\raw\apple\Apple___healthy\f17a1770-7878-4f53-a432-e93429328836___RS_HL 6090.JPG,Healthy
data\raw\apple\Apple___Apple_scab\18ab74ed-8e95-4787-b2e1-1283594bd00b___FREC_Scab 3012.JPG,Apple Scab
data\raw\apple\Apple___Apple_scab\7f4d7ebc-7d2b-454f-8f61-b5dc469a16b7___FREC_Scab 3010.JPG,Apple Scab
data\raw\apple\Apple___Apple_scab\86054e9e-26b4-42b5-b192-58ddee7b0c34___FREC_Scab 3011.JPG,Apple Scab
data\raw\apple\Apple___Apple_scab\b1efda88-84a3-4d96-b3bf-48d7e12155e9___FREC_Scab 3009.JPG,Apple Scab
data\raw\apple\Apple___Apple_scab\fd5a96b7-6623-41cc-b34c-3b940ea27286___FREC_Scab 3013.JPG,Apple Scab
data\raw\apple\Apple___Apple_scab\fdc58f83-8a94-4f0c-aefe-c6f2b5028682___FREC_Scab 3014.JPG,Apple Scab
data\raw\apple\Apple___healthy\1aaa3665-febe-407c-8830-7919b093305e___RS_HL 7803.JPG,Healthy
data\raw\apple\Apple___healthy\28b993ef-31f6-42a9-b39b-933a18c0b532___RS_HL 7798.JPG,Healthy
data\raw\apple\Apple___healthy\7a5ad785-c05e-49bd-b1e0-4d9405bedfb5___RS_HL 7804.JPG,Healthy
data\raw\apple\Apple___healthy\8cc94307-16b9-4e2c-a786-5ba504d244c3___RS_HL 7799.JPG,Healthy
data\raw\apple\Apple___healthy\afc0668a-0e88-4fa3-a91b-acf3f54551d7___RS_HL 7800.JPG,Healthy
data\raw\apple\Apple___healthy\bd55e151-34f4-46b0-8683-7315c39a7e34___RS_HL 7802.JPG,Healthy
data\raw\apple\Apple___healthy\d3543a4b-c5df-44f9-99e2-199e814e61cc___RS_HL 7805.JPG,Healthy
data\raw\apple\Apple___healthy\ddcb6c1e-1512-4f0f-95c0-8c99dbdba7e0___RS_HL 7801.JPG,Healthy
data\raw\apple\Apple___Black_rot\24ff782d-8641-4508-969a-0f1a2f4a3f48___JR_FrgE.S 8700.JPG,Black Rot
data\raw\apple\Apple___Black_rot\4ef8432c-0114-4c67-a5f0-a4935597dc68___JR_FrgE.S 8698.JPG,Black Rot
data\raw\apple\Apple___Black_rot\7504315d-b8fb-4b7d-a293-2e224968ab30___JR_FrgE.S 8697.JPG,Black Rot
data\raw\apple\Apple___Black_rot\c8269293-ae8c-4ac0-8eb3-6574683f1b2e___JR_FrgE.S 8699.JPG,Black Rot
data\raw\apple\Apple___Black_rot\f770ff71-9ac5-46ef-8b66-65ba246bb952___JR_FrgE.S 8702.JPG,Black Rot
data\raw\apple\Apple___Black_rot\f872ce63-a162-44bd-84ac-c7d89c485457___JR_FrgE.S 8701.JPG,Black Rot
data\raw\apple\Apple___Apple_scab\058d5e64-2c57-45ba-94cb-ac83fd1885a0___FREC_Scab 3181.JPG,Apple Scab
data\raw\apple\Apple___Apple_scab\13b16e68-c82c-4de8-ab34-877ff352e821___FREC_Scab 3180.JPG,Apple Scab
data\raw\apple\Apple___Apple_scab\23f31e0d-3330-4752-9f83-8aba28c90ccb___FREC_Scab 3178.JPG,Apple Scab
data\raw\apple\Apple___Apple_scab\9fd8d7c3-3321-49fc-a7dc-165ccc353c78___FREC_Scab 3177.JPG,Apple Scab
data\raw\apple\Apple___Apple_scab\cd5654a1-a27a-49f1-8d97-22101a905278___FREC_Scab 3179.JPG,Apple Scab
data\raw\apple\Apple___healthy\21b1f887-6f78-4da8-b676-d9e53cb8b24d___RS_HL 6012.JPG,Healthy
data\raw\apple\Apple___Black_rot\1021c460-93e4-48cd-9c84-c576b2c5117c___JR_FrgE.S 2983.JPG,Black Rot
data\raw\apple\Apple___Black_rot\337ea111-17e2-470d-8fae-1fe8c61c13dc___JR_FrgE.S 2985.JPG,Black Rot
data\raw\apple\Apple___Black_rot\5a41cc86-178f-488e-9d96-e63291247737___JR_FrgE.S 2984.JPG,Black Rot
data\raw\apple\Apple___Black_rot\93f9f8ea-31c2-412f-b3c4-49ee75312d76___JR_FrgE.S 2978.JPG,Black Rot
data\raw\apple\Apple___Black_rot\9db24caa-7d1e-4b4d-a5fd-ddc794e48ec4___JR_FrgE.S 2980.JPG,Black Rot
data\raw\apple\Apple___Black_rot\ac638c74-99c4-434f-a9a1-ef727fa494eb___JR_FrgE.S 2986.JPG,Black Rot
data\raw\apple\Apple___Black_rot\e7cca27e-405c-4b21-9e61-f0c3ca6ee1c4___JR_FrgE.S 2977.JPG,Black Rot
data\raw\apple\Apple___Black_rot\f6c9080a-95af-48f8-8178-0be757d92d20___JR_FrgE.S 2982.JPG,Black Rot
data\raw\apple\Apple___Black_rot\fdcf5330-6e9d-4fde-9284-1ac4e7b0fa30___JR_FrgE.S 2981.JPG,Black Rot
data\raw\apple\Apple___Black_rot\ff7087a7-3388-45dc-a9e9-0aed99539223___JR_FrgE.S 2979.JPG,Black Rot
data\raw\apple\Apple___Apple_scab\2438c1f0-556e-4575-b382-96e17f908e34___FREC_Scab 3230.JPG,Apple Scab
data\raw\apple\Apple___Apple_scab\45e34a1f-1d46-42e8-921d-c82f2c9e7cd1___FREC_Scab 3228.JPG,Apple Scab
data\raw\apple\Apple___Apple_scab\60f3ba82-caf1-4cf7-998c-b0005458fa38___FREC_Scab 3226.JPG,Apple Scab
data\raw\apple\Apple___Apple_scab\b7740d56-4540-44f5-82c4-3916da0cba20___FREC_Scab 3229.JPG,Apple Scab
data\raw\apple\Apple___Apple_scab\c745cec0-6c89-4bee-b0c2-a71a925b7f1b___FREC_Scab 3227.JPG,Apple Scab
data\raw\apple\Apple___Apple_scab\dbf6dab4-0765-454c-8cb9-6b4329bca971___FREC_Scab 3225.JPG,Apple Scab
data\raw\apple\Apple___healthy\0eeeccc7-f3fb-4b7a-90ec-750fbf10f7e6___RS_HL 6249.JPG,Healthy
data\raw\apple\Apple___Apple_scab\4abca5eb-2376-4551-be42-25bbb5400fc7___FREC_Scab 3268.JPG,Apple Scab
data\raw\apple\Apple___Apple_scab\7be1e0a3-01d0-40c3-9628-f69952550267___FREC_Scab 3263.JPG,Apple Scab
data\raw\apple\Apple___Apple_scab\abfd8972-51b1-4715-a358-54e8e2afa071___FREC_Scab 3267.JPG,Apple Scab
data\raw\apple\Apple___Apple_scab\adfdba4a-a725-4c5b-8b1c-96e8b20baa7b___FREC_Scab 3265.JPG,Apple Scab
data\raw\apple\Apple___Apple_scab\b84c8919-1f8c-4751-a759-e0ec84839020___FREC_Scab 3264.JPG,Apple Scab
data\raw\apple\Apple___Apple_scab\c0bfed2f-ace7-44dd-9410-440b5eea4d89___FREC_Scab 3266.JPG,Apple Scab
data\raw\apple\Apple___Apple_scab\0cbfa4fa-63d8-43ce-9385-ff140e524b69___FREC_Scab 3164.JPG,Apple Scab
data\raw\apple\Apple___Apple_scab\5b74fa7a-008d-42b2-b8c0-07bd4642153a___FREC_Scab 3162.JPG,Apple Scab
data\raw\apple\Apple___Apple_scab\89888e39-a951-4507-a9c4-193aead90f64___FREC_Scab 3160.JPG,Apple Scab
data\raw\apple\Apple___Apple_scab\95c2cc04-5581-48ca-8001-9644bb488b12___FREC_Scab 3163.JPG,Apple Scab
data\raw\apple\Apple___Apple_scab\ff99efdc-a9f8-4360-9c64-f8274f456be5___FREC_Scab 3161.JPG,Apple Scab
data\raw\apple\Apple___healthy\16f4ae2e-0592-4a9b-ba7d-df9db0cc04fc___RS_HL 7688.JPG,Healthy
data\raw\apple\Apple___healthy\21c42956-0894-43bf-a1b8-787ef33594c2___RS_HL 7686.JPG,Healthy
data\raw\apple\Apple___healthy\367d7a43-f910-4714-918f-f4b9ffde5a91___RS_HL 7692.JPG,Healthy
data\raw\apple\Apple___healthy\36ab2af7-aff6-4578-99ef-4cf5b6527a9c___RS_HL 7689.JPG,Healthy
data\raw\apple\Apple___healthy\77b48eb5-7237-460f-8751-cfb231c917a7___RS_HL 7687.JPG,Healthy
data\raw\apple\Apple___healthy\7c2adcd0-fa59-4181-8abf-3840a445c786___RS_HL 7690.JPG,Healthy
data\raw\apple\Apple___healthy\e29afa6a-10d2-4d5c-a31c-b06fdf1bbadd___RS_HL 7691.JPG,Healthy
data\raw\apple\Apple___healthy\fac70506-5bb2-40bb-a8bd-249cbe7c27e3___RS_HL 7693.JPG,Healthy
data\raw\apple\Apple___Black_rot\57cbfc0a-6720-4672-bda8-e9ad59c0fefc___JR_FrgE.S 8651.JPG,Black Rot
data\raw\apple\Apple___Black_rot\7b417a00-eed4-4192-9ab1-709859e6556a___JR_FrgE.S 8650.JPG,Black Rot
data\raw\apple\Apple___Black_rot\7f1f4f8b-86cc-4cc5-bb70-8b1653cea8ae___JR_FrgE.S 8649.JPG,Black Rot
data\raw\apple\Apple___Black_rot\988c58b8-9323-4b0f-86de-c4fe396f09b8___JR_FrgE.S 8648.JPG,Black Rot
data\raw\apple\Apple___Black_rot\d2313a95-61dd-45de-a8b8-3c2992e2b97f___JR_FrgE.S 8652.JPG,Black Rot
data\raw\apple\Apple___Black_rot\fa8eff59-b9f9-45d9-a8f4-eca6fa5a8896___JR_FrgE.S 8647.JPG,Black Rot
data\raw\apple\Apple___healthy\129abcae-51bd-43d9-9f30-c4e07523186a___RS_HL 7769.JPG,Healthy
data\raw\apple\Apple___healthy\232e37bf-da7c-4c4e-94fd-ce592dd37786___RS_HL 7770.JPG,Healthy
data\raw\apple\Apple___healthy\3d300955-5956-4ed8-9348-d2d02388d4d3___RS_HL 7772.JPG,Healthy
data\raw\apple\Apple___healthy\4b2958d2-b93d-4ed1-b899-01a6c3a5b8b6___RS_HL 7768.JPG,Healthy
data\raw\apple\Apple___healthy\8a5ead41-d268-4bc8-867e-036f90f3d99c___RS_HL 7771.JPG,Healthy
data\raw\apple\Apple___healthy\8b258036-674c-4553-8e2c-408d02319a05___RS_HL 7767.JPG,Healthy
data\raw\apple\Apple___healthy\e3a3c4f3-12b0-49f2-a14c-c73cdc542e74___RS_HL 7773.JPG,Healthy
data\raw\apple\Apple___healthy\0f33804a-5389-49cc-abb1-c414b243991b___RS_HL 7321.JPG,Healthy
data\raw\apple\Apple___healthy\3bde3d8d-8a44-4e06-9492-a54a9844bf90___RS_HL 7318.JPG,Healthy
data\raw\apple\Apple___healthy\3ee70760-b734-43e2-b29b-aee4daafe6cd___RS_HL 7317.JPG,Healthy
data\raw\apple\Apple___healthy\41a4e6fd-7e26-4c73-ac08-bcfffda53c0f___RS_HL 7322.JPG,Healthy
data\raw\apple\Apple___healthy\818082df-492c-4c5e-a3bb-a3153818d816___RS_HL 7319.JPG,Healthy
data\raw\apple\Apple___healthy\81dd861f-5c83-41f3-8aa2-2abbb94ed9f5___RS_HL 7325.JPG,Healthy
data\raw\apple\Apple___healthy\83e52e5f-0192-4cf9-b513-651040367ed8___RS_HL 7320.JPG,Healthy
data\raw\apple\Apple___healthy\8c00ea10-bfc2-4d26-9dcf-afbf2dcd377a___RS_HL 7326.JPG,Healthy
data\raw\apple\Apple___healthy\8e2d41f1-9cae-4f1a-b7b4-9ec0c6fbd6fe___RS_HL 7329.JPG,Healthy
data\raw\apple\Apple___healthy\9244aeb1-9d6d-4ef7-9d94-7a02e369feea___RS_HL 7327.JPG,Healthy
data\raw\apple\Apple___healthy\ba26ee51-3cff-482d-8ed1-4387aa33f208___RS_HL 7316.JPG,Healthy
data\raw\apple\Apple___healthy\c72f2192-e438-4ae6-9b0a-0e9dafbf9a3e___RS_HL 7324.JPG,Healthy
data\raw\apple\Apple___healthy\d29e5681-1f95-4efa-9196-9ecd45538d87___RS_HL 7328.JPG,Healthy
data\raw\apple\Apple___healthy\f2e86675-cb7b-4d8a-9400-9b844ccc3f9e___RS_HL 7323.JPG,Healthy
data\raw\apple\Apple___healthy\0b00a1a8-b525-4392-bb6c-3ffb7d824bee___RS_HL 7904.JPG,Healthy
data\raw\apple\Apple___healthy\13ee12c2-f465-4e44-a81f-36695ded6955___RS_HL 7897.JPG,Healthy
data\raw\apple\Apple___healthy\176a0917-16d8-43c6-8698-1ae095282e66___RS_HL 7903.JPG,Healthy
data\raw\apple\Apple___healthy\1db9945a-de31-4e5f-9f95-2888c6330057___RS_HL 7901.JPG,Healthy
data\raw\apple\Apple___healthy\6b106a6f-b47f-40a3-8825-f7bfea6163d7___RS_HL 7905.JPG,Healthy
data\raw\apple\Apple___healthy\6bf1bcc0-0e98-4f3c-901d-ab8552f04fdd___RS_HL 7899.JPG,Healthy
data\raw\apple\Apple___healthy\836734c2-f568-4b02-896e-9a6bca89404f___RS_HL 7900.JPG,Healthy
data\raw\apple\Apple___healthy\c936479f-544d-482a-a3d2-19b8bf69bf8d___RS_HL 7898.JPG,Healthy
data\raw\apple\Apple___Black_rot\057c985f-2a00-40fe-b48f-590aabd3babe___JR_FrgE.S 3015.JPG,Black Rot
data\raw\apple\Apple___Black_rot\1aa28af5-8270-467c-b496-ff415f0b58df___JR_FrgE.S 3010.JPG,Black Rot
data\raw\apple\Apple___Black_rot\4f71c078-e0f6-4b05-a421-1b644f0e99a1___JR_FrgE.S 3016.JPG,Black Rot
data\raw\apple\Apple___Black_rot\507c6d2a-5fba-4f4c-9c44-9308f3ffdf69___JR_FrgE.S 3013.JPG,Black Rot
data\raw\apple\Apple___Black_rot\7c6d3ea5-7af7-411b-982d-8054c545818e___JR_FrgE.S 3009.JPG,Black Rot
data\raw\apple\Apple___Black_rot\9d79342d-4445-42d1-878c-7f0c91e285fe___JR_FrgE.S 3011.JPG,Black Rot
data\raw\apple\Apple___Black_rot\d751e4b1-101d-4f23-aa99-5cd93b617aab___JR_FrgE.S 3012.JPG,Black Rot
data\raw\apple\Apple___Black_rot\dda90093-ad40-44cf-8c6d-b4572d1c19cd___JR_FrgE.S 3014.JPG,Black Rot
data\raw\apple\Apple___Black_rot\07dbfcca-71aa-4c14-b895-60dfb63f701d___JR_FrgE.S 3063.JPG,Black Rot
data\raw\apple\Apple___Black_rot\30aebb07-bde6-44c8-bee2-a06ff42a948d___JR_FrgE.S 3071.JPG,Black Rot
data\raw\apple\Apple___Black_rot\34eb19d8-32a9-4c9b-829f-d0ed705c5f03___JR_FrgE.S 3064.JPG,Black Rot
data\raw\apple\Apple___Black_rot\4231e86c-5f4c-439c-be0f-1fa0274581c6___JR_FrgE.S 3067.JPG,Black Rot
data\raw\apple\Apple___Black_rot\47c17d6e-07d4-4523-978e-495edff13b00___JR_FrgE.S 3068.JPG,Black Rot
data\raw\apple\Apple___Black_rot\4cdea367-e77f-4d29-a99c-23ec18260ee9___JR_FrgE.S 3066.JPG,Black Rot
data\raw\apple\Apple___Black_rot\4db0765f-5928-4254-b935-e6fcbec9deeb___JR_FrgE.S 3062.JPG,Black Rot
data\raw\apple\Apple___Black_rot\53c066d8-f232-4312-bc1b-dd831ba73784___JR_FrgE.S 3065.JPG,Black Rot
data\raw\apple\Apple___Black_rot\78c153fc-2118-4a91-8b39-3a0c92091097___JR_FrgE.S 3069.JPG,Black Rot
data\raw\apple\Apple___Black_rot\ab1b3baa-483a-4b41-b5d7-32e043f52594___JR_FrgE.S 3073.JPG,Black Rot
data\raw\apple\Apple___Black_rot\e11f6e9d-abff-4da2-864e-45f9aa2df34b___JR_FrgE.S 3072.JPG,Black Rot
data\raw\apple\Apple___Black_rot\e2af1632-e9bb-4a05-8ead-faba02eac1e2___JR_FrgE.S 3070.JPG,Black Rot
data\raw\apple\Apple___Black_rot\fb8255a6-e05d-44d3-a115-80c1e55009bd___JR_FrgE.S 3074.JPG,Black Rot
data\raw\apple\Apple___healthy\02a0f44c-9cbe-4a2e-9710-296692635ec6___RS_HL 5789.JPG,Healthy
data\raw\apple\Apple___healthy\115ce7f7-f1b1-4f24-a96f-07107c9e703c___RS_HL 5791.JPG,Healthy
data\raw\apple\Apple___healthy\2116b976-703d-46af-b8a0-ee3ff8e4afa4___RS_HL 5793.JPG,Healthy
data\raw\apple\Apple___healthy\3561a457-ec26-442a-925a-cdbe7f37a430___RS_HL 5786.JPG,Healthy
data\raw\apple\Apple___healthy\4c368acb-0a47-4c7f-84bd-29dc74660db9___RS_HL 5800.JPG,Healthy
data\raw\apple\Apple___healthy\4cd8dfb9-2afe-425f-a110-39882ded3802___RS_HL 5799.JPG,Healthy
data\raw\apple\Apple___healthy\57ef10ab-f1fe-4b14-ad46-91b4255f2e49___RS_HL 5796.JPG,Healthy
data\raw\apple\Apple___healthy\7710d64d-83a3-46af-a9ff-535dd225523f___RS_HL 5788.JPG,Healthy
data\raw\apple\Apple___healthy\89ce10db-057c-4c03-9324-b512db8ca3d6___RS_HL 5797.JPG,Healthy
data\raw\apple\Apple___healthy\9ac93ab7-5e33-46f3-9db7-008edcf15f30___RS_HL 5787.JPG,Healthy
data\raw\apple\Apple___healthy\9decdcd8-8027-4901-8da6-bd27c01e1ba1___RS_HL 5798.JPG,Healthy
data\raw\apple\Apple___healthy\a0167593-6219-479d-9e28-161dfea5b19a___RS_HL 5790.JPG,Healthy
data\raw\apple\Apple___healthy\a64b16af-0fb8-4c07-a4d3-b3f87e33d6ca___RS_HL 5795.JPG,Healthy
data\raw\apple\Apple___healthy\d2ccc66e-eedd-4a68-8b8b-d4b8018f6a56___RS_HL 5792.JPG,Healthy
data\raw\apple\Apple___healthy\d80a4d8f-c6a6-41e9-92d0-ba21894f8c64___RS_HL 5794.JPG,Healthy
data\raw\apple\Apple___healthy\253bd68f-d969-4fa8-9373-6c49ba5fb274___RS_HL 7439.JPG,Healthy
data\raw\apple\Apple___healthy\2d62f422-484f-4fa9-af67-f2724cfe5564___RS_HL 7441.JPG,Healthy
data\raw\apple\Apple___healthy\2e7471ae-fd24-4038-9caf-98f4cf2a6946___RS_HL 7437.JPG,Healthy
data\raw\apple\Apple___healthy\49fa7047-3a59-4afe-8dc3-e6fc10e5b830___RS_HL 7435.JPG,Healthy
data\raw\apple\Apple___healthy\8293f7a8-cfde-4dea-be03-8d750b133e30___RS_HL 7440.JPG,Healthy
data\raw\apple\Apple___healthy\b776b468-ee06-4871-98da-3998ead30369___RS_HL 7438.JPG,Healthy
data\raw\apple\Apple___healthy\ba74e810-929a-4107-b366-ade4fc3cc50e___RS_HL 7436.JPG,Healthy
data\raw\apple\Apple___Apple_scab\0ea78733-9404-4536-8793-a108c66269b3___FREC_Scab 3145.JPG,Apple Scab
data\raw\apple\Apple___Apple_scab\67f122a8-fb8f-4b8c-bd45-3cf11db238b8___FREC_Scab 3140.JPG,Apple Scab
data\raw\apple\Apple___Apple_scab\8e04135b-2279-43a7-af41-147d96395478___FREC_Scab 3143.JPG,Apple Scab
data\raw\apple\Apple___Apple_scab\b10dceaa-a764-46b4-bd61-bc9fb13579ca___FREC_Scab 3141.JPG,Apple Scab
data\raw\apple\Apple___Apple_scab\b8829a11-a69e-479f-977e-3890cd1d76b1___FREC_Scab 3144.JPG,Apple Scab
data\raw\apple\Apple___Apple_scab\bce3ba0b-a142-4b28-8cb3-eb6bb6a3b8a2___FREC_Scab 3142.JPG,Apple Scab
data\raw\apple\Apple___Black_rot\032cf235-07ff-478f-b347-d55c07835bc5___JR_FrgE.S 8778.JPG,Black Rot
data\raw\apple\Apple___Black_rot\1bb4d1d5-ca06-49b6-8f89-ed0d6c1d68af___JR_FrgE.S 8777.JPG,Black Rot
data\raw\apple\Apple___Black_rot\58053fa6-04df-4c96-901e-924bdbcaaf1e___JR_FrgE.S 8774.JPG,Black Rot
data\raw\apple\Apple___Black_rot\bd1b3df1-f056-40c1-aded-be7185154408___JR_FrgE.S 8779.JPG,Black Rot
data\raw\apple\Apple___Black_rot\d4c03762-b68f-4e8f-ae5c-10b15de04fb3___JR_FrgE.S 8776.JPG,Black Rot
data\raw\apple\Apple___Black_rot\d65349b4-80ff-474e-a48e-bf8fa597d880___JR_FrgE.S 8775.JPG,Black Rot
data\raw\apple\Apple___healthy\0d072074-0253-4a6b-a4cb-02f520c46942___RS_HL 5805.JPG,Healthy
data\raw\apple\Apple___healthy\2074d81b-88ad-40f7-9e7a-cd24c2435ea9___RS_HL 5804.JPG,Healthy
data\raw\apple\Apple___healthy\38292be8-d182-458a-adcd-343435c343ec___RS_HL 5801.JPG,Healthy
data\raw\apple\Apple___healthy\40b69253-5e07-452f-82b5-8d4f0f15e400___RS_HL 5813.JPG,Healthy
data\raw\apple\Apple___healthy\45584571-03d6-40eb-909e-00c752a4d66e___RS_HL 5803.JPG,Healthy
data\raw\apple\Apple___healthy\87c49c13-8b4f-40c8-b624-57c19e6e51e9___RS_HL 5811.JPG,Healthy
data\raw\apple\Apple___healthy\946b311a-cb67-46d4-8c8b-0d91ebd456f3___RS_HL 5809.JPG,Healthy
data\raw\apple\Apple___healthy\962f2c1c-b6e2-4428-9ed1-077a92250128___RS_HL 5806.JPG,Healthy
data\raw\apple\Apple___healthy\ab014481-2a2f-4bb8-9a80-6b0ceb012625___RS_HL 5808.JPG,Healthy
data\raw\apple\Apple___healthy\bb575ddf-8661-4bcc-82ee-25050ba543b7___RS_HL 5807.JPG,Healthy
data\raw\apple\Apple___healthy\c475ca60-0635-4bd9-8d2f-d3e7003304c0___RS_HL 5814.JPG,Healthy
data\raw\apple\Apple___healthy\d7308460-64d2-4e9e-aa0d-5b4f62d378ef___RS_HL 5802.JPG,Healthy
data\raw\apple\Apple___healthy\da781038-1b3d-4934-8927-9477efa7d5ec___RS_HL 5815.JPG,Healthy
data\raw\apple\Apple___healthy\deaf8b47-7a21-4cd2-97a6-8dc1fc644d00___RS_HL 5812.JPG,Healthy
data\raw\apple\Apple___healthy\f9952d3a-f286-4863-8667-b8921416b8be___RS_HL 5810.JPG,Healthy
data\raw\apple\Apple___healthy\07778a5c-8037-425f-aa83-d10b1e1d5db4___RS_HL 7269.JPG,Healthy
data\raw\apple\Apple___healthy\0fef497f-8fc7-45ee-ad1c-f4e9237fdaf4___RS_HL 7283.JPG,Healthy
data\raw\apple\Apple___healthy\167f191e-491b-471a-8dc7-ba76315fef0a___RS_HL 7279.JPG,Healthy
data\raw\apple\Apple___healthy\2836a80f-2aa7-46b1-8d64-0cf10037eb67___RS_HL 7268.JPG,Healthy
data\raw\apple\Apple___healthy\3c3127c8-58c3-43ab-9b6f-75c641db96ce___RS_HL 7282.JPG,Healthy
data\raw\apple\Apple___healthy\53ad897b-864f-414f-84e7-0ea0ce53fa1d___RS_HL 7273.JPG,Healthy
data\raw\apple\Apple___healthy\5e6846df-21b1-444c-ac0d-34c67443dbef___RS_HL 7270.JPG,Healthy
data\raw\apple\Apple___healthy\60af8fc1-7f44-496c-9999-507d06e92142___RS_HL 7278.JPG,Healthy
data\raw\apple\Apple___healthy\6dd6bf2b-b606-46fd-af76-6c9166c7d626___RS_HL 7276.JPG,Healthy
data\raw\apple\Apple___healthy\71757e95-73f9-4d07-b357-feb6b120f4fd___RS_HL 7280.JPG,Healthy
data\raw\apple\Apple___healthy\8c6b7e3f-0a34-4370-9477-110614bd7a8f___RS_HL 7281.JPG,Healthy
data\raw\apple\Apple___healthy\8f9ea5b9-f4c7-46d9-88b1-af5cf17694a0___RS_HL 7271.JPG,Healthy
data\raw\apple\Apple___healthy\cc804c2c-87af-4c9f-b347-344701081271___RS_HL 7275.JPG,Healthy
data\raw\apple\Apple___healthy\d0a8e454-67d0-4ddd-b331-c0425f46b5e0___RS_HL 7274.JPG,Healthy
data\raw\apple\Apple___healthy\fd35b750-8672-4801-895f-88a1bab1ac70___RS_HL 7277.JPG,Healthy
data\raw\apple\Apple___healthy\1495b096-6249-4f8c-b9e5-37e09fc21d1a___RS_HL 7716.JPG,Healthy
data\raw\apple\Apple___healthy\36b2cda3-5c11-45e2-962e-d9d9ba5a4896___RS_HL 7711.JPG,Healthy
data\raw\apple\Apple___healthy\525ecf21-2ca1-4939-b258-6002432703aa___RS_HL 7712.JPG,Healthy
data\raw\apple\Apple___healthy\74ac887b-9c88-44bc-8f94-a1da87ccb3ef___RS_HL 7715.JPG,Healthy
data\raw\apple\Apple___healthy\ab4fd2f9-da8a-4fe7-9634-50be1efa0730___RS_HL 7714.JPG,Healthy
data\raw\apple\Apple___healthy\d4008303-6d94-458e-b0f4-61044cc427ae___RS_HL 7709.JPG,Healthy
data\raw\apple\Apple___healthy\edf2aa3e-8736-4931-99dc-4a05252526b6___RS_HL 7710.JPG,Healthy
data\raw\apple\Apple___healthy\f1d26177-d15c-43ee-80e5-6246edc6556c___RS_HL 7713.JPG,Healthy
data\raw\apple\Apple___Apple_scab\073b509f-c1ea-4e61-881b-2e874c5f4199___FREC_Scab 3286.JPG,Apple Scab
data\raw\apple\Apple___Apple_scab\419c16b2-13aa-485b-8342-3760707e21f9___FREC_Scab 3285.JPG,Apple Scab
data\raw\apple\Apple___Apple_scab\44dcf367-d162-407e-8ea8-e363ab8ff5c4___FREC_Scab 3282.JPG,Apple Scab
data\raw\apple\Apple___Apple_scab\53fe6519-da0a-4183-80d6-a18828a33223___FREC_Scab 3283.JPG,Apple Scab
data\raw\apple\Apple___Apple_scab\a72a9033-d2b9-4c64-93bc-7e5a1a0ea4ae___FREC_Scab 3284.JPG,Apple Scab
data\raw\apple\Apple___Apple_scab\b3b884bb-55ff-42dd-81d6-d8260acd4ad5___FREC_Scab 3281.JPG,Apple Scab
data\raw\apple\Apple___Black_rot\04de1246-ecfa-4d2c-bc2d-16b81b0bd364___JR_FrgE.S 2970.JPG,Black Rot
data\raw\apple\Apple___Black_rot\2c6184ba-cc2f-4311-977e-1ed6c1410c1a___JR_FrgE.S 2973.JPG,Black Rot
data\raw\apple\Apple___Black_rot\70186489-b6ea-477c-8893-d6915b7d5490___JR_FrgE.S 2974.JPG,Black Rot
data\raw\apple\Apple___Black_rot\73b7ad12-02d0-4775-8f51-c7d404177132___JR_FrgE.S 2969.JPG,Black Rot
data\raw\apple\Apple___Black_rot\a285e174-d731-431e-b8c5-f5e895a2e2a4___JR_FrgE.S 2975.JPG,Black Rot
data\raw\apple\Apple___Black_rot\e6c8b854-6b46-4137-8e08-81e63ff418ea___JR_FrgE.S 2971.JPG,Black Rot
data\raw\apple\Apple___Black_rot\f14af5e9-087d-4040-9eb2-c2672d513e36___JR_FrgE.S 2972.JPG,Black Rot
data\raw\apple\Apple___Black_rot\fe6a81b9-9198-4db7-82df-0802913716e1___JR_FrgE.S 2976.JPG,Black Rot
data\raw\apple\Apple___Apple_scab\4e770559-e332-470e-aae3-c7ad0399dd20___FREC_Scab 3513.JPG,Apple Scab
data\raw\apple\Apple___Apple_scab\8edca1d5-7ab9-47b6-bdd0-b61e4a11621e___FREC_Scab 3512.JPG,Apple Scab
data\raw\apple\Apple___Apple_scab\de6e3dd8-b2b8-4bce-aa4f-83cc514f2007___FREC_Scab 3511.JPG,Apple Scab
data\raw\apple\Apple___Apple_scab\e9155e73-7f58-441b-a36b-d513bd051742___FREC_Scab 3509.JPG,Apple Scab
data\raw\apple\Apple___Apple_scab\f9e4b1bc-36b0-40df-bb48-4e6ed48ec8b5___FREC_Scab 3514.JPG,Apple Scab
data\raw\apple\Apple___Apple_scab\fcd4d0fd-30c9-4b05-b0ea-ca74fd3cad72___FREC_Scab 3510.JPG,Apple Scab
data\raw\apple\Apple___Apple_scab\1cdf2779-8cb1-4ae4-be70-b0eeb1abb0f8___FREC_Scab 3370.JPG,Apple Scab
data\raw\apple\Apple___Apple_scab\6d9f5940-0ec4-4ccf-8003-719410b7f47c___FREC_Scab 3373.JPG,Apple Scab
data\raw\apple\Apple___Apple_scab\8406c2d8-abac-4992-bf23-6728a84d5437___FREC_Scab 3371.JPG,Apple Scab
data\raw\apple\Apple___Apple_scab\97294a06-04ae-440f-b130-ddff2817c727___FREC_Scab 3372.JPG,Apple Scab
data\raw\apple\Apple___Apple_scab\9ac984f5-d42c-4321-ae2e-7fbde038aa38___FREC_Scab 3369.JPG,Apple Scab
data\raw\apple\Apple___Apple_scab\ab0ab3b2-0893-46c6-8f66-9469e8340b64___FREC_Scab 3368.JPG,Apple Scab
data\raw\apple\Apple___healthy\044a96a2-d5ac-490b-8c57-2c1859cdf8f3___RS_HL 7991.JPG,Healthy
data\raw\apple\Apple___healthy\0c056dd8-2040-48cf-a9a8-53d8ae5662d0___RS_HL 7987.JPG,Healthy
data\raw\apple\Apple___healthy\22289256-19f2-49b7-a1b6-f1210557543b___RS_HL 7985.JPG,Healthy
data\raw\apple\Apple___healthy\68dd3ff0-d8d5-49a7-8813-46293114d967___RS_HL 7990.JPG,Healthy
data\raw\apple\Apple___healthy\7bf79f19-bb50-44cd-b8d5-0b4d6794689b___RS_HL 7989.JPG,Healthy
data\raw\apple\Apple___healthy\c7ede8ae-237e-4228-b635-96d3b6a0bebe___RS_HL 7986.JPG,Healthy
data\raw\apple\Apple___healthy\d56f2b29-74ed-4997-a16c-f3416fe36c04___RS_HL 7988.JPG,Healthy
data\raw\apple\Apple___healthy\1d74d65a-039c-41d6-a459-13f946971ca1___RS_HL 7582.JPG,Healthy
data\raw\apple\Apple___healthy\2381a136-3832-4e59-a7d6-9fe4702ef0a0___RS_HL 7580.JPG,Healthy
data\raw\apple\Apple___healthy\3c1fd0db-4090-485a-9d59-4293714b482c___RS_HL 7581.JPG,Healthy
data\raw\apple\Apple___healthy\686a65da-b541-4b08-94bf-631cf6d27449___RS_HL 7584.JPG,Healthy
data\raw\apple\Apple___healthy\9d135274-b26e-4925-8215-13c928b56b81___RS_HL 7583.JPG,Healthy
data\raw\apple\Apple___healthy\bb94fafa-e2c6-41bc-8146-83835e579513___RS_HL 7585.JPG,Healthy
data\raw\apple\Apple___healthy\c928c4dd-fae7-4650-88e3-8b8cd738243e___RS_HL 7579.JPG,Healthy
data\raw\apple\Apple___healthy\e83245d3-f5e6-43f4-9621-899b089f1c08___RS_HL 7586.JPG,Healthy
data\raw\apple\Apple___Apple_scab\2d5265d2-be99-4e9f-a085-d309cc01b751___FREC_Scab 3023.JPG,Apple Scab
data\raw\apple\Apple___Apple_scab\6a1f119d-d210-4a87-b17f-699436b82bef___FREC_Scab 3025.JPG,Apple Scab
data\raw\apple\Apple___Apple_scab\774fb249-80b5-4575-ab5a-5459a9c14ef6___FREC_Scab 3024.JPG,Apple Scab
data\raw\apple\Apple___Apple_scab\7efdde34-c75b-40bc-92ef-48de08ec0709___FREC_Scab 3027.JPG,Apple Scab
data\raw\apple\Apple___Apple_scab\9e4d949f-0d9b-4b61-8ce9-574664176efc___FREC_Scab 3022.JPG,Apple Scab
data\raw\apple\Apple___Apple_scab\9efcd800-e927-4595-8eb8-26d36524242a___FREC_Scab 3026.JPG,Apple Scab
data\raw\apple\Apple___healthy\2260f331-0610-4dd8-9d8e-270115aba39b___RS_HL 6033.JPG,Healthy
data\raw\apple\Apple___healthy\18a10d55-e00c-4bb7-9ea6-d11bf0de070e___RS_HL 7252.JPG,Healthy
data\raw\apple\Apple___healthy\35f0c52c-8a43-4bf2-8d55-2a827dbc5c4d___RS_HL 7251.JPG,Healthy
data\raw\apple\Apple___healthy\461e67e8-40dd-4bf6-964a-d16c7fc59ac9___RS_HL 7244.JPG,Healthy
data\raw\apple\Apple___healthy\6935b4ee-4f53-4f11-b2bf-d9e7db6dcaa9___RS_HL 7253.JPG,Healthy
data\raw\apple\Apple___healthy\7ac83dd1-c411-4348-82d9-f59abcf75924___RS_HL 7245.JPG,Healthy
data\raw\apple\Apple___healthy\7de88302-023d-4979-ad91-88cb5c02f14b___RS_HL 7255.JPG,Healthy
data\raw\apple\Apple___healthy\89699048-94c3-4389-9a86-13e73dfd23c6___RS_HL 7257.JPG,Healthy
data\raw\apple\Apple___healthy\89f6b546-2692-4ea9-aaac-66ef1b8a7bdd___RS_HL 7250.JPG,Healthy
data\raw\apple\Apple___healthy\ba04fd9d-8914-4513-bc3a-2b8c3998fe83___RS_HL 7256.JPG,Healthy
data\raw\apple\Apple___healthy\baf96695-955b-4e24-8b10-c0d544a5d91a___RS_HL 7248.JPG,Healthy
data\raw\apple\Apple___healthy\ceead707-a3f7-4ac7-801e-113399dcf68a___RS_HL 7254.JPG,Healthy
data\raw\apple\Apple___healthy\d5f63752-d817-4b29-a773-f0e87544d61f___RS_HL 7247.JPG,Healthy
data\raw\apple\Apple___healthy\d6318793-dacc-4b58-bb19-043324042180___RS_HL 7246.JPG,Healthy
data\raw\apple\Apple___healthy\e00be9db-9536-411d-a9f9-415387f2e605___RS_HL 7249.JPG,Healthy
data\raw\apple\Apple___Apple_scab\10072248-60e2-4190-b4df-14e8ab61008c___FREC_Scab 3445.JPG,Apple Scab
data\raw\apple\Apple___Apple_scab\495816a8-4d85-47a5-9aca-a09f3f30a068___FREC_Scab 3443.JPG,Apple Scab
data\raw\apple\Apple___Apple_scab\7b3e4313-9abb-4105-8be9-2020f1101e58___FREC_Scab 3441.JPG,Apple Scab
data\raw\apple\Apple___Apple_scab\9a544639-1fc6-4c45-88e4-3049c2bc0814___FREC_Scab 3439.JPG,Apple Scab
data\raw\apple\Apple___Apple_scab\d94dd9a8-f2ad-45c4-bf45-3a361f5e2efa___FREC_Scab 3442.JPG,Apple Scab
data\raw\apple\Apple___Apple_scab\db71d62d-b06f-4aa2-a512-d3e5956fcffe___FREC_Scab 3444.JPG,Apple Scab
data\raw\apple\Apple___Apple_scab\f34d9619-f182-4b2f-b1a3-1658cc298f9b___FREC_Scab 3440.JPG,Apple Scab
data\raw\apple\Apple___healthy\04f426ce-8f6f-400a-94f9-c513255d2fa4___RS_HL 7823.JPG,Healthy
data\raw\apple\Apple___healthy\0adc1c5b-8958-47c0-a152-f28078c214f1___RS_HL 7825.JPG,Healthy
data\raw\apple\Apple___healthy\0afaaf78-6ec5-49ee-a070-f6217039ed2d___RS_HL 7827.JPG,Healthy
data\raw\apple\Apple___healthy\22ccba73-f485-4c4d-a6a8-faaaa7c90e1f___RS_HL 7824.JPG,Healthy
data\raw\apple\Apple___healthy\57b5c040-d081-45ad-a73b-948eb18dd3eb___RS_HL 7826.JPG,Healthy
data\raw\apple\Apple___healthy\8e1d492d-1f6e-48a1-aa14-db5bc515d580___RS_HL 7822.JPG,Healthy
data\raw\apple\Apple___healthy\9fe1ea92-d106-4bc5-a0da-072a67c3260b___RS_HL 7828.JPG,Healthy
data\raw\apple\Apple___Apple_scab\0208f4eb-45a4-4399-904e-989ac2c6257c___FREC_Scab 3037.JPG,Apple Scab
data\raw\apple\Apple___Apple_scab\6643566f-d980-4bdb-88d7-4d3ab3c771fa___FREC_Scab 3038.JPG,Apple Scab
data\raw\apple\Apple___Apple_scab\aba69098-9c79-46cc-ba1f-6f88a456b56f___FREC_Scab 3039.JPG,Apple Scab
data\raw\apple\Apple___Apple_scab\abd8b296-db97-40c0-af5b-39e03f4dec16___FREC_Scab 3041.JPG,Apple Scab
data\raw\apple\Apple___Apple_scab\e12cb6bc-9831-4a22-ba1f-95d3e7c1c62a___FREC_Scab 3040.JPG,Apple Scab
data\raw\apple\Apple___Apple_scab\f96cb3b3-172a-44d8-9720-d6a3ed87ced9___FREC_Scab 3036.JPG,Apple Scab
data\raw\apple\Apple___healthy\04d4f065-5cb8-4122-b479-d1362d007276___RS_HL 7719.JPG,Healthy
data\raw\apple\Apple___healthy\1a1937a5-c204-4bde-8f70-58b619125c88___RS_HL 7722.JPG,Healthy
data\raw\apple\Apple___healthy\34b8de2a-d30e-4e52-8269-d65cc4e444f6___RS_HL 7717.JPG,Healthy
data\raw\apple\Apple___healthy\514b3065-844b-40c8-8a86-043200a1779e___RS_HL 7721.JPG,Healthy
data\raw\apple\Apple___healthy\638ea400-bbc7-4642-b7f3-f57e2f3409cb___RS_HL 7718.JPG,Healthy
data\raw\apple\Apple___healthy\801feab6-e225-4ce5-8bf0-6fb44a767045___RS_HL 7723.JPG,Healthy
data\raw\apple\Apple___healthy\c419612e-2fa8-4d25-96c5-0bf68b3c7205___RS_HL 7720.JPG,Healthy
data\raw\apple\Apple___healthy\00a6039c-e425-4f7d-81b1-d6b0e668517e___RS_HL 7669.JPG,Healthy
data\raw\apple\Apple___healthy\1ab74120-9cfd-47dd-9a80-ee37f2328be6___RS_HL 7667.JPG,Healthy
data\raw\apple\Apple___healthy\336c4870-9f2f-4cdc-ba05-f9d27271ef07___RS_HL 7670.JPG,Healthy
data\raw\apple\Apple___healthy\62c6270f-9667-492e-be5b-ee599927718a___RS_HL 7671.JPG,Healthy
data\raw\apple\Apple___healthy\e323a987-eb04-44a2-aaa0-0d85518bb3dd___RS_HL 7668.JPG,Healthy
data\raw\apple\Apple___healthy\ec1bf8ec-0876-4971-8df1-20f766ac3df2___RS_HL 7666.JPG,Healthy
data\raw\apple\Apple___Apple_scab\1d81b4c1-072d-4cf7-b1ca-ce43f59822d8___FREC_Scab 3406.JPG,Apple Scab
data\raw\apple\Apple___Apple_scab\1f97d75c-db85-4344-8687-82ca56454d17___FREC_Scab 3408.JPG,Apple Scab
data\raw\apple\Apple___Apple_scab\6e620ce9-bf70-41af-8778-dd46247a3327___FREC_Scab 3405.JPG,Apple Scab
data\raw\apple\Apple___Apple_scab\8c5418d9-37db-450f-a20e-7fccfe69f57a___FREC_Scab 3404.JPG,Apple Scab
data\raw\apple\Apple___Apple_scab\b0744c40-7396-4efb-9d0e-d7b1f22a9dd4___FREC_Scab 3407.JPG,Apple Scab
data\raw\apple\Apple___Apple_scab\f777466d-15ee-4269-b90c-0d64bd099c0f___FREC_Scab 3409.JPG,Apple Scab
data\raw\apple\Apple___healthy\03aebf5c-6cca-40da-b61d-f3f83e1cbf9e___RS_HL 8080.JPG,Healthy
data\raw\apple\Apple___healthy\0802be25-38cf-4c85-bc3b-31988cafadcd___RS_HL 8084.JPG,Healthy
data\raw\apple\Apple___healthy\4221a70d-e5ef-44c7-843f-098a1fe0bfe3___RS_HL 8085.JPG,Healthy
data\raw\apple\Apple___healthy\44714cae-d7c8-4b0a-9058-0fe9ba703064___RS_HL 8081.JPG,Healthy
data\raw\apple\Apple___healthy\523a77ee-6f19-4887-a35f-6ab14d47740b___RS_HL 8079.JPG,Healthy
data\raw\apple\Apple___healthy\5fd95287-1688-4342-8105-ad21af63aeac___RS_HL 8078.JPG,Healthy
data\raw\apple\Apple___healthy\88b24a9d-7b04-4b83-815b-52a9f5949bbd___RS_HL 8083.JPG,Healthy
data\raw\apple\Apple___healthy\a36d3771-3cbd-48ef-9e31-a1de629e56a6___RS_HL 8082.JPG,Healthy
data\raw\apple\Apple___Apple_scab\35694cb9-efe9-441a-a810-13e065de7925___FREC_Scab 3320.JPG,Apple Scab
data\raw\apple\Apple___Apple_scab\73204011-6f70-4300-a908-adf4334104fd___FREC_Scab 3319.JPG,Apple Scab
data\raw\apple\Apple___Apple_scab\74813834-38bc-4301-93ff-39b208eb52bc___FREC_Scab 3315.JPG,Apple Scab
data\raw\apple\Apple___Apple_scab\bda4a657-9bc8-4a02-a450-d38c7056172a___FREC_Scab 3316.JPG,Apple Scab
data\raw\apple\Apple___Apple_scab\c54db2df-2fe4-44e0-8a54-aee97e74acf5___FREC_Scab 3318.JPG,Apple Scab
data\raw\apple\Apple___Apple_scab\e5d9029b-ba16-44c2-be95-66199f1a8a96___FREC_Scab 3317.JPG,Apple Scab
data\raw\apple\Apple___Apple_scab\f684504f-ca6d-4f06-bb0e-2b296e3829b8___FREC_Scab 3314.JPG,Apple Scab
data\raw\apple\Apple___healthy\349251ed-2e99-4af9-b432-2a63202a0985___RS_HL 6120.JPG,Healthy
data\raw\apple\Apple___Black_rot\48d6f0b4-71e8-418f-8558-b38b89ed3c0b___JR_FrgE.S 8569.JPG,Black Rot
data\raw\apple\Apple___Black_rot\531e6670-eebf-48ac-a34c-53ea8db7d047___JR_FrgE.S 8571.JPG,Black Rot
data\raw\apple\Apple___Black_rot\a8ce9225-ca25-41ba-8c19-4d80ffcb4c93___JR_FrgE.S 8570.JPG,Black Rot
data\raw\apple\Apple___Black_rot\ab496771-c3b7-4c15-8cf1-d90455ab05cc___JR_FrgE.S 8573.JPG,Black Rot
data\raw\apple\Apple___Black_rot\dd73bcb6-849f-4df3-9939-6893d07b2b45___JR_FrgE.S 8572.JPG,Black Rot
data\raw\apple\Apple___Black_rot\05fb01a0-fd64-4b3d-a512-c0bda181811e___JR_FrgE.S 2889.JPG,Black Rot
data\raw\apple\Apple___Black_rot\32ef0219-fbb0-417c-abad-56021a2c1619___JR_FrgE.S 2893.JPG,Black Rot
data\raw\apple\Apple___Black_rot\3bfaa3d6-96ab-4131-a569-ac6650045079___JR_FrgE.S 2890.JPG,Black Rot
data\raw\apple\Apple___Black_rot\3d33710d-c091-4dae-a491-ef813ea2d34b___JR_FrgE.S 2885.JPG,Black Rot
data\raw\apple\Apple___Black_rot\4186abb2-d07c-495c-9596-db575c3f7051___JR_FrgE.S 2891.JPG,Black Rot
data\raw\apple\Apple___Black_rot\7fb51374-f3ae-4dc9-8e0b-f25552528852___JR_FrgE.S 2894.JPG,Black Rot
data\raw\apple\Apple___Black_rot\977c9b03-47f2-412d-a73d-7e647e973336___JR_FrgE.S 2887.JPG,Black Rot
data\raw\apple\Apple___Black_rot\baf805d8-6809-4883-99ff-2fd59dd8be5f___JR_FrgE.S 2886.JPG,Black Rot
data\raw\apple\Apple___Black_rot\c498d495-5796-4d08-9eaf-c1f26ed1099a___JR_FrgE.S 2888.JPG,Black Rot
data\raw\apple\Apple___Black_rot\db86273f-ea7e-4131-a1b7-75e9f990d596___JR_FrgE.S 2892.JPG,Black Rot
data\raw\apple\Apple___healthy\221bfc6b-53d8-4677-8590-8f51530a9661___RS_HL 7260.JPG,Healthy
data\raw\apple\Apple___healthy\33acc3da-5f90-49e4-b70d-b3d60921e08e___RS_HL 7263.JPG,Healthy
data\raw\apple\Apple___healthy\3645e3b0-e9c5-4b10-aea6-ce0ba996c059___RS_HL 7267.JPG,Healthy
data\raw\apple\Apple___healthy\3b0f637d-dd22-44a0-a4b4-2a7792e2ac76___RS_HL 7258.JPG,Healthy
data\raw\apple\Apple___healthy\6422d3df-4b2d-4e73-b1c9-3da9f763cb75___RS_HL 7259.JPG,Healthy
data\raw\apple\Apple___healthy\7cbd343b-9af0-47cb-9aa5-e19e675b3057___RS_HL 7265.JPG,Healthy
data\raw\apple\Apple___healthy\8d45fcf9-d1c1-47b6-be37-6e3d2fde46e0___RS_HL 7261.JPG,Healthy
data\raw\apple\Apple___healthy\ba78848a-d307-4ba9-bb8e-34de742de684___RS_HL 7266.JPG,Healthy
data\raw\apple\Apple___healthy\f03b4260-bf5c-41be-a4fe-96a5c341e7fc___RS_HL 7262.JPG,Healthy
data\raw\apple\Apple___healthy\0576bbc4-37b3-413c-8a35-4138c2da69a7___RS_HL 8038.JPG,Healthy
data\raw\apple\Apple___healthy\223dbe3b-9f96-473b-a6a6-ea354777ae1f___RS_HL 8040.JPG,Healthy
data\raw\apple\Apple___healthy\507b3ab4-ca9a-490e-8f3a-0ac06905fc40___RS_HL 8033.JPG,Healthy
data\raw\apple\Apple___healthy\923ac4fd-39d5-4387-9636-ddfed02bc62e___RS_HL 8039.JPG,Healthy
data\raw\apple\Apple___healthy\925d0f0f-08ae-4f20-a528-0f78bf27b9e7___RS_HL 8032.JPG,Healthy
data\raw\apple\Apple___healthy\c5bcd10f-39aa-47ce-a4e2-1f225bc60912___RS_HL 8037.JPG,Healthy
data\raw\apple\Apple___healthy\c93d7101-89bf-48d9-bcb2-3957da7131ff___RS_HL 8035.JPG,Healthy
data\raw\apple\Apple___healthy\e1feed76-9ae7-449b-8c58-aebd806c680b___RS_HL 8034.JPG,Healthy
data\raw\apple\Apple___healthy\fb0953a0-71a5-4c1c-9fb3-f0d9888c2170___RS_HL 8036.JPG,Healthy
data\raw\apple\Apple___Black_rot\1cf5102a-468b-4410-80bf-af6aeadc780c___JR_FrgE.S 2924.JPG,Black Rot
data\raw\apple\Apple___Black_rot\2902e85c-1705-423b-bb02-80e2d93bc54e___JR_FrgE.S 2922.JPG,Black Rot
data\raw\apple\Apple___Black_rot\40e82aca-94d2-4237-bc27-d4a9c536b820___JR_FrgE.S 2926.JPG,Black Rot
data\raw\apple\Apple___Black_rot\448d1f3f-9794-4148-a180-7246ef9291cf___JR_FrgE.S 2930.JPG,Black Rot
data\raw\apple\Apple___Black_rot\5c395ddb-11d6-40eb-8049-98c98cc4ec96___JR_FrgE.S 2928.JPG,Black Rot
data\raw\apple\Apple___Black_rot\74276bec-59f3-4bb6-b739-0b6ed819288c___JR_FrgE.S 2925.JPG,Black Rot
data\raw\apple\Apple___Black_rot\967689f2-c160-430a-9b4d-cd05f661427c___JR_FrgE.S 2923.JPG,Black Rot
data\raw\apple\Apple___Black_rot\b766b27a-cc4c-432f-a6cd-48eb65bf556b___JR_FrgE.S 2921.JPG,Black Rot
data\raw\apple\Apple___Black_rot\d240fec5-9b1e-4b36-a7df-d0007d0ebfcb___JR_FrgE.S 2929.JPG,Black Rot
data\raw\apple\Apple___Black_rot\e43cb49a-44ff-4ee5-9dae-aa2e89fb643b___JR_FrgE.S 2927.JPG,Black Rot
data\raw\apple\Apple___Black_rot\f24c943a-6339-48a5-bfb0-b866c926dc16___JR_FrgE.S 2931.JPG,Black Rot
data\raw\apple\Apple___Apple_scab\03eccb1a-0368-4ac7-9f48-7546037b775a___FREC_Scab 3334.JPG,Apple Scab
data\raw\apple\Apple___Apple_scab\252087d7-57c9-4ebe-b6c4-840d6c5dfcb1___FREC_Scab 3329.JPG,Apple Scab
data\raw\apple\Apple___Apple_scab\4512edee-9d3b-451e-845d-86666feebe99___FREC_Scab 3328.JPG,Apple Scab
data\raw\apple\Apple___Apple_scab\7e4bbd7a-b494-426f-9f08-755ce4a399e7___FREC_Scab 3331.JPG,Apple Scab
data\raw\apple\Apple___Apple_scab\d1745979-75a6-4b00-a544-cf5ba043e7e0___FREC_Scab 3330.JPG,Apple Scab
data\raw\apple\Apple___Apple_scab\dd46079c-b12c-4687-9db9-5d45b7f0e510___FREC_Scab 3327.JPG,Apple Scab
data\raw\apple\Apple___Apple_scab\e893d964-8a40-46f5-b8ae-0a0f0cd79296___FREC_Scab 3333.JPG,Apple Scab
data\raw\apple\Apple___Apple_scab\f3303560-12ce-4e37-b62c-bfb5aad8aa0d___FREC_Scab 3332.JPG,Apple Scab
data\raw\apple\Apple___Black_rot\0bc40cc3-6a85-480e-a22f-967a866a56a1___JR_FrgE.S 2784.JPG,Black Rot
data\raw\apple\Apple___Black_rot\3235339f-7b7b-423a-850a-0fd58ded4725___JR_FrgE.S 2791.JPG,Black Rot
data\raw\apple\Apple___Black_rot\35f56736-d311-4e80-88a4-7ba12fd71985___JR_FrgE.S 2787.JPG,Black Rot
data\raw\apple\Apple___Black_rot\47f6d143-687b-4755-88a0-932c985a2ee6___JR_FrgE.S 2785.JPG,Black Rot
data\raw\apple\Apple___Black_rot\56356abd-6e83-4bca-90ef-89cb6e68ea85___JR_FrgE.S 2786.JPG,Black Rot
data\raw\apple\Apple___Black_rot\5a7cfbae-2b00-4f16-b1e9-eacd813a5378___JR_FrgE.S 2783.JPG,Black Rot
data\raw\apple\Apple___Black_rot\5c857785-58d0-4e74-8fff-dce904538692___JR_FrgE.S 2790.JPG,Black Rot
data\raw\apple\Apple___Black_rot\67281292-f15a-4157-b531-395f3844e6ce___JR_FrgE.S 2792.JPG,Black Rot
data\raw\apple\Apple___Black_rot\a97c2088-9bf7-4840-8a41-813aadae4aa6___JR_FrgE.S 2793.JPG,Black Rot
data\raw\apple\Apple___Black_rot\bbf0af8f-62fc-4b41-9b4a-e1f7e15974c7___JR_FrgE.S 2788.JPG,Black Rot
data\raw\apple\Apple___Black_rot\deffd3c8-a9c7-4082-ba2a-4a54aad8ab17___JR_FrgE.S 2789.JPG,Black Rot
data\raw\apple\Apple___Black_rot\e4d473a3-83ad-496d-a97f-5aee9d713d69___JR_FrgE.S 2782.JPG,Black Rot
data\raw\apple\Apple___Black_rot\02859ed3-f56a-4315-82a5-c1cb72717225___JR_FrgE.S 8584.JPG,Black Rot
data\raw\apple\Apple___Black_rot\0cc47b2d-4a92-4bbd-af46-945165dd1960___JR_FrgE.S 8586.JPG,Black Rot
data\raw\apple\Apple___Black_rot\4fcfd5b0-e312-41f4-a8cf-16976b5882fd___JR_FrgE.S 8589.JPG,Black Rot
data\raw\apple\Apple___Black_rot\51ce3f1d-8418-4b7e-b091-dec14143d0b7___JR_FrgE.S 8579.JPG,Black Rot
data\raw\apple\Apple___Black_rot\58ebc44b-c9b7-441b-9aa1-bfcc1b90e21e___JR_FrgE.S 8582.JPG,Black Rot
data\raw\apple\Apple___Black_rot\5b9c8470-c6dc-4b79-b191-9dd6c82309c8___JR_FrgE.S 8580.JPG,Black Rot
data\raw\apple\Apple___Black_rot\75e9b8ed-e579-469c-96ec-d964fc7d4d90___JR_FrgE.S 8581.JPG,Black Rot
data\raw\apple\Apple___Black_rot\7b4b37d4-fec6-4e52-8c88-a6e1e69aeeb2___JR_FrgE.S 8588.JPG,Black Rot
data\raw\apple\Apple___Black_rot\83ec5e47-c1db-4889-9725-9c2daab2d112___JR_FrgE.S 8583.JPG,Black Rot
data\raw\apple\Apple___Black_rot\b1fb1490-dd67-4f69-97a4-a770ab7c8301___JR_FrgE.S 8587.JPG,Black Rot
data\raw\apple\Apple___Black_rot\c418f9e9-92e8-46ce-ba41-50b0f9b45d38___JR_FrgE.S 8585.JPG,Black Rot
data\raw\apple\Apple___Apple_scab\0b170906-9436-4c0d-84c1-c396ad9d909b___FREC_Scab 3101.JPG,Apple Scab
data\raw\apple\Apple___Apple_scab\3d34bd1c-fae9-446a-a629-147b5e8d5d6b___FREC_Scab 3103.JPG,Apple Scab
data\raw\apple\Apple___Apple_scab\5a178d63-372d-48c4-adb8-d616130ba3f0___FREC_Scab 3104.JPG,Apple Scab
data\raw\apple\Apple___Apple_scab\85aad925-f1e2-463e-840b-266d49a56d1f___FREC_Scab 3100.JPG,Apple Scab
data\raw\apple\Apple___Apple_scab\ba94f188-df0b-41fd-94e3-f0ed4924e23e___FREC_Scab 3102.JPG,Apple Scab
data\raw\apple\Apple___healthy\234fbf88-be8a-4b45-a93d-493b6e83215c___RS_HL 8182.JPG,Healthy
data\raw\apple\Apple___healthy\27af3831-cc86-4c30-96a5-98d5a2375fcd___RS_HL 8183.JPG,Healthy
data\raw\apple\Apple___healthy\3b9d4604-18c3-49a7-8ac3-07386ae370fb___RS_HL 8179.JPG,Healthy
data\raw\apple\Apple___healthy\6760f8fc-05d5-4cdb-ba7c-4d87d508bb79___RS_HL 8185.JPG,Healthy
data\raw\apple\Apple___healthy\686f612d-bb49-409a-8afa-0707481774fe___RS_HL 8184.JPG,Healthy
data\raw\apple\Apple___healthy\aed7208f-81b3-4fbc-869b-87083033e048___RS_HL 8180.JPG,Healthy
data\raw\apple\Apple___healthy\d3524c88-0d60-43e0-a181-3ecc0facd54a___RS_HL 8181.JPG,Healthy
data\raw\apple\Apple___Apple_scab\3dd3d59c-be2a-4f29-8fa1-d4f37d7fb894___FREC_Scab 3412.JPG,Apple Scab
data\raw\apple\Apple___Apple_scab\43f68711-decd-4831-bf5c-99fa40abe339___FREC_Scab 3413.JPG,Apple Scab
data\raw\apple\Apple___Apple_scab\5cd3df15-31a2-4076-9d1a-8735fa1dccdf___FREC_Scab 3410.JPG,Apple Scab
data\raw\apple\Apple___Apple_scab\88079400-60e9-4317-b917-0bee6c8c16f5___FREC_Scab 3411.JPG,Apple Scab
data\raw\apple\Apple___Apple_scab\a5ed05d8-9815-41b7-b481-332e48cfde56___FREC_Scab 3415.JPG,Apple Scab
data\raw\apple\Apple___Apple_scab\b2567b00-d781-4177-9c3f-6a7b9f47941f___FREC_Scab 3414.JPG,Apple Scab
data\raw\apple\Apple___healthy\2345cf40-76a9-4bb3-9e7c-8d185dd41905___RS_HL 8123.JPG,Healthy
data\raw\apple\Apple___healthy\26f830c1-f86f-438b-9045-3531ef02ea9c___RS_HL 8122.JPG,Healthy
data\raw\apple\Apple___healthy\3a5916ba-0db8-4aff-a282-26f33b056832___RS_HL 8125.JPG,Healthy
data\raw\apple\Apple___healthy\4e481e14-a671-4794-a1f0-9fca67ad7d0d___RS_HL 8124.JPG,Healthy
data\raw\apple\Apple___healthy\5ba92c8d-c731-436f-9d77-5685ec780f5f___RS_HL 8120.JPG,Healthy
data\raw\apple\Apple___healthy\6e05d89e-4cb2-45bd-9800-f128ddbcdaa8___RS_HL 8127.JPG,Healthy
data\raw\apple\Apple___healthy\cd2bbe2b-8b63-44ea-a259-59d15dcf545d___RS_HL 8126.JPG,Healthy
data\raw\apple\Apple___healthy\d91d546a-0d07-4c6c-b1b6-1686371c0062___RS_HL 8121.JPG,Healthy
data\raw\apple\Apple___healthy\1230a95a-5f08-4fd6-b6e9-44c0c7b1fe8c___RS_HL 8092.JPG,Healthy
data\raw\apple\Apple___healthy\14c691eb-78de-417f-8832-93427151a6e1___RS_HL 8090.JPG,Healthy
data\raw\apple\Apple___healthy\15a995e0-2e4a-486b-8509-db35d944ce6d___RS_HL 8086.JPG,Healthy
data\raw\apple\Apple___healthy\1aa82164-61f2-4baf-b99d-41f18f6e98cc___RS_HL 8087.JPG,Healthy
data\raw\apple\Apple___healthy\37581d20-bd40-4aca-81ae-00d83473d578___RS_HL 8091.JPG,Healthy
data\raw\apple\Apple___healthy\4bfc8d18-abd9-473f-b581-22283574686d___RS_HL 8088.JPG,Healthy
data\raw\apple\Apple___healthy\818854a8-1153-49bb-8981-8c6e5f34fbbe___RS_HL 8089.JPG,Healthy
data\raw\apple\Apple___healthy\010125c0-e6f2-4f3d-b469-dd98ffecbb01___RS_HL 7948.JPG,Healthy
data\raw\apple\Apple___healthy\230a4c38-8e59-4c1d-bda8-ee3401e6507b___RS_HL 7945.JPG,Healthy
data\raw\apple\Apple___healthy\5b0eb6d3-92f9-4332-8228-6c587810f9c6___RS_HL 7949.JPG,Healthy
data\raw\apple\Apple___healthy\65f9450e-cd32-465c-b2cd-e24111798fb1___RS_HL 7950.JPG,Healthy
data\raw\apple\Apple___healthy\a50556b8-e947-45f6-8b4e-6574ddab1903___RS_HL 7944.JPG,Healthy
data\raw\apple\Apple___healthy\d2fe5d37-e8e1-42b2-a24b-875fb2527675___RS_HL 7947.JPG,Healthy
data\raw\apple\Apple___healthy\e10f9ab3-4775-4947-920a-d272329ae225___RS_HL 7946.JPG,Healthy
data\raw\apple\Apple___healthy\04467511-de12-439c-853f-ef4d99785541___RS_HL 7367.JPG,Healthy
data\raw\apple\Apple___healthy\0f56566e-6151-4ede-b10b-2b1f04f23659___RS_HL 7359.JPG,Healthy
data\raw\apple\Apple___healthy\211f5e77-fdc9-4d96-9395-bb3647678c43___RS_HL 7364.JPG,Healthy
data\raw\apple\Apple___healthy\27b057d7-929a-436f-905d-fd8339bf1bca___RS_HL 7366.JPG,Healthy
data\raw\apple\Apple___healthy\32073031-1afb-4a9e-ad8b-2d19ef6bb00a___RS_HL 7362.JPG,Healthy
data\raw\apple\Apple___healthy\4b2e833c-9618-4733-90b1-71877f87a6f6___RS_HL 7361.JPG,Healthy
data\raw\apple\Apple___healthy\61697828-b645-4f07-844a-dc9902713d3e___RS_HL 7363.JPG,Healthy
data\raw\apple\Apple___healthy\990838f4-b976-45bb-859d-95de901acc8c___RS_HL 7365.JPG,Healthy
data\raw\apple\Apple___healthy\a88f01ad-8550-49f1-9757-e9e9649d81b2___RS_HL 7360.JPG,Healthy
data\raw\apple\Apple___healthy\31c8c28a-ba8f-4869-a623-949d6c67275d___RS_HL 8177.JPG,Healthy
data\raw\apple\Apple___healthy\74f7c545-de83-473d-82de-1e8c89fd975a___RS_HL 8172.JPG,Healthy
data\raw\apple\Apple___healthy\7703726c-19ce-4e3a-a921-1a84161b12d0___RS_HL 8174.JPG,Healthy
data\raw\apple\Apple___healthy\77273304-be77-4b74-a4ed-cd42826f4635___RS_HL 8178.JPG,Healthy
data\raw\apple\Apple___healthy\8c850584-ade3-4067-bbf3-5c8602dba3c3___RS_HL 8175.JPG,Healthy
data\raw\apple\Apple___healthy\9ec4f654-e45e-4910-8b1f-8b9825cefbd1___RS_HL 8173.JPG,Healthy
data\raw\apple\Apple___healthy\d96d3f24-2fb9-4650-8cd4-c58e1a42f18f___RS_HL 8176.JPG,Healthy
data\raw\apple\Apple___healthy\fca55eaf-abbb-4941-89f7-e3698c1f77f1___RS_HL 8171.JPG,Healthy
data\raw\apple\Apple___healthy\11749aa9-4b07-4cd8-8605-356de6d4cc68___RS_HL 7684.JPG,Healthy
data\raw\apple\Apple___healthy\2fbd9205-be67-4f43-be2a-93a8def382a6___RS_HL 7680.JPG,Healthy
data\raw\apple\Apple___healthy\5150163c-ce61-4b06-bcab-d806f8c78dba___RS_HL 7682.JPG,Healthy
data\raw\apple\Apple___healthy\5345137b-4957-4d47-896c-e9dcab8b7c43___RS_HL 7685.JPG,Healthy
data\raw\apple\Apple___healthy\7a95ed03-478d-4410-804f-1bab389d5f77___RS_HL 7678.JPG,Healthy
data\raw\apple\Apple___healthy\d3780b4b-4bf7-484a-ab4a-2c2f0894f930___RS_HL 7681.JPG,Healthy
data\raw\apple\Apple___healthy\f18afd6d-b745-4c09-b615-b1b6200bcd89___RS_HL 7683.JPG,Healthy
data\raw\apple\Apple___healthy\f665c2bb-bdd4-4b6e-bb2d-6e6d017c8764___RS_HL 7679.JPG,Healthy
data\raw\apple\Apple___Apple_scab\0537ad56-3d24-4e97-a947-65b9b37f8988___FREC_Scab 3079.JPG,Apple Scab
data\raw\apple\Apple___Apple_scab\176a93ed-6c2d-4828-ada1-87f1688b509b___FREC_Scab 3083.JPG,Apple Scab
data\raw\apple\Apple___Apple_scab\37659856-0fc8-430b-871a-af4f0b557e49___FREC_Scab 3081.JPG,Apple Scab
data\raw\apple\Apple___Apple_scab\4be9d1d9-2170-4856-a81e-e53e7aa5dbf7___FREC_Scab 3082.JPG,Apple Scab
data\raw\apple\Apple___Apple_scab\53d37faf-7a68-4fe2-ac1f-5438637742d4___FREC_Scab 3080.JPG,Apple Scab
data\raw\apple\Apple___Apple_scab\63e1d796-f00e-4c24-9871-2eae6f9c9ced___FREC_Scab 3078.JPG,Apple Scab
data\raw\apple\Apple___healthy\0580ddaa-0221-4adc-8b64-8ce1842f5f07___RS_HL 6242.JPG,Healthy
data\raw\apple\Apple___healthy\44707c11-0d08-411f-9fa3-21d3edf72031___RS_HL 6255.JPG,Healthy
data\raw\apple\Apple___healthy\47c52b97-c8c7-41da-8bff-608d8db48408___RS_HL 6243.JPG,Healthy
data\raw\apple\Apple___healthy\4c3bd8fb-b507-4ef4-93b6-39f1b0d087d8___RS_HL 6252.JPG,Healthy
data\raw\apple\Apple___healthy\5decc9b0-698c-49d0-906b-1a679b0001f9___RS_HL 6245.JPG,Healthy
data\raw\apple\Apple___healthy\6fe99b1c-d402-4756-a21b-ff964b999adb___RS_HL 6253.JPG,Healthy
data\raw\apple\Apple___healthy\828a6b50-e2fb-4e63-a595-556aa41d43a7___RS_HL 6250.JPG,Healthy
data\raw\apple\Apple___healthy\86abe4bd-80fd-4a65-ba6f-fd48e6d51119___RS_HL 6251.JPG,Healthy
data\raw\apple\Apple___healthy\8a6cad28-0c10-47aa-af0e-fd82de61ba70___RS_HL 6246.JPG,Healthy
data\raw\apple\Apple___healthy\ae0a8f1e-235b-4fd9-980f-58d486951875___RS_HL 6244.JPG,Healthy
data\raw\apple\Apple___healthy\be861072-a40c-4318-80a7-659f9f9a11ae___RS_HL 6241.JPG,Healthy
data\raw\apple\Apple___healthy\d3647b4c-45d8-4366-8e93-baf1310072ba___RS_HL 6248.JPG,Healthy
data\raw\apple\Apple___healthy\e30f75c3-08c7-47fa-ae3c-7e1e3e782583___RS_HL 6247.JPG,Healthy
data\raw\apple\Apple___healthy\f2904228-2cc6-4c6c-a2b5-6951a6f3535e___RS_HL 6254.JPG,Healthy
data\raw\apple\Apple___healthy\2768d40f-209f-4f71-a90a-a5f748fe299a___RS_HL 5938.JPG,Healthy
data\raw\apple\Apple___healthy\314b2ac4-0d06-4940-8517-0d4c1072acbf___RS_HL 5929.JPG,Healthy
data\raw\apple\Apple___healthy\36980863-22cb-4e05-a1f6-53039a89993a___RS_HL 5934.JPG,Healthy
data\raw\apple\Apple___healthy\3a80eee6-d03a-4ac9-8f73-5f251f568840___RS_HL 5935.JPG,Healthy
data\raw\apple\Apple___healthy\482fa3b9-4ab6-46ff-b670-ff5ba0f37425___RS_HL 5937.JPG,Healthy
data\raw\apple\Apple___healthy\4f915b76-fe41-4201-ae61-9c9ad7cbc94d___RS_HL 5933.JPG,Healthy
data\raw\apple\Apple___healthy\5ac41a3d-ca1b-4215-a7a5-500d77acc67a___RS_HL 5931.JPG,Healthy
data\raw\apple\Apple___healthy\a3d2fcfa-645e-419e-91a5-ab626f5fab6c___RS_HL 5930.JPG,Healthy
data\raw\apple\Apple___healthy\acbdd971-62fa-4109-a0b7-38b6eae4d748___RS_HL 5939.JPG,Healthy
data\raw\apple\Apple___healthy\bf5b3cf2-cc13-4fbd-b629-7a7f56afe59b___RS_HL 5932.JPG,Healthy
data\raw\apple\Apple___healthy\def9ef11-75da-4f8f-8334-c6c54a31d3d6___RS_HL 5936.JPG,Healthy
data\raw\apple\Apple___healthy\e00d340c-2088-458e-b41d-b628959397c1___RS_HL 5940.JPG,Healthy
data\raw\apple\Apple___Apple_scab\0395b847-2c73-4674-826f-33a6afb5b4fe___FREC_Scab 3287.JPG,Apple Scab
data\raw\apple\Apple___Apple_scab\0a14783a-838a-4d4f-a671-ff98011714c6___FREC_Scab 3288.JPG,Apple Scab
data\raw\apple\Apple___Apple_scab\45a699f2-a02d-4f1f-b628-6d445c58a595___FREC_Scab 3291.JPG,Apple Scab
data\raw\apple\Apple___Apple_scab\4b51cc5d-4122-451b-8598-81ea29dc7cd4___FREC_Scab 3290.JPG,Apple Scab
data\raw\apple\Apple___Apple_scab\e8fc927f-fac2-4386-be3c-0a8ad0ddd83d___FREC_Scab 3292.JPG,Apple Scab
data\raw\apple\Apple___Apple_scab\fbd09d7f-e816-408a-946e-e4009ec8cae1___FREC_Scab 3289.JPG,Apple Scab
data\raw\apple\Apple___Black_rot\499e851c-5cd4-4ab9-9ff8-df01133aac08___JR_FrgE.S 2989.JPG,Black Rot
data\raw\apple\Apple___Black_rot\4cf3a0f2-1758-44b1-862b-3aaf7b4705f1___JR_FrgE.S 2988.JPG,Black Rot
data\raw\apple\Apple___Black_rot\952ab9a0-bfcc-408c-a7d7-c8ae485acb7c___JR_FrgE.S 2993.JPG,Black Rot
data\raw\apple\Apple___Black_rot\a572ba2c-a691-4133-bb2f-e6e97edb749c___JR_FrgE.S 2991.JPG,Black Rot
data\raw\apple\Apple___Black_rot\a899313e-320c-4843-a7bc-ca7eb2a81883___JR_FrgE.S 2992.JPG,Black Rot
data\raw\apple\Apple___Black_rot\b3d4d826-24df-4033-b9ca-fd5625d68f0d___JR_FrgE.S 2994.JPG,Black Rot
data\raw\apple\Apple___Black_rot\d2ca1cb3-50b5-4861-85d8-a7bdae78265d___JR_FrgE.S 2995.JPG,Black Rot
data\raw\apple\Apple___Black_rot\ee5b8f3c-3afe-45d9-b0ad-8aefc9dc914b___JR_FrgE.S 2987.JPG,Black Rot
data\raw\apple\Apple___Black_rot\f58de461-853f-46d7-b223-d48a81507a85___JR_FrgE.S 2996.JPG,Black Rot
data\raw\apple\Apple___Black_rot\f9b7fc98-caee-4bb1-ae7b-1e9981ba6d72___JR_FrgE.S 2990.JPG,Black Rot
data\raw\apple\Apple___healthy\0199bffc-baee-499f-8e03-5dadb8b671be___RS_HL 8042.JPG,Healthy
data\raw\apple\Apple___healthy\15ad1bbe-d6da-4b40-aa05-38d394273595___RS_HL 8046.JPG,Healthy
data\raw\apple\Apple___healthy\2331c0e7-475e-4304-8f4e-d98f80778a08___RS_HL 8043.JPG,Healthy
data\raw\apple\Apple___healthy\42777529-bf54-4134-9bd6-34fbd135575d___RS_HL 8045.JPG,Healthy
data\raw\apple\Apple___healthy\84d6003b-3195-49cb-9831-861d9dc5b2cd___RS_HL 8041.JPG,Healthy
data\raw\apple\Apple___healthy\9c95370b-3dfa-4f1d-b9d6-def93d1cda1b___RS_HL 8044.JPG,Healthy
data\raw\apple\Apple___healthy\c854044d-2c8f-4c16-9601-7183b71e25cc___RS_HL 8047.JPG,Healthy
data\raw\apple\Apple___Black_rot\39cf3d6d-0324-4d2c-8a43-ee21f8b910c2___JR_FrgE.S 8603.JPG,Black Rot
data\raw\apple\Apple___Black_rot\43baab18-d60b-49df-b2d5-a27d16164317___JR_FrgE.S 8604.JPG,Black Rot
data\raw\apple\Apple___Black_rot\7e008f42-c268-4ca8-9acc-4682019ba060___JR_FrgE.S 8600.JPG,Black Rot
data\raw\apple\Apple___Black_rot\b6850718-a674-4eb2-9a5b-bb7ae5f32ce8___JR_FrgE.S 8602.JPG,Black Rot
data\raw\apple\Apple___Black_rot\d4ea8c73-7beb-4019-8a66-f60381c6fdc0___JR_FrgE.S 8601.JPG,Black Rot
data\raw\apple\Apple___healthy\0eceac69-c7bf-4e9e-a249-7ae23dcf065f___RS_HL 5888.JPG,Healthy
data\raw\apple\Apple___healthy\1c116208-4ef8-4b42-ba20-92c3b9ca957c___RS_HL 5885.JPG,Healthy
data\raw\apple\Apple___healthy\38c039b6-23f0-4fc2-a0df-e5ec3f523a09___RS_HL 5887.JPG,Healthy
data\raw\apple\Apple___healthy\49b6b50f-7c76-4c31-9e33-b5ae8d22264c___RS_HL 5882.JPG,Healthy
data\raw\apple\Apple___healthy\594c429c-488e-4d8e-9b44-c3929cecafc9___RS_HL 5878.JPG,Healthy
data\raw\apple\Apple___healthy\6695f23d-03f2-48ce-a3fe-b0fcd4f4972c___RS_HL 5884.JPG,Healthy
data\raw\apple\Apple___healthy\735b41f2-e433-4ca1-98eb-85b9af69a7bc___RS_HL 5879.JPG,Healthy
data\raw\apple\Apple___healthy\7e582ef9-de24-4f2d-bfd7-a9c79dd4fb1f___RS_HL 5881.JPG,Healthy
data\raw\apple\Apple___healthy\bf8697bb-a12a-4488-9178-22180bde51e5___RS_HL 5889.JPG,Healthy
data\raw\apple\Apple___healthy\c866af3f-3279-42b7-8e3d-f4f1a84f733b___RS_HL 5883.JPG,Healthy
data\raw\apple\Apple___healthy\e2cce5a6-04a9-436d-8e56-3bf4979b47bc___RS_HL 5886.JPG,Healthy
data\raw\apple\Apple___healthy\e439a002-e035-401e-a1aa-77f99fbd65ad___RS_HL 5880.JPG,Healthy
data\raw\apple\Apple___healthy\139ff5a7-102b-4434-b540-eb6930e6d968___RS_HL 7910.JPG,Healthy
data\raw\apple\Apple___healthy\14009d84-bca8-4054-b09d-7fd4241c74a6___RS_HL 7907.JPG,Healthy
data\raw\apple\Apple___healthy\68f559ea-dff3-43a8-a804-a491e5c4feb9___RS_HL 7909.JPG,Healthy
data\raw\apple\Apple___healthy\96fa4629-851e-4706-b397-f27c6f6f272c___RS_HL 7913.JPG,Healthy
data\raw\apple\Apple___healthy\97a6eaed-70d4-4b78-9871-1aba3d7a9abe___RS_HL 7908.JPG,Healthy
data\raw\apple\Apple___healthy\c95d4ca9-d33d-4cd6-b0da-31f327e8a5d6___RS_HL 7911.JPG,Healthy
data\raw\apple\Apple___healthy\d74bd0ad-5a61-48ed-a5b6-9e0bf5f3911d___RS_HL 7906.JPG,Healthy
data\raw\apple\Apple___healthy\efcddd81-0718-4555-ac8f-f417cc6e6280___RS_HL 7912.JPG,Healthy
data\raw\apple\Apple___healthy\3a1ca70b-00f0-4a0b-a973-8db1da714e6c___RS_HL 7759.JPG,Healthy
data\raw\apple\Apple___healthy\70491e38-2a9e-4fb7-9ab5-dfa49d46b202___RS_HL 7758.JPG,Healthy
data\raw\apple\Apple___healthy\71b2b307-ddd7-48bf-b904-4d1101c9fc4b___RS_HL 7755.JPG,Healthy
data\raw\apple\Apple___healthy\9c817f68-e2ba-44cd-8408-492efd9932c8___RS_HL 7757.JPG,Healthy
data\raw\apple\Apple___healthy\b9d6f390-c210-486f-802b-e204e27990ea___RS_HL 7756.JPG,Healthy
data\raw\apple\Apple___healthy\c2a0c51e-b57c-459f-8ce0-34f0816323db___RS_HL 7754.JPG,Healthy
data\raw\apple\Apple___healthy\ce955079-4dde-4b96-9240-5348dbb3c774___RS_HL 7760.JPG,Healthy
data\raw\apple\Apple___Apple_scab\06cf74b6-d895-4a09-b3b1-bc63579f8c33___FREC_Scab 3128.JPG,Apple Scab
data\raw\apple\Apple___Apple_scab\18ea82fd-4e16-416f-8ad9-54e0f6601693___FREC_Scab 3127.JPG,Apple Scab
data\raw\apple\Apple___Apple_scab\99a971b6-cd13-4ed2-8fc5-0d6769945578___FREC_Scab 3130.JPG,Apple Scab
data\raw\apple\Apple___Apple_scab\f8ef99d9-9d01-4aeb-9248-e8c312c9a981___FREC_Scab 3129.JPG,Apple Scab
data\raw\apple\Apple___healthy\1d98a80e-f33b-44e5-99de-89fb990211f5___RS_HL 7834.JPG,Healthy
data\raw\apple\Apple___healthy\5a92a89d-a10e-423c-aed8-8505e04e15dc___RS_HL 7836.JPG,Healthy
data\raw\apple\Apple___healthy\7e721779-b328-4c32-ad15-889743f9846a___RS_HL 7832.JPG,Healthy
data\raw\apple\Apple___healthy\9fa007fa-08c0-4d3a-b2b4-9ac7ad72c316___RS_HL 7833.JPG,Healthy
data\raw\apple\Apple___healthy\b13ada28-ecc1-43e6-bfa2-e8847cd7ec02___RS_HL 7835.JPG,Healthy
data\raw\apple\Apple___healthy\bf73cd4a-c19c-457c-827b-144d15f88b37___RS_HL 7830.JPG,Healthy
data\raw\apple\Apple___healthy\d44b9a3e-7cec-4e55-af4b-0df481af3f79___RS_HL 7831.JPG,Healthy
data\raw\apple\Apple___healthy\f591e5cc-e9fc-4d82-b2cd-09ab19cb4581___RS_HL 7829.JPG,Healthy
data\raw\apple\Apple___healthy\0ebf06b5-7471-42d7-b8d6-5a53127f90f3___RS_HL 8163.JPG,Healthy
data\raw\apple\Apple___healthy\6fb1530c-0b24-48df-b2f2-02a8498546ad___RS_HL 8168.JPG,Healthy
data\raw\apple\Apple___healthy\74d4928f-5a36-4f9b-acbe-be50736d397d___RS_HL 8169.JPG,Healthy
data\raw\apple\Apple___healthy\8bc978ac-e3b2-4466-a180-731dcbb71a59___RS_HL 8167.JPG,Healthy
data\raw\apple\Apple___healthy\ba33103e-1321-43f0-8a86-6d5e014c0755___RS_HL 8166.JPG,Healthy
data\raw\apple\Apple___healthy\d2fc2f4e-9094-4e38-bc7a-f40c5c059280___RS_HL 8170.JPG,Healthy
data\raw\apple\Apple___healthy\df6bce5a-1d1b-49f6-a9cb-8f262701b335___RS_HL 8164.JPG,Healthy
data\raw\apple\Apple___healthy\eee67012-27f6-45d5-9365-2561429f046d___RS_HL 8165.JPG,Healthy
data\raw\apple\Apple___Black_rot\5984db18-75d7-4c3a-be4b-74c3c0351887___JR_FrgE.S 8685.JPG,Black Rot
data\raw\apple\Apple___Black_rot\60e1b273-cedb-4003-a197-014832ed51fa___JR_FrgE.S 8684.JPG,Black Rot
data\raw\apple\Apple___Black_rot\b94f7192-3ed3-4dfa-83a6-570142a8b795___JR_FrgE.S 8687.JPG,Black Rot
data\raw\apple\Apple___Black_rot\cb323687-3c3a-41d0-b5f8-445f15d9aa76___JR_FrgE.S 8688.JPG,Black Rot
data\raw\apple\Apple___Black_rot\ddbcb13e-0263-4881-9e1b-6f00d67f7217___JR_FrgE.S 8683.JPG,Black Rot
data\raw\apple\Apple___Black_rot\deccf856-7d85-4b95-9d35-85f4ad1af7f7___JR_FrgE.S 8689.JPG,Black Rot
data\raw\apple\Apple___Black_rot\fb9d8933-5a5b-4553-a75e-dc50efc35975___JR_FrgE.S 8686.JPG,Black Rot
data\raw\apple\Apple___Black_rot\02168189-aa75-4284-a7f0-8ca5901ea783___JR_FrgE.S 2948.JPG,Black Rot
data\raw\apple\Apple___Black_rot\0e84adc9-3e97-48e2-b1fd-7d04f9e92cb0___JR_FrgE.S 2949.JPG,Black Rot
data\raw\apple\Apple___Black_rot\2478fee4-ef3a-4638-8641-f5524246f29a___JR_FrgE.S 2951.JPG,Black Rot
data\raw\apple\Apple___Black_rot\35ca99d4-5913-457a-b09c-3e90f6ef98a3___JR_FrgE.S 2947.JPG,Black Rot
data\raw\apple\Apple___Black_rot\4747a926-7eee-49a1-b28b-a8cc8a555fa7___JR_FrgE.S 2952.JPG,Black Rot
data\raw\apple\Apple___Black_rot\4f9a2639-beb2-4e4c-a62d-805792a50f4e___JR_FrgE.S 2944.JPG,Black Rot
data\raw\apple\Apple___Black_rot\50fa49cd-002e-4352-816e-c5df10dc5f3f___JR_FrgE.S 2950.JPG,Black Rot
data\raw\apple\Apple___Black_rot\56d4cd7c-cb82-4944-b8a6-78ad6502b339___JR_FrgE.S 2955.JPG,Black Rot
data\raw\apple\Apple___Black_rot\6b2b70e7-1dd3-40a0-a2d3-89d84a3e6698___JR_FrgE.S 2956.JPG,Black Rot
data\raw\apple\Apple___Black_rot\6bda7e61-7fff-42d8-b7f4-e304adde45b8___JR_FrgE.S 2954.JPG,Black Rot
data\raw\apple\Apple___Black_rot\91270769-9fc1-4544-bb8e-b48450b7ad62___JR_FrgE.S 2953.JPG,Black Rot
data\raw\apple\Apple___Black_rot\954d8d3f-c11e-4202-b5e5-501d5e41752b___JR_FrgE.S 2942.JPG,Black Rot
data\raw\apple\Apple___Black_rot\cc92897c-3975-4130-a067-6007945be8ab___JR_FrgE.S 2943.JPG,Black Rot
data\raw\apple\Apple___Black_rot\e9d9e0f2-331e-4bf5-90cf-a45c2a93dfea___JR_FrgE.S 2946.JPG,Black Rot
data\raw\apple\Apple___Black_rot\ecd438b2-48c2-4e04-a1dc-7878625cbdab___JR_FrgE.S 2945.JPG,Black Rot
data\raw\apple\Apple___Apple_scab\106aaa5f-c98d-482d-88ef-8e5170e9072d___FREC_Scab 3489.JPG,Apple Scab
data\raw\apple\Apple___Apple_scab\25aeb397-bc36-4fe5-affe-6b8195d4f282___FREC_Scab 3494.JPG,Apple Scab
data\raw\apple\Apple___Apple_scab\50dca3b7-fe83-426b-9fa7-a4e80df022aa___FREC_Scab 3488.JPG,Apple Scab
data\raw\apple\Apple___Apple_scab\b011c870-c5a5-4990-9ddd-e00e02613780___FREC_Scab 3493.JPG,Apple Scab
data\raw\apple\Apple___Apple_scab\bdaae6b2-8ff5-4a4c-9286-a2393063cdaf___FREC_Scab 3491.JPG,Apple Scab
data\raw\apple\Apple___Apple_scab\d9a98a38-faa1-47dc-9710-28a86f024a29___FREC_Scab 3490.JPG,Apple Scab
data\raw\apple\Apple___Apple_scab\fd3ae59f-e06e-403b-b317-83ee68aa9ea7___FREC_Scab 3492.JPG,Apple Scab
data\raw\apple\Apple___Apple_scab\61373045-a7a5-4213-94fb-7d81638d5561___FREC_Scab 3430.JPG,Apple Scab
data\raw\apple\Apple___Apple_scab\c190660f-6116-465c-8ca6-fc56f9844a30___FREC_Scab 3432.JPG,Apple Scab
data\raw\apple\Apple___Apple_scab\cbc265da-87e2-449e-8585-b744f9371772___FREC_Scab 3431.JPG,Apple Scab
data\raw\apple\Apple___Apple_scab\debd9885-73c5-4ba8-9a95-f820846cec77___FREC_Scab 3433.JPG,Apple Scab
data\raw\apple\Apple___Apple_scab\f18c0441-917e-4f34-b26e-a1a71d0adec2___FREC_Scab 3429.JPG,Apple Scab
data\raw\apple\Apple___Apple_scab\2c7ca7c8-1a6c-4811-b9b0-b054c11a5397___FREC_Scab 3260.JPG,Apple Scab
data\raw\apple\Apple___Apple_scab\5dbcba87-93fa-4c21-8abd-bc20c93b359f___FREC_Scab 3258.JPG,Apple Scab
data\raw\apple\Apple___Apple_scab\98d39524-dfe5-42c0-999d-110aa1c49b85___FREC_Scab 3259.JPG,Apple Scab
data\raw\apple\Apple___Apple_scab\d48c6280-ceec-4b35-bc04-bbbf56995203___FREC_Scab 3262.JPG,Apple Scab
data\raw\apple\Apple___Apple_scab\f141c7f9-66b7-4052-b5c7-db3df1a894f2___FREC_Scab 3261.JPG,Apple Scab
data\raw\apple\Apple___healthy\11636fd2-75f3-40e5-99c4-777589bfc392___RS_HL 8203.JPG,Healthy
data\raw\apple\Apple___healthy\2693000f-ad26-46ae-9d5f-3fb67de2b86c___RS_HL 8206.JPG,Healthy
data\raw\apple\Apple___healthy\4da8c9ec-92d1-4e33-87b2-de2906f88a46___RS_HL 8201.JPG,Healthy
data\raw\apple\Apple___healthy\b95d7446-58e5-4f88-a1a9-4ee2930051c4___RS_HL 8205.JPG,Healthy
data\raw\apple\Apple___healthy\b9d6a99b-7ffb-47a2-a9f5-e3fedf6c0ec8___RS_HL 8204.JPG,Healthy
data\raw\apple\Apple___healthy\b9e6aeac-899b-4f14-9e45-abb938f58ec1___RS_HL 8200.JPG,Healthy
data\raw\apple\Apple___healthy\f3c88876-d854-4f94-999c-7fcddb87ced7___RS_HL 8202.JPG,Healthy
data\raw\apple\Apple___healthy\16b2b778-a864-496e-b292-3e9b4029902b___RS_HL 6178.JPG,Healthy
data\raw\apple\Apple___healthy\32b6be5f-6482-4bd2-876d-c2a518afed09___RS_HL 6163.JPG,Healthy
data\raw\apple\Apple___healthy\34960f92-a973-4d36-b388-f63b339b86bc___RS_HL 6167.JPG,Healthy
data\raw\apple\Apple___healthy\3a26bfb8-eb90-4f61-bc32-8cbe65c708df___RS_HL 6174.JPG,Healthy
data\raw\apple\Apple___healthy\49db45ee-cfb4-4691-800f-e1887f163f49___RS_HL 6160.JPG,Healthy
data\raw\apple\Apple___healthy\7236c207-e185-4e16-ad82-77b1dde69e23___RS_HL 6173.JPG,Healthy
data\raw\apple\Apple___healthy\7804bbbb-77aa-4556-ba93-a47fed2eb008___RS_HL 6159.JPG,Healthy
data\raw\apple\Apple___healthy\78308303-e9ca-4cc5-861a-9a7d8017bdad___RS_HL 6176.JPG,Healthy
data\raw\apple\Apple___healthy\7a4ee5b1-1dff-4719-a2be-e5b1674ac63d___RS_HL 6162.JPG,Healthy
data\raw\apple\Apple___healthy\88ffb541-e088-4505-baef-c292c25925dc___RS_HL 6164.JPG,Healthy
data\raw\apple\Apple___healthy\a70c8783-85c0-4a22-879f-9f0a0c46abf6___RS_HL 6161.JPG,Healthy
data\raw\apple\Apple___healthy\bfff4d8f-8a42-435a-9793-07d7858d0e9a___RS_HL 6177.JPG,Healthy
data\raw\apple\Apple___healthy\c8fe407d-1806-41a1-9fee-0c7d2c538fba___RS_HL 6166.JPG,Healthy
data\raw\apple\Apple___healthy\ce9a3738-55ea-4974-8539-922ed4f864b8___RS_HL 6175.JPG,Healthy
data\raw\apple\Apple___healthy\e366d6d6-7a22-4182-bf81-a573831404a2___RS_HL 6165.JPG,Healthy
data\raw\apple\Apple___Black_rot\1fe7faa9-61a7-4152-9a85-a57d9486af0a___JR_FrgE.S 8599.JPG,Black Rot
data\raw\apple\Apple___Black_rot\28f01d7f-27f8-4cf1-a473-ef4744b2dc61___JR_FrgE.S 8597.JPG,Black Rot
data\raw\apple\Apple___Black_rot\72fb58a6-e08c-4192-8c00-f5f5916c7ff8___JR_FrgE.S 8596.JPG,Black Rot
data\raw\apple\Apple___Black_rot\af952e46-4478-4672-a9dc-b0ed14cc1f8c___JR_FrgE.S 8598.JPG,Black Rot
data\raw\apple\Apple___Black_rot\ce675478-f624-4536-b4ba-b0c43d134ae8___JR_FrgE.S 8595.JPG,Black Rot
data\raw\apple\Apple___Apple_scab\03354abb-aa1c-4f9d-a1ef-9f40505cd539___FREC_Scab 3355.JPG,Apple Scab
data\raw\apple\Apple___Apple_scab\3f65aa69-06c9-423f-ac7a-e2ab6edf63ca___FREC_Scab 3360.JPG,Apple Scab
data\raw\apple\Apple___Apple_scab\748e82aa-02b1-4ca7-9fd3-e0184f20644f___FREC_Scab 3354.JPG,Apple Scab
data\raw\apple\Apple___Apple_scab\7ead14ac-9bdd-42a9-bde9-b70d8b6694b7___FREC_Scab 3356.JPG,Apple Scab
data\raw\apple\Apple___Apple_scab\9474d631-06bc-45e0-bdcc-2aff28b34856___FREC_Scab 3358.JPG,Apple Scab
data\raw\apple\Apple___Apple_scab\ae02ce53-61ad-41d0-870a-a5a8b2fb3e93___FREC_Scab 3359.JPG,Apple Scab
data\raw\apple\Apple___Apple_scab\bc93b0fd-568f-4969-9d2d-c94d5f340e7e___FREC_Scab 3357.JPG,Apple Scab
data\raw\apple\Apple___Black_rot\497e0a24-9a4e-4ace-8aa3-d60751b03abe___JR_FrgE.S 8794.JPG,Black Rot
data\raw\apple\Apple___Black_rot\62cc4916-2674-472e-a48c-0ce986aa85e3___JR_FrgE.S 8793.JPG,Black Rot
data\raw\apple\Apple___Black_rot\6330666e-a1cc-48c5-8e60-64cdf531c294___JR_FrgE.S 8795.JPG,Black Rot
data\raw\apple\Apple___Black_rot\77843368-1495-4113-b865-83e381f0641e___JR_FrgE.S 8791.JPG,Black Rot
data\raw\apple\Apple___Black_rot\8d911287-49a5-4b0b-b9e5-8d270baf40f0___JR_FrgE.S 8792.JPG,Black Rot
data\raw\apple\Apple___healthy\076255ae-2574-415a-b9db-feb739266656___RS_HL 7540.JPG,Healthy
data\raw\apple\Apple___Black_rot\00e909aa-e3ae-4558-9961-336bb0f35db3___JR_FrgE.S 8593.JPG,Black Rot
data\raw\apple\Apple___Black_rot\1d59f109-9793-403b-88d7-73bc3b17d601___JR_FrgE.S 8592.JPG,Black Rot
data\raw\apple\Apple___Black_rot\37dc5845-507c-46f7-bfd9-f41407e6c813___JR_FrgE.S 8591.JPG,Black Rot
data\raw\apple\Apple___Black_rot\59cb2470-1e5e-4828-90f2-a22dacbb0fd6___JR_FrgE.S 8594.JPG,Black Rot
data\raw\apple\Apple___Black_rot\953017bf-0b57-4fd9-a696-3fb00aa84c24___JR_FrgE.S 8590.JPG,Black Rot
data\raw\apple\Apple___Apple_scab\0e90fe4a-e8b6-4186-9429-a9fea180af9a___FREC_Scab 3391.JPG,Apple Scab
data\raw\apple\Apple___Apple_scab\89937e2f-6ec2-483d-9ba4-1c7c61859cb0___FREC_Scab 3394.JPG,Apple Scab
data\raw\apple\Apple___Apple_scab\affb666c-6915-48e6-ba8a-92385af75826___FREC_Scab 3395.JPG,Apple Scab
data\raw\apple\Apple___Apple_scab\b19aef4d-ee91-4768-9520-8fdfee2578b4___FREC_Scab 3396.JPG,Apple Scab
data\raw\apple\Apple___Apple_scab\d7ac8a6f-7c88-47ac-9387-eefb672e9776___FREC_Scab 3392.JPG,Apple Scab
data\raw\apple\Apple___Apple_scab\f2d6beb9-e8b1-49f6-b7b7-903b51565435___FREC_Scab 3393.JPG,Apple Scab
data\raw\apple\Apple___Apple_scab\33ebf0dd-f971-4f11-aa93-45df7d55a9ea___FREC_Scab 3182.JPG,Apple Scab
data\raw\apple\Apple___Apple_scab\3c27bbd7-b305-4ab0-8a85-5061363cf632___FREC_Scab 3183.JPG,Apple Scab
data\raw\apple\Apple___Apple_scab\730f20de-a19f-4320-89bf-027dceeff9b5___FREC_Scab 3185.JPG,Apple Scab
data\raw\apple\Apple___Apple_scab\74f429dd-0b33-41e1-a689-17f8b62dd614___FREC_Scab 3186.JPG,Apple Scab
data\raw\apple\Apple___Apple_scab\ad6539ea-7bc6-4f4a-810f-63ee95db8bfe___FREC_Scab 3184.JPG,Apple Scab
data\raw\apple\Apple___Apple_scab\afab688d-242c-4e62-abef-ba277df5a76d___FREC_Scab 3188.JPG,Apple Scab
data\raw\apple\Apple___Apple_scab\bef6e86f-946a-4c2e-be1d-6b2913be449d___FREC_Scab 3187.JPG,Apple Scab
data\raw\apple\Apple___Black_rot\0139bc6d-391c-4fd1-bcae-cc74dabfddd7___JR_FrgE.S 2734.JPG,Black Rot
data\raw\apple\Apple___Black_rot\076d95c0-1ca7-4ee8-9558-0f18e617813d___JR_FrgE.S 2737.JPG,Black Rot
data\raw\apple\Apple___Black_rot\085625a8-236d-4f71-bd40-78e3e4f24eb0___JR_FrgE.S 2732.JPG,Black Rot
data\raw\apple\Apple___Black_rot\554089f3-ff67-45ff-9d9a-b0aba573df6a___JR_FrgE.S 2730.JPG,Black Rot
data\raw\apple\Apple___Black_rot\7f11ba2d-0894-4240-9d41-b0e131d8e711___JR_FrgE.S 2731.JPG,Black Rot
data\raw\apple\Apple___Black_rot\87975b41-e762-4574-b56c-4d94b4238d63___JR_FrgE.S 2733.JPG,Black Rot
data\raw\apple\Apple___Black_rot\898348ae-7cf3-4be6-9020-9b892558d4e9___JR_FrgE.S 2729.JPG,Black Rot
data\raw\apple\Apple___Black_rot\9eaff91a-1260-4d17-844d-65ab1ee09752___JR_FrgE.S 2736.JPG,Black Rot
data\raw\apple\Apple___Black_rot\ce1df5bf-b9cd-491a-9b54-f4e20f3b71a2___JR_FrgE.S 2735.JPG,Black Rot
data\raw\apple\Apple___healthy\0eacfbb6-3d68-4a89-b8f8-6b2d328102af___RS_HL 7961.JPG,Healthy
data\raw\apple\Apple___healthy\1a905d2f-3b54-41b4-bab8-3c2b0845a91d___RS_HL 7958.JPG,Healthy
data\raw\apple\Apple___healthy\1fae0947-05ec-4487-a8d4-5ce3c860a21f___RS_HL 7962.JPG,Healthy
data\raw\apple\Apple___healthy\62acb368-c1b6-496c-910d-64cd4b8c5941___RS_HL 7964.JPG,Healthy
data\raw\apple\Apple___healthy\a4f33d84-f27c-481d-83ac-9575c8469fe6___RS_HL 7960.JPG,Healthy
data\raw\apple\Apple___healthy\b2acd8b3-5156-4568-95e3-b7c6604ce7cc___RS_HL 7959.JPG,Healthy
data\raw\apple\Apple___healthy\d91b6c09-9022-4860-98fb-643c0ec85fe3___RS_HL 7965.JPG,Healthy
data\raw\apple\Apple___healthy\f3676c6a-f226-4bc7-b3d4-c9537de075f4___RS_HL 7963.JPG,Healthy
data\raw\apple\Apple___healthy\0756094c-e815-4897-8b74-5ec4e4cc59b6___RS_HL 7956.JPG,Healthy
data\raw\apple\Apple___healthy\2fae96ef-fe0f-4004-bbb7-259c62cde5c3___RS_HL 7953.JPG,Healthy
data\raw\apple\Apple___healthy\3c469e15-452e-4332-9f4b-93104f32d5e9___RS_HL 7954.JPG,Healthy
data\raw\apple\Apple___healthy\6504ca1b-442e-4839-b61e-2660fffcb67b___RS_HL 7952.JPG,Healthy
data\raw\apple\Apple___healthy\ae2bb9d6-502a-4ae2-b4e4-4c2fffd06ebc___RS_HL 7951.JPG,Healthy
data\raw\apple\Apple___healthy\b17878ef-2476-4eba-9bdf-0a7950edae2a___RS_HL 7957.JPG,Healthy
data\raw\apple\Apple___healthy\f37b30bb-fc44-488b-9184-bd6f73187803___RS_HL 7955.JPG,Healthy
data\raw\apple\Apple___healthy\18121688-72a8-414a-8e36-43060cdebb22___RS_HL 5747.JPG,Healthy
data\raw\apple\Apple___healthy\6758f085-1397-42a4-8b03-2f5e87f3bedd___RS_HL 5751.JPG,Healthy
data\raw\apple\Apple___healthy\712b5957-4109-4ed4-a393-a6605ebe6c08___RS_HL 5750.JPG,Healthy
data\raw\apple\Apple___healthy\8536327d-1f21-4599-a587-c75b3ae576e4___RS_HL 5746.JPG,Healthy
data\raw\apple\Apple___healthy\950e5c9d-49ec-4c5c-af23-69efff18f8a6___RS_HL 5749.JPG,Healthy
data\raw\apple\Apple___healthy\c1fb257d-b00b-4a71-baad-92a73af09f52___RS_HL 5745.JPG,Healthy
data\raw\apple\Apple___healthy\c58cad9c-4529-4be6-8c40-d0f10701fe14___RS_HL 5744.JPG,Healthy
data\raw\apple\Apple___healthy\d6b55200-ce53-474b-be71-94b24991fa65___RS_HL 5743.JPG,Healthy
data\raw\apple\Apple___healthy\d6dd2845-b0ca-4a51-8d0f-db77c8f06e73___RS_HL 5748.JPG,Healthy
data\raw\apple\Apple___healthy\f867a4ff-fe32-4bc4-9fee-9403c5ade149___RS_HL 5752.JPG,Healthy
data\raw\apple\Apple___healthy\023810b0-18e6-4352-9dfa-c2f4c034cda5___RS_HL 7538.JPG,Healthy
data\raw\apple\Apple___healthy\0ec3bd54-80a1-4dcd-9411-bcfafd147272___RS_HL 7534.JPG,Healthy
data\raw\apple\Apple___healthy\1398b04d-e259-418b-a5db-d4b20b7a3380___RS_HL 7536.JPG,Healthy
data\raw\apple\Apple___healthy\32d7538b-1c41-49c4-a67e-4ef228aaa438___RS_HL 7529.JPG,Healthy
data\raw\apple\Apple___healthy\3e19a6c4-e5d8-4649-b403-7a8fd36b88e2___RS_HL 7533.JPG,Healthy
data\raw\apple\Apple___healthy\44be3db8-37a5-44e1-a1b5-df963562cb86___RS_HL 7531.JPG,Healthy
data\raw\apple\Apple___healthy\725e9b8f-f55c-44ce-a0d8-7b6829f86630___RS_HL 7532.JPG,Healthy
data\raw\apple\Apple___healthy\c8f83443-9ab6-483b-99e2-d90760e32ea3___RS_HL 7535.JPG,Healthy
data\raw\apple\Apple___healthy\d826b07d-a57b-4331-a451-8bb1ea264861___RS_HL 7537.JPG,Healthy
data\raw\apple\Apple___healthy\e686d3b8-b691-4cc0-a371-8d812c168911___RS_HL 7539.JPG,Healthy
data\raw\apple\Apple___healthy\f7ac955e-05a2-455a-88aa-2771234e9be0___RS_HL 7530.JPG,Healthy
data\raw\apple\Apple___healthy\236eab7b-6301-4764-8e70-7b3b87ecc904___RS_HL 8147.JPG,Healthy
data\raw\apple\Apple___healthy\3829531e-aa99-481f-ab73-23690ea06417___RS_HL 8144.JPG,Healthy
data\raw\apple\Apple___healthy\ac49a568-aa04-4c08-88a6-d1551e3f41ca___RS_HL 8146.JPG,Healthy
data\raw\apple\Apple___healthy\b228e0e9-6082-4f02-a31e-11077fff799a___RS_HL 8143.JPG,Healthy
data\raw\apple\Apple___healthy\c3dfce5d-2232-4b97-8821-6f5c32553fb7___RS_HL 8149.JPG,Healthy
data\raw\apple\Apple___healthy\d40c491e-7efa-4e8e-865a-fc2e5a240a66___RS_HL 8148.JPG,Healthy
data\raw\apple\Apple___healthy\fdc0d1ae-70a8-40a6-aab8-2be6c10391a6___RS_HL 8145.JPG,Healthy
data\raw\apple\Apple___Apple_scab\27338275-3c75-4bbf-8d74-7b90e9d224d3___FREC_Scab 3269.JPG,Apple Scab
data\raw\apple\Apple___Apple_scab\4d02c4a9-4b0d-4b4b-9695-91f08228ee53___FREC_Scab 3274.JPG,Apple Scab
data\raw\apple\Apple___Apple_scab\62f548e4-13e0-4e62-bcbc-2bc2c68251f3___FREC_Scab 3273.JPG,Apple Scab
data\raw\apple\Apple___Apple_scab\6a61688a-c972-4f8f-b3b7-46fd00264240___FREC_Scab 3271.JPG,Apple Scab
data\raw\apple\Apple___Apple_scab\76eca386-c7c1-4807-ae27-13c793d06e02___FREC_Scab 3272.JPG,Apple Scab
data\raw\apple\Apple___Apple_scab\808207df-2000-4050-a720-bd23997710b8___FREC_Scab 3270.JPG,Apple Scab
data\raw\apple\Apple___Apple_scab\075b1885-250b-4b3e-8168-e54efdbb04e8___FREC_Scab 3173.JPG,Apple Scab
data\raw\apple\Apple___Apple_scab\1f6abf22-93fa-48f0-a509-cc3e210f75f0___FREC_Scab 3172.JPG,Apple Scab
data\raw\apple\Apple___Apple_scab\a0fb83fc-d5a2-4ddf-9a04-c2bf96e5027f___FREC_Scab 3175.JPG,Apple Scab
data\raw\apple\Apple___Apple_scab\c84037f0-a9ba-46fc-9e44-ca67914ae7d0___FREC_Scab 3171.JPG,Apple Scab
data\raw\apple\Apple___Apple_scab\f1017472-d391-4a66-b9b2-d52916cd0c0b___FREC_Scab 3176.JPG,Apple Scab
data\raw\apple\Apple___Apple_scab\fa9c1112-27fc-42db-930d-7e4956267ab5___FREC_Scab 3174.JPG,Apple Scab
data\raw\apple\Apple___Black_rot\1b607e4f-ce59-4c0f-8e91-b529088926be___JR_FrgE.S 8788.JPG,Black Rot
data\raw\apple\Apple___Black_rot\464511a6-77d9-493f-bb3c-f151fb390f1b___JR_FrgE.S 8790.JPG,Black Rot
data\raw\apple\Apple___Black_rot\7e9d57ad-9e61-49f8-841c-c49b8aa1c1e1___JR_FrgE.S 8786.JPG,Black Rot
data\raw\apple\Apple___Black_rot\82222b3b-3999-40ad-8d80-d7ce0f74bbc3___JR_FrgE.S 8787.JPG,Black Rot
data\raw\apple\Apple___Black_rot\b856fc24-15d8-4294-8dd5-70a270f54518___JR_FrgE.S 8789.JPG,Black Rot
data\raw\apple\Apple___Black_rot\0bb8fb61-d561-43fd-89a3-d24d253adef9___JR_FrgE.S 2849.JPG,Black Rot
data\raw\apple\Apple___Black_rot\394b4c4e-096d-4a4e-9498-8a18f240ab18___JR_FrgE.S 2855.JPG,Black Rot
data\raw\apple\Apple___Black_rot\46c90409-1e99-4708-88da-ad8629ab5e9e___JR_FrgE.S 2856.JPG,Black Rot
data\raw\apple\Apple___Black_rot\4a2319e3-c6ab-4417-9154-ebabf0d1df4d___JR_FrgE.S 2854.JPG,Black Rot
data\raw\apple\Apple___Black_rot\4ca16e52-bdfb-40c3-8407-77087fdfc786___JR_FrgE.S 2852.JPG,Black Rot
data\raw\apple\Apple___Black_rot\8d935efd-8dba-4847-954f-a914d93d8d07___JR_FrgE.S 2857.JPG,Black Rot
data\raw\apple\Apple___Black_rot\9dc8568b-4e22-4272-b012-3d3aaa0c8247___JR_FrgE.S 2850.JPG,Black Rot
data\raw\apple\Apple___Black_rot\a5c9d465-9070-44e2-9974-ad6ed6ffaaf5___JR_FrgE.S 2853.JPG,Black Rot
data\raw\apple\Apple___Black_rot\b0fce660-5598-4007-b8d0-7cbd643edb9e___JR_FrgE.S 2851.JPG,Black Rot
data\raw\apple\Apple___Black_rot\e6ea57b6-04c9-4873-83d5-f6d859d54dbb___JR_FrgE.S 2848.JPG,Black Rot
data\raw\apple\Apple___Black_rot\fbe5708e-d8c5-49f2-a01b-c918e04a4338___JR_FrgE.S 2858.JPG,Black Rot
data\raw\apple\Apple___healthy\02cd3257-a42f-4fbc-8056-a41d5aabfbc3___RS_HL 8029.JPG,Healthy
data\raw\apple\Apple___healthy\3a6789e3-2dd3-4513-b21d-be34f521c4a1___RS_HL 8031.JPG,Healthy
data\raw\apple\Apple___healthy\3e694355-bfdc-4dfe-978e-16c08b70bdba___RS_HL 8028.JPG,Healthy
data\raw\apple\Apple___healthy\679f57c6-992b-424e-beb7-5344a873e1dd___RS_HL 8026.JPG,Healthy
data\raw\apple\Apple___healthy\b30e7ae6-7ea7-4eaf-8ffa-06b0093c9f75___RS_HL 8030.JPG,Healthy
data\raw\apple\Apple___healthy\b34b807c-4986-4b85-8ede-73d625a14921___RS_HL 8025.JPG,Healthy
data\raw\apple\Apple___healthy\c5a79e4d-e008-452d-b71d-503ef9077903___RS_HL 8027.JPG,Healthy
data\raw\apple\Apple___healthy\ef39563c-7897-48be-b7d5-5371b873b110___RS_HL 8024.JPG,Healthy
data\raw\apple\Apple___healthy\02d0257a-d21a-43a4-9348-472043df801e___RS_HL 6065.JPG,Healthy
data\raw\apple\Apple___healthy\1ecec99b-aeb0-4261-85cf-ac2e8cc80ebd___RS_HL 6073.JPG,Healthy
data\raw\apple\Apple___healthy\530f24d7-aefb-419d-b814-2cb3a81cfe2c___RS_HL 6071.JPG,Healthy
data\raw\apple\Apple___healthy\53d09cc6-89ef-4180-a823-31c5f6566656___RS_HL 6070.JPG,Healthy
data\raw\apple\Apple___healthy\723a658e-85ee-431c-bfe7-a411686bd528___RS_HL 6074.JPG,Healthy
data\raw\apple\Apple___healthy\7b5603c7-76c7-4b94-9c7a-5db00fb8581d___RS_HL 6064.JPG,Healthy
data\raw\apple\Apple___healthy\8673df90-01fb-4dde-9510-6743bfefb367___RS_HL 6069.JPG,Healthy
data\raw\apple\Apple___healthy\956ef90c-41af-4e70-89a7-291687859623___RS_HL 6063.JPG,Healthy
data\raw\apple\Apple___healthy\a0670cfe-00e2-4c7a-a9f7-29408debdc3a___RS_HL 6061.JPG,Healthy
data\raw\apple\Apple___healthy\b6a2a9d1-5fff-4f42-bc18-12c9777001e6___RS_HL 6067.JPG,Healthy
data\raw\apple\Apple___healthy\c36cccf8-e56e-49ea-ba5e-b44cb9e04ebd___RS_HL 6062.JPG,Healthy
data\raw\apple\Apple___healthy\ca4458ac-56ef-41f3-b7a9-6084846069fd___RS_HL 6072.JPG,Healthy
data\raw\apple\Apple___healthy\e35729f0-09b8-4cd4-a04c-30c9b49095c5___RS_HL 6068.JPG,Healthy
data\raw\apple\Apple___healthy\edb48c93-3366-4363-9840-41a96cb86e3a___RS_HL 6066.JPG,Healthy
data\raw\apple\Apple___Apple_scab\9431682d-6de3-4b1f-bdde-11b706fe2e85___FREC_Scab 3029.JPG,Apple Scab
data\raw\apple\Apple___Apple_scab\a2d74032-fd6c-469b-897a-054705e03dec___FREC_Scab 3028.JPG,Apple Scab
data\raw\apple\Apple___Apple_scab\b4dd08e1-926f-41e0-b266-c2f37cea3203___FREC_Scab 3030.JPG,Apple Scab
data\raw\apple\Apple___healthy\0e857e3d-34ff-4549-b8ef-4d699aacb178___RS_HL 7511.JPG,Healthy
data\raw\apple\Apple___healthy\1598eb2e-21c6-4fda-9080-945551c7f2ee___RS_HL 7501.JPG,Healthy
data\raw\apple\Apple___healthy\15b10e4e-2d9b-463e-85c0-d66ba29c5b49___RS_HL 7506.JPG,Healthy
data\raw\apple\Apple___healthy\1ec5d93e-76ab-44cf-a53e-ef3f741a095a___RS_HL 7504.JPG,Healthy
data\raw\apple\Apple___healthy\2b0d21b2-2320-4cb4-8d40-4684f0c91e55___RS_HL 7505.JPG,Healthy
data\raw\apple\Apple___healthy\37715958-a2d4-41d6-9672-9cafd0f1c146___RS_HL 7502.JPG,Healthy
data\raw\apple\Apple___healthy\8159ee63-0c79-4987-8d1d-42471d4e8b90___RS_HL 7508.JPG,Healthy
data\raw\apple\Apple___healthy\d7e45523-ed79-4f45-ac59-92c7234682b6___RS_HL 7510.JPG,Healthy
data\raw\apple\Apple___healthy\dd296b3c-b97a-4af0-b9f2-3085b1e8b35a___RS_HL 7503.JPG,Healthy
data\raw\apple\Apple___healthy\f1ff3bc9-8483-4255-a252-95433e00d5e2___RS_HL 7509.JPG,Healthy
data\raw\apple\Apple___healthy\fe0701b3-d2f2-46b1-b88d-6ce5a6b2a687___RS_HL 7507.JPG,Healthy
data\raw\apple\Apple___Black_rot\6dfd829f-aca0-459d-aa67-ed4636a66033___JR_FrgE.S 8653.JPG,Black Rot
data\raw\apple\Apple___Black_rot\70336f72-8835-40a2-8635-22b60104c19a___JR_FrgE.S 8656.JPG,Black Rot
data\raw\apple\Apple___Black_rot\9efc127e-4eb6-403a-87f8-1c57c2bb8298___JR_FrgE.S 8657.JPG,Black Rot
data\raw\apple\Apple___Black_rot\cf524171-a68a-4200-9159-133567b95f71___JR_FrgE.S 8658.JPG,Black Rot
data\raw\apple\Apple___Black_rot\d40e4a34-1c9a-4971-acce-bb6ce2e14208___JR_FrgE.S 8654.JPG,Black Rot
data\raw\apple\Apple___Black_rot\fe588823-1009-4181-88e6-bdbf70fe33c3___JR_FrgE.S 8655.JPG,Black Rot
data\raw\apple\Apple___healthy\0181db4e-718e-41bc-b6ed-92863471fa85___RS_HL 5941.JPG,Healthy
data\raw\apple\Apple___healthy\02847045-4405-467c-9ccb-7ba2ab1d574c___RS_HL 5943.JPG,Healthy
data\raw\apple\Apple___healthy\13866bf5-0193-41b4-8e26-cb09d35e8697___RS_HL 5945.JPG,Healthy
data\raw\apple\Apple___healthy\2c7fe12b-945d-4828-a327-fc17eb0c4afc___RS_HL 5942.JPG,Healthy
data\raw\apple\Apple___healthy\3ecfd9ce-30c4-4453-9d90-75854c7f82b7___RS_HL 5950.JPG,Healthy
data\raw\apple\Apple___healthy\64764c6e-6e57-4fbe-903f-06103bd72a38___RS_HL 5951.JPG,Healthy
data\raw\apple\Apple___healthy\8c843c35-5dc9-47be-9ccf-1448ed30356c___RS_HL 5949.JPG,Healthy
data\raw\apple\Apple___healthy\ab23fdc9-8036-47f2-a32b-b3facb13fd5b___RS_HL 5947.JPG,Healthy
data\raw\apple\Apple___healthy\b2187f22-a9bf-47e1-8b92-b12af779833f___RS_HL 5944.JPG,Healthy
data\raw\apple\Apple___healthy\e706b363-0bc0-4846-9b56-b7ff2f60e112___RS_HL 5952.JPG,Healthy
data\raw\apple\Apple___healthy\ec9e541f-ebe0-4985-8a34-26f9daf88b5d___RS_HL 5948.JPG,Healthy
data\raw\apple\Apple___healthy\f4b6cf56-ec35-43f4-b5e4-eebf509c9580___RS_HL 5946.JPG,Healthy
data\raw\apple\Apple___healthy\09b428ff-8046-4c05-9dc3-991b58e4a649___RS_HL 7731.JPG,Healthy
data\raw\apple\Apple___healthy\1b7e4b68-0062-410d-a57f-48177145dfb6___RS_HL 7734.JPG,Healthy
data\raw\apple\Apple___healthy\9e68d5bf-8b78-4ba1-9f04-ce5c69c14d46___RS_HL 7733.JPG,Healthy
data\raw\apple\Apple___healthy\bbf190ed-4d1d-4add-a0d9-e672860c7b1e___RS_HL 7736.JPG,Healthy
data\raw\apple\Apple___healthy\d64e56f8-7015-423b-9926-5fcf3b4370f5___RS_HL 7735.JPG,Healthy
data\raw\apple\Apple___healthy\e7f0bd90-56b8-4d09-a406-9c4786eaca3a___RS_HL 7738.JPG,Healthy
data\raw\apple\Apple___healthy\e99a7776-9700-4845-bec6-b3db896f5562___RS_HL 7732.JPG,Healthy
data\raw\apple\Apple___healthy\f797f26c-c6c4-42b7-af20-69e9c7d8bb35___RS_HL 7737.JPG,Healthy
data\raw\apple\Apple___healthy\168d6d21-9d72-43c0-acca-b216f64ee87b___RS_HL 7942.JPG,Healthy
data\raw\apple\Apple___healthy\768f1904-8365-4d72-aa84-87d9f09ef2d5___RS_HL 7937.JPG,Healthy
data\raw\apple\Apple___healthy\872f47c5-4779-4ebc-8102-ee38e695f0d3___RS_HL 7943.JPG,Healthy
data\raw\apple\Apple___healthy\9f288c49-e11c-4054-9a44-b5e81e39427a___RS_HL 7938.JPG,Healthy
data\raw\apple\Apple___healthy\bcc124a4-afd2-4663-86ff-5eef7101bf02___RS_HL 7939.JPG,Healthy
data\raw\apple\Apple___healthy\f0033a40-7a27-46e8-bf31-5af5cd0a9691___RS_HL 7941.JPG,Healthy
data\raw\apple\Apple___healthy\f0cc8fe8-a9ec-42bb-83b7-274f8f5f00f0___RS_HL 7940.JPG,Healthy
data\raw\apple\Apple___Black_rot\24420d48-c47b-4e67-959a-bf28131abbdc___JR_FrgE.S 2811.JPG,Black Rot
data\raw\apple\Apple___Black_rot\3b1299be-2602-451f-9877-93edd8bf09a8___JR_FrgE.S 2801.JPG,Black Rot
data\raw\apple\Apple___Black_rot\445448e9-b429-45df-942d-fb46932540d7___JR_FrgE.S 2804.JPG,Black Rot
data\raw\apple\Apple___Black_rot\52d8da3b-5d74-43ba-b527-bc8fc6b5387b___JR_FrgE.S 2797.JPG,Black Rot
data\raw\apple\Apple___Black_rot\60a8b7ad-7039-4c35-82da-ad011a1e856e___JR_FrgE.S 2805.JPG,Black Rot
data\raw\apple\Apple___Black_rot\668dfffb-b15e-4226-92fb-d7a2795821e0___JR_FrgE.S 2794.JPG,Black Rot
data\raw\apple\Apple___Black_rot\73c50901-aab5-4f70-bf2a-5d1b9d235260___JR_FrgE.S 2798.JPG,Black Rot
data\raw\apple\Apple___Black_rot\7f421e23-fede-4111-b6ab-cca2474f7d0e___JR_FrgE.S 2809.JPG,Black Rot
data\raw\apple\Apple___Black_rot\842d3c43-4e5a-49aa-95b1-fb7e9be3d133___JR_FrgE.S 2802.JPG,Black Rot
data\raw\apple\Apple___Black_rot\96922007-b6ba-4925-a18a-2b19138d9297___JR_FrgE.S 2800.JPG,Black Rot
data\raw\apple\Apple___Black_rot\a0953d6d-067c-4b49-86fb-162d14d2fed0___JR_FrgE.S 2796.JPG,Black Rot
data\raw\apple\Apple___Black_rot\a55923f0-3b82-40ee-8211-720503bc00af___JR_FrgE.S 2808.JPG,Black Rot
data\raw\apple\Apple___Black_rot\a716360d-b3c2-4fcb-9ac0-98c5f3cc429b___JR_FrgE.S 2810.JPG,Black Rot
data\raw\apple\Apple___Black_rot\b371e9c4-177b-4bfb-9430-e14f9f30a06d___JR_FrgE.S 2803.JPG,Black Rot
data\raw\apple\Apple___Black_rot\d56311b8-ffb7-4f58-b521-c8be2a31f980___JR_FrgE.S 2799.JPG,Black Rot
data\raw\apple\Apple___Black_rot\d7927614-3b3e-4ba5-8564-2ae4a1f25132___JR_FrgE.S 2812.JPG,Black Rot
data\raw\apple\Apple___Black_rot\ded93fa6-0c14-47ea-aa92-806a64db7816___JR_FrgE.S 2795.JPG,Black Rot
data\raw\apple\Apple___Black_rot\f3bbe1b6-4a5c-45d4-9660-d24b8c43f2fc___JR_FrgE.S 2806.JPG,Black Rot
data\raw\apple\Apple___Black_rot\fbd0bf3e-2260-4a97-be8a-af9cac60df7b___JR_FrgE.S 2807.JPG,Black Rot
data\raw\apple\Apple___Black_rot\26a6609d-7993-4fda-b56d-5c5194f0de03___JR_FrgE.S 8797.JPG,Black Rot
data\raw\apple\Apple___Black_rot\39ab4ac8-5f68-448a-8b1f-dcba2e07d129___JR_FrgE.S 8798.JPG,Black Rot
data\raw\apple\Apple___Black_rot\cc0f71b0-af7d-49e2-b7df-a45e97caab2c___JR_FrgE.S 8796.JPG,Black Rot
data\raw\apple\Apple___Black_rot\cda4e00f-b32f-4605-b2ca-4b5eba5ecc22___JR_FrgE.S 8799.JPG,Black Rot
data\raw\apple\Apple___Black_rot\cffe2528-d760-4e77-a117-a0253ba3af6f___JR_FrgE.S 8801.JPG,Black Rot
data\raw\apple\Apple___Black_rot\f3bac530-dd9a-43b3-b3cf-9860315f3d18___JR_FrgE.S 8800.JPG,Black Rot
data\raw\apple\Apple___Black_rot\05421496-3901-424d-b44a-1be1f2734cf1___JR_FrgE.S 3005.JPG,Black Rot
data\raw\apple\Apple___Black_rot\1d0e83a0-f3c0-4c14-b1d6-b0ceee3552ac___JR_FrgE.S 3006.JPG,Black Rot
data\raw\apple\Apple___Black_rot\4b8414f0-fa9b-4195-90cb-608f6fd74d44___JR_FrgE.S 2999.JPG,Black Rot
data\raw\apple\Apple___Black_rot\6af96fb3-002f-48b3-a2e8-fb5cf30dfa63___JR_FrgE.S 2998.JPG,Black Rot
data\raw\apple\Apple___Black_rot\727f3a92-f43b-4388-84ff-3865ee745b42___JR_FrgE.S 3000.JPG,Black Rot
data\raw\apple\Apple___Black_rot\8371e040-cf1b-4c28-a52c-db9c10ad9465___JR_FrgE.S 3007.JPG,Black Rot
data\raw\apple\Apple___Black_rot\932e43a7-738f-4864-92e2-745bb715160e___JR_FrgE.S 2997.JPG,Black Rot
data\raw\apple\Apple___Black_rot\9db01900-2a71-4acc-a9e8-f1a462707cf8___JR_FrgE.S 3004.JPG,Black Rot
data\raw\apple\Apple___Black_rot\9e4c3e90-477d-4b7e-8227-bf82a037024e___JR_FrgE.S 3003.JPG,Black Rot
data\raw\apple\Apple___Black_rot\c3fc7435-5960-4b9a-b333-287ffeb05126___JR_FrgE.S 3002.JPG,Black Rot
data\raw\apple\Apple___Black_rot\e66666f1-bad7-4ceb-8142-389b841be362___JR_FrgE.S 3008.JPG,Black Rot
data\raw\apple\Apple___Black_rot\f83c1286-8bdb-48e6-ac8f-bd8a5209afc7___JR_FrgE.S 3001.JPG,Black Rot
data\raw\apple\Apple___healthy\06dad629-8898-4e90-bd0d-f1b34350b7a1___RS_HL 7387.JPG,Healthy
data\raw\apple\Apple___healthy\139cb003-2cc1-43ce-bbdf-29767f9e2ce0___RS_HL 7386.JPG,Healthy
data\raw\apple\Apple___healthy\3aff0cab-c5f0-4fd5-8a7a-2a81160da701___RS_HL 7392.JPG,Healthy
data\raw\apple\Apple___healthy\3c739f46-0ab2-4441-8fa9-cbc16d7609cb___RS_HL 7385.JPG,Healthy
data\raw\apple\Apple___healthy\4b186022-c0ab-4a26-9930-c7944a3c431e___RS_HL 7389.JPG,Healthy
data\raw\apple\Apple___healthy\50d5a081-d2b9-4297-ad6b-6c572018d941___RS_HL 7388.JPG,Healthy
data\raw\apple\Apple___healthy\86e79f38-1fcf-4581-945d-5a28ed6d6852___RS_HL 7391.JPG,Healthy
data\raw\apple\Apple___healthy\af109f85-cfe8-4547-a642-10fd10a2b79b___RS_HL 7393.JPG,Healthy
data\raw\apple\Apple___healthy\bcd55989-eab4-4d03-8fe2-2f24ba37c637___RS_HL 7394.JPG,Healthy
data\raw\apple\Apple___healthy\dbe91ac0-dcec-40f0-8be3-be2cafd83d5a___RS_HL 7384.JPG,Healthy
data\raw\apple\Apple___healthy\ffb59eab-a2c5-471b-96f9-7699d5504b4d___RS_HL 7390.JPG,Healthy
data\raw\apple\Apple___healthy\3ee00792-0430-445e-8c25-970607d2759d___RS_HL 7810.JPG,Healthy
data\raw\apple\Apple___healthy\65a6d1f7-616e-40b7-8ebb-8b895c69a7dd___RS_HL 7813.JPG,Healthy
data\raw\apple\Apple___healthy\6a2b2664-0e91-455c-8978-64c097631604___RS_HL 7808.JPG,Healthy
data\raw\apple\Apple___healthy\a4c3d6d2-cc69-4d8e-acc9-0e648df959ef___RS_HL 7806.JPG,Healthy
data\raw\apple\Apple___healthy\ad7674f8-ff0c-43f8-9bb7-1c347ba197fe___RS_HL 7812.JPG,Healthy
data\raw\apple\Apple___healthy\c81e4d98-e76b-48cf-b03a-2ad382d19842___RS_HL 7807.JPG,Healthy
data\raw\apple\Apple___healthy\f205d63f-9621-4509-b6e9-6d0ec7e3a402___RS_HL 7811.JPG,Healthy
data\raw\apple\Apple___healthy\fa6db5ca-4c60-4ab4-8c23-b6bb852eafbe___RS_HL 7809.JPG,Healthy
data\raw\apple\Apple___Apple_scab\0b1e31fa-cbc0-41ed-9139-c794e6855e82___FREC_Scab 3089.JPG,Apple Scab
data\raw\apple\Apple___Apple_scab\246c33b0-fac8-4cca-ae8b-17947338b8b2___FREC_Scab 3091.JPG,Apple Scab
data\raw\apple\Apple___Apple_scab\2d4c8a12-a34c-4c8b-b357-271d87532ece___FREC_Scab 3090.JPG,Apple Scab
data\raw\apple\Apple___Apple_scab\6fb41b7b-d1f0-451c-988a-1083d038acdb___FREC_Scab 3094.JPG,Apple Scab
data\raw\apple\Apple___Apple_scab\cc729eed-8d8e-4a23-9b27-db78e418543d___FREC_Scab 3092.JPG,Apple Scab
data\raw\apple\Apple___Apple_scab\d08d117d-d394-4e24-83c2-cd7fd96894ce___FREC_Scab 3093.JPG,Apple Scab
data\raw\apple\Apple___healthy\3969a6d5-f626-4a6a-bc72-3d38d1cff967___RS_HL 6092.JPG,Healthy
data\raw\apple\Apple___Apple_scab\7ed79254-3e04-4e08-9c80-088cd9d7d8c9___FREC_Scab 3310.JPG,Apple Scab
data\raw\apple\Apple___Apple_scab\9555b45b-0080-4d26-8b54-a343b9bf0ffc___FREC_Scab 3313.JPG,Apple Scab
data\raw\apple\Apple___Apple_scab\ac61c972-546d-4977-ac4a-085f98bbf206___FREC_Scab 3308.JPG,Apple Scab
data\raw\apple\Apple___Apple_scab\b0613c0d-0e9d-4e47-9743-57f5da39a092___FREC_Scab 3311.JPG,Apple Scab
data\raw\apple\Apple___Apple_scab\bc2ce052-84b8-4de9-bd9d-7528869b62dc___FREC_Scab 3309.JPG,Apple Scab
data\raw\apple\Apple___Apple_scab\de8933ae-509d-48ae-8cd7-9097ad1e6d2d___FREC_Scab 3307.JPG,Apple Scab
data\raw\apple\Apple___Apple_scab\e17c9433-0a90-4dd8-a2d8-08bb65c3d3d2___FREC_Scab 3306.JPG,Apple Scab
data\raw\apple\Apple___Apple_scab\f2391b26-b388-4ffc-b735-9b8d859d1ffa___FREC_Scab 3312.JPG,Apple Scab
data\raw\apple\Apple___healthy\0872ffc6-d9db-4ba7-a2bf-1fb0f537cafb___RS_HL 6129.JPG,Healthy
data\raw\apple\Apple___healthy\10f68987-caf7-4e29-aa26-b48e074212f4___RS_HL 6130.JPG,Healthy
data\raw\apple\Apple___healthy\18571abd-0d3c-42de-a257-f46c1a6d1517___RS_HL 6126.JPG,Healthy
data\raw\apple\Apple___healthy\4179bae8-d3f3-43ea-8e36-b3b4c752c261___RS_HL 6138.JPG,Healthy
data\raw\apple\Apple___healthy\41969f52-e194-401e-a55b-4ff88f740a8a___RS_HL 6125.JPG,Healthy
data\raw\apple\Apple___healthy\56bd23e7-9376-418a-8dfb-f767bdc78500___RS_HL 6124.JPG,Healthy
data\raw\apple\Apple___healthy\725fe867-1075-471a-b69d-6553d1445216___RS_HL 6127.JPG,Healthy
data\raw\apple\Apple___healthy\7e2b569c-2eb5-4f4e-af96-e4cde4971634___RS_HL 6136.JPG,Healthy
data\raw\apple\Apple___healthy\84ed8ffd-a47f-4b52-befa-938a10012a4c___RS_HL 6135.JPG,Healthy
data\raw\apple\Apple___healthy\ae4a5e3d-c781-49ec-901e-940f127e1688___RS_HL 6128.JPG,Healthy
data\raw\apple\Apple___healthy\aede527b-869e-4e42-a760-3ada64aeb8aa___RS_HL 6131.JPG,Healthy
data\raw\apple\Apple___healthy\d182b332-f33a-4ea1-aa3c-51ef7f01efd5___RS_HL 6137.JPG,Healthy
data\raw\apple\Apple___healthy\f52ac76d-ad63-4561-911a-4b5245d4e91a___RS_HL 6133.JPG,Healthy
data\raw\apple\Apple___healthy\f85fb3d4-c93d-4ef3-8ff2-47171f8aea77___RS_HL 6132.JPG,Healthy
data\raw\apple\Apple___healthy\f876ed50-410a-4911-b82d-e95d3e73ecd0___RS_HL 6134.JPG,Healthy
data\raw\apple\Apple___Apple_scab\2bc018ba-3c49-4cf4-9411-a93b7b196f45___FREC_Scab 3326.JPG,Apple Scab
data\raw\apple\Apple___Apple_scab\76e50482-74b2-468f-8556-7669e1682f1e___FREC_Scab 3323.JPG,Apple Scab
data\raw\apple\Apple___Apple_scab\7c66bda4-301c-4987-85b8-fd8230c5a2f2___FREC_Scab 3324.JPG,Apple Scab
data\raw\apple\Apple___Apple_scab\d736e5ee-f15e-453e-a14a-390d226e24a7___FREC_Scab 3322.JPG,Apple Scab
data\raw\apple\Apple___Apple_scab\f105cc0d-1cc5-4726-b46d-f5bd9c9aacc1___FREC_Scab 3321.JPG,Apple Scab
data\raw\apple\Apple___Apple_scab\fcee4ece-01ce-45aa-a0f1-f20aa2ec8efb___FREC_Scab 3325.JPG,Apple Scab
data\raw\apple\Apple___Black_rot\427bd918-f362-48d9-9903-4e7197e87a87___JR_FrgE.S 3034.JPG,Black Rot
data\raw\apple\Apple___Black_rot\4b934731-815b-461f-a252-a02f198f91ab___JR_FrgE.S 3032.JPG,Black Rot
data\raw\apple\Apple___Black_rot\5d1c501f-ce9a-4538-ac05-bda251444cba___JR_FrgE.S 3035.JPG,Black Rot
data\raw\apple\Apple___Black_rot\64d43490-e345-4690-8232-071bf0174895___JR_FrgE.S 3031.JPG,Black Rot
data\raw\apple\Apple___Black_rot\74dfd7d6-e78e-47d9-8530-35acab5cd01f___JR_FrgE.S 3027.JPG,Black Rot
data\raw\apple\Apple___Black_rot\7eee2c9b-285a-411a-950b-7cd5547a9440___JR_FrgE.S 3028.JPG,Black Rot
data\raw\apple\Apple___Black_rot\bd2af58a-c9fc-4c2f-bdcb-b53d979947d7___JR_FrgE.S 3029.JPG,Black Rot
data\raw\apple\Apple___Black_rot\c46d0eff-8a56-4655-9940-93a323c7154a___JR_FrgE.S 3033.JPG,Black Rot
data\raw\apple\Apple___Black_rot\ee7a3b7f-0bda-47e7-b211-734166bb6973___JR_FrgE.S 3030.JPG,Black Rot
data\raw\apple\Apple___Black_rot\31a20d19-d927-481d-97d9-4db50595c36e___JR_FrgE.S 2867.JPG,Black Rot
data\raw\apple\Apple___Black_rot\39148cb8-c7fa-4760-b708-b4e399047bb6___JR_FrgE.S 2869.JPG,Black Rot
data\raw\apple\Apple___Black_rot\3ed38c3a-4c0a-4682-b39b-e0f7d1bf361b___JR_FrgE.S 2859.JPG,Black Rot
data\raw\apple\Apple___Black_rot\51cda56c-a900-4f84-a576-8dde35b1231d___JR_FrgE.S 2863.JPG,Black Rot
data\raw\apple\Apple___Black_rot\661a0919-e47a-4fcb-a815-d6ba84c17d93___JR_FrgE.S 2864.JPG,Black Rot
data\raw\apple\Apple___Black_rot\7a081a31-bbfa-4a43-8579-3353f6672f76___JR_FrgE.S 2861.JPG,Black Rot
data\raw\apple\Apple___Black_rot\7c9765f6-d792-4621-a01e-0a1b4e550ada___JR_FrgE.S 2862.JPG,Black Rot
data\raw\apple\Apple___Black_rot\a133da59-4ece-4efc-85a6-9376149371e4___JR_FrgE.S 2860.JPG,Black Rot
data\raw\apple\Apple___Black_rot\a2eb846a-da47-4d4d-97db-d954a20bb22a___JR_FrgE.S 2868.JPG,Black Rot
data\raw\apple\Apple___Black_rot\b2d126c0-49f9-4013-a6bf-2c08ffe87f94___JR_FrgE.S 2865.JPG,Black Rot
data\raw\apple\Apple___Black_rot\c4833395-fa04-4b3a-89f1-6fbc5c3d7d18___JR_FrgE.S 2866.JPG,Black Rot
data\raw\apple\Apple___Black_rot\2aa2ed70-b0b7-4d30-9c84-f6ded6a03fc2___JR_FrgE.S 8739.JPG,Black Rot
data\raw\apple\Apple___Black_rot\33bc7491-a0b2-4834-aec7-abad940e8684___JR_FrgE.S 8741.JPG,Black Rot
data\raw\apple\Apple___Black_rot\8f866e9b-a1e4-4b34-89f0-74f2ddc641d1___JR_FrgE.S 8738.JPG,Black Rot
data\raw\apple\Apple___Black_rot\934ee916-4db9-4c1a-903e-3ebdd8201178___JR_FrgE.S 8740.JPG,Black Rot
data\raw\apple\Apple___Black_rot\9b5bb550-6b75-47a3-a702-08ef34def9ff___JR_FrgE.S 8743.JPG,Black Rot
data\raw\apple\Apple___Black_rot\b435d2d9-20c4-47cf-8420-2aa6c0ddd04a___JR_FrgE.S 8742.JPG,Black Rot
data\raw\apple\Apple___Apple_scab\2bc50b52-0d7d-41a3-be8a-8d070341d87f___FREC_Scab 3476.JPG,Apple Scab
data\raw\apple\Apple___Apple_scab\44d28651-473c-4e9b-81ec-212893669fba___FREC_Scab 3477.JPG,Apple Scab
data\raw\apple\Apple___Apple_scab\6b9ef56b-3338-4d2b-a5e4-a1547234e6d6___FREC_Scab 3474.JPG,Apple Scab
data\raw\apple\Apple___Apple_scab\6d6f5a72-4c92-4163-b3dc-9a8f74f9edb7___FREC_Scab 3480.JPG,Apple Scab
data\raw\apple\Apple___Apple_scab\75eca8b6-4446-4bf4-9d10-7d38ed44199a___FREC_Scab 3475.JPG,Apple Scab
data\raw\apple\Apple___Apple_scab\83dc6270-1c10-4c76-a1a2-6b562fcb4e4c___FREC_Scab 3478.JPG,Apple Scab
data\raw\apple\Apple___Apple_scab\b56bccc2-4489-412c-83ac-ef0c7672ee70___FREC_Scab 3479.JPG,Apple Scab
data\raw\apple\Apple___Black_rot\132a74c4-3bdc-410b-931d-887bac16b074___JR_FrgE.S 8705.JPG,Black Rot
data\raw\apple\Apple___Black_rot\51c1787e-4570-43dc-91c3-6ae72c98128a___JR_FrgE.S 8706.JPG,Black Rot
data\raw\apple\Apple___Black_rot\67a17e09-3409-4515-bde6-cb739d679f64___JR_FrgE.S 8708.JPG,Black Rot
data\raw\apple\Apple___Black_rot\db1600c7-f9dc-45a4-9e01-223b67ebef83___JR_FrgE.S 8703.JPG,Black Rot
data\raw\apple\Apple___Black_rot\e956f107-ce57-4996-82a1-2336be5943c0___JR_FrgE.S 8704.JPG,Black Rot
data\raw\apple\Apple___Black_rot\f1931320-4177-4453-93fd-3decee538b51___JR_FrgE.S 8707.JPG,Black Rot
data\raw\apple\Apple___Apple_scab\258ce9eb-2b67-475b-b09c-0bc83b0987f1___FREC_Scab 3033.JPG,Apple Scab
data\raw\apple\Apple___Apple_scab\334f8e1a-5989-476e-88f4-8a45c304e12c___FREC_Scab 3035.JPG,Apple Scab
data\raw\apple\Apple___Apple_scab\52d5723a-b498-4759-89a1-a7d815689716___FREC_Scab 3034.JPG,Apple Scab
data\raw\apple\Apple___Apple_scab\a7609a35-fd75-4ec3-868a-eb97b9ffd096___FREC_Scab 3032.JPG,Apple Scab
data\raw\apple\Apple___Apple_scab\c7a9601c-b927-413d-8bc8-2175e573b128___FREC_Scab 3031.JPG,Apple Scab
data\raw\apple\Apple___Black_rot\0199a733-6d3f-4e66-a903-2d1d34457871___JR_FrgE.S 3079.JPG,Black Rot
data\raw\apple\Apple___Black_rot\1452dba2-3694-4657-ac64-fed65ebea056___JR_FrgE.S 3081.JPG,Black Rot
data\raw\apple\Apple___Black_rot\2d30e157-5cd6-4827-85ee-4c3c5f05725e___JR_FrgE.S 3080.JPG,Black Rot
data\raw\apple\Apple___Black_rot\330224ac-f2e0-4ace-ad1c-0f163894eaae___JR_FrgE.S 3083.JPG,Black Rot
data\raw\apple\Apple___Black_rot\6c38e74e-6926-45f1-a1cf-c974d49491e4___JR_FrgE.S 3076.JPG,Black Rot
data\raw\apple\Apple___Black_rot\8381c748-f548-4ae2-be56-cb72184a7055___JR_FrgE.S 3082.JPG,Black Rot
data\raw\apple\Apple___Black_rot\a3fddb87-e0d3-4ebb-8a5e-2b7bc9c33ee8___JR_FrgE.S 3084.JPG,Black Rot
data\raw\apple\Apple___Black_rot\aaac9e5e-60de-4b93-89c2-e5b18accaf57___JR_FrgE.S 3075.JPG,Black Rot
data\raw\apple\Apple___Black_rot\eb042f74-2761-4e00-b8ae-759aa4029738___JR_FrgE.S 3078.JPG,Black Rot
data\raw\apple\Apple___Black_rot\f63c8d11-234c-4ff4-bd81-5c3947503038___JR_FrgE.S 3085.JPG,Black Rot
data\raw\apple\Apple___Black_rot\f77c7ac1-f55e-4adc-b049-35def4e87c17___JR_FrgE.S 3077.JPG,Black Rot
data\raw\apple\Apple___healthy\153e84e2-1849-4cf6-96b7-a1507376d496___RS_HL 8198.JPG,Healthy
data\raw\apple\Apple___healthy\6d92d301-d0e2-4c46-8715-afa326a6d5d9___RS_HL 8193.JPG,Healthy
data\raw\apple\Apple___healthy\ae8840d7-cde8-4739-817a-9ff6f548c522___RS_HL 8197.JPG,Healthy
data\raw\apple\Apple___healthy\bede2484-dd97-4291-9132-bf015313a6bd___RS_HL 8196.JPG,Healthy
data\raw\apple\Apple___healthy\bf26ad48-1ebb-4186-a52c-e249dc19317e___RS_HL 8195.JPG,Healthy
data\raw\apple\Apple___healthy\db1d4348-8db7-420a-b2b4-ac86393f349e___RS_HL 8199.JPG,Healthy
data\raw\apple\Apple___healthy\e181a90b-4e75-418b-a8d8-98173cd8bd1a___RS_HL 8194.JPG,Healthy
data\raw\apple\Apple___Apple_scab\08c42d78-aa7b-4106-b0c1-b260f898dcba___FREC_Scab 3151.JPG,Apple Scab
data\raw\apple\Apple___Apple_scab\15bfa086-7d4a-43c0-800d-2fe8255ba50c___FREC_Scab 3150.JPG,Apple Scab
data\raw\apple\Apple___Apple_scab\3636b2d7-b888-437b-b4e3-a8af4bb62763___FREC_Scab 3148.JPG,Apple Scab
data\raw\apple\Apple___Apple_scab\47ebb7a4-a8e0-4a57-95e5-dd8e9d1235a2___FREC_Scab 3147.JPG,Apple Scab
data\raw\apple\Apple___Apple_scab\64863bd8-baca-47b6-b07b-516df2659919___FREC_Scab 3149.JPG,Apple Scab
data\raw\apple\Apple___Apple_scab\ab7d0d06-b45c-4472-a708-c2a1d65ee748___FREC_Scab 3152.JPG,Apple Scab
data\raw\apple\Apple___Apple_scab\c51ed52b-7c1a-47fa-83c2-097502ee09b9___FREC_Scab 3146.JPG,Apple Scab
data\raw\apple\Apple___healthy\07942abf-8326-4742-bcba-52ddba093974___RS_HL 5731.JPG,Healthy
data\raw\apple\Apple___healthy\1c45cf6f-2e2e-4091-9bc9-24463f9fcf90___RS_HL 5733.JPG,Healthy
data\raw\apple\Apple___healthy\398f4455-d008-4d69-a58d-b0a1f228abaa___RS_HL 5729.JPG,Healthy
data\raw\apple\Apple___healthy\43619607-151e-41c1-b428-89f24c177515___RS_HL 5723.JPG,Healthy
data\raw\apple\Apple___healthy\4c7d424b-d418-4b72-84a9-2a639eabb5ec___RS_HL 5734.JPG,Healthy
data\raw\apple\Apple___healthy\55c7113c-3c1e-452c-a7bd-bb6fe007a20d___RS_HL 5724.JPG,Healthy
data\raw\apple\Apple___healthy\83636c4e-c4f1-47c4-81e8-0bcf7bac8995___RS_HL 5730.JPG,Healthy
data\raw\apple\Apple___healthy\90f3d34a-1bed-4681-aed9-fcd39c74d573___RS_HL 5732.JPG,Healthy
data\raw\apple\Apple___healthy\99b7cd44-a359-45f7-98e0-155aa8f44eec___RS_HL 5728.JPG,Healthy
data\raw\apple\Apple___healthy\ac83e870-8aec-4b1a-8156-b9a60fa09259___RS_HL 5735.JPG,Healthy
data\raw\apple\Apple___healthy\c2aa2c88-d07b-4df4-80c7-1ba703254844___RS_HL 5727.JPG,Healthy
data\raw\apple\Apple___healthy\d57beb14-b60a-431f-8a41-17a342cba57a___RS_HL 5737.JPG,Healthy
data\raw\apple\Apple___healthy\d57f5f33-d8e9-4c40-80ad-c2875743f781___RS_HL 5726.JPG,Healthy
data\raw\apple\Apple___healthy\db172d76-ff08-4bd5-bd0b-6231f432434a___RS_HL 5725.JPG,Healthy
data\raw\apple\Apple___healthy\e25a6ff6-6872-4e79-ac62-14221935dd6b___RS_HL 5736.JPG,Healthy
data\raw\apple\Apple___Black_rot\033b1492-d5cf-4de7-a195-941f7780e092___JR_FrgE.S 8710.JPG,Black Rot
data\raw\apple\Apple___Black_rot\86ccf889-8755-4331-a520-d31f49eb06a7___JR_FrgE.S 8711.JPG,Black Rot
data\raw\apple\Apple___Black_rot\d3deecaa-bd8c-4b10-a33f-4c6d188a3b95___JR_FrgE.S 8712.JPG,Black Rot
data\raw\apple\Apple___Black_rot\ec91d717-d4b1-41a1-9477-f646db7a39f9___JR_FrgE.S 8709.JPG,Black Rot
data\raw\apple\Apple___Black_rot\f3f1e50a-4e84-4147-b10c-09283a2feddd___JR_FrgE.S 8713.JPG,Black Rot
data\raw\apple\Apple___healthy\039d297c-374b-47cd-bed1-a94ac757eb8b___RS_HL 7612.JPG,Healthy
data\raw\apple\Apple___healthy\3518d065-38fa-4e26-aa0f-6addc2d2968a___RS_HL 7615.JPG,Healthy
data\raw\apple\Apple___healthy\4e817ac6-818a-431f-af6d-e44477f9b649___RS_HL 7616.JPG,Healthy
data\raw\apple\Apple___healthy\616a7bd4-b200-4057-9c03-3cdedae3992a___RS_HL 7614.JPG,Healthy
data\raw\apple\Apple___healthy\67bb4b6e-c398-42db-a269-7aa2e06fee3f___RS_HL 7610.JPG,Healthy
data\raw\apple\Apple___healthy\705990f2-bc4f-4568-af0b-2f58bd3b51a0___RS_HL 7608.JPG,Healthy
data\raw\apple\Apple___healthy\77004cfa-f435-49af-8435-7986927228ca___RS_HL 7609.JPG,Healthy
data\raw\apple\Apple___healthy\a270262b-b9f7-4756-abc4-d8ce165a4a8f___RS_HL 7613.JPG,Healthy
data\raw\apple\Apple___healthy\f31086c2-e23e-4ae1-85a4-89eb742271bc___RS_HL 7611.JPG,Healthy
data\raw\apple\Apple___Apple_scab\462f0ef8-5460-4f5c-8935-62a204d3fc08___FREC_Scab 2924.JPG,Apple Scab
data\raw\apple\Apple___Apple_scab\84ef6106-d401-44fb-a5c9-be5ef93cb4e7___FREC_Scab 2921.JPG,Apple Scab
data\raw\apple\Apple___Apple_scab\b34550a7-6327-4993-b112-16eedf8f0353___FREC_Scab 2922.JPG,Apple Scab
data\raw\apple\Apple___Apple_scab\b8199a66-9ef5-498c-b55d-9a05d67433a5___FREC_Scab 2920.JPG,Apple Scab
data\raw\apple\Apple___Apple_scab\f33a08e5-03bb-4b97-991c-a1332866043d___FREC_Scab 2923.JPG,Apple Scab
data\raw\apple\Apple___Apple_scab\0812e1e4-6d1b-4264-8f23-6519354fc5a6___FREC_Scab 3293.JPG,Apple Scab
data\raw\apple\Apple___Apple_scab\1a304331-98b5-473f-bbb1-c33b8441052a___FREC_Scab 3296.JPG,Apple Scab
data\raw\apple\Apple___Apple_scab\36d99a07-4a43-4416-b204-6886f71d5039___FREC_Scab 3294.JPG,Apple Scab
data\raw\apple\Apple___Apple_scab\41c30a63-9e26-4ced-8110-038a2e36b095___FREC_Scab 3298.JPG,Apple Scab
data\raw\apple\Apple___Apple_scab\75896d3d-899a-4143-9262-c44bcea75237___FREC_Scab 3295.JPG,Apple Scab
data\raw\apple\Apple___Apple_scab\eeae3585-0e6e-456c-bbdf-b099b6b4e11c___FREC_Scab 3297.JPG,Apple Scab
data\raw\apple\Apple___Apple_scab\1ceeeee0-40bd-4ac9-8a57-59385bf5df8a___FREC_Scab 3001.JPG,Apple Scab
data\raw\apple\Apple___Apple_scab\20f4f8d1-7527-420b-a90d-e17b9e45549a___FREC_Scab 2997.JPG,Apple Scab
data\raw\apple\Apple___Apple_scab\6a2c0f48-b0f7-4bd9-b7b8-7410c1ef4048___FREC_Scab 2999.JPG,Apple Scab
data\raw\apple\Apple___Apple_scab\8727408d-c5b9-41c4-abd7-dd8e6978efff___FREC_Scab 2995.JPG,Apple Scab
data\raw\apple\Apple___Apple_scab\9d586b46-914c-4715-a406-484a597e3bab___FREC_Scab 2998.JPG,Apple Scab
data\raw\apple\Apple___Apple_scab\b0586996-77d5-4d02-8112-14eb67895bcf___FREC_Scab 3000.JPG,Apple Scab
data\raw\apple\Apple___Apple_scab\d8aeb323-17d2-4123-9988-3c2346558bc6___FREC_Scab 2996.JPG,Apple Scab
data\raw\apple\Apple___healthy\0a02e8cb-b715-497f-a16a-c28b3409f927___RS_HL 7432.JPG,Healthy
data\raw\apple\Apple___healthy\0c30f1f2-9eed-4861-bf66-eceae1b0b625___RS_HL 7430.JPG,Healthy
data\raw\apple\Apple___healthy\3bfeaca2-de0b-4a2c-adc0-06adc87a1386___RS_HL 7425.JPG,Healthy
data\raw\apple\Apple___healthy\68d3346d-11c5-4ad7-ba09-2f616dde3848___RS_HL 7428.JPG,Healthy
data\raw\apple\Apple___healthy\6b11324f-6b70-40d7-9cd2-f7d36b0c69cd___RS_HL 7431.JPG,Healthy
data\raw\apple\Apple___healthy\8de1ca48-0d3b-4473-bc5a-9b4a881006ff___RS_HL 7433.JPG,Healthy
data\raw\apple\Apple___healthy\99eee6bd-5bca-412a-beaa-afc6009bb868___RS_HL 7434.JPG,Healthy
data\raw\apple\Apple___healthy\cfde002c-0d87-4ccd-ab55-f14b47941e34___RS_HL 7424.JPG,Healthy
data\raw\apple\Apple___healthy\d1dd75fa-e0f8-4942-b530-5f6371ac9bc8___RS_HL 7427.JPG,Healthy
data\raw\apple\Apple___healthy\d496c802-e976-49b5-af09-b698fcf991f7___RS_HL 7429.JPG,Healthy
data\raw\apple\Apple___healthy\f584ed58-5d11-42b2-8d84-0bd0108ed2c9___RS_HL 7426.JPG,Healthy
data\raw\apple\Apple___healthy\0ce497e6-8184-4ef6-9a9f-c46b66c898c3___RS_HL 6036.JPG,Healthy
data\raw\apple\Apple___healthy\386af887-8be7-4b99-9ef1-ee0eb5ba7d87___RS_HL 6030.JPG,Healthy
data\raw\apple\Apple___healthy\3df0da99-6c5d-4520-b396-9616e81f8935___RS_HL 6031.JPG,Healthy
data\raw\apple\Apple___healthy\4a99390b-e2ee-4941-a14f-37575ada3004___RS_HL 6039.JPG,Healthy
data\raw\apple\Apple___healthy\5d4206ed-09fa-42d5-a42d-2fc98cb4820d___RS_HL 6032.JPG,Healthy
data\raw\apple\Apple___healthy\5f83961d-85ba-4fed-9d97-dbf83c2965d9___RS_HL 6029.JPG,Healthy
data\raw\apple\Apple___healthy\61cc71ec-5d4d-4c85-939b-77e8cd75fafe___RS_HL 6038.JPG,Healthy
data\raw\apple\Apple___healthy\7f7a6126-8b21-49fd-8880-25ffd0234302___RS_HL 6027.JPG,Healthy
data\raw\apple\Apple___healthy\bd8417a5-84a7-4d6f-b71c-687c343d97f5___RS_HL 6028.JPG,Healthy
data\raw\apple\Apple___healthy\c09a02e7-f47a-4dea-b648-eaad0d9f3df1___RS_HL 6037.JPG,Healthy
data\raw\apple\Apple___healthy\d9de1954-e451-48e5-ad8b-5aeca90fe7ea___RS_HL 6034.JPG,Healthy
data\raw\apple\Apple___healthy\f09b090f-bff1-4fc9-87ad-1b9e05373698___RS_HL 6035.JPG,Healthy
data\raw\apple\Apple___Apple_scab\14c623e5-051c-42f6-9e4f-f7a93e6a723c___FREC_Scab 2965.JPG,Apple Scab
data\raw\apple\Apple___Apple_scab\2c89ceaf-748c-4371-80d0-d01855f04a92___FREC_Scab 2962.JPG,Apple Scab
data\raw\apple\Apple___Apple_scab\4442b558-4db4-4de3-82c3-7524b59bb315___FREC_Scab 2961.JPG,Apple Scab
data\raw\apple\Apple___Apple_scab\6344cfa8-2c26-4498-b366-817d56285212___FREC_Scab 2964.JPG,Apple Scab
data\raw\apple\Apple___Apple_scab\9f815013-3c21-403b-80ca-c69cd82d6251___FREC_Scab 2963.JPG,Apple Scab
data\raw\apple\Apple___Apple_scab\cc62ab3a-f945-4aa3-add4-03887b49007a___FREC_Scab 2960.JPG,Apple Scab
data\raw\apple\Apple___healthy\33426aa7-70c4-4cf0-b275-1a4c3e782a92___RS_HL 7600.JPG,Healthy
data\raw\apple\Apple___healthy\3c5ca000-1c26-46bf-8974-fd6599744059___RS_HL 7596.JPG,Healthy
data\raw\apple\Apple___healthy\603b96cc-3237-4ddf-97b9-11ddbf4840f0___RS_HL 7598.JPG,Healthy
data\raw\apple\Apple___healthy\647ab085-3f32-4ff1-9972-bef63cb4085e___RS_HL 7595.JPG,Healthy
data\raw\apple\Apple___healthy\c95a27db-a513-4f92-b74f-cc4db60999a3___RS_HL 7599.JPG,Healthy
data\raw\apple\Apple___healthy\ca145350-137b-48ed-bbb4-0716f0f00448___RS_HL 7597.JPG,Healthy
data\raw\apple\Apple___healthy\d1b50c46-7da6-4940-89e2-800d8c56c228___RS_HL 7594.JPG,Healthy
data\raw\apple\Apple___healthy\03d420e7-42a1-41d8-9600-16d577043c64___RS_HL 5738.JPG,Healthy
data\raw\apple\Apple___healthy\0bff693d-bab0-4438-9dac-e4503e5e83bb___RS_HL 5741.JPG,Healthy
data\raw\apple\Apple___healthy\42fdd9ce-6860-4862-8717-4f147884c7d6___RS_HL 5739.JPG,Healthy
data\raw\apple\Apple___healthy\8c678916-c5d8-445d-9283-88c90c529edc___RS_HL 5740.JPG,Healthy
data\raw\apple\Apple___healthy\9aa3bace-83a4-4572-a2b2-cc12dcb4cafa___RS_HL 5742.JPG,Healthy
data\raw\apple\Apple___Apple_scab\1b1004c8-99e9-4c85-8fe5-b1c11d558cf8___FREC_Scab 3300.JPG,Apple Scab
data\raw\apple\Apple___Apple_scab\71c26585-883f-41e9-939c-5f1683cdf4ed___FREC_Scab 3302.JPG,Apple Scab
data\raw\apple\Apple___Apple_scab\88b51f59-08ed-41fe-8402-69f0964f87fe___FREC_Scab 3299.JPG,Apple Scab
data\raw\apple\Apple___Apple_scab\900e46e0-2f82-4062-8963-50fa06834c38___FREC_Scab 3301.JPG,Apple Scab
data\raw\apple\Apple___Apple_scab\aff87313-e090-401b-aa23-92fba4c55fae___FREC_Scab 3305.JPG,Apple Scab
data\raw\apple\Apple___Apple_scab\c4175126-9e07-4465-9574-0229bb5b1f41___FREC_Scab 3304.JPG,Apple Scab
data\raw\apple\Apple___Apple_scab\d480dbfb-ce18-40cf-a183-9bc52ec9195d___FREC_Scab 3303.JPG,Apple Scab
data\raw\apple\Apple___healthy\1c85fc77-1843-4a85-8f21-107385d5873c___RS_HL 7272.JPG,Healthy
data\raw\apple\Apple___Black_rot\3ef4204e-d2c3-42b5-ac97-0eabb3d64b3f___JR_FrgE.S 8815.JPG,Black Rot
data\raw\apple\Apple___Black_rot\8f3ed2e0-268d-485c-bfd0-0911db9ab888___JR_FrgE.S 8820.JPG,Black Rot
data\raw\apple\Apple___Black_rot\9e24d361-b5e7-4634-9c76-e3fab5e51d87___JR_FrgE.S 8816.JPG,Black Rot
data\raw\apple\Apple___Black_rot\a59e57c9-a916-447d-95a0-959f1fb51447___JR_FrgE.S 8819.JPG,Black Rot
data\raw\apple\Apple___Black_rot\acb4845c-bee1-478c-b11c-ade0ae397c51___JR_FrgE.S 8818.JPG,Black Rot
data\raw\apple\Apple___Black_rot\c01c9e64-11b2-4c1e-adf0-2e781c6d69aa___JR_FrgE.S 8817.JPG,Black Rot
data\raw\apple\Apple___Black_rot\ecfabcf4-106e-4357-8058-948dcb2f4798___JR_FrgE.S 8821.JPG,Black Rot
data\raw\apple\Apple___healthy\54c9c89e-7cb7-4c1e-8bbe-f33ca90df541___RS_HL 7766.JPG,Healthy
data\raw\apple\Apple___healthy\5823ffd3-bd23-4088-80f5-dd33ae876694___RS_HL 7765.JPG,Healthy
data\raw\apple\Apple___healthy\c0045dfa-da87-423c-a78c-07eb2fd456f3___RS_HL 7764.JPG,Healthy
data\raw\apple\Apple___healthy\c2bb2f86-2dc0-46cb-b6af-6fcfde123bec___RS_HL 7762.JPG,Healthy
data\raw\apple\Apple___healthy\d8da7e4d-9520-4a25-8f29-4ff677e7c214___RS_HL 7763.JPG,Healthy
data\raw\apple\Apple___healthy\f0194580-8ee6-4149-a63d-7935bc29c09e___RS_HL 7761.JPG,Healthy
data\raw\apple\Apple___Apple_scab\11f5b020-3dfd-400c-9819-7d229bc5f929___FREC_Scab 2945.JPG,Apple Scab
data\raw\apple\Apple___Apple_scab\8a8f8dd2-a938-4288-a8ec-56ef0aaa2d4f___FREC_Scab 2947.JPG,Apple Scab
data\raw\apple\Apple___Apple_scab\b98c71e9-79a0-4e8d-9c8d-0438c4fe8a57___FREC_Scab 2948.JPG,Apple Scab
data\raw\apple\Apple___Apple_scab\d7bdef33-fa84-4240-a931-8a568d62cee7___FREC_Scab 2946.JPG,Apple Scab
data\raw\apple\Apple___healthy\0ca762d0-3853-4018-896e-8f01e29cb144___RS_HL 7558.JPG,Healthy
data\raw\apple\Apple___healthy\17af118c-a4aa-49c6-b31b-b7de49b58dfa___RS_HL 7557.JPG,Healthy
data\raw\apple\Apple___healthy\2408e9ef-1a03-44f4-9432-e24113c409e3___RS_HL 7556.JPG,Healthy
data\raw\apple\Apple___healthy\4c7e1a5a-fc48-43a8-959d-c7c8ad6462b9___RS_HL 7561.JPG,Healthy
data\raw\apple\Apple___healthy\5d1bb18d-dda0-4079-b3c5-62bc50c3ce35___RS_HL 7560.JPG,Healthy
data\raw\apple\Apple___healthy\e6fe30f6-a65f-473c-b266-f9a5cec8f6b4___RS_HL 7559.JPG,Healthy
data\raw\apple\Apple___healthy\0460b7aa-4eb0-4c0b-80e5-055ced6684a3___RS_HL 6287.JPG,Healthy
data\raw\apple\Apple___healthy\13a06d54-2bd9-4bd0-a260-1c193ac4caa8___RS_HL 6293.JPG,Healthy
data\raw\apple\Apple___healthy\13cdbdbe-be7f-463c-9085-9ae160412772___RS_HL 6286.JPG,Healthy
data\raw\apple\Apple___healthy\1497c20f-448a-48e2-9cf0-b4fc8cfa848a___RS_HL 6292.JPG,Healthy
data\raw\apple\Apple___healthy\99997741-0ae6-4f14-a8e9-43b61a86ecc5___RS_HL 6294.JPG,Healthy
data\raw\apple\Apple___healthy\b68238fa-2e01-43b2-bf8c-0e9d38848b02___RS_HL 6289.JPG,Healthy
data\raw\apple\Apple___healthy\b7e9a2ff-31e8-4ddc-b739-17a8889715e7___RS_HL 6285.JPG,Healthy
data\raw\apple\Apple___healthy\c5a85d3c-72bf-4768-9e3c-d6ba6da6e82e___RS_HL 6295.JPG,Healthy
data\raw\apple\Apple___healthy\cb6dbf98-5036-45b9-ab80-45b22ddbac00___RS_HL 6296.JPG,Healthy
data\raw\apple\Apple___healthy\d6a24569-4143-4445-9b3f-77c889df9cd8___RS_HL 6288.JPG,Healthy
data\raw\apple\Apple___healthy\dc3fca98-91d0-4c97-aaa1-cdd1ad618b38___RS_HL 6290.JPG,Healthy
data\raw\apple\Apple___healthy\e9f437d0-a209-461c-b071-5c8c13a2ed6a___RS_HL 6291.JPG,Healthy
data\raw\apple\Apple___Apple_scab\2e264ee0-7679-4ad2-a19a-1ac4d2e84079___FREC_Scab 2984.JPG,Apple Scab
data\raw\apple\Apple___Apple_scab\43712608-0fa2-4be2-91a0-242aca469cb4___FREC_Scab 2985.JPG,Apple Scab
data\raw\apple\Apple___Apple_scab\45ee8aaa-1a08-46ed-8ac8-bba8e40c61d6___FREC_Scab 2986.JPG,Apple Scab
data\raw\apple\Apple___Apple_scab\5fcb921d-3329-443c-a708-37c3943f5493___FREC_Scab 2987.JPG,Apple Scab
data\raw\apple\Apple___Apple_scab\78f8b36a-5126-4105-9699-39387015452f___FREC_Scab 2983.JPG,Apple Scab
data\raw\apple\Apple___Apple_scab\d842b34b-d2ab-48fc-9e78-ef586308c359___FREC_Scab 2982.JPG,Apple Scab
data\raw\apple\Apple___Black_rot\4b8b1d59-9aec-4b99-8be8-b61edcccb660___JR_FrgE.S 8659.JPG,Black Rot
data\raw\apple\Apple___Black_rot\5f569320-f84c-4a08-b414-1fd93f7e382b___JR_FrgE.S 8661.JPG,Black Rot
data\raw\apple\Apple___Black_rot\6ca0d950-03b6-4d1f-a4a2-562ca529cad3___JR_FrgE.S 8660.JPG,Black Rot
data\raw\apple\Apple___Black_rot\94ef739e-57a7-4f97-be8e-6ba2cfd16780___JR_FrgE.S 8664.JPG,Black Rot
data\raw\apple\Apple___Black_rot\c8ede452-70bd-45bf-b820-e06d19d541bd___JR_FrgE.S 8662.JPG,Black Rot
data\raw\apple\Apple___Black_rot\e9df76bc-d175-42c9-990e-6e6c5f5ac5ce___JR_FrgE.S 8663.JPG,Black Rot
data\raw\apple\Apple___healthy\0e8c4b90-36d4-4b8c-a134-88c344e97ac2___RS_HL 5721.JPG,Healthy
data\raw\apple\Apple___healthy\1630633a-63cb-433f-96bc-bc47a933506c___RS_HL 5718.JPG,Healthy
data\raw\apple\Apple___healthy\2796f6e4-6b9f-4b3b-9f96-a6788b2e0f02___RS_HL 5712.JPG,Healthy
data\raw\apple\Apple___healthy\288e87b5-654d-434e-a5bc-3f8adaff8cc5___RS_HL 5714.JPG,Healthy
data\raw\apple\Apple___healthy\3817a269-0274-4a5c-b851-46e91b10788f___RS_HL 5720.JPG,Healthy
data\raw\apple\Apple___healthy\41628932-5547-443e-8659-ed8ad6be820e___RS_HL 5711.JPG,Healthy
data\raw\apple\Apple___healthy\5bfc7dd9-17aa-4e40-b7f3-6033dc95f408___RS_HL 5717.JPG,Healthy
data\raw\apple\Apple___healthy\7b7dde04-2c9d-47da-9b22-dc356a851810___RS_HL 5722.JPG,Healthy
data\raw\apple\Apple___healthy\a1788b2d-2440-4087-b2b8-166029c423ef___RS_HL 5713.JPG,Healthy
data\raw\apple\Apple___healthy\aa701c91-01d7-44bf-a1df-b4d8ca4fbce0___RS_HL 5715.JPG,Healthy
data\raw\apple\Apple___healthy\cd18fd71-59d6-4d48-8c52-d31ff68f1fe2___RS_HL 5716.JPG,Healthy
data\raw\apple\Apple___healthy\daf045c7-3756-4753-922e-8f36a84a3422___RS_HL 5719.JPG,Healthy
data\raw\apple\Apple___healthy\017fd21b-142f-4988-849a-5fd316ea9a1b___RS_HL 6279.JPG,Healthy
data\raw\apple\Apple___healthy\11beda66-01e9-4bfd-be37-c0f8646d1478___RS_HL 6271.JPG,Healthy
data\raw\apple\Apple___healthy\11dc8fb3-42f9-4d14-9e20-3252e18eb802___RS_HL 6278.JPG,Healthy
data\raw\apple\Apple___healthy\2abb295b-31c5-4e5f-b5c7-94ca57e94305___RS_HL 6277.JPG,Healthy
data\raw\apple\Apple___healthy\313b7055-4346-4b7c-99fb-ada974f60486___RS_HL 6275.JPG,Healthy
data\raw\apple\Apple___healthy\3d075f90-7002-4c45-abc0-4f35ee49aa79___RS_HL 6272.JPG,Healthy
data\raw\apple\Apple___healthy\5192db55-4aa7-421c-92d4-c2dac79e7379___RS_HL 6273.JPG,Healthy
data\raw\apple\Apple___healthy\5ade6606-f111-4074-a533-30f215297f08___RS_HL 6282.JPG,Healthy
data\raw\apple\Apple___healthy\68812d5a-2b5d-4a89-b8de-f8f87422f321___RS_HL 6280.JPG,Healthy
data\raw\apple\Apple___healthy\b79b7572-548b-400e-a675-1ffa9a1d6079___RS_HL 6281.JPG,Healthy
data\raw\apple\Apple___healthy\c337df55-148e-41c6-8739-e7c87ec1b32e___RS_HL 6276.JPG,Healthy
data\raw\apple\Apple___healthy\ced4e27a-5eff-4190-a33a-cdc3d84c811e___RS_HL 6270.JPG,Healthy
data\raw\apple\Apple___healthy\e77cdcd7-1279-4cd1-87db-9d80721311b4___RS_HL 6283.JPG,Healthy
data\raw\apple\Apple___healthy\f2cda910-55c7-46d7-b1a2-9a3bb9792148___RS_HL 6274.JPG,Healthy
data\raw\apple\Apple___Apple_scab\4555c009-6c33-4913-accc-fd1a8355646b___FREC_Scab 2929.JPG,Apple Scab
data\raw\apple\Apple___Apple_scab\62c3478f-3ab0-48df-962f-9d7782ec364d___FREC_Scab 2925.JPG,Apple Scab
data\raw\apple\Apple___Apple_scab\b24daaef-81e1-47fc-a858-b8c8b346d956___FREC_Scab 2927.JPG,Apple Scab
data\raw\apple\Apple___Apple_scab\c4e2b47d-d3c9-418e-9e60-78cead67c5d7___FREC_Scab 2928.JPG,Apple Scab
data\raw\apple\Apple___Apple_scab\029424b0-0ef5-491b-9ef5-069190d24d8f___FREC_Scab 3504.JPG,Apple Scab
data\raw\apple\Apple___Apple_scab\2a59761b-c91c-451c-8e13-d9dc3aff8d29___FREC_Scab 3503.JPG,Apple Scab
data\raw\apple\Apple___Apple_scab\2d329823-7ad5-4189-89b7-4bdf24f9c393___FREC_Scab 3507.JPG,Apple Scab
data\raw\apple\Apple___Apple_scab\537873ed-fc63-4df3-bb6a-a5bf4c742619___FREC_Scab 3505.JPG,Apple Scab
data\raw\apple\Apple___Apple_scab\7308b9c4-3408-48ff-bd4a-b07350421e60___FREC_Scab 3508.JPG,Apple Scab
data\raw\apple\Apple___Apple_scab\8bcbb4fb-c733-4fc7-92d2-6e4a442e592e___FREC_Scab 3506.JPG,Apple Scab
data\raw\apple\Apple___Apple_scab\9c04ca1c-e5f5-4a03-8205-544c1475a18c___FREC_Scab 3502.JPG,Apple Scab
data\raw\apple\Apple___Black_rot\0ce8b939-3bdf-4078-8715-c0cb48afb078___JR_FrgE.S 2777.JPG,Black Rot
data\raw\apple\Apple___Black_rot\1107fc9f-f39f-450f-b928-4742fb82da77___JR_FrgE.S 2775.JPG,Black Rot
data\raw\apple\Apple___Black_rot\3b364e42-9120-4ece-b0ea-2c39ce883cbb___JR_FrgE.S 2774.JPG,Black Rot
data\raw\apple\Apple___Black_rot\42277cf4-c76e-4c00-b42f-6254f2cb8496___JR_FrgE.S 2771.JPG,Black Rot
data\raw\apple\Apple___Black_rot\4e1c6d80-4ab3-4c4b-9b4d-ecd62293569c___JR_FrgE.S 2773.JPG,Black Rot
data\raw\apple\Apple___Black_rot\5435d1b3-2138-47ca-aca4-23cac9d1bb43___JR_FrgE.S 2779.JPG,Black Rot
data\raw\apple\Apple___Black_rot\559b0b4a-085d-46e6-b924-fce94fb8c375___JR_FrgE.S 2781.JPG,Black Rot
data\raw\apple\Apple___Black_rot\8440ba8d-c3be-4824-ad91-b19e45a14487___JR_FrgE.S 2772.JPG,Black Rot
data\raw\apple\Apple___Black_rot\958e6e27-a6b7-4764-8af1-8a32934130ed___JR_FrgE.S 2776.JPG,Black Rot
data\raw\apple\Apple___Black_rot\9c58d931-8414-452e-b9cb-f911b8890236___JR_FrgE.S 2778.JPG,Black Rot
data\raw\apple\Apple___Black_rot\f2b3cfad-a6a4-4d2c-b56a-3f323b497e87___JR_FrgE.S 2780.JPG,Black Rot
data\raw\apple\Apple___Black_rot\4eeb04f2-38b3-49be-a5d0-1c35450d8953___JR_FrgE.S 8714.JPG,Black Rot
data\raw\apple\Apple___Black_rot\58c65e96-71e6-4176-bf47-24b529fa3aa6___JR_FrgE.S 8716.JPG,Black Rot
data\raw\apple\Apple___Black_rot\9691ae31-5b5d-4160-ae00-77358aff80ee___JR_FrgE.S 8719.JPG,Black Rot
data\raw\apple\Apple___Black_rot\b5e8225f-baa9-4ee0-ae0d-3e15cd7e95b8___JR_FrgE.S 8718.JPG,Black Rot
data\raw\apple\Apple___Black_rot\cc0d5a51-bb90-421f-9e0a-f74fc323dcf6___JR_FrgE.S 8717.JPG,Black Rot
data\raw\apple\Apple___Black_rot\d30f9b23-402d-4c3f-bdf7-406c9e35d038___JR_FrgE.S 8715.JPG,Black Rot
data\raw\apple\Apple___healthy\27d5e1e8-d30f-4514-bafe-f600ad03a871___RS_HL 7648.JPG,Healthy
data\raw\apple\Apple___healthy\2cad835a-1b47-4cad-b08e-acfd29cf5883___RS_HL 7647.JPG,Healthy
data\raw\apple\Apple___healthy\51ad3661-ed25-4c8f-9f90-44f8f0f042e0___RS_HL 7645.JPG,Healthy
data\raw\apple\Apple___healthy\58bebbd8-1cfa-486b-86b3-64cf33697320___RS_HL 7651.JPG,Healthy
data\raw\apple\Apple___healthy\8a5fd341-9f0f-4c54-8f9d-b9c4c5b16994___RS_HL 7650.JPG,Healthy
data\raw\apple\Apple___healthy\a6ff09a1-af72-4357-a122-4549efdb90b3___RS_HL 7646.JPG,Healthy
data\raw\apple\Apple___healthy\ff89a869-8eb9-4a0a-9132-dc63e94421bd___RS_HL 7649.JPG,Healthy
data\raw\apple\Apple___healthy\05e20036-a134-46c0-a06f-3c5d4768d787___RS_HL 5856.JPG,Healthy
data\raw\apple\Apple___healthy\1c2b0674-384b-4cad-8704-80781a89d78a___RS_HL 5848.JPG,Healthy
data\raw\apple\Apple___healthy\2363daeb-88d5-43f3-925b-be7360c10394___RS_HL 5828.JPG,Healthy
data\raw\apple\Apple___healthy\25de086c-ea7e-42b0-83fd-bc7d1e584d0a___RS_HL 5852.JPG,Healthy
data\raw\apple\Apple___healthy\2b76e710-42aa-4732-9d60-c7fdaa14f9fa___RS_HL 5822.JPG,Healthy
data\raw\apple\Apple___healthy\2bf54e83-c962-4b46-84b1-d5a8a7b686da___RS_HL 5858.JPG,Healthy
data\raw\apple\Apple___healthy\472f7b3f-a843-4ca2-b602-005ffc13d457___RS_HL 5864.JPG,Healthy
data\raw\apple\Apple___healthy\5356ef92-e60f-4456-8687-f8b624d60b53___RS_HL 5829.JPG,Healthy
data\raw\apple\Apple___healthy\5c554f84-2f25-4a08-8cd9-561a0c56fc12___RS_HL 5820.JPG,Healthy
data\raw\apple\Apple___healthy\5f067f00-b2c7-4948-b961-b940b4b148db___RS_HL 5860.JPG,Healthy
data\raw\apple\Apple___healthy\65a6866e-a6ea-46d5-a8ca-413f98cd8b7a___RS_HL 5817.JPG,Healthy
data\raw\apple\Apple___healthy\698bc8a2-cead-4946-8d9a-abe38760d1fb___RS_HL 5855.JPG,Healthy
data\raw\apple\Apple___healthy\726e185f-50c5-47f4-98cd-f1fd333f717b___RS_HL 5862.JPG,Healthy
data\raw\apple\Apple___healthy\7450ae7f-41df-4afb-a9f5-6a4059d7a4a1___RS_HL 5818.JPG,Healthy
data\raw\apple\Apple___healthy\74bda678-63b6-44fb-8e8f-259788239618___RS_HL 5830.JPG,Healthy
data\raw\apple\Apple___healthy\7519aef6-3f42-4dd9-8e9e-f3eced492298___RS_HL 5863.JPG,Healthy
data\raw\apple\Apple___healthy\777d6fd1-feb3-4dac-afa7-79b507d48ffa___RS_HL 5859.JPG,Healthy
data\raw\apple\Apple___healthy\7f447118-8a9c-4e77-8333-d411d1124c7f___RS_HL 5849.JPG,Healthy
data\raw\apple\Apple___healthy\801956aa-445e-4bb8-90bb-49dcea55c679___RS_HL 5865.JPG,Healthy
data\raw\apple\Apple___healthy\966a6112-9699-4511-a71b-02a1dd62cb65___RS_HL 5850.JPG,Healthy
data\raw\apple\Apple___healthy\99d2c488-dfa2-4dde-a3de-a9cbeca28583___RS_HL 5823.JPG,Healthy
data\raw\apple\Apple___healthy\9e5f1beb-8245-4775-8298-4cb787b3f897___RS_HL 5854.JPG,Healthy
data\raw\apple\Apple___healthy\a61c6603-0f78-4fb9-b917-99eaf0d67c3f___RS_HL 5853.JPG,Healthy
data\raw\apple\Apple___healthy\a8d012ca-b1ac-45b6-b8fa-44257fd4605f___RS_HL 5824.JPG,Healthy
data\raw\apple\Apple___healthy\b06260e3-9149-43c1-ab1d-2a592ee2b7fc___RS_HL 5825.JPG,Healthy
data\raw\apple\Apple___healthy\b31c759a-547a-46de-937f-56714107db63___RS_HL 5857.JPG,Healthy
data\raw\apple\Apple___healthy\bf5065ab-8a95-42b7-a914-60c43973ac47___RS_HL 5827.JPG,Healthy
data\raw\apple\Apple___healthy\bfef73e8-a8d2-4c50-8266-b8eaafd993e4___RS_HL 5861.JPG,Healthy
data\raw\apple\Apple___healthy\c69944f6-08da-4638-8ff6-7e97b5878b57___RS_HL 5816.JPG,Healthy
data\raw\apple\Apple___healthy\c73cded7-83a5-4c2f-8f38-0b225165822c___RS_HL 5826.JPG,Healthy
data\raw\apple\Apple___healthy\c9e911e2-cba6-4a08-b2a5-1c0e1bca68da___RS_HL 5821.JPG,Healthy
data\raw\apple\Apple___healthy\de9e2aa0-cc3c-4771-bf19-15ac01a4cd25___RS_HL 5819.JPG,Healthy
data\raw\apple\Apple___healthy\f7f31913-51ef-481d-aacd-e6492daa74bd___RS_HL 5851.JPG,Healthy
data\raw\apple\Apple___Black_rot\028d1f49-303d-46b6-ae2b-50862fab78ca___JR_FrgE.S 2748.JPG,Black Rot
data\raw\apple\Apple___Black_rot\2171eff3-55f1-4b5e-8258-d8ddacc66062___JR_FrgE.S 2752.JPG,Black Rot
data\raw\apple\Apple___Black_rot\50afe8c7-d56e-4dd0-97b8-23a70ddca819___JR_FrgE.S 2750.JPG,Black Rot
data\raw\apple\Apple___Black_rot\6af653b0-6a01-458c-bb17-5ee1b76115f4___JR_FrgE.S 2753.JPG,Black Rot
data\raw\apple\Apple___Black_rot\8c6b887d-0ef4-4b77-8d89-b105a388d1e5___JR_FrgE.S 2749.JPG,Black Rot
data\raw\apple\Apple___Black_rot\a157b760-a19d-4e6b-a319-29b63106de45___JR_FrgE.S 2751.JPG,Black Rot
data\raw\apple\Apple___Black_rot\ab55985d-4327-44d3-ac98-17d99f4bf18d___JR_FrgE.S 2754.JPG,Black Rot
data\raw\apple\Apple___Black_rot\b4607568-7941-42d9-98e6-fdaae7bd6530___JR_FrgE.S 2756.JPG,Black Rot
data\raw\apple\Apple___Black_rot\f7565e18-4946-4049-a1cd-ded7d3c09cef___JR_FrgE.S 2755.JPG,Black Rot
data\raw\apple\Apple___healthy\06c0c5f7-59cd-498b-8284-51290720a18d___RS_HL 7636.JPG,Healthy
data\raw\apple\Apple___healthy\3f9788c1-8456-453f-b1c2-5cc66ba714a6___RS_HL 7635.JPG,Healthy
data\raw\apple\Apple___healthy\879e60c7-fa8a-421d-ad5d-06a43fa2ae89___RS_HL 7634.JPG,Healthy
data\raw\apple\Apple___healthy\889a58f6-911e-4f6f-86fa-7058d2a5d964___RS_HL 7632.JPG,Healthy
data\raw\apple\Apple___healthy\cdd69da3-ed98-4c7f-9ee9-f0673820a56a___RS_HL 7631.JPG,Healthy
data\raw\apple\Apple___healthy\e1ba14eb-adfc-4b8f-91ec-cb6fa892f501___RS_HL 7633.JPG,Healthy
data\raw\apple\Apple___healthy\526782c6-8d24-4438-8255-37422811d33f___RS_HL 7601.JPG,Healthy
data\raw\apple\Apple___healthy\62d3964c-3cc9-495c-94d5-0558f5fe3063___RS_HL 7607.JPG,Healthy
data\raw\apple\Apple___healthy\7b0dc46f-4bfd-4329-85a3-06db12434d3a___RS_HL 7603.JPG,Healthy
data\raw\apple\Apple___healthy\bbc953a4-7860-4273-a653-6697a53c74e2___RS_HL 7606.JPG,Healthy
data\raw\apple\Apple___healthy\d22b7ff6-c7a8-4c8a-b398-918ea6009893___RS_HL 7604.JPG,Healthy
data\raw\apple\Apple___healthy\eabe5670-2b40-4677-bc58-b30410ddbab0___RS_HL 7605.JPG,Healthy
data\raw\apple\Apple___healthy\f71f7765-379e-407d-911a-ef80cfde5c1d___RS_HL 7602.JPG,Healthy
data\raw\apple\Apple___healthy\8b60fc20-52fa-40a2-8d91-367307968f8e___RS_HL 7264.JPG,Healthy
data\raw\apple\Apple___Apple_scab\154842bb-6ee3-4176-9007-cf7a43cfe140___FREC_Scab 3434.JPG,Apple Scab
data\raw\apple\Apple___Apple_scab\44dbb7a4-4c41-4d4c-9e34-9e665a35926c___FREC_Scab 3438.JPG,Apple Scab
data\raw\apple\Apple___Apple_scab\623fb084-dbac-42fb-b636-7cfcb89ba9f6___FREC_Scab 3437.JPG,Apple Scab
data\raw\apple\Apple___Apple_scab\ac8466c6-8a4f-4757-bb4d-d63f4b6a6928___FREC_Scab 3436.JPG,Apple Scab
data\raw\apple\Apple___Apple_scab\b67039ac-fa02-4db5-9aad-a429c329263f___FREC_Scab 3435.JPG,Apple Scab
data\raw\apple\Apple___Apple_scab\4098b029-fcda-4d2f-9703-c16e6e5fae49___FREC_Scab 3455.JPG,Apple Scab
data\raw\apple\Apple___Apple_scab\656265b3-9f9a-4a20-83f5-e5d6be938dcd___FREC_Scab 3454.JPG,Apple Scab
data\raw\apple\Apple___Apple_scab\80ddd81b-9c75-4711-8012-7ee68af378db___FREC_Scab 3458.JPG,Apple Scab
data\raw\apple\Apple___Apple_scab\c0f4f71a-8f53-4a0a-816f-d400a445680a___FREC_Scab 3459.JPG,Apple Scab
data\raw\apple\Apple___Apple_scab\cf1d9afc-3473-4c97-ae0b-6f2352d9d595___FREC_Scab 3457.JPG,Apple Scab
data\raw\apple\Apple___Apple_scab\ed1d17cd-a5c2-4b10-996f-53f316df30b7___FREC_Scab 3456.JPG,Apple Scab
data\raw\apple\Apple___Apple_scab\13f31401-f65a-4025-823a-4f2738e8bff9___FREC_Scab 3062.JPG,Apple Scab
data\raw\apple\Apple___Apple_scab\1bcc3b5d-7e00-43fb-983e-95ae271a715b___FREC_Scab 3061.JPG,Apple Scab
data\raw\apple\Apple___Apple_scab\201d8b27-5a38-43e5-8065-f7fe039ad781___FREC_Scab 3058.JPG,Apple Scab
data\raw\apple\Apple___Apple_scab\3bf2f5f8-4578-405a-88c6-c5338620a078___FREC_Scab 3059.JPG,Apple Scab
data\raw\apple\Apple___Apple_scab\59c9641b-c84e-4595-8f2c-13b5f914aa4a___FREC_Scab 3060.JPG,Apple Scab
data\raw\apple\Apple___Apple_scab\84e61e7e-f106-442c-a954-63dc3a57d5d5___FREC_Scab 3057.JPG,Apple Scab
data\raw\apple\Apple___healthy\0cfa2ddf-56d9-4f62-89a4-f74e220f1859___RS_HL 6196.JPG,Healthy
data\raw\apple\Apple___healthy\2b76f048-cc2d-4e91-9652-ca3608dd0481___RS_HL 6201.JPG,Healthy
data\raw\apple\Apple___healthy\3a544ee5-490e-4a41-b03b-cf1700362448___RS_HL 6200.JPG,Healthy
data\raw\apple\Apple___healthy\4ddf9e55-b678-4036-87c3-66076035cbe2___RS_HL 6194.JPG,Healthy
data\raw\apple\Apple___healthy\5ceefac5-fa4f-4b5c-b270-3a945fc89ec0___RS_HL 6191.JPG,Healthy
data\raw\apple\Apple___healthy\5d542bd8-d3c1-484e-9cc1-e7c409aff1f8___RS_HL 6197.JPG,Healthy
data\raw\apple\Apple___healthy\6e158c4d-f39d-4667-9fb1-7ff184fd7288___RS_HL 6192.JPG,Healthy
data\raw\apple\Apple___healthy\786696fd-ef1f-4e75-9ddd-250b628d9fe3___RS_HL 6199.JPG,Healthy
data\raw\apple\Apple___healthy\7f06e481-8f9a-47cd-860a-8fea5b81fe9b___RS_HL 6193.JPG,Healthy
data\raw\apple\Apple___healthy\95e2eed0-c0d2-4907-bfac-1117f38f5e5a___RS_HL 6202.JPG,Healthy
data\raw\apple\Apple___healthy\c023b0a2-5c8b-448f-9735-2e11a7a389ec___RS_HL 6198.JPG,Healthy
data\raw\apple\Apple___healthy\f6424729-cfe4-4f67-bd16-d4c5c84daaa0___RS_HL 6195.JPG,Healthy
data\raw\apple\Apple___Apple_scab\795c112f-bd6c-4d70-8986-b1c2fb62cbf2___FREC_Scab 3384.JPG,Apple Scab
data\raw\apple\Apple___Apple_scab\9eab7829-c658-4544-b6ba-f7fb10035aab___FREC_Scab 3382.JPG,Apple Scab
data\raw\apple\Apple___Apple_scab\c3d356bb-504c-48f7-b7aa-4feb5c009d6d___FREC_Scab 3383.JPG,Apple Scab
data\raw\apple\Apple___Apple_scab\c7dc7cfa-559a-4950-ba71-90d11dfe0b56___FREC_Scab 3381.JPG,Apple Scab
data\raw\apple\Apple___Apple_scab\2c648fcd-d637-4559-beaa-9dd6079646fb___FREC_Scab 3213.JPG,Apple Scab
data\raw\apple\Apple___Apple_scab\51530f6a-2bee-4008-8e77-eeda281e9195___FREC_Scab 3209.JPG,Apple Scab
data\raw\apple\Apple___Apple_scab\7c0710e7-2ad4-44c4-a6f6-ffeb5573f8e7___FREC_Scab 3208.JPG,Apple Scab
data\raw\apple\Apple___Apple_scab\af598e54-dae1-47e5-aefc-0b0a419dfa07___FREC_Scab 3211.JPG,Apple Scab
data\raw\apple\Apple___Apple_scab\cd7234b0-3c97-4763-9d16-5a97c87140f7___FREC_Scab 3207.JPG,Apple Scab
data\raw\apple\Apple___Apple_scab\d1938082-a2de-49ad-8ca2-4b1947a7e107___FREC_Scab 3212.JPG,Apple Scab
data\raw\apple\Apple___Apple_scab\f0b1c450-fdbd-402f-9309-e7d5d06bc0e7___FREC_Scab 3210.JPG,Apple Scab
data\raw\apple\Apple___healthy\03f6a4b2-d08b-4f7f-8a8e-d132ff3eca8b___RS_HL 6226.JPG,Healthy
data\raw\apple\Apple___healthy\0b91573d-d0f3-4e57-b7e5-e1924f537f0e___RS_HL 6216.JPG,Healthy
data\raw\apple\Apple___healthy\1b9f5fe1-6d06-4ff6-a35d-3155f623e4fb___RS_HL 6228.JPG,Healthy
data\raw\apple\Apple___healthy\57113348-f0fa-49d9-9d53-46edc4ae7bdb___RS_HL 6215.JPG,Healthy
data\raw\apple\Apple___healthy\5ee4cb1c-d933-4e89-b364-9b740b48e077___RS_HL 6224.JPG,Healthy
data\raw\apple\Apple___healthy\7b236824-defb-40ae-8f83-76c00cf8b822___RS_HL 6222.JPG,Healthy
data\raw\apple\Apple___healthy\8fba2297-e4e5-4fab-b41d-d5cb537dc840___RS_HL 6220.JPG,Healthy
data\raw\apple\Apple___healthy\9ebc421f-9c65-41ee-a650-2da921e8e7cb___RS_HL 6227.JPG,Healthy
data\raw\apple\Apple___healthy\a1644fa1-0871-47e1-a316-bc435c6a275b___RS_HL 6225.JPG,Healthy
data\raw\apple\Apple___healthy\b5bd9505-7491-4ff6-a703-d87b4f5db18b___RS_HL 6223.JPG,Healthy
data\raw\apple\Apple___healthy\b93cadc6-112d-40f1-bec9-60c88e79f919___RS_HL 6229.JPG,Healthy
data\raw\apple\Apple___healthy\d2ec850e-20f3-40dc-917a-641424016b92___RS_HL 6217.JPG,Healthy
data\raw\apple\Apple___healthy\eb1b7162-9f7a-4bb7-b3fc-5dcaef541b55___RS_HL 6218.JPG,Healthy
data\raw\apple\Apple___healthy\fda25357-1076-4707-83e7-d409448a11a8___RS_HL 6221.JPG,Healthy
data\raw\apple\Apple___healthy\fdd77f89-e3b1-4492-9da3-f46bbc8666d9___RS_HL 6219.JPG,Healthy
data\raw\apple\Apple___Apple_scab\0a6812de-7416-4ffe-aba9-307599a02c84___FREC_Scab 2973.JPG,Apple Scab
data\raw\apple\Apple___Apple_scab\47b3d8bb-2461-4593-a0fe-a6adf0925a9a___FREC_Scab 2974.JPG,Apple Scab
data\raw\apple\Apple___Apple_scab\6823f5d3-b27b-4a34-a417-5fc5bd99f9d7___FREC_Scab 2975.JPG,Apple Scab
data\raw\apple\Apple___Apple_scab\b98ecede-7f6f-4e39-a761-4dc37699507b___FREC_Scab 2971.JPG,Apple Scab
data\raw\apple\Apple___Apple_scab\fb911d9c-0445-4d0f-886e-50458b82d6c2___FREC_Scab 2972.JPG,Apple Scab
data\raw\apple\Apple___Apple_scab\00075aa8-d81a-4184-8541-b692b78d398a___FREC_Scab 3335.JPG,Apple Scab
data\raw\apple\Apple___Apple_scab\0896ecbc-1af2-4868-8279-ed302acb29bc___FREC_Scab 3339.JPG,Apple Scab
data\raw\apple\Apple___Apple_scab\162d8ca4-7cd3-46f1-904f-09721df3e498___FREC_Scab 3336.JPG,Apple Scab
data\raw\apple\Apple___Apple_scab\7b7c32e3-68f8-4280-acda-4c6e67f4725f___FREC_Scab 3340.JPG,Apple Scab
data\raw\apple\Apple___Apple_scab\9f76829c-655e-4f75-b5fd-2ddfd01f963a___FREC_Scab 3337.JPG,Apple Scab
data\raw\apple\Apple___Apple_scab\af82e889-9ec0-437c-85b8-7a6a5caf73a1___FREC_Scab 3338.JPG,Apple Scab
data\raw\apple\Apple___healthy\17e328e5-37ef-4f34-b610-092fdfbbb314___RS_HL 5915.JPG,Healthy
data\raw\apple\Apple___healthy\1dbfc9d3-f568-4e19-a83c-8fa408cfea3a___RS_HL 5909.JPG,Healthy
data\raw\apple\Apple___healthy\23a80c76-8642-4e07-b157-b73eff76c44e___RS_HL 5906.JPG,Healthy
data\raw\apple\Apple___healthy\30fb851f-052b-4b63-bc29-6d824a764fd5___RS_HL 5916.JPG,Healthy
data\raw\apple\Apple___healthy\3bd24003-1163-40f4-8b1f-21aad7fc4b4b___RS_HL 5912.JPG,Healthy
data\raw\apple\Apple___healthy\4aaa2349-eed7-48ed-a96c-02c313ee2d68___RS_HL 5911.JPG,Healthy
data\raw\apple\Apple___healthy\741841f6-e95c-4206-ac05-c5cb98c7e7cd___RS_HL 5908.JPG,Healthy
data\raw\apple\Apple___healthy\8cf44f32-5736-4681-be02-f86e4454e00a___RS_HL 5904.JPG,Healthy
data\raw\apple\Apple___healthy\985b2838-96ab-414f-9a53-89bb4567e682___RS_HL 5910.JPG,Healthy
data\raw\apple\Apple___healthy\9f6f67e7-5369-4642-9594-a29fba331a5c___RS_HL 5907.JPG,Healthy
data\raw\apple\Apple___healthy\a16cfc1d-26ae-4bf8-bd37-5f1ba495447b___RS_HL 5905.JPG,Healthy
data\raw\apple\Apple___healthy\abff9f5a-3cc5-4753-96e7-1271110346cc___RS_HL 5914.JPG,Healthy
data\raw\apple\Apple___healthy\b85dfb75-f620-427c-9108-02547560a2b4___RS_HL 5913.JPG,Healthy
data\raw\apple\Apple___healthy\bd61a0a7-939f-43ba-bb02-168ceb97a32a___RS_HL 5902.JPG,Healthy
data\raw\apple\Apple___healthy\fc7a6626-26f1-4edd-9fa3-f4017354ef44___RS_HL 5903.JPG,Healthy
data\raw\apple\Apple___healthy\303603ae-edae-45ba-914d-ab522db7089b___RS_HL 7400.JPG,Healthy
data\raw\apple\Apple___healthy\3ab37181-78d5-4bf2-8d20-a233d3c685aa___RS_HL 7407.JPG,Healthy
data\raw\apple\Apple___healthy\3b471f38-5b31-4f0c-83de-1ac26c92f63f___RS_HL 7408.JPG,Healthy
data\raw\apple\Apple___healthy\5b264ecb-2c4c-47f3-93ec-c9f79a3e8e09___RS_HL 7401.JPG,Healthy
data\raw\apple\Apple___healthy\8130bd33-0680-4140-84c5-85f11c6c34ff___RS_HL 7397.JPG,Healthy
data\raw\apple\Apple___healthy\b55fbd6e-955c-4016-acff-4829df8a2f0f___RS_HL 7399.JPG,Healthy
data\raw\apple\Apple___healthy\bd910a05-42d0-4e01-9d88-0c8577ccdbe2___RS_HL 7396.JPG,Healthy
data\raw\apple\Apple___healthy\be0f61c7-6307-4492-8a2c-50987ca6890e___RS_HL 7403.JPG,Healthy
data\raw\apple\Apple___healthy\c1d50cb3-894c-4cfa-b414-b0a81b8cfbe6___RS_HL 7405.JPG,Healthy
data\raw\apple\Apple___healthy\c2498e7d-1a61-467a-9de9-800bab0e69bb___RS_HL 7395.JPG,Healthy
data\raw\apple\Apple___healthy\d43caafc-79b9-43fb-ad92-d72d56a98494___RS_HL 7398.JPG,Healthy
data\raw\apple\Apple___healthy\d89ecf86-b89a-4be1-9ac9-017d54734563___RS_HL 7402.JPG,Healthy
data\raw\apple\Apple___healthy\dcaa9b5c-3581-421e-b3ee-b52097931cd6___RS_HL 7404.JPG,Healthy
data\raw\apple\Apple___healthy\e60576a0-8d11-4fe9-8efa-5fe763573dc7___RS_HL 7406.JPG,Healthy
data\raw\apple\Apple___healthy\e6b195c1-8aa7-4853-9885-2a6db55b99aa___RS_HL 7409.JPG,Healthy
data\raw\apple\Apple___Apple_scab\276ed34e-9987-4b38-b83b-8626504fc204___FREC_Scab 3050.JPG,Apple Scab
data\raw\apple\Apple___Apple_scab\352a5659-3552-4e94-8333-c3715d38cc27___FREC_Scab 3049.JPG,Apple Scab
data\raw\apple\Apple___Apple_scab\453b09e4-6469-47f9-8599-f87e1d6eddf3___FREC_Scab 3048.JPG,Apple Scab
data\raw\apple\Apple___Apple_scab\99f409b1-0e19-43e6-bbc5-95c5368f86be___FREC_Scab 3051.JPG,Apple Scab
data\raw\apple\Apple___Apple_scab\fcb1ce1e-f60c-4a65-bfa4-157009760dad___FREC_Scab 3052.JPG,Apple Scab
data\raw\apple\Apple___Black_rot\5979896a-3aaa-4e0c-8b74-cfeda37cb166___JR_FrgE.S 2739.JPG,Black Rot
data\raw\apple\Apple___Black_rot\8503d510-a7c2-409d-bbbe-5a7b03611a8a___JR_FrgE.S 2740.JPG,Black Rot
data\raw\apple\Apple___Black_rot\90af12e6-8764-4cb5-9f88-ac1fa8b337c0___JR_FrgE.S 2738.JPG,Black Rot
data\raw\apple\Apple___Black_rot\9922fc5b-28d9-4ad7-90f2-7ad252f716dc___JR_FrgE.S 2741.JPG,Black Rot
data\raw\apple\Apple___Black_rot\9dd36e5e-2ca6-4ab3-8f5f-4ffb594a6023___JR_FrgE.S 2745.JPG,Black Rot
data\raw\apple\Apple___Black_rot\b48b4bc3-f7dc-4c57-90eb-0bc29c8c1b5f___JR_FrgE.S 2744.JPG,Black Rot
data\raw\apple\Apple___Black_rot\c4746563-b461-420a-9963-9a9b467c97d6___JR_FrgE.S 2742.JPG,Black Rot
data\raw\apple\Apple___Black_rot\cc73875e-54c2-49a1-91bb-f2bc85a93f8f___JR_FrgE.S 2747.JPG,Black Rot
data\raw\apple\Apple___Black_rot\df0e8bc3-8244-4843-8d54-0593a6f2ee05___JR_FrgE.S 2743.JPG,Black Rot
data\raw\apple\Apple___Black_rot\e90a2dde-185e-46e4-82ad-ce94bf0100b7___JR_FrgE.S 2746.JPG,Black Rot
data\raw\apple\Apple___Apple_scab\0d3c0790-7833-470b-ac6e-94d0a3bf3e7c___FREC_Scab 2959.JPG,Apple Scab
data\raw\apple\Apple___Apple_scab\270dd6be-95f4-4fd1-8423-b698663b3f72___FREC_Scab 2954.JPG,Apple Scab
data\raw\apple\Apple___Apple_scab\321c7135-853f-444d-9952-a893e660d966___FREC_Scab 2958.JPG,Apple Scab
data\raw\apple\Apple___Apple_scab\40df2c3f-673e-4da8-a172-65fd5a656c1d___FREC_Scab 2957.JPG,Apple Scab
data\raw\apple\Apple___Apple_scab\5c0af4dd-f185-4fc9-ae2c-a697a235d660___FREC_Scab 2955.JPG,Apple Scab
data\raw\apple\Apple___Apple_scab\f0963f8c-18f5-42db-853a-8d52d40d8c07___FREC_Scab 2956.JPG,Apple Scab
data\raw\apple\Apple___healthy\0793dfa6-3728-409b-a5dc-7f3c07528dde___RS_HL 7379.JPG,Healthy
data\raw\apple\Apple___healthy\11bc4ba3-5d5e-4b1e-a5e3-27122256864a___RS_HL 7371.JPG,Healthy
data\raw\apple\Apple___healthy\1331fd38-acdf-488f-a5db-8dfcecfa5690___RS_HL 7381.JPG,Healthy
data\raw\apple\Apple___healthy\19b3dc29-de7d-46e8-af14-7451d779f424___RS_HL 7373.JPG,Healthy
data\raw\apple\Apple___healthy\1e59b25e-551a-4343-a551-cd03abdb5cac___RS_HL 7376.JPG,Healthy
data\raw\apple\Apple___healthy\228c3cfc-c511-4f1d-80ef-eb6a9e89cc0b___RS_HL 7383.JPG,Healthy
data\raw\apple\Apple___healthy\278e3aec-395c-457a-8fd0-ddf0ad8f3056___RS_HL 7377.JPG,Healthy
data\raw\apple\Apple___healthy\30995ef5-ad2d-4949-b0e0-f98b074b4a96___RS_HL 7378.JPG,Healthy
data\raw\apple\Apple___healthy\48585f10-a0d6-417c-9edc-fc029b04a195___RS_HL 7382.JPG,Healthy
data\raw\apple\Apple___healthy\4b8147d5-9bcb-4375-ab29-de19201bc9af___RS_HL 7372.JPG,Healthy
data\raw\apple\Apple___healthy\6c8764e8-c52e-421a-995d-dc3fdce8f40f___RS_HL 7380.JPG,Healthy
data\raw\apple\Apple___healthy\a4c37f29-8f5a-4a06-b6c4-367d523d452a___RS_HL 7374.JPG,Healthy
data\raw\apple\Apple___healthy\ba7aa30a-5f0c-44b6-9323-f6ced64aed63___RS_HL 7370.JPG,Healthy
data\raw\apple\Apple___healthy\c6086c14-d6e9-4c87-8bfe-1275b959bcf7___RS_HL 7369.JPG,Healthy
data\raw\apple\Apple___healthy\decde1a5-7bb9-4f9c-ae10-99b8edcb24fd___RS_HL 7375.JPG,Healthy
data\raw\apple\Apple___healthy\2514a94f-5f1b-4792-92e7-63b6a552225a___RS_HL 8186.JPG,Healthy
data\raw\apple\Apple___healthy\4c501b09-39fc-4c6c-9c50-2200f0ba8b27___RS_HL 8187.JPG,Healthy
data\raw\apple\Apple___healthy\52cf2701-f319-4b3e-b6fb-8071f2f09ca9___RS_HL 8191.JPG,Healthy
data\raw\apple\Apple___healthy\614e548e-9a13-428c-89bf-353a1880cf73___RS_HL 8190.JPG,Healthy
data\raw\apple\Apple___healthy\8c65a84d-100d-42af-bc07-6a02fd953a59___RS_HL 8192.JPG,Healthy
data\raw\apple\Apple___healthy\91a935c4-659c-4344-8355-eba55d673af5___RS_HL 8189.JPG,Healthy
data\raw\apple\Apple___healthy\af00bd10-d7ef-4076-90c8-28f2d6ff6aa2___RS_HL 8188.JPG,Healthy
data\raw\apple\Apple___Apple_scab\0261a6e4-21f8-481a-8827-b674e6955644___FREC_Scab 3055.JPG,Apple Scab
data\raw\apple\Apple___Apple_scab\895252c3-5047-4e87-8e13-2cdd765f3e0a___FREC_Scab 3056.JPG,Apple Scab
data\raw\apple\Apple___Apple_scab\99e03a3c-c68f-4648-af09-877c57d6b115___FREC_Scab 3054.JPG,Apple Scab
data\raw\apple\Apple___Apple_scab\a0fd13e3-e36c-4386-beb2-ec6a587bfd70___FREC_Scab 3053.JPG,Apple Scab
